E	iter1	iter2	iter3	iter4	iter5	iter6	iter7	iter8	iter9	iter10	iter11	iter12	iter13	iter14	iter15	iter16	iter17	iter18	iter19	iter20
-68.75	0.0	0.0	0.0	0.0	0.0	0.0	0.0	0.0	0.0	0.0	0.0	0.0	0.0	0.0	0.0	0.0	0.0	0.0	0.0	0.0
-68.65	0.0	0.0	0.0	0.0	0.0	0.0	0.0	0.0	0.0	0.0	0.0	0.0	0.0	0.0	0.0	0.0	0.0	0.0	0.0	0.0
-68.55	0.0	0.0	0.0	0.0	0.0	0.0	0.0	0.0	0.0	0.0	0.0	0.0	0.0	0.0	0.0	0.0	0.0	0.0	0.0	0.0
-68.45	0.0	0.0	0.0	0.0	0.0	0.0	0.0	0.0	0.0	0.0	0.0	0.0	0.0	0.0	0.0	0.0	0.0	0.0	0.0	0.0
-68.35	0.0	0.0	0.0	0.0	0.0	0.0	0.0	0.0	0.0	0.0	0.0	0.0	0.0	0.0	0.0	0.0	0.0	0.0	0.0	0.0
-68.25	0.0	0.0	0.0	0.0	0.0	0.0	0.0	0.0	0.0	0.0	0.0	0.0	0.0	0.0	0.0	0.0	0.0	0.0	0.0	0.0
-68.15	0.0	0.0	0.0	0.0	0.0	0.0	0.0	0.0	0.0	0.0	0.0	0.0	0.0	0.0	0.0	0.0	0.0	0.0	0.0	0.0
-68.05	0.0	0.0	0.0	0.0	0.0	0.0	0.0	0.0	0.0	0.0	0.0	0.0	0.0	0.0	0.0	0.0	0.0	0.0	0.0	0.0
-67.95	0.0	0.0	0.0	0.0	0.0	0.0	0.0	0.0	0.0	0.0	0.0	0.0	0.0	0.0	0.0	0.0	0.0	0.0	0.0	0.0
-67.85	0.0	0.0	0.0	0.0	0.0	0.0	0.0	0.0	0.0	0.0	0.0	0.0	0.0	0.0	0.0	0.0	0.0	0.0	0.0	0.0
-67.75	0.0	0.0	0.0	0.0	0.0	0.0	0.0	0.0	0.0	0.0	0.0	0.0	0.0	0.0	0.0	0.0	0.0	0.0	0.0	0.0
-67.65	0.0	0.0	0.0	0.0	0.0	0.0	0.0	0.0	0.0	0.0	0.0	0.0	0.0	0.0	0.0	0.0	0.0	0.0	0.0	0.0
-67.55	0.0	0.0	0.0	0.0	0.0	0.0	0.0	0.0	0.0	0.0	0.0	0.0	0.0	0.0	0.0	0.0	0.0	0.0	0.0	0.0
-67.45	0.0	0.0	0.0	0.0	0.0	0.0	0.0	0.0	0.0	0.0	0.0	0.0	0.0	0.0	0.0	0.0	0.0	0.0	0.0	0.0
-67.35	0.0	0.0	0.0	0.0	0.0	0.0	0.0	0.0	0.0	0.0	0.0	0.0	0.0	0.0	0.0	0.0	0.0	0.0	0.0	0.0
-67.25	0.0	0.0	0.0	0.0	0.0	0.0	0.0	0.0	0.0	0.0	0.0	0.0	0.0	0.0	0.0	0.0	0.0	0.0	0.0	0.0
-67.15	0.0	0.0	0.0	0.0	0.0	0.0	0.0	0.0	0.0	0.0	0.0	0.0	0.0	0.0	0.0	0.0	0.0	0.0	0.0	0.0
-67.05	0.0	0.0	0.0	0.0	0.0	0.0	0.0	0.0	0.0	0.0	0.0	0.0	0.0	0.0	0.0	0.0	0.0	0.0	0.0	0.0
-66.95	0.0	0.0	0.0	0.0	0.0	0.0	0.0	0.0	0.0	0.0	0.0	0.0	0.0	0.0	0.0	0.0	0.0	0.0	0.0	0.0
-66.85	0.0	0.0	0.0	0.0	0.0	0.0	0.0	0.0	0.0	0.0	0.0	0.0	0.0	0.0	0.0	0.0	0.0	0.0	0.0	0.0
-66.75	0.0	0.0	0.0	0.0	0.0	0.0	0.0	0.0	0.0	0.0	0.0	0.0	0.0	0.0	0.0	0.0	0.0	0.0	0.0	0.0
-66.65	0.0	0.0	0.0	0.0	0.0	0.0	0.0	0.0	0.0	0.0	0.0	0.0	0.0	0.0	0.0	0.0	0.0	0.0	0.0	0.0
-66.55	0.0	0.0	0.0	0.0	0.0	0.0	0.0	0.0	0.0	0.0	0.0	0.0	0.0	0.0	0.0	0.0	0.0	0.0	0.0	0.0
-66.45	0.0	0.0	0.0	0.0	0.0	0.0	0.0	0.0	0.0	0.0	0.0	0.0	0.0	0.0	0.0	0.0	0.0	0.0	0.0	0.0
-66.35	0.0	0.0	0.0	0.0	0.0	0.0	0.0	0.0	0.0	0.0	0.0	0.0	0.0	0.0	0.0	0.0	0.0	0.0	0.0	0.0
-66.25	0.0	0.0	0.0	0.0	0.0	0.0	0.0	0.0	0.0	0.0	0.0	0.0	0.0	0.0	0.0	0.0	0.0	0.0	0.0	0.0
-66.15	0.0	0.0	0.0	0.0	0.0	0.0	0.0	0.0	0.0	0.0	0.0	0.0	0.0	0.0	0.0	0.0	0.0	0.0	0.0	0.0
-66.05	0.0	0.0	0.0	0.0	0.0	0.0	0.0	0.0	0.0	0.0	0.0	0.0	0.0	0.0	0.0	0.0	0.0	0.0	0.0	0.0
-65.95	0.0	0.0	0.0	0.0	0.0	0.0	0.0	0.0	0.0	0.0	0.0	0.0	0.0	0.0	0.0	0.0	0.0	0.0	0.0	0.0
-65.85	0.0	0.0	0.0	0.0	0.0	0.0	0.0	0.0	0.0	0.0	0.0	0.0	0.0	0.0	0.0	0.0	0.0	0.0	0.0	0.0
-65.75	0.0	0.0	0.0	0.0	0.0	0.0	0.0	0.0	0.0	0.0	0.0	0.0	0.0	0.0	0.0	0.0	0.0	0.0	0.0	0.0
-65.65	0.0	0.0	0.0	0.0	0.0	0.0	0.0	0.0	0.0	0.0	0.0	0.0	0.0	0.0	0.0	0.0	0.0	0.0	0.0	0.0
-65.55	0.0	0.0	0.0	0.0	0.0	0.0	0.0	0.0	0.0	0.0	0.0	0.0	0.0	0.0	0.0	0.0	0.0	0.0	0.0	0.0
-65.45	0.0	0.0	0.0	0.0	0.0	0.0	0.0	0.0	0.0	0.0	0.0	0.0	0.0	0.0	0.0	0.0	0.0	0.0	0.0	0.0
-65.35	0.0	0.0	0.0	0.0	0.0	0.0	0.0	0.0	0.0	0.0	0.0	0.0	0.0	0.0	0.0	0.0	0.0	0.0	0.0	0.0
-65.25	0.0	0.0	0.0	0.0	0.0	0.0	0.0	0.0	0.0	0.0	0.0	0.0	0.0	0.0	0.0	0.0	0.0	0.0	0.0	0.0
-65.15	0.0	0.0	0.0	0.0	0.0	0.0	0.0	0.0	0.0	0.0	0.0	0.0	0.0	0.0	0.0	0.0	0.0	0.0	0.0	0.0
-65.05	0.0	0.0	0.0	0.0	0.0	0.0	0.0	0.0	0.0	0.0	0.0	0.0	0.0	0.0	0.0	0.0	0.0	0.0	0.0	0.0
-64.95	0.0	0.0	0.0	0.0	0.0	0.0	0.0	0.0	0.0	0.0	0.0	0.0	0.0	0.0	0.0	0.0	0.0	0.0	0.0	0.0
-64.85	0.0	0.0	0.0	0.0	0.0	0.0	0.0	0.0	0.0	0.0	0.0	0.0	0.0	0.0	0.0	0.0	0.0	0.0	0.0	0.0
-64.75	0.0	0.0	0.0	0.0	0.0	0.0	0.0	0.0	0.0	0.0	0.0	0.0	0.0	0.0	0.0	0.0	0.0	0.0	0.0	0.0
-64.65	0.0	0.0	0.0	0.0	0.0	0.0	0.0	0.0	0.0	0.0	0.0	0.0	0.0	0.0	0.0	0.0	0.0	0.0	0.0	0.0
-64.55	0.0	0.0	0.0	0.0	0.0	0.0	0.0	0.0	0.0	0.0	0.0	0.0	0.0	0.0	0.0	0.0	0.0	0.0	0.0	0.0
-64.45	0.0	0.0	0.0	0.0	0.0	0.0	0.0	0.0	0.0	0.0	0.0	0.0	0.0	0.0	0.0	0.0	0.0	0.0	0.0	0.0
-64.35	0.0	0.0	0.0	0.0	0.0	0.0	0.0	0.0	0.0	0.0	0.0	0.0	0.0	0.0	0.0	0.0	0.0	0.0	0.0	0.0
-64.25	0.0	0.0	0.0	0.0	0.0	0.0	0.0	0.0	0.0	0.0	0.0	0.0	0.0	0.0	0.0	0.0	0.0	0.0	0.0	0.0
-64.15	0.0	0.0	0.0	0.0	0.0	0.0	0.0	0.0	0.0	0.0	0.0	0.0	0.0	0.0	0.0	0.0	0.0	0.0	0.0	0.0
-64.05	0.0	0.0	0.0	0.0	0.0	0.0	0.0	0.0	0.0	0.0	0.0	0.0	0.0	0.0	0.0	0.0	0.0	0.0	0.0	0.0
-63.95	0.0	0.0	0.0	0.0	0.0	0.0	0.0	0.0	0.0	0.0	0.0	0.0	0.0	0.0	0.0	0.0	0.0	0.0	0.0	0.0
-63.85	0.0	0.0	0.0	0.0	0.0	0.0	0.0	0.0	0.0	0.0	0.0	0.0	0.0	0.0	0.0	0.0	0.0	0.0	0.0	0.0
-63.75	0.0	0.0	0.0	0.0	0.0	0.0	0.0	0.0	0.0	0.0	0.0	0.0	0.0	0.0	0.0	0.0	0.0	0.0	0.0	0.0
-63.65	0.0	0.0	0.0	0.0	0.0	0.0	0.0	0.0	0.0	0.0	0.0	0.0	0.0	0.0	0.0	0.0	0.0	0.0	0.0	0.0
-63.55	0.0	0.0	0.0	0.0	0.0	0.0	0.0	0.0	0.0	0.0	0.0	0.0	0.0	0.0	0.0	0.0	0.0	0.0	0.0	0.0
-63.45	0.0	0.0	0.0	0.0	0.0	0.0	0.0	0.0	0.0	0.0	0.0	0.0	0.0	0.0	0.0	0.0	0.0	0.0	0.0	0.0
-63.35	0.0	0.0	0.0	0.0	0.0	0.0	0.0	0.0	0.0	0.0	0.0	0.0	0.0	0.0	0.0	0.0	0.0	0.0	0.0	0.0
-63.25	0.0	0.0	0.0	0.0	0.0	0.0	0.0	0.0	0.0	0.0	0.0	0.0	0.0	0.0	0.0	0.0	0.0	0.0	0.0	0.0
-63.15	0.0	0.0	0.0	0.0	0.0	0.0	0.0	0.0	0.0	0.0	0.0	0.0	0.0	0.0	0.0	0.0	0.0	0.0	0.0	0.0
-63.05	0.0	0.0	0.0	0.0	0.0	0.0	0.0	0.0	0.0	0.0	0.0	0.0	0.0	0.0	0.0	0.0	0.0	0.0	0.0	0.0
-62.95	0.0	0.0	0.0	0.0	0.0	0.0	0.0	0.0	0.0	0.0	0.0	0.0	0.0	0.0	0.0	0.0	0.0	0.0	0.0	0.0
-62.85	0.0	0.0	0.0	0.0	0.0	0.0	0.0	0.0	0.0	0.0	0.0	0.0	0.0	0.0	0.0	0.0	0.0	0.0	0.0	0.0
-62.75	0.0	0.0	0.0	0.0	0.0	0.0	0.0	0.0	0.0	0.0	0.0	0.0	0.0	0.0	0.0	0.0	0.0	0.0	0.0	0.0
-62.65	0.0	0.0	0.0	0.0	0.0	0.0	0.0	0.0	0.0	0.0	0.0	0.0	0.0	0.0	0.0	0.0	0.0	0.0	0.0	0.0
-62.55	0.0	0.0	0.0	0.0	0.0	0.0	0.0	0.0	0.0	0.0	0.0	0.0	0.0	0.0	0.0	0.0	0.0	0.0	0.0	0.0
-62.45	0.0	0.0	0.0	0.0	0.0	0.0	0.0	0.0	0.0	0.0	0.0	0.0	0.0	0.0	0.0	0.0	0.0	0.0	0.0	0.0
-62.35	0.0	0.0	0.0	0.0	0.0	0.0	0.0	0.0	0.0	0.0	0.0	0.0	0.0	0.0	0.0	0.0	0.0	0.0	0.0	0.0
-62.25	0.0	0.0	0.0	0.0	0.0	0.0	0.0	0.0	0.0	0.0	0.0	0.0	0.0	0.0	0.0	0.0	0.0	0.0	0.0	0.0
-62.15	0.0	0.0	0.0	0.0	0.0	0.0	0.0	0.0	0.0	0.0	0.0	0.0	0.0	0.0	0.0	0.0	0.0	0.0	0.0	0.0
-62.05	0.0	0.0	0.0	0.0	0.0	0.0	0.0	0.0	0.0	0.0	0.0	0.0	0.0	0.0	0.0	0.0	0.0	0.0	0.0	0.0
-61.95	0.0	0.0	0.0	0.0	0.0	0.0	0.0	0.0	0.0	0.0	0.0	0.0	0.0	0.0	0.0	0.0	0.0	0.0	0.0	0.0
-61.85	0.0	0.0	0.0	0.0	0.0	0.0	0.0	0.0	0.0	0.0	0.0	0.0	0.0	0.0	0.0	0.0	0.0	0.0	0.0	0.0
-61.75	0.0	0.0	0.0	0.0	0.0	0.0	0.0	0.0	0.0	0.0	0.0	0.0	0.0	0.0	0.0	0.0	0.0	0.0	0.0	0.0
-61.65	0.0	0.0	0.0	0.0	0.0	0.0	0.0	0.0	0.0	0.0	0.0	0.0	0.0	0.0	0.0	0.0	0.0	0.0	0.0	0.0
-61.55	0.0	0.0	0.0	0.0	0.0	0.0	0.0	0.0	0.0	0.0	0.0	0.0	0.0	0.0	0.0	0.0	0.0	0.0	0.0	0.0
-61.45	0.0	0.0	0.0	0.0	0.0	0.0	0.0	0.0	0.0	0.0	0.0	0.0	0.0	0.0	0.0	0.0	0.0	0.0	0.0	0.0
-61.35	0.0	0.0	0.0	0.0	0.0	0.0	0.0	0.0	0.0	0.0	0.0	0.0	0.0	0.0	0.0	0.0	0.0	0.0	0.0	0.0
-61.25	0.0	0.0	0.0	0.0	0.0	0.0	0.0	0.0	0.0	0.0	0.0	0.0	0.0	0.0	0.0	0.0	0.0	0.0	0.0	0.0
-61.15	0.0	0.0	0.0	0.0	0.0	0.0	0.0	0.0	0.0	0.0	0.0	0.0	0.0	0.0	0.0	0.0	0.0	0.0	0.0	0.0
-61.05	0.0	0.0	0.0	0.0	0.0	0.0	0.0	0.0	0.0	0.0	0.0	0.0	0.0	0.0	0.0	0.0	0.0	0.0	0.0	0.0
-60.95	0.0	0.0	0.0	0.0	0.0	0.0	0.0	0.0	0.0	0.0	0.0	0.0	0.0	0.0	0.0	0.0	0.0	0.0	0.0	0.0
-60.85	0.0	0.0	0.0	0.0	0.0	0.0	0.0	0.0	0.0	0.0	0.0	0.0	0.0	0.0	0.0	0.0	0.0	0.0	0.0	0.0
-60.75	0.0	0.0	0.0	0.0	0.0	0.0	0.0	0.0	0.0	0.0	0.0	0.0	0.0	0.0	0.0	0.0	0.0	0.0	0.0	0.0
-60.65	0.0	0.0	0.0	0.0	0.0	0.0	0.0	0.0	0.0	0.0	0.0	0.0	0.0	0.0	0.0	0.0	0.0	0.0	0.0	0.0
-60.55	0.0	0.0	0.0	0.0	0.0	0.0	0.0	0.0	0.0	0.0	0.0	0.0	0.0	0.0	0.0	0.0	0.0	0.0	0.0	0.0
-60.45	0.0	0.0	0.0	0.0	0.0	0.0	0.0	0.0	0.0	0.0	0.0	0.0	0.0	0.0	0.0	0.0	0.0	0.0	0.0	0.0
-60.35	0.0	0.0	0.0	0.0	0.0	0.0	0.0	0.0	0.0	0.0	0.0	0.0	0.0	0.0	0.0	0.0	0.0	0.0	0.0	0.0
-60.25	0.0	0.0	0.0	0.0	0.0	0.0	0.0	0.0	0.0	0.0	0.0	0.0	0.0	0.0	0.0	0.0	0.0	0.0	0.0	0.0
-60.15	0.0	0.0	0.0	0.0	0.0	0.0	0.0	0.0	0.0	0.0	0.0	0.0	0.0	0.0	0.0	0.0	0.0	0.0	0.0	0.0
-60.05	0.0	0.0	0.0	0.0	0.0	0.0	0.0	0.0	0.0	0.0	0.0	0.0	0.0	0.0	0.0	0.0	0.0	0.0	0.0	0.0
-59.95	0.0	0.0	0.0	0.0	0.0	0.0	0.0	0.0	0.0	0.0	0.0	0.0	0.0	0.0	0.0	0.0	0.0	0.0	0.0	0.0
-59.85	0.0	0.0	0.0	0.0	0.0	0.0	0.0	0.0	0.0	0.0	0.0	0.0	0.0	0.0	0.0	0.0	0.0	0.0	0.0	0.0
-59.75	0.0	0.0	0.0	0.0	0.0	0.0	0.0	0.0	0.0	0.0	0.0	0.0	0.0	0.0	0.0	0.0	0.0	0.0	0.0	0.0
-59.65	0.0	0.0	0.0	0.0	0.0	0.0	0.0	0.0	0.0	0.0	0.0	0.0	0.0	0.0	0.0	0.0	0.0	0.0	0.0	0.0
-59.55	0.0	0.0	0.0	0.0	0.0	0.0	0.0	0.0	0.0	0.0	0.0	0.0	0.0	0.0	0.0	0.0	0.0	0.0	0.0	0.0
-59.45	0.0	0.0	0.0	0.0	0.0	0.0	0.0	0.0	0.0	0.0	0.0	0.0	0.0	0.0	0.0	0.0	0.0	0.0	0.0	0.0
-59.35	0.0	0.0	0.0	0.0	0.0	0.0	0.0	0.0	0.0	0.0	0.0	0.0	0.0	0.0	0.0	0.0	0.0	0.0	0.0	0.0
-59.25	0.0	0.0	0.0	0.0	0.0	0.0	0.0	0.0	0.0	0.0	0.0	0.0	0.0	0.0	0.0	0.0	0.0	0.0	0.0	0.0
-59.15	0.0	0.0	0.0	0.0	0.0	0.0	0.0	0.0	0.0	0.0	0.0	0.0	0.0	0.0	0.0	0.0	0.0	0.0	0.0	0.0
-59.05	0.0	0.0	0.0	0.0	0.0	0.0	0.0	0.0	0.0	0.0	0.0	0.0	0.0	0.0	0.0	0.0	0.0	0.0	0.0	0.0
-58.95	0.0	0.0	0.0	0.0	0.0	0.0	0.0	0.0	0.0	0.0	0.0	0.0	0.0	0.0	0.0	0.0	0.0	0.0	0.0	0.0
-58.85	0.0	0.0	0.0	0.0	0.0	0.0	0.0	0.0	0.0	0.0	0.0	0.0	0.0	0.0	0.0	0.0	0.0	0.0	0.0	0.0
-58.75	0.0	0.0	0.0	0.0	0.0	0.0	0.0	0.0	0.0	0.0	0.0	0.0	0.0	0.0	0.0	0.0	0.0	0.0	0.0	0.0
-58.65	0.0	0.0	0.0	0.0	0.0	0.0	0.0	0.0	0.0	0.0	0.0	0.0	0.0	0.0	0.0	0.0	0.0	0.0	0.0	0.0
-58.55	0.0	0.0	0.0	0.0	0.0	0.0	0.0	0.0	0.0	0.0	0.0	0.0	0.0	0.0	0.0	0.0	0.0	0.0	0.0	0.0
-58.45	0.0	0.0	0.0	0.0	0.0	0.0	0.0	0.0	0.0	0.0	0.0	0.0	0.0	0.0	0.0	0.0	0.0	0.0	0.0	0.0
-58.35	0.0	0.0	0.0	0.0	0.0	0.0	0.0	0.0	0.0	0.0	0.0	0.0	0.0	0.0	0.0	0.0	0.0	0.0	0.0	0.0
-58.25	0.0	0.0	0.0	0.0	0.0	0.0	0.0	0.0	0.0	0.0	0.0	0.0	0.0	0.0	0.0	0.0	0.0	0.0	0.0	0.0
-58.15	0.0	0.0	0.0	0.0	0.0	0.0	0.0	0.0	0.0	0.0	0.0	0.0	0.0	0.0	0.0	0.0	0.0	0.0	0.0	0.0
-58.05	0.0	0.0	0.0	0.0	0.0	0.0	0.0	0.0	0.0	0.0	0.0	0.0	0.0	0.0	0.0	0.0	0.0	0.0	0.0	0.0
-57.95	0.0	0.0	0.0	0.0	0.0	0.0	0.0	0.0	0.0	0.0	0.0	0.0	0.0	0.0	0.0	0.0	0.0	0.0	0.0	0.0
-57.85	0.0	0.0	0.0	0.0	0.0	0.0	0.0	0.0	0.0	0.0	0.0	0.0	0.0	0.0	0.0	0.0	0.0	0.0	0.0	0.0
-57.75	0.0	0.0	0.0	0.0	0.0	0.0	0.0	0.0	0.0	0.0	0.0	0.0	0.0	0.0	0.0	0.0	0.0	0.0	0.0	0.0
-57.65	0.0	0.0	0.0	0.0	0.0	0.0	0.0	0.0	0.0	0.0	0.0	0.0	0.0	0.0	0.0	0.0	0.0	0.0	0.0	0.0
-57.55	0.0	0.0	0.0	0.0	0.0	0.0	0.0	0.0	0.0	0.0	0.0	0.0	0.0	0.0	0.0	0.0	0.0	0.0	0.0	0.0
-57.45	0.0	0.0	0.0	0.0	0.0	0.0	0.0	0.0	0.0	0.0	0.0	0.0	0.0	0.0	0.0	0.0	0.0	0.0	0.0	0.0
-57.35	0.0	0.0	0.0	0.0	0.0	0.0	0.0	0.0	0.0	0.0	0.0	0.0	0.0	0.0	0.0	0.0	0.0	0.0	0.0	0.0
-57.25	0.0	0.0	0.0	0.0	0.0	0.0	0.0	0.0	0.0	0.0	0.0	0.0	0.0	0.0	0.0	0.0	0.0	0.0	0.0	0.0
-57.15	0.0	0.0	0.0	0.0	0.0	0.0	0.0	0.0	0.0	0.0	0.0	0.0	0.0	0.0	0.0	0.0	0.0	0.0	0.0	0.0
-57.05	0.0	0.0	0.0	0.0	0.0	0.0	0.0	0.0	0.0	0.0	0.0	0.0	0.0	0.0	0.0	0.0	0.0	0.0	0.0	0.0
-56.95	0.0	0.0	0.0	0.0	0.0	0.0	0.0	0.0	0.0	0.0	0.0	0.0	0.0	0.0	0.0	0.0	0.0	0.0	0.0	0.0
-56.85	0.0	0.0	0.0	0.0	0.0	0.0	0.0	0.0	0.0	0.0	0.0	0.0	0.0	0.0	0.0	0.0	0.0	0.0	0.0	0.0
-56.75	0.0	0.0	0.0	0.0	0.0	0.0	0.0	0.0	0.0	0.0	0.0	0.0	0.0	0.0	0.0	0.0	0.0	0.0	0.0	0.0
-56.65	0.0	0.0	0.0	0.0	0.0	0.0	0.0	0.0	0.0	0.0	0.0	0.0	0.0	0.0	0.0	0.0	0.0	0.0	0.0	0.0
-56.55	0.0	0.0	0.0	0.0	0.0	0.0	0.0	0.0	0.0	0.0	0.0	0.0	0.0	0.0	0.0	0.0	0.0	0.0	0.0	0.0
-56.45	0.0	0.0	0.0	0.0	0.0	0.0	0.0	0.0	0.0	0.0	0.0	0.0	0.0	0.0	0.0	0.0	0.0	0.0	0.0	0.0
-56.35	0.0	0.0	0.0	0.0	0.0	0.0	0.0	0.0	0.0	0.0	0.0	0.0	0.0	0.0	0.0	0.0	0.0	0.0	0.0	0.0
-56.25	0.0	0.0	0.0	0.0	0.0	0.0	0.0	0.0	0.0	0.0	0.0	0.0	0.0	0.0	0.0	0.0	0.0	0.0	0.0	0.0
-56.15	0.0	0.0	0.0	0.0	0.0	0.0	0.0	0.0	0.0	0.0	0.0	0.0	0.0	0.0	0.0	0.0	0.0	0.0	0.0	0.0
-56.05	0.0	0.0	0.0	0.0	0.0	0.0	0.0	0.0	0.0	0.0	0.0	0.0	0.0	0.0	0.0	0.0	0.0	0.0	0.0	0.0
-55.95	0.0	0.0	0.0	0.0	0.0	0.0	0.0	0.0	0.0	0.0	0.0	0.0	0.0	0.0	0.0	0.0	0.0	0.0	0.0	0.0
-55.85	0.0	0.0	0.0	0.0	0.0	0.0	0.0	0.0	0.0	0.0	0.0	0.0	0.0	0.0	0.0	0.0	0.0	0.0	0.0	0.0
-55.75	0.0	0.0	0.0	0.0	0.0	0.0	0.0	0.0	0.0	0.0	0.0	0.0	0.0	0.0	0.0	0.0	0.0	0.0	0.0	0.0
-55.65	0.0	0.0	0.0	0.0	0.0	0.0	0.0	0.0	0.0	0.0	0.0	0.0	0.0	0.0	0.0	0.0	0.0	0.0	0.0	0.0
-55.55	0.0	0.0	0.0	0.0	0.0	0.0	0.0	0.0	0.0	0.0	0.0	0.0	0.0	0.0	0.0	0.0	0.0	0.0	0.0	0.0
-55.45	0.0	0.0	0.0	0.0	0.0	0.0	0.0	0.0	0.0	0.0	0.0	0.0	0.0	0.0	0.0	0.0	0.0	0.0	0.0	0.0
-55.35	0.0	0.0	0.0	0.0	0.0	0.0	0.0	0.0	0.0	0.0	0.0	0.0	0.0	0.0	0.0	0.0	0.0	0.0	0.0	0.0
-55.25	0.0	0.0	0.0	0.0	0.0	0.0	0.0	0.0	0.0	0.0	0.0	0.0	0.0	0.0	0.0	0.0	0.0	0.0	0.0	0.0
-55.15	0.0	0.0	0.0	0.0	0.0	0.0	0.0	0.0	0.0	0.0	0.0	0.0	0.0	0.0	0.0	0.0	0.0	0.0	0.0	0.0
-55.05	0.0	0.0	0.0	0.0	0.0	0.0	0.0	0.0	0.0	0.0	0.0	0.0	0.0	0.0	0.0	0.0	0.0	0.0	0.0	0.0
-54.95	0.0	0.0	0.0	0.0	0.0	0.0	0.0	0.0	0.0	0.0	0.0	0.0	0.0	0.0	0.0	0.0	0.0	0.0	0.0	0.0
-54.85	0.0	0.0	0.0	0.0	0.0	0.0	0.0	0.0	0.0	0.0	0.0	0.0	0.0	0.0	0.0	0.0	0.0	0.0	0.0	0.0
-54.75	0.0	0.0	0.0	0.0	0.0	0.0	0.0	0.0	0.0	0.0	0.0	0.0	0.0	0.0	0.0	0.0	0.0	0.0	0.0	0.0
-54.65	0.0	0.0	0.0	0.0	0.0	0.0	0.0	0.0	0.0	0.0	0.0	0.0	0.0	0.0	0.0	0.0	0.0	0.0	0.0	0.0
-54.55	0.0	0.0	0.0	0.0	0.0	0.0	0.0	0.0	0.0	0.0	0.0	0.0	0.0	0.0	0.0	0.0	0.0	0.0	0.0	0.0
-54.45	0.0	0.0	0.0	0.0	0.0	0.0	0.0	0.0	0.0	0.0	0.0	0.0	0.0	0.0	0.0	0.0	0.0	0.0	0.0	0.0
-54.35	0.0	0.0	0.0	0.0	0.0	0.0	0.0	0.0	0.0	0.0	0.0	0.0	0.0	0.0	0.0	0.0	0.0	0.0	0.0	0.0
-54.25	0.0	0.0	0.0	0.0	0.0	0.0	0.0	0.0	0.0	0.0	0.0	0.0	0.0	0.0	0.0	0.0	0.0	0.0	0.0	0.0
-54.15	0.0	0.0	0.0	0.0	0.0	0.0	0.0	0.0	0.0	0.0	0.0	0.0	0.0	0.0	0.0	0.0	0.0	0.0	0.0	0.0
-54.05	0.0	0.0	0.0	0.0	0.0	0.0	0.0	0.0	0.0	0.0	0.0	0.0	0.0	0.0	0.0	0.0	0.0	0.0	0.0	0.0
-53.95	0.0	0.0	0.0	0.0	0.0	0.0	0.0	0.0	0.0	0.0	0.0	0.0	0.0	0.0	0.0	0.0	0.0	0.0	0.0	0.0
-53.85	0.0	0.0	0.0	0.0	0.0	0.0	0.0	0.0	0.0	0.0	0.0	0.0	0.0	0.0	0.0	0.0	0.0	0.0	0.0	0.0
-53.75	0.0	0.0	0.0	0.0	0.0	0.0	0.0	0.0	0.0	0.0	0.0	0.0	0.0	0.0	0.0	0.0	0.0	0.0	7.0	0.0
-53.65	0.0	0.0	0.0	0.0	0.0	0.0	0.0	0.0	0.0	0.0	0.0	0.0	0.0	0.0	0.0	0.0	4.0	3.0	5.0	3.0
-53.55	0.0	0.0	0.0	0.0	0.0	0.0	0.0	0.0	0.0	0.0	0.0	0.0	0.0	3.0	0.0	0.0	25.0	5.0	30.0	17.0
-53.45	0.0	0.0	0.0	0.0	0.0	0.0	0.0	0.0	0.0	0.0	0.0	0.0	7.0	34.0	28.0	47.0	86.0	23.0	74.0	76.0
-53.35	0.0	0.0	0.0	0.0	0.0	0.0	0.0	0.0	0.0	0.0	0.0	0.0	47.0	126.0	74.0	146.0	224.0	82.0	324.0	119.0
-53.25	0.0	0.0	0.0	0.0	0.0	0.0	0.0	0.0	0.0	0.0	0.0	0.0	50.0	377.0	287.0	310.0	749.0	228.0	924.0	304.0
-53.15	0.0	0.0	0.0	0.0	0.0	0.0	0.0	0.0	0.0	0.0	0.0	0.0	225.0	1366.0	725.0	957.0	1944.0	658.0	2398.0	955.0
-53.05	0.0	0.0	0.0	0.0	0.0	0.0	0.0	0.0	0.0	0.0	0.0	0.0	427.0	3002.0	1734.0	2962.0	6131.0	1597.0	5915.0	2793.0
-52.95	0.0	0.0	0.0	0.0	0.0	0.0	0.0	0.0	0.0	0.0	0.0	0.0	833.0	8033.0	4654.0	7705.0	14577.0	4652.0	15613.0	7636.0
-52.85	0.0	0.0	0.0	0.0	0.0	0.0	0.0	0.0	0.0	0.0	0.0	7.0	2579.0	19447.0	11331.0	18665.0	35118.0	9755.0	38413.0	18323.0
-52.75	0.0	0.0	0.0	0.0	0.0	0.0	0.0	0.0	0.0	0.0	0.0	10.0	4776.0	19165.0	10837.0	17467.0	35914.0	9955.0	36971.0	19112.0
-52.65	0.0	0.0	0.0	0.0	0.0	0.0	0.0	0.0	0.0	0.0	0.0	21.0	5838.0	18500.0	10304.0	17703.0	32645.0	10108.0	39210.0	19649.0
-52.55	0.0	0.0	0.0	0.0	0.0	0.0	0.0	0.0	0.0	0.0	0.0	26.0	10677.0	17943.0	10399.0	19282.0	33618.0	9890.0	38257.0	19361.0
-52.45	0.0	0.0	0.0	0.0	0.0	0.0	0.0	0.0	0.0	0.0	0.0	68.0	8489.0	20766.0	10627.0	18062.0	33711.0	10069.0	38512.0	18721.0
-52.35	0.0	0.0	0.0	0.0	0.0	0.0	0.0	0.0	0.0	0.0	0.0	157.0	8296.0	20250.0	10438.0	19152.0	32503.0	10354.0	37506.0	17245.0
-52.25	0.0	0.0	0.0	0.0	0.0	0.0	0.0	0.0	0.0	0.0	0.0	298.0	9919.0	18629.0	11079.0	19237.0	32269.0	10475.0	36938.0	18651.0
-52.15	0.0	0.0	0.0	0.0	0.0	0.0	0.0	0.0	0.0	0.0	0.0	797.0	7876.0	18311.0	11394.0	18342.0	33028.0	9246.0	34531.0	19498.0
-52.05	0.0	0.0	0.0	0.0	0.0	0.0	0.0	0.0	0.0	0.0	0.0	1371.0	9452.0	18992.0	11307.0	17599.0	30542.0	10817.0	35234.0	19287.0
-51.95	0.0	0.0	0.0	0.0	0.0	0.0	0.0	0.0	0.0	0.0	0.0	2630.0	9542.0	19290.0	10787.0	18160.0	32168.0	10714.0	34215.0	18729.0
-51.85	0.0	0.0	0.0	0.0	0.0	0.0	0.0	0.0	0.0	0.0	13.0	4944.0	10154.0	19030.0	10059.0	18018.0	30764.0	10879.0	36225.0	19688.0
-51.75	0.0	0.0	0.0	0.0	0.0	0.0	0.0	0.0	0.0	0.0	0.0	9341.0	10464.0	18381.0	10799.0	16885.0	31503.0	10914.0	35095.0	17786.0
-51.65	0.0	0.0	0.0	0.0	0.0	0.0	0.0	0.0	0.0	0.0	6.0	18315.0	9375.0	18235.0	10671.0	16928.0	32809.0	11074.0	33589.0	18796.0
-51.55	0.0	0.0	0.0	0.0	0.0	0.0	0.0	0.0	0.0	0.0	14.0	12876.0	10921.0	18937.0	10861.0	17891.0	32410.0	10000.0	34876.0	17757.0
-51.45	0.0	0.0	0.0	0.0	0.0	0.0	0.0	0.0	0.0	0.0	30.0	11267.0	10543.0	18349.0	9921.0	17460.0	32351.0	10317.0	34987.0	18515.0
-51.35	0.0	0.0	0.0	0.0	0.0	0.0	0.0	0.0	0.0	0.0	45.0	13181.0	10689.0	19016.0	9984.0	16214.0	32293.0	10850.0	34548.0	17761.0
-51.25	0.0	0.0	0.0	0.0	0.0	0.0	0.0	0.0	0.0	0.0	76.0	12595.0	11700.0	18283.0	10844.0	18158.0	31560.0	10341.0	34669.0	18732.0
-51.15	0.0	0.0	0.0	0.0	0.0	0.0	0.0	0.0	0.0	0.0	136.0	11665.0	12484.0	18459.0	10645.0	17867.0	31954.0	10360.0	35683.0	18717.0
-51.05	0.0	0.0	0.0	0.0	0.0	0.0	0.0	0.0	0.0	0.0	189.0	14529.0	11087.0	19013.0	9939.0	17795.0	33738.0	10795.0	35819.0	18483.0
-50.95	0.0	0.0	0.0	0.0	0.0	0.0	0.0	0.0	0.0	0.0	387.0	11224.0	12529.0	18759.0	10136.0	17956.0	33191.0	10386.0	36352.0	17913.0
-50.85	0.0	0.0	0.0	0.0	0.0	0.0	0.0	0.0	0.0	0.0	611.0	11902.0	11571.0	18796.0	10379.0	18056.0	31590.0	10887.0	37638.0	18486.0
-50.75	0.0	0.0	0.0	0.0	0.0	0.0	0.0	0.0	0.0	0.0	974.0	12194.0	11395.0	18650.0	10513.0	18527.0	32145.0	11152.0	37345.0	19201.0
-50.65	0.0	0.0	0.0	0.0	0.0	0.0	0.0	0.0	0.0	0.0	1731.0	10853.0	12055.0	18233.0	11419.0	17611.0	32738.0	10721.0	36149.0	17846.0
-50.55	0.0	0.0	0.0	0.0	0.0	0.0	0.0	0.0	0.0	0.0	2574.0	11866.0	11767.0	18539.0	10941.0	17975.0	32377.0	10638.0	37487.0	18997.0
-50.45	0.0	0.0	0.0	0.0	0.0	0.0	0.0	0.0	0.0	0.0	3997.0	12386.0	10983.0	18581.0	11214.0	18522.0	32305.0	10701.0	37592.0	19605.0
-50.35	0.0	0.0	0.0	0.0	0.0	0.0	0.0	0.0	0.0	0.0	6372.0	11740.0	10170.0	20723.0	11946.0	18150.0	32461.0	10757.0	36715.0	19138.0
-50.25	0.0	0.0	0.0	0.0	0.0	0.0	0.0	0.0	0.0	0.0	10246.0	11484.0	10446.0	19989.0	11198.0	17449.0	31800.0	10940.0	36049.0	19979.0
-50.15	0.0	0.0	0.0	0.0	0.0	0.0	0.0	0.0	0.0	0.0	15241.0	11655.0	11230.0	19856.0	11958.0	18237.0	32898.0	10840.0	37409.0	19015.0
-50.05	0.0	0.0	0.0	0.0	0.0	0.0	0.0	0.0	0.0	1.0	23700.0	11972.0	11097.0	19088.0	11737.0	17880.0	32349.0	11153.0	37427.0	19011.0
-49.95	0.0	0.0	0.0	0.0	0.0	0.0	0.0	0.0	0.0	1.0	36160.0	11100.0	11388.0	20049.0	11468.0	17978.0	32663.0	10829.0	38038.0	19642.0
-49.85	0.0	0.0	0.0	0.0	0.0	0.0	0.0	0.0	0.0	2.0	27132.0	11223.0	11322.0	19992.0	11384.0	18698.0	32171.0	10599.0	38278.0	20159.0
-49.75	0.0	0.0	0.0	0.0	0.0	0.0	0.0	0.0	0.0	1.0	83160.0	10585.0	11217.0	20128.0	11356.0	18258.0	32444.0	11515.0	37057.0	19546.0
-49.65	0.0	0.0	0.0	0.0	0.0	0.0	0.0	0.0	0.0	10.0	12850.0	9897.0	11124.0	20011.0	12235.0	17601.0	31863.0	11768.0	36715.0	19311.0
-49.55	0.0	0.0	0.0	0.0	0.0	0.0	0.0	0.0	0.0	11.0	16846.0	10464.0	11604.0	19744.0	11254.0	16786.0	32273.0	12147.0	37173.0	20114.0
-49.45	0.0	0.0	0.0	0.0	0.0	0.0	0.0	0.0	0.0	20.0	13847.0	9762.0	10714.0	20745.0	12191.0	17341.0	32385.0	12342.0	38001.0	18859.0
-49.35	0.0	0.0	0.0	0.0	0.0	0.0	0.0	0.0	0.0	10.0	41231.0	9552.0	11314.0	19779.0	12394.0	17197.0	32373.0	12686.0	37706.0	18814.0
-49.25	0.0	0.0	0.0	0.0	0.0	0.0	0.0	0.0	0.0	13.0	45287.0	10156.0	11398.0	20098.0	11641.0	17920.0	32290.0	12501.0	38840.0	18376.0
-49.15	0.0	0.0	0.0	0.0	0.0	0.0	0.0	0.0	0.0	9.0	95855.0	9865.0	11262.0	20345.0	11714.0	17843.0	33865.0	12196.0	39666.0	19441.0
-49.05	0.0	0.0	0.0	0.0	0.0	0.0	0.0	0.0	0.0	27.0	46409.0	9310.0	11684.0	20077.0	12543.0	17973.0	32965.0	11666.0	38519.0	19731.0
-48.95	0.0	0.0	0.0	0.0	0.0	0.0	0.0	0.0	0.0	49.0	37093.0	9010.0	11969.0	19800.0	11680.0	18003.0	33845.0	12299.0	39204.0	19716.0
-48.85	0.0	0.0	0.0	0.0	0.0	0.0	0.0	0.0	0.0	97.0	26637.0	8824.0	12075.0	20465.0	12960.0	17804.0	33985.0	12538.0	38798.0	19444.0
-48.75	0.0	0.0	0.0	0.0	0.0	0.0	0.0	0.0	0.0	153.0	24274.0	8724.0	12355.0	20147.0	12892.0	17066.0	34162.0	12472.0	39750.0	19445.0
-48.65	0.0	0.0	0.0	0.0	0.0	0.0	0.0	0.0	0.0	201.0	27003.0	7919.0	12149.0	20259.0	13068.0	17842.0	34499.0	12133.0	39125.0	20026.0
-48.55	0.0	0.0	0.0	0.0	0.0	0.0	0.0	0.0	0.0	276.0	27041.0	8333.0	13033.0	19607.0	13390.0	17623.0	34666.0	12969.0	39914.0	20754.0
-48.45	0.0	0.0	0.0	0.0	0.0	0.0	0.0	0.0	0.0	395.0	26498.0	8152.0	13379.0	20555.0	14001.0	17824.0	34458.0	13220.0	38147.0	19666.0
-48.35	0.0	0.0	0.0	0.0	0.0	0.0	0.0	0.0	0.0	527.0	28712.0	7814.0	13594.0	19942.0	13635.0	17991.0	35085.0	13357.0	38869.0	19539.0
-48.25	0.0	0.0	0.0	0.0	0.0	0.0	0.0	0.0	0.0	764.0	28361.0	7482.0	13231.0	20019.0	14324.0	17678.0	33456.0	13264.0	38190.0	19620.0
-48.15	0.0	0.0	0.0	0.0	0.0	0.0	0.0	0.0	0.0	1021.0	29142.0	7265.0	13890.0	20034.0	14311.0	17752.0	35133.0	14209.0	38419.0	20329.0
-48.05	0.0	0.0	0.0	0.0	0.0	0.0	0.0	0.0	0.0	1290.0	31435.0	7826.0	14060.0	20342.0	14468.0	17648.0	35149.0	14846.0	38815.0	20297.0
-47.95	0.0	0.0	0.0	0.0	0.0	0.0	0.0	0.0	0.0	1847.0	29983.0	7945.0	13890.0	21012.0	15180.0	18202.0	34647.0	14991.0	39159.0	19529.0
-47.85	0.0	0.0	0.0	0.0	0.0	0.0	0.0	0.0	0.0	2578.0	30747.0	7682.0	14475.0	20892.0	14836.0	16794.0	34208.0	15240.0	38407.0	19824.0
-47.75	0.0	0.0	0.0	0.0	0.0	0.0	0.0	0.0	0.0	3373.0	32603.0	7691.0	14080.0	20674.0	14877.0	17836.0	35307.0	15828.0	38835.0	19480.0
-47.65	0.0	0.0	0.0	0.0	0.0	0.0	0.0	0.0	0.0	5167.0	28647.0	7603.0	15321.0	20783.0	14549.0	17695.0	34577.0	15200.0	38380.0	19579.0
-47.55	0.0	0.0	0.0	0.0	0.0	0.0	0.0	0.0	3.0	6950.0	29540.0	7581.0	14748.0	20671.0	15404.0	17005.0	34254.0	15837.0	39449.0	19183.0
-47.45	0.0	0.0	0.0	0.0	0.0	0.0	0.0	0.0	0.0	9185.0	30498.0	7499.0	14944.0	21084.0	14601.0	17636.0	33744.0	16783.0	39271.0	19712.0
-47.35	0.0	0.0	0.0	0.0	0.0	0.0	0.0	0.0	1.0	12931.0	29049.0	7429.0	15828.0	20865.0	15310.0	17198.0	34498.0	16813.0	38314.0	19171.0
-47.25	0.0	0.0	0.0	0.0	0.0	0.0	0.0	0.0	2.0	8651.0	29084.0	7890.0	16158.0	20566.0	15268.0	18067.0	34305.0	17295.0	38140.0	19482.0
-47.15	0.0	0.0	0.0	0.0	0.0	0.0	0.0	0.0	0.0	11559.0	29837.0	7946.0	16152.0	21186.0	15172.0	17312.0	33944.0	17559.0	38002.0	19272.0
-47.05	0.0	0.0	0.0	0.0	0.0	0.0	0.0	0.0	0.0	15908.0	29239.0	8194.0	15600.0	20850.0	15783.0	17687.0	33979.0	17549.0	37802.0	19837.0
-46.95	0.0	0.0	0.0	0.0	0.0	0.0	0.0	0.0	4.0	20981.0	30145.0	7440.0	15615.0	21399.0	15828.0	18478.0	35083.0	17914.0	38420.0	20299.0
-46.85	0.0	0.0	0.0	0.0	0.0	0.0	0.0	0.0	1.0	112392.0	28765.0	8351.0	15971.0	21380.0	15909.0	17919.0	35984.0	18087.0	38911.0	20164.0
-46.75	0.0	0.0	0.0	0.0	0.0	0.0	0.0	0.0	4.0	37556.0	29577.0	7967.0	16195.0	22218.0	15801.0	17538.0	35195.0	18155.0	38978.0	20525.0
-46.65	0.0	0.0	0.0	0.0	0.0	0.0	0.0	0.0	16.0	12586.0	29546.0	7660.0	16451.0	22436.0	15776.0	18120.0	34648.0	18554.0	38350.0	20796.0
-46.55	0.0	0.0	0.0	0.0	0.0	0.0	0.0	0.0	12.0	22168.0	30139.0	7914.0	16032.0	21954.0	15813.0	18150.0	35658.0	18449.0	38734.0	20363.0
-46.45	0.0	0.0	0.0	0.0	0.0	0.0	0.0	0.0	7.0	50494.0	29335.0	8258.0	16992.0	22438.0	16029.0	18190.0	35759.0	19053.0	37938.0	20748.0
-46.35	0.0	0.0	0.0	0.0	0.0	0.0	0.0	0.0	5.0	94127.0	29201.0	7995.0	16902.0	22419.0	16467.0	18245.0	36030.0	19421.0	38296.0	21501.0
-46.25	0.0	0.0	0.0	0.0	0.0	0.0	0.0	0.0	13.0	46819.0	28967.0	8325.0	17333.0	22834.0	16436.0	18223.0	37838.0	19338.0	38361.0	21637.0
-46.15	0.0	0.0	0.0	0.0	0.0	0.0	0.0	0.0	35.0	23148.0	29404.0	8046.0	17295.0	22902.0	17252.0	18109.0	36214.0	20426.0	37766.0	22355.0
-46.05	0.0	0.0	0.0	0.0	0.0	0.0	0.0	0.0	53.0	19979.0	29276.0	7977.0	16951.0	23314.0	17061.0	18142.0	37787.0	19984.0	37639.0	21860.0
-45.95	0.0	0.0	0.0	0.0	0.0	0.0	0.0	4.0	60.0	23285.0	29852.0	8198.0	16957.0	23439.0	16839.0	18160.0	37105.0	20462.0	37389.0	21937.0
-45.85	0.0	0.0	0.0	0.0	0.0	0.0	0.0	3.0	99.0	24605.0	30562.0	8022.0	17283.0	23193.0	17133.0	18542.0	37538.0	20767.0	37532.0	21828.0
-45.75	0.0	0.0	0.0	0.0	0.0	0.0	0.0	4.0	85.0	27932.0	30015.0	8614.0	18078.0	23424.0	16380.0	18776.0	37314.0	21171.0	37411.0	21813.0
-45.65	0.0	0.0	0.0	0.0	0.0	0.0	0.0	0.0	141.0	22271.0	29629.0	8130.0	18280.0	23233.0	17080.0	18576.0	38595.0	21023.0	37299.0	21837.0
-45.55	0.0	0.0	0.0	0.0	0.0	0.0	0.0	5.0	177.0	22728.0	30241.0	8507.0	17884.0	23988.0	17452.0	18376.0	38173.0	20158.0	37679.0	21931.0
-45.45	0.0	0.0	0.0	0.0	0.0	0.0	0.0	1.0	1204.0	21550.0	29911.0	9007.0	17898.0	24350.0	17087.0	19184.0	38326.0	20901.0	37818.0	21700.0
-45.35	0.0	0.0	0.0	0.0	0.0	0.0	0.0	0.0	1782.0	18781.0	29674.0	8781.0	18601.0	24386.0	16433.0	18435.0	38840.0	21289.0	37436.0	21809.0
-45.25	0.0	0.0	0.0	0.0	0.0	0.0	0.0	0.0	2166.0	19931.0	29991.0	8527.0	18708.0	24591.0	17011.0	18987.0	39028.0	21301.0	37160.0	22004.0
-45.15	0.0	0.0	0.0	0.0	0.0	0.0	0.0	6.0	2663.0	20857.0	30204.0	8826.0	19260.0	24463.0	16874.0	18675.0	39193.0	21269.0	37654.0	21717.0
-45.05	0.0	0.0	0.0	0.0	0.0	0.0	0.0	4.0	5300.0	20481.0	29593.0	8700.0	18854.0	24393.0	17044.0	19183.0	39689.0	21859.0	37366.0	21779.0
-44.95	0.0	0.0	0.0	0.0	0.0	0.0	0.0	11.0	2563.0	20058.0	29168.0	8920.0	19055.0	24207.0	16837.0	19285.0	39786.0	21682.0	37578.0	21400.0
-44.85	0.0	0.0	0.0	0.0	0.0	0.0	0.0	16.0	2128.0	21412.0	29427.0	8661.0	18722.0	24518.0	16890.0	19475.0	40806.0	21605.0	36481.0	22404.0
-44.75	0.0	0.0	0.0	0.0	0.0	0.0	0.0	2.0	22829.0	20185.0	28658.0	8853.0	18980.0	24802.0	16517.0	19982.0	40254.0	22534.0	37657.0	22753.0
-44.65	0.0	0.0	0.0	0.0	0.0	0.0	0.0	9.0	6468.0	19523.0	29583.0	8880.0	19080.0	25678.0	17584.0	18912.0	40526.0	22660.0	37190.0	23280.0
-44.55	0.0	0.0	0.0	0.0	0.0	0.0	0.0	6.0	12481.0	19204.0	29572.0	9390.0	19341.0	25396.0	17620.0	19262.0	40495.0	22092.0	37113.0	23932.0
-44.45	0.0	0.0	0.0	0.0	0.0	0.0	0.0	22.0	4219.0	19505.0	28824.0	9602.0	19522.0	25773.0	17720.0	19833.0	42418.0	22771.0	36560.0	22775.0
-44.35	0.0	0.0	0.0	0.0	0.0	0.0	0.0	12.0	9849.0	19547.0	29921.0	10116.0	19338.0	25581.0	17619.0	19428.0	41054.0	23251.0	36622.0	23357.0
-44.25	0.0	0.0	0.0	0.0	0.0	0.0	0.0	26.0	6016.0	18663.0	29874.0	10084.0	19030.0	25660.0	17237.0	19788.0	41548.0	23351.0	36677.0	23143.0
-44.15	0.0	0.0	0.0	0.0	0.0	0.0	0.0	30.0	6501.0	18871.0	29680.0	10030.0	18899.0	25903.0	18121.0	19641.0	41977.0	22908.0	37244.0	23489.0
-44.05	0.0	0.0	0.0	0.0	0.0	0.0	0.0	28.0	9076.0	18387.0	29136.0	9903.0	18697.0	27342.0	18101.0	20265.0	41459.0	22933.0	36270.0	23693.0
-43.95	0.0	0.0	0.0	0.0	0.0	0.0	0.0	52.0	6261.0	18104.0	28910.0	10401.0	19615.0	26785.0	17628.0	19347.0	41727.0	23646.0	36551.0	23915.0
-43.85	0.0	0.0	0.0	0.0	0.0	0.0	0.0	47.0	9060.0	17552.0	28611.0	9840.0	20168.0	26481.0	17851.0	19654.0	41447.0	23744.0	36502.0	24269.0
-43.75	0.0	0.0	0.0	0.0	0.0	0.0	0.0	51.0	10347.0	17253.0	30192.0	10483.0	19557.0	26699.0	17929.0	18834.0	42163.0	23455.0	36948.0	24358.0
-43.65	0.0	0.0	0.0	0.0	0.0	0.0	0.0	44.0	14834.0	17347.0	29848.0	10576.0	20357.0	27100.0	17701.0	19785.0	42528.0	23574.0	37778.0	24351.0
-43.55	0.0	0.0	0.0	0.0	0.0	0.0	0.0	77.0	10573.0	17533.0	29995.0	10437.0	20412.0	28170.0	18286.0	19689.0	42110.0	23773.0	36183.0	24332.0
-43.45	0.0	0.0	0.0	0.0	0.0	0.0	0.0	93.0	11076.0	17628.0	29811.0	10568.0	20155.0	27928.0	17809.0	19766.0	41969.0	23935.0	37537.0	24545.0
-43.35	0.0	0.0	0.0	0.0	0.0	0.0	0.0	126.0	10397.0	17333.0	29445.0	11067.0	20243.0	28166.0	17605.0	19293.0	41955.0	24850.0	36976.0	24197.0
-43.25	0.0	0.0	0.0	0.0	0.0	0.0	0.0	130.0	12639.0	17420.0	29473.0	10973.0	19531.0	28476.0	18502.0	19543.0	42056.0	24635.0	36543.0	24500.0
-43.15	0.0	0.0	0.0	0.0	0.0	0.0	0.0	194.0	10919.0	16195.0	29366.0	10999.0	20101.0	28471.0	18117.0	19779.0	42139.0	24830.0	36722.0	25572.0
-43.05	0.0	0.0	0.0	0.0	0.0	0.0	0.0	226.0	11187.0	16815.0	29789.0	11692.0	20381.0	29022.0	18327.0	19816.0	41792.0	25261.0	37860.0	25061.0
-42.95	0.0	0.0	0.0	0.0	0.0	0.0	0.0	310.0	10407.0	16509.0	29362.0	11520.0	19880.0	29184.0	18493.0	19564.0	42450.0	25697.0	38294.0	25107.0
-42.85	0.0	0.0	0.0	0.0	0.0	0.0	0.0	337.0	12058.0	16462.0	29956.0	11135.0	19853.0	28892.0	17929.0	20217.0	42210.0	25690.0	37813.0	24896.0
-42.75	0.0	0.0	0.0	0.0	0.0	0.0	0.0	419.0	12461.0	15638.0	29497.0	11205.0	20196.0	29414.0	18391.0	19647.0	41452.0	25963.0	38203.0	24885.0
-42.65	0.0	0.0	0.0	0.0	0.0	0.0	0.0	517.0	12353.0	16609.0	28905.0	11200.0	20358.0	28570.0	18557.0	20566.0	42087.0	25592.0	38437.0	25114.0
-42.55	0.0	0.0	0.0	0.0	0.0	0.0	0.0	690.0	11476.0	16298.0	29150.0	11130.0	20538.0	28861.0	18816.0	19891.0	42813.0	25314.0	37916.0	25793.0
-42.45	0.0	0.0	0.0	0.0	0.0	0.0	0.0	735.0	13889.0	15992.0	28407.0	11019.0	20069.0	29553.0	18371.0	19808.0	42533.0	26162.0	37666.0	25129.0
-42.35	0.0	0.0	0.0	0.0	0.0	0.0	0.0	1022.0	12078.0	16077.0	29319.0	11696.0	19957.0	29761.0	18003.0	20134.0	42509.0	25485.0	37333.0	25870.0
-42.25	0.0	0.0	0.0	0.0	0.0	0.0	0.0	1143.0	13451.0	15641.0	29132.0	11776.0	20050.0	30259.0	19182.0	20005.0	42705.0	25626.0	37601.0	26251.0
-42.15	0.0	0.0	0.0	0.0	0.0	0.0	0.0	1578.0	12536.0	15164.0	28064.0	11673.0	20554.0	30547.0	18261.0	20520.0	42420.0	25700.0	38578.0	25977.0
-42.05	0.0	0.0	0.0	0.0	0.0	0.0	1.0	1749.0	14420.0	15211.0	27003.0	11678.0	21155.0	30130.0	18215.0	20359.0	42783.0	25740.0	38552.0	26134.0
-41.95	0.0	0.0	0.0	0.0	0.0	0.0	4.0	627.0	13057.0	14345.0	26945.0	11394.0	19861.0	29082.0	18654.0	20389.0	42035.0	25525.0	38362.0	26481.0
-41.85	0.0	0.0	0.0	0.0	0.0	0.0	5.0	592.0	13179.0	14586.0	27414.0	11509.0	20609.0	30080.0	18904.0	20695.0	42454.0	25503.0	37581.0	26881.0
-41.75	0.0	0.0	0.0	0.0	0.0	0.0	0.0	681.0	14097.0	14773.0	27998.0	11654.0	20065.0	28982.0	19358.0	21067.0	42312.0	25253.0	37199.0	27188.0
-41.65	0.0	0.0	0.0	0.0	0.0	0.0	0.0	821.0	14710.0	14762.0	26869.0	11642.0	20426.0	29626.0	19336.0	20992.0	41215.0	26002.0	37783.0	26715.0
-41.55	0.0	0.0	0.0	0.0	0.0	0.0	0.0	998.0	14510.0	14622.0	27687.0	12339.0	20622.0	28288.0	19582.0	21093.0	42551.0	25225.0	38367.0	27443.0
-41.45	0.0	0.0	0.0	0.0	0.0	0.0	3.0	1111.0	16773.0	13921.0	27635.0	11875.0	20305.0	29754.0	18818.0	21015.0	41258.0	26169.0	37308.0	28038.0
-41.35	0.0	0.0	0.0	0.0	0.0	0.0	0.0	1435.0	15009.0	14988.0	27755.0	12499.0	20762.0	29283.0	19494.0	21256.0	41525.0	25262.0	37787.0	28325.0
-41.25	0.0	0.0	0.0	0.0	0.0	0.0	5.0	1721.0	16117.0	13810.0	28008.0	12287.0	21082.0	29172.0	19544.0	20487.0	40735.0	25394.0	37336.0	28145.0
-41.15	0.0	0.0	0.0	0.0	0.0	0.0	0.0	2197.0	15849.0	13564.0	26595.0	12618.0	21577.0	29189.0	19492.0	20526.0	41732.0	25612.0	37315.0	28358.0
-41.05	0.0	0.0	0.0	0.0	0.0	0.0	8.0	2458.0	17179.0	13866.0	27409.0	12487.0	20967.0	29604.0	19791.0	20704.0	41345.0	25914.0	37298.0	28560.0
-40.95	0.0	0.0	0.0	0.0	0.0	0.0	5.0	5109.0	16374.0	13536.0	27164.0	12625.0	20510.0	29618.0	19696.0	20724.0	41221.0	25425.0	37047.0	29429.0
-40.85	0.0	0.0	0.0	0.0	0.0	0.0	6.0	5248.0	16100.0	14045.0	26876.0	12644.0	21521.0	29239.0	19249.0	20395.0	41346.0	24605.0	37259.0	29382.0
-40.75	0.0	0.0	0.0	0.0	0.0	0.0	1.0	39515.0	15884.0	13819.0	26063.0	12220.0	21075.0	30491.0	19757.0	20781.0	41006.0	24541.0	37369.0	28997.0
-40.65	0.0	0.0	0.0	0.0	0.0	0.0	7.0	6542.0	16883.0	13916.0	26761.0	12169.0	20650.0	29885.0	20047.0	20666.0	41880.0	24509.0	36740.0	29745.0
-40.55	0.0	0.0	0.0	0.0	0.0	0.0	8.0	6842.0	17519.0	13509.0	26766.0	12249.0	21155.0	29710.0	20238.0	20645.0	41961.0	25181.0	37520.0	29721.0
-40.45	0.0	0.0	0.0	0.0	0.0	0.0	2.0	33037.0	17357.0	14228.0	26218.0	12749.0	21388.0	30847.0	19726.0	20422.0	42461.0	23935.0	37282.0	30316.0
-40.35	0.0	0.0	0.0	0.0	0.0	0.0	2.0	42197.0	17005.0	13426.0	25471.0	11983.0	21171.0	29311.0	19768.0	20358.0	42298.0	24024.0	37793.0	30246.0
-40.25	0.0	0.0	0.0	0.0	0.0	0.0	3.0	33131.0	17707.0	13531.0	25652.0	12079.0	21115.0	29617.0	21418.0	21388.0	42214.0	24081.0	37606.0	30693.0
-40.15	0.0	0.0	0.0	0.0	0.0	0.0	11.0	11004.0	17774.0	13495.0	25995.0	12433.0	20930.0	29547.0	20365.0	21047.0	41283.0	24635.0	37175.0	31323.0
-40.05	0.0	0.0	0.0	0.0	0.0	0.0	30.0	4947.0	17584.0	13101.0	25993.0	12372.0	21522.0	29891.0	20493.0	21063.0	42144.0	24143.0	37042.0	31936.0
-39.95	0.0	0.0	0.0	0.0	0.0	0.0	25.0	6859.0	19462.0	13188.0	25065.0	11974.0	21138.0	29633.0	20330.0	21315.0	41094.0	24521.0	37942.0	31207.0
-39.85	0.0	0.0	0.0	0.0	0.0	0.0	19.0	11330.0	18885.0	13005.0	24555.0	12119.0	20969.0	29496.0	20416.0	21085.0	41847.0	24715.0	38047.0	31474.0
-39.75	0.0	0.0	0.0	0.0	0.0	0.0	27.0	9723.0	18068.0	13335.0	25187.0	12074.0	22223.0	29480.0	20668.0	20538.0	40746.0	24687.0	38664.0	32028.0
-39.65	0.0	0.0	0.0	0.0	0.0	0.0	41.0	7606.0	18749.0	13183.0	25597.0	11778.0	22276.0	29041.0	20856.0	20897.0	40631.0	24750.0	38137.0	32360.0
-39.55	0.0	0.0	0.0	0.0	0.0	0.0	35.0	10618.0	19971.0	12968.0	24237.0	12000.0	21641.0	29678.0	20989.0	20503.0	40498.0	24519.0	38594.0	33331.0
-39.45	0.0	0.0	0.0	0.0	0.0	0.0	36.0	12643.0	18910.0	13644.0	23902.0	12002.0	22839.0	30292.0	20850.0	21333.0	40048.0	24515.0	38170.0	32450.0
-39.35	0.0	0.0	0.0	0.0	0.0	0.0	62.0	8902.0	18831.0	13310.0	24658.0	12500.0	23031.0	30003.0	20323.0	20773.0	39466.0	24401.0	38248.0	32620.0
-39.25	0.0	0.0	0.0	0.0	0.0	0.0	66.0	10482.0	18399.0	13645.0	23531.0	11634.0	23121.0	28964.0	20947.0	21282.0	39243.0	24351.0	37593.0	33459.0
-39.15	0.0	0.0	0.0	0.0	0.0	0.0	79.0	9933.0	20010.0	13041.0	24711.0	11661.0	23161.0	29582.0	20726.0	20760.0	39475.0	24783.0	38228.0	32965.0
-39.05	0.0	0.0	0.0	0.0	0.0	0.0	141.0	6885.0	19176.0	13050.0	23547.0	12438.0	23934.0	29635.0	21009.0	20780.0	38985.0	24739.0	37622.0	33180.0
-38.95	0.0	0.0	0.0	0.0	0.0	0.0	157.0	7403.0	19619.0	13194.0	24030.0	12309.0	23741.0	29240.0	20878.0	20803.0	39259.0	24754.0	37523.0	32242.0
-38.85	0.0	0.0	0.0	0.0	0.0	0.0	155.0	8589.0	21265.0	13214.0	22953.0	12366.0	24184.0	29751.0	21463.0	20982.0	38253.0	24525.0	38395.0	32185.0
-38.75	0.0	0.0	0.0	0.0	0.0	0.0	218.0	7563.0	21039.0	13106.0	22926.0	12152.0	24081.0	30167.0	20122.0	20233.0	37772.0	24630.0	38504.0	32837.0
-38.65	0.0	0.0	0.0	0.0	0.0	0.0	224.0	8310.0	22624.0	12889.0	23064.0	12347.0	25204.0	29495.0	21008.0	20099.0	38471.0	24855.0	38615.0	32928.0
-38.55	0.0	0.0	0.0	0.0	0.0	0.0	343.0	6645.0	21447.0	13908.0	22767.0	12653.0	24500.0	30617.0	21274.0	20704.0	36707.0	24532.0	37769.0	33160.0
-38.45	0.0	0.0	0.0	0.0	0.0	0.0	467.0	5894.0	21097.0	13992.0	22510.0	12151.0	24371.0	30407.0	21174.0	21347.0	37457.0	24395.0	37856.0	33527.0
-38.35	0.0	0.0	0.0	0.0	0.0	0.0	551.0	6110.0	21612.0	12715.0	23247.0	11706.0	25044.0	30121.0	20667.0	21030.0	36909.0	24997.0	38104.0	32890.0
-38.25	0.0	0.0	0.0	0.0	0.0	0.0	604.0	6685.0	21653.0	12956.0	22830.0	12170.0	25219.0	29606.0	20581.0	21021.0	37396.0	24986.0	37865.0	33912.0
-38.15	0.0	0.0	0.0	0.0	0.0	0.0	707.0	7285.0	20481.0	13383.0	22074.0	11764.0	24697.0	30311.0	20784.0	21012.0	35830.0	24555.0	37496.0	33575.0
-38.05	0.0	0.0	0.0	0.0	0.0	0.0	881.0	6441.0	22140.0	13450.0	22620.0	11823.0	25151.0	30079.0	21635.0	21357.0	36995.0	24440.0	37152.0	33693.0
-37.95	0.0	0.0	0.0	0.0	0.0	0.0	1268.0	5659.0	20983.0	13326.0	21697.0	11452.0	24837.0	30334.0	21016.0	21340.0	36688.0	24350.0	37233.0	32647.0
-37.85	0.0	0.0	0.0	0.0	0.0	0.0	1416.0	5874.0	21682.0	13999.0	21911.0	11520.0	25131.0	29697.0	21330.0	21772.0	36165.0	24089.0	36993.0	32301.0
-37.75	0.0	0.0	0.0	0.0	0.0	0.0	1553.0	6362.0	22163.0	13605.0	22058.0	11683.0	24726.0	30813.0	21837.0	22136.0	36685.0	24633.0	36457.0	32477.0
-37.65	0.0	0.0	0.0	0.0	0.0	0.0	1882.0	6387.0	22244.0	13632.0	21592.0	11460.0	25131.0	30656.0	21223.0	22009.0	36352.0	24481.0	36941.0	31555.0
-37.55	0.0	0.0	0.0	0.0	0.0	0.0	2278.0	6489.0	21516.0	13776.0	21460.0	11734.0	25264.0	29882.0	21857.0	21918.0	35904.0	24666.0	36590.0	32073.0
-37.45	0.0	0.0	0.0	0.0	0.0	0.0	2561.0	6861.0	22180.0	13340.0	21805.0	12027.0	25479.0	30191.0	21484.0	22189.0	36474.0	24730.0	37175.0	31500.0
-37.35	0.0	0.0	0.0	0.0	0.0	0.0	3014.0	6754.0	23316.0	13637.0	20948.0	11753.0	25643.0	30887.0	20736.0	22464.0	35973.0	24682.0	36603.0	31672.0
-37.25	0.0	0.0	0.0	0.0	0.0	0.0	3729.0	6815.0	21584.0	13325.0	21779.0	11796.0	25988.0	30093.0	21255.0	22471.0	36869.0	25141.0	36310.0	31874.0
-37.15	0.0	0.0	0.0	0.0	0.0	0.0	4334.0	6978.0	22626.0	13671.0	21006.0	11801.0	26184.0	30619.0	20457.0	23213.0	35787.0	24663.0	35431.0	31906.0
-37.05	0.0	0.0	0.0	0.0	0.0	0.0	5455.0	6770.0	21492.0	13853.0	20033.0	11592.0	25386.0	31354.0	21059.0	22800.0	37018.0	25218.0	35752.0	31711.0
-36.95	0.0	0.0	0.0	0.0	0.0	0.0	6487.0	6548.0	22599.0	13861.0	20057.0	12001.0	25901.0	30786.0	20307.0	22699.0	36384.0	25496.0	35555.0	31878.0
-36.85	0.0	0.0	0.0	0.0	0.0	0.0	7871.0	6927.0	21316.0	13339.0	20421.0	11915.0	25511.0	30873.0	20661.0	22827.0	35470.0	25122.0	35299.0	32075.0
-36.75	0.0	0.0	0.0	0.0	0.0	3.0	9020.0	6671.0	22391.0	13733.0	20471.0	11786.0	25504.0	32115.0	20931.0	23048.0	36702.0	24375.0	36256.0	31906.0
-36.65	0.0	0.0	0.0	0.0	0.0	0.0	11114.0	6610.0	21392.0	13292.0	20519.0	11631.0	26588.0	32022.0	20984.0	23701.0	36558.0	24756.0	35468.0	32113.0
-36.55	0.0	0.0	0.0	0.0	0.0	0.0	13325.0	6459.0	21357.0	13640.0	20235.0	11855.0	26014.0	31981.0	21379.0	23942.0	36085.0	24532.0	35963.0	31769.0
-36.45	0.0	0.0	0.0	0.0	0.0	0.0	16001.0	6538.0	21410.0	13908.0	19356.0	12529.0	25851.0	30861.0	20928.0	23622.0	35810.0	25172.0	36602.0	31961.0
-36.35	0.0	0.0	0.0	0.0	0.0	2.0	18464.0	6826.0	21658.0	13968.0	19878.0	12136.0	26259.0	31443.0	21285.0	23825.0	36845.0	24917.0	36209.0	31677.0
-36.25	0.0	0.0	0.0	0.0	0.0	7.0	6283.0	6954.0	22236.0	13566.0	19251.0	12068.0	26537.0	30556.0	20128.0	23947.0	36700.0	26194.0	36070.0	30969.0
-36.15	0.0	0.0	0.0	0.0	0.0	7.0	7526.0	7031.0	21370.0	14118.0	18770.0	12587.0	26524.0	31930.0	20243.0	23702.0	35725.0	25776.0	36346.0	31494.0
-36.05	0.0	0.0	0.0	0.0	0.0	6.0	10653.0	6569.0	21942.0	13470.0	19310.0	12444.0	26705.0	31178.0	20401.0	24098.0	36430.0	26410.0	37201.0	30491.0
-35.95	0.0	0.0	0.0	0.0	0.0	9.0	8546.0	6908.0	21703.0	13147.0	18933.0	11746.0	26720.0	31497.0	20434.0	23468.0	36364.0	25780.0	37275.0	30402.0
-35.85	0.0	0.0	0.0	0.0	0.0	7.0	12629.0	6809.0	21883.0	13753.0	18990.0	12585.0	26371.0	31280.0	20285.0	24667.0	37030.0	25634.0	38069.0	30872.0
-35.75	0.0	0.0	0.0	0.0	0.0	14.0	7439.0	6856.0	22102.0	14151.0	19033.0	12858.0	25519.0	31297.0	20886.0	23557.0	36371.0	26613.0	37688.0	31017.0
-35.65	0.0	0.0	0.0	0.0	0.0	5.0	24623.0	7275.0	22261.0	14345.0	18572.0	12338.0	26149.0	30888.0	20144.0	24105.0	35499.0	26728.0	36951.0	29814.0
-35.55	0.0	0.0	0.0	0.0	0.0	13.0	11229.0	7277.0	22460.0	13948.0	18549.0	12421.0	25933.0	31008.0	20582.0	23845.0	36201.0	26493.0	37135.0	30024.0
-35.45	0.0	0.0	0.0	0.0	0.0	12.0	14553.0	7432.0	21968.0	13571.0	18319.0	13014.0	25800.0	31082.0	20616.0	24245.0	35614.0	26722.0	37559.0	30154.0
-35.35	0.0	0.0	0.0	0.0	0.0	6.0	34441.0	7181.0	21895.0	14374.0	18477.0	12758.0	25667.0	31366.0	20525.0	23529.0	36745.0	27304.0	37729.0	29540.0
-35.25	0.0	0.0	0.0	0.0	0.0	12.0	20469.0	7137.0	21903.0	14115.0	18523.0	13019.0	25905.0	30883.0	20677.0	23687.0	35676.0	27969.0	37531.0	29529.0
-35.15	0.0	0.0	0.0	0.0	0.0	8.0	35916.0	7396.0	22251.0	14275.0	17701.0	13172.0	25636.0	30767.0	20922.0	24083.0	35774.0	27810.0	38222.0	29634.0
-35.05	0.0	0.0	0.0	0.0	0.0	26.0	12868.0	7422.0	22530.0	14354.0	17846.0	13786.0	26094.0	32192.0	20709.0	23731.0	36019.0	27801.0	37421.0	29848.0
-34.95	0.0	0.0	0.0	0.0	0.0	12.0	33114.0	7537.0	22270.0	14552.0	18110.0	12605.0	25576.0	30557.0	20840.0	24024.0	36525.0	28736.0	37725.0	29421.0
-34.85	0.0	0.0	0.0	0.0	0.0	28.0	16799.0	7435.0	22412.0	15413.0	17881.0	13452.0	25348.0	31031.0	20720.0	24098.0	35810.0	27839.0	38271.0	29663.0
-34.75	0.0	0.0	0.0	0.0	0.0	23.0	23837.0	7687.0	22423.0	15090.0	17414.0	13315.0	26140.0	30719.0	20633.0	24370.0	37039.0	27929.0	37668.0	29334.0
-34.65	0.0	0.0	0.0	0.0	0.0	35.0	18601.0	7121.0	22153.0	15631.0	17532.0	13541.0	25700.0	31987.0	20999.0	25120.0	37230.0	28348.0	38210.0	29593.0
-34.55	0.0	0.0	0.0	0.0	0.0	23.0	33466.0	7291.0	22157.0	15476.0	17669.0	13596.0	25564.0	32028.0	21165.0	24567.0	36835.0	27898.0	37848.0	30065.0
-34.45	0.0	0.0	0.0	0.0	0.0	19.0	47261.0	7558.0	21926.0	15794.0	17183.0	13943.0	26635.0	32165.0	21122.0	24756.0	37297.0	28091.0	37753.0	29651.0
-34.35	0.0	0.0	0.0	0.0	0.0	36.0	29968.0	7500.0	22017.0	15952.0	16689.0	14424.0	25821.0	31553.0	21719.0	24420.0	36834.0	27590.0	37407.0	29552.0
-34.25	0.0	0.0	0.0	0.0	0.0	81.0	15782.0	7659.0	21987.0	15307.0	16757.0	13907.0	25364.0	31682.0	21756.0	24098.0	36913.0	27676.0	37861.0	30112.0
-34.15	0.0	0.0	0.0	0.0	0.0	75.0	19880.0	7675.0	22637.0	15355.0	17158.0	14209.0	25204.0	31422.0	21079.0	24924.0	36068.0	28136.0	37475.0	29352.0
-34.05	0.0	0.0	0.0	0.0	0.0	70.0	25085.0	8025.0	22437.0	15505.0	16326.0	14113.0	25218.0	31657.0	21354.0	25378.0	36787.0	28253.0	37913.0	30054.0
-33.95	0.0	0.0	0.0	0.0	0.0	120.0	17265.0	7850.0	22709.0	15414.0	16616.0	14120.0	25217.0	31684.0	21711.0	25266.0	36540.0	27908.0	37475.0	29756.0
-33.85	0.0	0.0	0.0	0.0	0.0	96.0	24651.0	8257.0	23139.0	15544.0	16590.0	14610.0	24991.0	31314.0	22397.0	25923.0	36156.0	28367.0	37813.0	29898.0
-33.75	0.0	0.0	0.0	0.0	0.0	134.0	20921.0	7934.0	23493.0	16063.0	16676.0	14564.0	24568.0	29957.0	22276.0	26094.0	36458.0	28294.0	37281.0	31174.0
-33.65	0.0	0.0	0.0	0.0	0.0	264.0	13036.0	7403.0	23153.0	15107.0	16541.0	14828.0	24760.0	30579.0	22016.0	25691.0	35693.0	27971.0	37695.0	30838.0
-33.55	0.0	0.0	0.0	0.0	0.0	266.0	14677.0	7954.0	23173.0	16267.0	16342.0	15134.0	25149.0	30202.0	21527.0	25867.0	35998.0	28653.0	37229.0	30562.0
-33.45	0.0	0.0	0.0	0.0	0.0	328.0	14218.0	8170.0	22939.0	15393.0	16181.0	14873.0	24923.0	29553.0	21677.0	25918.0	35764.0	28580.0	37782.0	30038.0
-33.35	0.0	0.0	0.0	0.0	0.0	350.0	15429.0	8272.0	23207.0	15447.0	16061.0	15460.0	24795.0	29379.0	22259.0	25716.0	35905.0	28783.0	39076.0	30421.0
-33.25	0.0	0.0	0.0	0.0	0.0	398.0	15569.0	8690.0	23523.0	16103.0	16655.0	15476.0	23962.0	29712.0	22032.0	25434.0	35824.0	28577.0	38250.0	29839.0
-33.15	0.0	0.0	0.0	0.0	0.0	451.0	16346.0	8558.0	22802.0	16340.0	16853.0	15249.0	24380.0	29398.0	22237.0	26059.0	36133.0	29146.0	37506.0	30160.0
-33.05	0.0	0.0	0.0	0.0	0.0	553.0	15635.0	8852.0	22644.0	16098.0	16281.0	15529.0	24713.0	29217.0	22845.0	26824.0	35451.0	29122.0	37807.0	29815.0
-32.95	0.0	0.0	0.0	0.0	0.0	684.0	15233.0	8632.0	22640.0	15583.0	16615.0	15270.0	24173.0	28888.0	22246.0	26214.0	35573.0	29576.0	38167.0	30111.0
-32.85	0.0	0.0	0.0	0.0	0.0	769.0	15881.0	8529.0	22327.0	16452.0	16879.0	15205.0	24739.0	28556.0	22106.0	25862.0	35649.0	30266.0	38515.0	30296.0
-32.75	0.0	0.0	0.0	0.0	0.0	956.0	14839.0	8956.0	22524.0	15963.0	16400.0	15327.0	24252.0	28360.0	22220.0	26337.0	36031.0	30587.0	37679.0	30523.0
-32.65	0.0	0.0	0.0	0.0	0.0	1055.0	16049.0	9350.0	21612.0	15838.0	16187.0	15661.0	23933.0	28615.0	22013.0	26323.0	35667.0	30108.0	38483.0	30620.0
-32.55	0.0	0.0	0.0	0.0	0.0	1267.0	15558.0	9148.0	21881.0	15843.0	16406.0	16388.0	23926.0	28642.0	22536.0	26207.0	34656.0	29582.0	38786.0	29916.0
-32.45	0.0	0.0	0.0	0.0	0.0	1495.0	15577.0	9116.0	22326.0	16037.0	16600.0	15440.0	24236.0	28367.0	22030.0	26889.0	35246.0	29501.0	37659.0	29961.0
-32.35	0.0	0.0	0.0	0.0	0.0	1649.0	16602.0	8842.0	22871.0	16027.0	15947.0	15803.0	24078.0	27955.0	22293.0	26856.0	34914.0	30070.0	38136.0	29791.0
-32.25	0.0	0.0	0.0	0.0	0.0	1881.0	17901.0	8858.0	22093.0	15686.0	15806.0	15558.0	23482.0	28305.0	22049.0	26235.0	34635.0	29718.0	38862.0	29904.0
-32.15	0.0	0.0	0.0	0.0	0.0	2222.0	16726.0	9422.0	22765.0	16183.0	15384.0	15785.0	24309.0	27782.0	22095.0	26702.0	34785.0	29919.0	39129.0	30739.0
-32.05	0.0	0.0	0.0	0.0	0.0	2566.0	16971.0	9251.0	23346.0	15676.0	15378.0	16517.0	23985.0	28249.0	22009.0	27321.0	34633.0	30525.0	37966.0	30055.0
-31.95	0.0	0.0	0.0	0.0	0.0	2959.0	17219.0	9596.0	22427.0	16304.0	15542.0	15799.0	23986.0	27286.0	22926.0	27096.0	35447.0	30659.0	38744.0	30791.0
-31.85	0.0	0.0	0.0	0.0	0.0	3271.0	18355.0	9440.0	22846.0	16628.0	15242.0	16447.0	24294.0	27681.0	22502.0	27230.0	33976.0	30192.0	38272.0	30857.0
-31.75	0.0	0.0	0.0	0.0	0.0	3894.0	17984.0	9973.0	22632.0	15683.0	15173.0	17453.0	23370.0	26561.0	22893.0	27323.0	35250.0	30638.0	37861.0	31386.0
-31.65	0.0	0.0	0.0	0.0	0.0	4515.0	17897.0	9974.0	23103.0	16162.0	15174.0	16853.0	23542.0	26739.0	22915.0	26955.0	35390.0	31043.0	37843.0	31262.0
-31.55	0.0	0.0	0.0	0.0	0.0	5190.0	18343.0	10335.0	22246.0	15905.0	15234.0	17765.0	23248.0	27263.0	23087.0	27192.0	34422.0	31630.0	37249.0	31437.0
-31.45	0.0	0.0	0.0	0.0	0.0	6191.0	17956.0	10713.0	22188.0	16047.0	15061.0	17757.0	23389.0	26850.0	22395.0	27451.0	34635.0	30755.0	36792.0	30464.0
-31.35	0.0	0.0	0.0	0.0	0.0	7059.0	17987.0	10571.0	22984.0	15915.0	15551.0	18203.0	23642.0	26860.0	23232.0	26916.0	34748.0	30772.0	37135.0	30273.0
-31.25	0.0	0.0	0.0	0.0	0.0	8230.0	17800.0	10847.0	23085.0	16380.0	15110.0	17932.0	23740.0	26893.0	23212.0	27892.0	34942.0	30855.0	36794.0	31281.0
-31.15	0.0	0.0	0.0	0.0	1.0	9257.0	18510.0	10891.0	23638.0	16561.0	15829.0	18531.0	23610.0	26549.0	23057.0	27044.0	34293.0	31233.0	37562.0	31714.0
-31.05	0.0	0.0	0.0	0.0	2.0	5495.0	18480.0	11034.0	23226.0	16596.0	15740.0	18836.0	23001.0	26590.0	23289.0	27248.0	34213.0	30659.0	36978.0	30915.0
-30.95	0.0	0.0	0.0	0.0	2.0	6488.0	18061.0	11019.0	22689.0	16846.0	15431.0	19011.0	23513.0	26224.0	23398.0	28334.0	34818.0	31205.0	36491.0	30897.0
-30.85	0.0	0.0	0.0	0.0	5.0	2922.0	18808.0	11490.0	22500.0	16655.0	15201.0	18674.0	23107.0	26999.0	23383.0	27852.0	34613.0	31511.0	37332.0	31775.0
-30.75	0.0	0.0	0.0	0.0	1.0	16809.0	19037.0	11815.0	22404.0	17068.0	15308.0	19077.0	23396.0	25985.0	23286.0	27990.0	34265.0	31671.0	37529.0	31663.0
-30.65	0.0	0.0	0.0	0.0	0.0	19869.0	19206.0	11741.0	22543.0	16895.0	15202.0	18534.0	22960.0	26563.0	23003.0	28035.0	34489.0	31850.0	37291.0	31240.0
-30.55	0.0	0.0	0.0	0.0	14.0	22723.0	18854.0	12452.0	22018.0	17439.0	15539.0	19085.0	23705.0	26099.0	23368.0	28071.0	34839.0	31900.0	37725.0	31066.0
-30.45	0.0	0.0	0.0	0.0	10.0	37006.0	19049.0	12342.0	22513.0	17387.0	16055.0	18992.0	23219.0	26978.0	23077.0	27934.0	33939.0	32357.0	37837.0	30934.0
-30.35	0.0	0.0	0.0	0.0	5.0	86220.0	18730.0	12239.0	23111.0	17209.0	15825.0	19479.0	23615.0	25910.0	23343.0	28154.0	33796.0	32740.0	38011.0	30780.0
-30.25	0.0	0.0	0.0	0.0	13.0	38130.0	19981.0	12210.0	23062.0	17941.0	15705.0	19521.0	24110.0	25924.0	23377.0	28704.0	33653.0	31527.0	37278.0	30482.0
-30.15	0.0	0.0	0.0	0.0	14.0	40977.0	19428.0	12861.0	23519.0	17788.0	15525.0	19814.0	23795.0	26007.0	24099.0	28527.0	33662.0	32128.0	37268.0	30995.0
-30.05	0.0	0.0	0.0	0.0	25.0	26908.0	19231.0	12625.0	23175.0	17738.0	15828.0	20055.0	23840.0	27193.0	23919.0	28150.0	33583.0	32525.0	37045.0	31771.0
-29.95	0.0	0.0	0.0	0.0	31.0	25574.0	19622.0	12228.0	23382.0	18299.0	15377.0	20298.0	23743.0	26709.0	23080.0	28191.0	32926.0	31864.0	37796.0	31101.0
-29.85	0.0	0.0	0.0	0.0	37.0	24504.0	19491.0	12934.0	24523.0	18571.0	15512.0	20631.0	22434.0	26316.0	23799.0	28831.0	33375.0	31754.0	36465.0	31068.0
-29.75	0.0	0.0	0.0	0.0	29.0	36782.0	19238.0	13149.0	23076.0	18881.0	15782.0	20493.0	23243.0	26823.0	23586.0	28880.0	32909.0	32822.0	36584.0	30571.0
-29.65	0.0	0.0	0.0	0.0	41.0	28910.0	20090.0	14069.0	24179.0	18371.0	16129.0	20875.0	23867.0	26184.0	23730.0	29231.0	32330.0	32788.0	36496.0	31119.0
-29.55	0.0	0.0	0.0	0.0	45.0	31654.0	19112.0	13767.0	23546.0	18935.0	16011.0	20892.0	24066.0	26128.0	23392.0	28953.0	32466.0	33017.0	37510.0	30809.0
-29.45	0.0	0.0	0.0	0.0	76.0	21713.0	19506.0	13833.0	23683.0	18764.0	16005.0	21860.0	24133.0	25936.0	23894.0	29461.0	32106.0	32855.0	36652.0	30643.0
-29.35	0.0	0.0	0.0	0.0	71.0	26154.0	20573.0	14387.0	24191.0	18749.0	15898.0	21244.0	24164.0	26381.0	24615.0	29267.0	30937.0	33376.0	36947.0	30620.0
-29.25	0.0	0.0	0.0	0.0	67.0	33058.0	20524.0	14674.0	23317.0	18710.0	15521.0	21374.0	24683.0	25760.0	23762.0	28865.0	31152.0	33395.0	36318.0	31180.0
-29.15	0.0	0.0	0.0	0.0	76.0	34878.0	20072.0	13831.0	23077.0	18873.0	16022.0	21679.0	24230.0	25712.0	23619.0	29277.0	30952.0	33344.0	36007.0	30533.0
-29.05	0.0	0.0	0.0	0.0	126.0	24166.0	19839.0	14957.0	23528.0	18558.0	15756.0	21542.0	24190.0	25588.0	23527.0	29041.0	31993.0	33242.0	35255.0	30008.0
-28.95	0.0	0.0	0.0	0.0	134.0	26217.0	20817.0	14536.0	23358.0	19021.0	15909.0	21480.0	23969.0	25268.0	22524.0	29496.0	31567.0	33495.0	36129.0	30063.0
-28.85	0.0	0.0	0.0	0.0	184.0	22763.0	20364.0	14491.0	22430.0	18455.0	15767.0	21848.0	24016.0	26203.0	23074.0	29161.0	31197.0	34375.0	36374.0	29605.0
-28.75	0.0	0.0	0.0	0.0	274.0	17551.0	20137.0	15066.0	22660.0	19222.0	16062.0	22163.0	23754.0	25407.0	22874.0	29303.0	30457.0	33360.0	35964.0	29949.0
-28.65	0.0	0.0	0.0	0.0	270.0	20551.0	20516.0	15365.0	23084.0	18527.0	16079.0	21967.0	23917.0	26097.0	23188.0	28641.0	30421.0	33749.0	35822.0	29858.0
-28.55	0.0	0.0	0.0	0.0	360.0	17970.0	20316.0	15037.0	22857.0	19810.0	16272.0	22573.0	23533.0	25593.0	23165.0	29323.0	30895.0	33234.0	35405.0	29437.0
-28.45	0.0	0.0	0.0	0.0	399.0	18583.0	20806.0	15824.0	23679.0	19161.0	15537.0	22651.0	23841.0	25640.0	22256.0	29036.0	30322.0	32746.0	35159.0	30456.0
-28.35	0.0	0.0	0.0	0.0	464.0	19192.0	20275.0	15401.0	22892.0	19150.0	15756.0	22094.0	23394.0	25763.0	23144.0	29638.0	29658.0	33604.0	34503.0	30930.0
-28.25	0.0	0.0	0.0	0.0	560.0	18716.0	20746.0	14720.0	22606.0	19089.0	15364.0	22872.0	24169.0	25072.0	22668.0	29423.0	30108.0	33130.0	34572.0	30476.0
-28.15	0.0	0.0	0.0	0.0	675.0	18042.0	20746.0	15422.0	22864.0	19192.0	15303.0	22302.0	23403.0	25533.0	22793.0	29603.0	30215.0	32180.0	34657.0	30029.0
-28.05	0.0	0.0	0.0	0.0	721.0	19864.0	20418.0	15617.0	22882.0	18556.0	15513.0	22426.0	23921.0	25038.0	22365.0	30119.0	30007.0	32209.0	34371.0	30840.0
-27.95	0.0	0.0	0.0	0.0	780.0	21581.0	20176.0	15201.0	22772.0	19211.0	15458.0	22941.0	23527.0	25624.0	22842.0	29434.0	29583.0	32789.0	34365.0	29501.0
-27.85	0.0	0.0	0.0	0.0	1009.0	18653.0	21091.0	15641.0	22911.0	19230.0	15658.0	22928.0	22988.0	25211.0	22739.0	30473.0	29368.0	33083.0	34336.0	30261.0
-27.75	0.0	0.0	0.0	0.0	1312.0	17038.0	20806.0	15532.0	22794.0	19090.0	15135.0	21861.0	23221.0	24899.0	23317.0	29997.0	28882.0	33341.0	34055.0	30991.0
-27.65	0.0	0.0	0.0	0.0	1414.0	18458.0	21283.0	15414.0	22675.0	19086.0	14582.0	22501.0	23292.0	24668.0	23350.0	30373.0	28548.0	32905.0	33736.0	31103.0
-27.55	0.0	0.0	0.0	0.0	1665.0	17766.0	21617.0	15577.0	22316.0	19686.0	15360.0	22664.0	23467.0	24880.0	23307.0	31087.0	28911.0	32311.0	33345.0	31161.0
-27.45	0.0	0.0	0.0	0.0	1932.0	17752.0	21128.0	15533.0	22690.0	20635.0	15093.0	23163.0	23686.0	25220.0	22903.0	31119.0	28032.0	32540.0	33414.0	31454.0
-27.35	0.0	0.0	0.0	0.0	2163.0	19033.0	21323.0	15431.0	22742.0	19583.0	14346.0	23279.0	24077.0	24508.0	22419.0	29929.0	28835.0	32683.0	32989.0	31291.0
-27.25	0.0	0.0	0.0	0.0	2525.0	18586.0	21285.0	16019.0	22104.0	19796.0	14941.0	23001.0	23956.0	24998.0	23116.0	31301.0	28638.0	32773.0	33029.0	31910.0
-27.15	0.0	0.0	0.0	0.0	2974.0	18585.0	21228.0	15405.0	22427.0	19751.0	14752.0	22748.0	24310.0	24599.0	22129.0	30954.0	29365.0	32961.0	33225.0	31591.0
-27.05	0.0	0.0	0.0	0.0	3751.0	17339.0	20625.0	15273.0	22184.0	19705.0	14480.0	22470.0	23767.0	24808.0	22737.0	30818.0	28679.0	33506.0	32341.0	31930.0
-26.95	0.0	0.0	0.0	0.0	4045.0	18967.0	20961.0	15594.0	22224.0	19423.0	14922.0	23426.0	22884.0	24294.0	22738.0	31146.0	28897.0	32519.0	31867.0	32172.0
-26.85	0.0	0.0	0.0	0.0	4706.0	19429.0	19840.0	15584.0	21952.0	20107.0	14614.0	22670.0	23692.0	23949.0	22160.0	31536.0	28573.0	33410.0	32170.0	31664.0
-26.75	0.0	0.0	0.0	0.0	6018.0	17108.0	20015.0	15677.0	22410.0	19998.0	14966.0	22625.0	24175.0	24462.0	21589.0	31449.0	28395.0	33087.0	31098.0	31852.0
-26.65	0.0	0.0	0.0	1.0	6931.0	17468.0	20410.0	15639.0	21523.0	20415.0	14450.0	23154.0	23177.0	24206.0	21721.0	31635.0	28668.0	32915.0	31992.0	30673.0
-26.55	0.0	0.0	0.0	5.0	1626.0	17506.0	19915.0	16104.0	21805.0	19608.0	14736.0	23115.0	23501.0	24221.0	21720.0	31265.0	28092.0	32990.0	31607.0	29882.0
-26.45	0.0	0.0	0.0	0.0	1798.0	17475.0	21230.0	16436.0	21457.0	20793.0	14705.0	23375.0	23305.0	24816.0	21963.0	30892.0	27817.0	33390.0	31575.0	30754.0
-26.35	0.0	0.0	0.0	7.0	2237.0	16693.0	20507.0	15813.0	21829.0	20471.0	14379.0	23993.0	24118.0	24814.0	21557.0	31342.0	27605.0	33594.0	31227.0	30194.0
-26.25	0.0	0.0	0.0	0.0	2540.0	16979.0	20729.0	16039.0	22098.0	20272.0	14279.0	23651.0	23593.0	24839.0	21690.0	31634.0	28246.0	33390.0	30925.0	30281.0
-26.15	0.0	0.0	0.0	0.0	3141.0	16785.0	19969.0	15876.0	21097.0	19645.0	13989.0	23157.0	23536.0	24178.0	21650.0	32380.0	27927.0	33736.0	31392.0	30973.0
-26.05	0.0	0.0	0.0	0.0	3853.0	15459.0	20318.0	15681.0	21315.0	20688.0	13758.0	23463.0	23547.0	24564.0	21555.0	32217.0	27753.0	33224.0	30041.0	30985.0
-25.95	0.0	0.0	0.0	2.0	4474.0	15633.0	20363.0	15384.0	21284.0	20265.0	14241.0	23635.0	23895.0	23929.0	21510.0	32347.0	27694.0	34160.0	29572.0	31126.0
-25.85	0.0	0.0	0.0	8.0	1183.0	17661.0	19547.0	16109.0	21301.0	19695.0	13418.0	23693.0	23170.0	24398.0	21612.0	32483.0	27455.0	34010.0	30361.0	30762.0
-25.75	0.0	0.0	0.0	0.0	1614.0	14739.0	20257.0	15371.0	21367.0	19851.0	13217.0	23555.0	23685.0	24657.0	22477.0	31998.0	28151.0	34556.0	29947.0	31101.0
-25.65	0.0	0.0	0.0	5.0	1818.0	15510.0	20286.0	15359.0	21143.0	19200.0	13544.0	22904.0	23933.0	24708.0	21513.0	32889.0	27306.0	34578.0	29769.0	30852.0
-25.55	0.0	0.0	0.0	10.0	984.0	16444.0	20126.0	15867.0	21291.0	19545.0	13680.0	23486.0	23790.0	24255.0	22139.0	32614.0	26989.0	35215.0	29947.0	30357.0
-25.45	0.0	0.0	0.0	10.0	1265.0	15309.0	19361.0	16233.0	20759.0	19312.0	13524.0	22805.0	23638.0	23750.0	22032.0	32410.0	27663.0	34398.0	29223.0	31160.0
-25.35	0.0	0.0	0.0	10.0	1621.0	13691.0	19278.0	16033.0	21192.0	19132.0	13264.0	23557.0	23272.0	24328.0	22954.0	32834.0	26339.0	34748.0	30039.0	30225.0
-25.25	0.0	0.0	0.0	10.0	1763.0	14699.0	19777.0	15881.0	20931.0	18974.0	13536.0	23894.0	23014.0	24472.0	22403.0	32578.0	27795.0	35104.0	28968.0	31266.0
-25.15	0.0	0.0	0.0	6.0	3256.0	15154.0	19344.0	16594.0	21708.0	19408.0	13809.0	23408.0	22732.0	25044.0	22758.0	32313.0	26519.0	35194.0	28520.0	31219.0
-25.05	0.0	0.0	0.0	7.0	3445.0	13783.0	20315.0	15838.0	21848.0	19319.0	13716.0	24354.0	23133.0	24298.0	22592.0	32860.0	27108.0	35133.0	28880.0	31842.0
-24.95	0.0	0.0	0.0	21.0	1270.0	14809.0	19378.0	16562.0	21161.0	19664.0	13609.0	24477.0	23145.0	23717.0	23435.0	33368.0	27241.0	35197.0	28375.0	31212.0
-24.85	0.0	0.0	0.0	2.0	16241.0	14494.0	19218.0	16145.0	21307.0	19384.0	12853.0	24598.0	22927.0	23432.0	22552.0	32849.0	27091.0	35190.0	28864.0	31384.0
-24.75	0.0	0.0	0.0	6.0	6220.0	14439.0	18895.0	17049.0	21944.0	18929.0	12859.0	24233.0	22875.0	23725.0	22715.0	32972.0	27141.0	34829.0	28499.0	31610.0
-24.65	0.0	0.0	0.0	7.0	6047.0	15089.0	19015.0	16554.0	22049.0	18902.0	13073.0	23865.0	23445.0	23549.0	22683.0	32575.0	28024.0	34726.0	28393.0	31697.0
-24.55	0.0	0.0	0.0	7.0	7474.0	14020.0	19073.0	16807.0	21391.0	18620.0	13094.0	24397.0	23206.0	23475.0	22737.0	32508.0	27837.0	34074.0	28344.0	31200.0
-24.45	0.0	0.0	0.0	13.0	4709.0	14014.0	17913.0	17211.0	21841.0	18724.0	13745.0	23921.0	23141.0	23089.0	23599.0	31799.0	27737.0	34598.0	27651.0	32123.0
-24.35	0.0	0.0	0.0	1.0	67788.0	14593.0	18488.0	17527.0	22204.0	18306.0	13022.0	25173.0	23553.0	22760.0	23305.0	32777.0	27439.0	34013.0	26724.0	31704.0
-24.25	0.0	0.0	0.0	5.0	15816.0	15133.0	18695.0	16772.0	22188.0	17806.0	13320.0	23956.0	23745.0	23126.0	23137.0	33130.0	27895.0	34659.0	27425.0	32230.0
-24.15	0.0	0.0	0.0	12.0	7836.0	14728.0	18678.0	16579.0	22049.0	17867.0	13529.0	24375.0	23271.0	22411.0	23492.0	32650.0	27480.0	34177.0	27562.0	31629.0
-24.05	0.0	0.0	0.0	1.0	105563.0	14822.0	19006.0	17608.0	22445.0	18542.0	13457.0	24817.0	23942.0	22559.0	23406.0	31794.0	27564.0	33853.0	26949.0	31987.0
-23.95	0.0	0.0	0.0	9.0	13301.0	15876.0	18710.0	17878.0	22833.0	17574.0	13463.0	24454.0	23910.0	22015.0	23237.0	32326.0	27848.0	33048.0	26777.0	32212.0
-23.85	0.0	0.0	0.0	7.0	20406.0	15450.0	18206.0	17650.0	22361.0	17318.0	13198.0	25003.0	23515.0	22602.0	22991.0	32442.0	28185.0	32987.0	26044.0	32846.0
-23.75	0.0	0.0	0.0	22.0	7763.0	14934.0	18049.0	16983.0	22953.0	17861.0	13001.0	24513.0	23263.0	22296.0	23543.0	32007.0	27690.0	33622.0	26960.0	31597.0
-23.65	0.0	0.0	0.0	25.0	7499.0	15622.0	18596.0	17924.0	22580.0	16985.0	13551.0	24840.0	23895.0	22004.0	23699.0	32056.0	27601.0	33641.0	26163.0	32350.0
-23.55	0.0	0.0	0.0	11.0	20036.0	15933.0	18048.0	18184.0	22263.0	16952.0	13352.0	23865.0	24527.0	21429.0	24069.0	32484.0	27101.0	33802.0	26383.0	31762.0
-23.45	0.0	0.0	0.0	28.0	9316.0	15184.0	17510.0	18531.0	22785.0	17320.0	13395.0	23844.0	24383.0	21564.0	23118.0	32399.0	27663.0	33588.0	25680.0	32033.0
-23.35	0.0	0.0	0.0	28.0	11209.0	15245.0	16589.0	18113.0	21671.0	17072.0	13404.0	23915.0	24466.0	21927.0	23000.0	32935.0	28450.0	34476.0	25589.0	31331.0
-23.25	0.0	0.0	0.0	37.0	9895.0	14934.0	16420.0	18438.0	22285.0	17424.0	13083.0	24380.0	24713.0	21319.0	22897.0	32550.0	27666.0	34029.0	25824.0	32196.0
-23.15	0.0	0.0	0.0	36.0	11716.0	14906.0	16558.0	18973.0	22347.0	17112.0	13814.0	23171.0	24709.0	21020.0	23000.0	33538.0	28211.0	33897.0	25752.0	31859.0
-23.05	0.0	0.0	0.0	46.0	10472.0	15312.0	16133.0	19535.0	22789.0	16919.0	13548.0	24017.0	24927.0	20533.0	22549.0	32641.0	27753.0	34139.0	26063.0	32567.0
-22.95	0.0	0.0	0.0	30.0	19484.0	14461.0	15556.0	19139.0	22659.0	16694.0	13394.0	23847.0	24709.0	20990.0	22508.0	32926.0	27875.0	34985.0	25859.0	32673.0
-22.85	0.0	0.0	0.0	49.0	13745.0	14483.0	15560.0	19168.0	22946.0	16526.0	13516.0	23496.0	24865.0	20749.0	22903.0	32297.0	29233.0	34776.0	25869.0	33243.0
-22.75	0.0	0.0	0.0	57.0	12995.0	15391.0	15754.0	19742.0	23001.0	17519.0	13759.0	23598.0	25286.0	20719.0	22765.0	31830.0	27525.0	35000.0	25705.0	31940.0
-22.65	0.0	0.0	0.0	95.0	9033.0	15749.0	15322.0	19459.0	22765.0	17496.0	13237.0	23112.0	25205.0	21192.0	22968.0	32338.0	28235.0	35355.0	25659.0	32072.0
-22.55	0.0	0.0	0.0	127.0	7646.0	16307.0	15080.0	19638.0	22368.0	17380.0	13252.0	22815.0	25669.0	21007.0	23104.0	31900.0	28046.0	36067.0	26759.0	33078.0
-22.45	0.0	0.0	0.0	134.0	8875.0	15625.0	14624.0	19460.0	22423.0	17477.0	13230.0	23114.0	24457.0	20672.0	22023.0	32942.0	27762.0	34828.0	25396.0	33695.0
-22.35	0.0	0.0	0.0	154.0	8615.0	16516.0	14802.0	19493.0	21947.0	17122.0	13080.0	23081.0	25508.0	20705.0	23222.0	32617.0	27898.0	34892.0	25737.0	33578.0
-22.25	0.0	0.0	0.0	135.0	11284.0	16416.0	14607.0	20384.0	23070.0	17809.0	13546.0	22574.0	25482.0	20077.0	22777.0	32363.0	27666.0	34907.0	25607.0	33043.0
-22.15	0.0	0.0	0.0	156.0	11828.0	15960.0	14149.0	19931.0	21831.0	17180.0	13532.0	22644.0	25764.0	20254.0	23683.0	32017.0	28289.0	35430.0	24941.0	33591.0
-22.05	0.0	0.0	0.0	151.0	13989.0	16014.0	14278.0	19924.0	22660.0	17325.0	13206.0	22801.0	26082.0	20159.0	23108.0	31984.0	27434.0	35817.0	25535.0	33490.0
-21.95	0.0	0.0	0.0	267.0	8976.0	16685.0	14091.0	19715.0	21736.0	17762.0	13213.0	21906.0	26283.0	20197.0	23376.0	32156.0	28245.0	36892.0	25521.0	33432.0
-21.85	0.0	0.0	0.0	247.0	11153.0	16741.0	13563.0	20636.0	22324.0	17287.0	13418.0	21991.0	26302.0	20368.0	23392.0	31651.0	27774.0	36595.0	25429.0	33593.0
-21.75	0.0	0.0	0.0	308.0	10432.0	17429.0	13205.0	19588.0	22113.0	17075.0	13226.0	22460.0	26341.0	20212.0	23826.0	31041.0	27951.0	37066.0	25385.0	34103.0
-21.65	0.0	0.0	0.0	364.0	10470.0	16690.0	12575.0	20097.0	22522.0	17663.0	13001.0	22364.0	27250.0	20077.0	23801.0	32008.0	27620.0	37076.0	25128.0	33705.0
-21.55	0.0	0.0	0.0	393.0	11515.0	16593.0	12958.0	19159.0	21712.0	17300.0	13285.0	21934.0	26808.0	20587.0	23638.0	31017.0	27236.0	37023.0	25562.0	33880.0
-21.45	0.0	0.0	0.0	447.0	11934.0	16339.0	12923.0	18664.0	21529.0	17032.0	13311.0	22350.0	26639.0	20382.0	24256.0	31225.0	27156.0	38043.0	24796.0	34040.0
-21.35	0.0	0.0	0.0	510.0	11556.0	17300.0	12928.0	18988.0	22486.0	17731.0	13380.0	22564.0	26302.0	19694.0	24487.0	31077.0	27204.0	37364.0	24331.0	33998.0
-21.25	0.0	0.0	0.0	492.0	14435.0	16871.0	12035.0	19280.0	21746.0	17941.0	13400.0	22247.0	26575.0	19928.0	24509.0	31836.0	26850.0	37962.0	24876.0	34030.0
-21.15	0.0	0.0	0.0	587.0	13595.0	17594.0	12426.0	18999.0	21917.0	18264.0	13171.0	21976.0	27063.0	19738.0	24355.0	32272.0	27226.0	38982.0	23754.0	34035.0
-21.05	0.0	0.0	0.0	752.0	12649.0	16570.0	12205.0	19125.0	21751.0	18126.0	13478.0	22218.0	26505.0	19791.0	24257.0	32206.0	26312.0	38872.0	24643.0	33987.0
-20.95	0.0	0.0	0.0	856.0	13039.0	16514.0	11891.0	19661.0	21348.0	17609.0	13504.0	22293.0	26308.0	19493.0	24760.0	31930.0	26937.0	39062.0	24301.0	33849.0
-20.85	0.0	0.0	0.0	1011.0	12677.0	16665.0	12581.0	19472.0	21774.0	17007.0	13371.0	21626.0	26536.0	19266.0	24123.0	31799.0	26735.0	38583.0	23808.0	35230.0
-20.75	0.0	0.0	0.0	1124.0	13474.0	16821.0	12056.0	18983.0	21440.0	17003.0	13712.0	21555.0	26360.0	19171.0	24963.0	32554.0	25865.0	39201.0	24109.0	34274.0
-20.65	0.0	0.0	0.0	1378.0	12718.0	15518.0	12640.0	20093.0	20857.0	17463.0	13215.0	21903.0	26324.0	19651.0	24372.0	32350.0	26872.0	40035.0	23709.0	34912.0
-20.55	0.0	0.0	0.0	1540.0	12774.0	16520.0	12319.0	19403.0	20799.0	18020.0	14200.0	21821.0	26262.0	19673.0	24918.0	32527.0	26577.0	40560.0	24808.0	34426.0
-20.45	0.0	0.0	0.0	1788.0	13008.0	16410.0	12288.0	19979.0	21281.0	17886.0	13671.0	21537.0	25292.0	19729.0	24145.0	32518.0	25725.0	39582.0	23652.0	35029.0
-20.35	0.0	0.0	0.0	1874.0	14609.0	16865.0	12171.0	19365.0	20736.0	17861.0	13609.0	21712.0	24915.0	19374.0	24202.0	32056.0	26372.0	39616.0	23612.0	35098.0
-20.25	0.0	0.0	0.0	2171.0	14098.0	16419.0	12643.0	19918.0	20768.0	17762.0	13702.0	21963.0	25931.0	19594.0	25036.0	32985.0	26134.0	39191.0	23897.0	35646.0
-20.15	0.0	0.0	0.0	2517.0	14399.0	16282.0	12508.0	19354.0	21638.0	18232.0	14065.0	22687.0	24813.0	19024.0	24879.0	32286.0	25955.0	39737.0	23034.0	35188.0
-20.05	0.0	0.0	0.0	2933.0	14635.0	17122.0	11995.0	18669.0	20800.0	17623.0	13488.0	22206.0	25008.0	19555.0	24546.0	32209.0	25900.0	38821.0	23067.0	33916.0
-19.95	0.0	0.0	0.0	3408.0	13993.0	17322.0	12387.0	20367.0	20408.0	17526.0	12843.0	21794.0	25295.0	19695.0	24355.0	32770.0	26264.0	38514.0	22927.0	34889.0
-19.85	0.0	0.0	0.0	3964.0	14453.0	17038.0	12084.0	19572.0	20476.0	17349.0	12883.0	21834.0	24084.0	19195.0	25559.0	32132.0	25031.0	40047.0	23024.0	34148.0
-19.75	0.0	0.0	0.0	4398.0	15308.0	16796.0	12186.0	20381.0	20317.0	17174.0	13349.0	21165.0	24781.0	19540.0	25020.0	32249.0	25375.0	38791.0	22201.0	34651.0
-19.65	0.0	0.0	0.0	5131.0	15186.0	17283.0	11740.0	19662.0	20135.0	17316.0	13421.0	21213.0	24229.0	19567.0	25122.0	32703.0	26168.0	38929.0	22820.0	34656.0
-19.55	0.0	0.0	0.0	5787.0	16110.0	16455.0	11786.0	19956.0	19890.0	17251.0	13472.0	21339.0	24444.0	19007.0	25372.0	32895.0	25691.0	39576.0	21897.0	34425.0
-19.45	0.0	0.0	0.0	6926.0	15451.0	16683.0	11933.0	20416.0	19438.0	17048.0	13126.0	22065.0	23492.0	19277.0	24899.0	32986.0	25254.0	39753.0	22154.0	34777.0
-19.35	0.0	0.0	0.0	8083.0	15747.0	16199.0	12340.0	20077.0	18935.0	16798.0	13219.0	21176.0	23975.0	18980.0	24766.0	33802.0	25748.0	38534.0	21391.0	34525.0
-19.25	0.0	0.0	0.0	9350.0	14965.0	17192.0	12855.0	19623.0	19589.0	16659.0	13271.0	21550.0	23645.0	18305.0	25218.0	32918.0	25358.0	39217.0	21049.0	35074.0
-19.15	0.0	0.0	0.0	10520.0	15414.0	17414.0	12541.0	20074.0	19358.0	15973.0	13280.0	22027.0	23722.0	19066.0	25572.0	32932.0	24918.0	39179.0	21695.0	35410.0
-19.05	0.0	0.0	0.0	12339.0	15765.0	16778.0	12599.0	19764.0	19705.0	15880.0	13217.0	21790.0	23688.0	18876.0	24375.0	32693.0	25528.0	38539.0	21558.0	34559.0
-18.95	0.0	0.0	0.0	14077.0	16474.0	16481.0	12533.0	19664.0	19623.0	15726.0	13615.0	22127.0	23654.0	18534.0	24583.0	32219.0	25367.0	39140.0	21983.0	34780.0
-18.85	0.0	0.0	0.0	16357.0	16031.0	16009.0	12565.0	20505.0	19891.0	15502.0	13660.0	21875.0	23750.0	18769.0	24956.0	32492.0	25504.0	39788.0	21884.0	34963.0
-18.75	0.0	0.0	0.0	19148.0	16273.0	16247.0	12659.0	20500.0	19610.0	14803.0	14241.0	20671.0	23223.0	18241.0	25104.0	32864.0	25351.0	38961.0	20644.0	34446.0
-18.65	0.0	0.0	0.0	21658.0	16508.0	16676.0	13045.0	20383.0	19910.0	14874.0	13507.0	20323.0	23368.0	18509.0	25199.0	33061.0	25049.0	38400.0	20860.0	35249.0
-18.55	0.0	0.0	0.0	25239.0	16259.0	16255.0	13125.0	20527.0	19622.0	14798.0	13991.0	21802.0	22973.0	18337.0	24777.0	32468.0	25257.0	38696.0	20612.0	34603.0
-18.45	0.0	0.0	0.0	28678.0	16315.0	16054.0	13265.0	20810.0	19641.0	14761.0	14189.0	21188.0	23162.0	18770.0	26008.0	33374.0	25855.0	38616.0	21654.0	34861.0
-18.35	0.0	0.0	0.0	33581.0	17144.0	15937.0	12626.0	20268.0	20084.0	14261.0	13923.0	21294.0	23001.0	18568.0	26123.0	32079.0	25613.0	38720.0	21318.0	34736.0
-18.25	0.0	0.0	0.0	39412.0	16245.0	16141.0	12612.0	20334.0	19466.0	14805.0	14036.0	20936.0	22723.0	19268.0	25330.0	32926.0	25227.0	39061.0	20748.0	33722.0
-18.15	0.0	0.0	2.0	45601.0	16185.0	16022.0	12766.0	19940.0	19836.0	14373.0	14511.0	21082.0	22982.0	19060.0	26433.0	32842.0	24582.0	40333.0	21067.0	33586.0
-18.05	0.0	0.0	1.0	103903.0	17003.0	16309.0	13081.0	20150.0	19244.0	14568.0	14087.0	21020.0	23239.0	18716.0	26364.0	33376.0	24940.0	40001.0	20697.0	33638.0
-17.95	0.0	0.0	1.0	120944.0	16994.0	16382.0	13027.0	19834.0	19464.0	14053.0	13866.0	21318.0	22496.0	19064.0	26531.0	33131.0	24542.0	40509.0	20996.0	33141.0
-17.85	0.0	0.0	4.0	34696.0	16822.0	16199.0	12914.0	20215.0	19621.0	14336.0	14319.0	21214.0	22929.0	18503.0	26387.0	33633.0	24711.0	40255.0	21178.0	33768.0
-17.75	0.0	0.0	3.0	54445.0	16065.0	16302.0	13103.0	20213.0	19385.0	13987.0	14209.0	21218.0	23081.0	18090.0	26389.0	32553.0	25010.0	40259.0	20531.0	34043.0
-17.65	0.0	0.0	0.0	62570.0	16277.0	16237.0	12655.0	20144.0	19949.0	14542.0	15014.0	21114.0	22645.0	18311.0	26637.0	33395.0	24943.0	39408.0	20252.0	34572.0
-17.55	0.0	0.0	8.0	70908.0	16915.0	15774.0	13672.0	21312.0	19654.0	14831.0	14631.0	21787.0	23126.0	18635.0	26392.0	33147.0	24683.0	40196.0	20913.0	34467.0
-17.45	0.0	0.0	2.0	328227.0	16610.0	16018.0	13616.0	20979.0	19982.0	14371.0	14390.0	21300.0	22679.0	18476.0	26704.0	33325.0	24295.0	39775.0	20717.0	35158.0
-17.35	0.0	0.0	7.0	109424.0	16366.0	16232.0	13752.0	20709.0	19250.0	14263.0	14682.0	21696.0	23035.0	18276.0	26465.0	33970.0	23661.0	40052.0	21000.0	34100.0
-17.25	0.0	0.0	0.0	126735.0	16402.0	16062.0	13556.0	20558.0	19952.0	13887.0	14855.0	21958.0	22881.0	18188.0	26466.0	32873.0	23944.0	39950.0	20390.0	35499.0
-17.15	0.0	0.0	1.0	147434.0	15880.0	16366.0	13683.0	20908.0	19710.0	13850.0	15456.0	21347.0	22931.0	18166.0	26672.0	32576.0	23971.0	39118.0	20731.0	35106.0
-17.05	0.0	0.0	7.0	23762.0	16890.0	16168.0	13539.0	21320.0	19621.0	14206.0	15433.0	22058.0	23203.0	18282.0	26968.0	33298.0	23765.0	39341.0	20351.0	35166.0
-16.95	0.0	0.0	9.0	21648.0	16181.0	15502.0	14268.0	20834.0	20568.0	14151.0	15040.0	23124.0	22848.0	18465.0	27372.0	33506.0	23512.0	38746.0	20310.0	35053.0
-16.85	0.0	0.0	1.0	225811.0	16538.0	15216.0	13639.0	21361.0	20719.0	13978.0	15412.0	23108.0	22851.0	18706.0	27783.0	33712.0	23546.0	38970.0	20385.0	35032.0
-16.75	0.0	0.0	14.0	18679.0	16487.0	15921.0	14089.0	20677.0	20117.0	13690.0	15881.0	23148.0	22533.0	18152.0	27882.0	34040.0	23188.0	37811.0	20294.0	35406.0
-16.65	0.0	0.0	0.0	21214.0	16308.0	15556.0	14135.0	21866.0	20521.0	14559.0	16010.0	22936.0	22013.0	18732.0	27524.0	34647.0	22955.0	38042.0	20657.0	35479.0
-16.55	0.0	0.0	9.0	25397.0	15731.0	15002.0	14307.0	21326.0	20447.0	13969.0	15993.0	23613.0	22379.0	17976.0	27815.0	35137.0	23052.0	37654.0	20260.0	35023.0
-16.45	0.0	0.0	15.0	16793.0	16859.0	15130.0	14022.0	21754.0	20320.0	14227.0	16343.0	24660.0	22506.0	18047.0	28209.0	34437.0	22214.0	38426.0	20998.0	36481.0
-16.35	0.0	0.0	6.0	51042.0	16309.0	14479.0	14485.0	20876.0	20586.0	13535.0	15799.0	23823.0	22918.0	18124.0	26777.0	34447.0	22037.0	38002.0	20453.0	35350.0
-16.25	0.0	0.0	18.0	19698.0	16165.0	14759.0	13628.0	21432.0	20262.0	13555.0	15708.0	24193.0	22103.0	18684.0	27846.0	34638.0	22412.0	38314.0	20842.0	35322.0
-16.15	0.0	0.0	33.0	12455.0	15799.0	14955.0	14217.0	21929.0	20479.0	13668.0	15879.0	23552.0	22181.0	18081.0	28006.0	34850.0	21849.0	37477.0	20554.0	36318.0
-16.05	0.0	0.0	28.0	17595.0	15508.0	14249.0	13970.0	21959.0	20222.0	13393.0	15233.0	23903.0	21909.0	18167.0	28219.0	33860.0	22403.0	38702.0	20722.0	36615.0
-15.95	0.0	0.0	25.0	22774.0	15488.0	14257.0	13902.0	21442.0	19639.0	13887.0	15869.0	23959.0	22295.0	18156.0	27889.0	34729.0	21641.0	39231.0	20721.0	36038.0
-15.85	0.0	0.0	19.0	34083.0	15623.0	14522.0	14024.0	21717.0	19934.0	13762.0	15947.0	24437.0	22066.0	18528.0	27596.0	35514.0	21837.0	39316.0	20746.0	36768.0
-15.75	0.0	0.0	25.0	29855.0	15808.0	14843.0	13818.0	21377.0	20129.0	13715.0	15741.0	24642.0	22092.0	18138.0	28232.0	35001.0	21050.0	39160.0	21346.0	36253.0
-15.65	0.0	0.0	36.0	23617.0	16105.0	15174.0	14057.0	21546.0	19934.0	13891.0	15815.0	24468.0	21601.0	19047.0	28339.0	33992.0	21425.0	38808.0	21080.0	37302.0
-15.55	0.0	0.0	51.0	19687.0	16038.0	14575.0	14088.0	21532.0	20039.0	14071.0	15780.0	23919.0	21572.0	18203.0	28910.0	35091.0	21578.0	38790.0	20902.0	37352.0
-15.45	0.0	0.0	95.0	12186.0	16267.0	14446.0	13893.0	21945.0	19537.0	13686.0	16270.0	24026.0	21709.0	18909.0	28610.0	35459.0	20560.0	38618.0	20725.0	36440.0
-15.35	0.0	0.0	51.0	26212.0	15968.0	14762.0	14009.0	21711.0	18751.0	13863.0	16996.0	24648.0	21819.0	18712.0	28270.0	34362.0	21088.0	38496.0	20530.0	36807.0
-15.25	0.0	0.0	81.0	19136.0	16045.0	14327.0	14238.0	21521.0	19560.0	14036.0	15864.0	24721.0	22146.0	19385.0	28883.0	34358.0	21428.0	39197.0	21177.0	36632.0
-15.15	0.0	0.0	103.0	16907.0	16414.0	14675.0	14652.0	22261.0	19339.0	13805.0	15670.0	24873.0	21533.0	19115.0	29173.0	35336.0	21788.0	38763.0	20459.0	37371.0
-15.05	0.0	0.0	156.0	12916.0	16808.0	14774.0	14308.0	22224.0	18757.0	14016.0	15885.0	24229.0	22038.0	20156.0	28745.0	34027.0	21867.0	38293.0	20375.0	37243.0
-14.95	0.0	0.0	190.0	12131.0	17460.0	14595.0	14294.0	22331.0	18999.0	13145.0	16190.0	24836.0	21668.0	19699.0	29687.0	34625.0	21232.0	37787.0	20854.0	37450.0
-14.85	0.0	0.0	299.0	9178.0	16651.0	14275.0	14317.0	22225.0	18462.0	13257.0	15945.0	25364.0	21665.0	19405.0	30872.0	33688.0	21149.0	38062.0	20083.0	38104.0
-14.75	0.0	0.0	282.0	11365.0	16726.0	14526.0	14596.0	21760.0	19009.0	13539.0	15775.0	24721.0	21210.0	19171.0	30241.0	33542.0	21640.0	36298.0	20427.0	37757.0
-14.65	0.0	0.0	402.0	9216.0	17157.0	13887.0	14027.0	21959.0	18692.0	13972.0	15297.0	25077.0	22082.0	18954.0	31322.0	33433.0	21549.0	36815.0	20530.0	37657.0
-14.55	0.0	0.0	459.0	9117.0	17232.0	14269.0	14529.0	21882.0	18375.0	13782.0	15884.0	25704.0	21538.0	19750.0	31289.0	33015.0	21314.0	36748.0	21739.0	38385.0
-14.45	0.0	0.0	598.0	8321.0	17104.0	13652.0	14305.0	21379.0	17953.0	13586.0	15567.0	26169.0	22604.0	19865.0	31247.0	32978.0	21755.0	36782.0	20659.0	37985.0
-14.35	0.0	0.0	684.0	8592.0	17144.0	13618.0	14039.0	21216.0	18313.0	13792.0	15469.0	25650.0	22281.0	19978.0	31647.0	32535.0	21068.0	36593.0	20634.0	38431.0
-14.25	0.0	0.0	862.0	8203.0	16278.0	13577.0	14352.0	21139.0	17854.0	13331.0	15456.0	26060.0	22110.0	19786.0	31442.0	32644.0	20955.0	36050.0	20603.0	37752.0
-14.15	0.0	0.0	901.0	8617.0	17391.0	13085.0	14764.0	22095.0	18023.0	13185.0	16038.0	26399.0	22844.0	20222.0	31142.0	33424.0	20570.0	37296.0	20316.0	37380.0
-14.05	0.0	0.0	1012.0	8764.0	17999.0	13489.0	13903.0	21837.0	18114.0	13988.0	15291.0	26337.0	22282.0	20022.0	31534.0	32711.0	21022.0	36267.0	20937.0	37663.0
-13.95	0.0	0.0	1290.0	8245.0	16578.0	13687.0	14084.0	22535.0	17834.0	13938.0	15362.0	26069.0	22641.0	19920.0	31328.0	32783.0	21260.0	36448.0	21308.0	38591.0
-13.85	0.0	0.0	1384.0	8515.0	17541.0	14245.0	14403.0	22558.0	17793.0	13977.0	15403.0	27006.0	22190.0	19877.0	31503.0	32319.0	20634.0	37342.0	21543.0	38519.0
-13.75	0.0	0.0	1640.0	8639.0	17276.0	13828.0	13612.0	22414.0	17321.0	14114.0	14913.0	26134.0	23114.0	20266.0	32283.0	32917.0	20283.0	37962.0	21442.0	37839.0
-13.65	0.0	0.0	1923.0	8482.0	16990.0	14477.0	14326.0	22001.0	17344.0	14098.0	15383.0	27378.0	22598.0	19727.0	31387.0	32113.0	19984.0	37865.0	21520.0	37522.0
-13.55	0.0	0.0	2196.0	8574.0	17500.0	14353.0	13873.0	21970.0	17249.0	13973.0	14964.0	27392.0	22999.0	20096.0	31801.0	32545.0	19882.0	37867.0	21509.0	37907.0
-13.45	0.0	0.0	2384.0	9514.0	17502.0	13835.0	14119.0	22941.0	16523.0	13940.0	15237.0	26924.0	22985.0	20206.0	30643.0	31879.0	19617.0	37643.0	21850.0	37809.0
-13.35	0.0	0.0	2961.0	8922.0	16961.0	13580.0	14143.0	22753.0	16099.0	14114.0	15185.0	27655.0	23253.0	20173.0	30912.0	31724.0	20139.0	37425.0	22076.0	37838.0
-13.25	0.0	0.0	3452.0	8792.0	18148.0	13503.0	13277.0	22396.0	16739.0	13086.0	15267.0	27454.0	23456.0	20129.0	31184.0	31569.0	19860.0	37897.0	21540.0	38311.0
-13.15	0.0	0.0	4153.0	8464.0	17649.0	14351.0	12801.0	22678.0	15845.0	13659.0	15316.0	27510.0	23504.0	20003.0	31515.0	31313.0	19623.0	37740.0	21730.0	38550.0
-13.05	0.0	2.0	4885.0	8571.0	17196.0	14391.0	12577.0	22299.0	15882.0	14045.0	15240.0	28280.0	24464.0	20067.0	31291.0	30799.0	19485.0	37841.0	22019.0	38445.0
-12.95	0.0	0.0	5528.0	8205.0	18864.0	13648.0	12724.0	22574.0	16113.0	14094.0	15680.0	27818.0	24892.0	20190.0	30868.0	32467.0	19681.0	37142.0	21633.0	39362.0
-12.85	0.0	1.0	6480.0	8231.0	18795.0	13502.0	12729.0	22312.0	15832.0	13963.0	15286.0	28682.0	24428.0	20336.0	31353.0	31887.0	18972.0	36908.0	22157.0	39750.0
-12.75	0.0	0.0	7835.0	8168.0	17363.0	13408.0	12778.0	22321.0	16208.0	14135.0	14929.0	28275.0	25303.0	20777.0	30971.0	31642.0	19401.0	38222.0	22891.0	39569.0
-12.65	0.0	3.0	8908.0	8395.0	18536.0	12979.0	12461.0	21888.0	15405.0	14122.0	14921.0	28852.0	25432.0	20499.0	31001.0	31902.0	19188.0	37828.0	22528.0	39536.0
-12.55	0.0	0.0	10412.0	8608.0	17563.0	12876.0	12670.0	22362.0	15517.0	14517.0	14929.0	29335.0	24676.0	20753.0	31925.0	31280.0	18753.0	36908.0	23353.0	39223.0
-12.45	0.0	3.0	12166.0	8315.0	18209.0	13316.0	11859.0	22525.0	15354.0	14580.0	14417.0	29464.0	25071.0	21004.0	31367.0	31195.0	18426.0	37967.0	22836.0	39922.0
-12.35	0.0	3.0	14258.0	8803.0	18001.0	12706.0	12071.0	21524.0	15269.0	14347.0	14253.0	29171.0	25059.0	20992.0	31669.0	31261.0	18108.0	38042.0	23646.0	40326.0
-12.25	0.0	4.0	12584.0	8805.0	18100.0	13105.0	11523.0	22007.0	14586.0	14865.0	13501.0	28765.0	25652.0	20586.0	30798.0	30672.0	18343.0	37608.0	23303.0	40196.0
-12.15	0.0	1.0	56668.0	9158.0	17636.0	13592.0	12134.0	21442.0	14733.0	15510.0	13874.0	28752.0	25878.0	20381.0	31199.0	31102.0	18290.0	38151.0	23887.0	41374.0
-12.05	0.0	6.0	11612.0	8931.0	16714.0	13533.0	11550.0	21054.0	14705.0	15485.0	13581.0	28922.0	25221.0	20963.0	31361.0	30739.0	17524.0	38489.0	23561.0	40807.0
-11.95	0.0	0.0	13268.0	9046.0	17331.0	13627.0	11463.0	21151.0	14714.0	15766.0	13704.0	28655.0	26102.0	20220.0	31376.0	29876.0	17238.0	37635.0	22621.0	42360.0
-11.85	0.0	0.0	16312.0	8440.0	17188.0	12812.0	11472.0	21068.0	15095.0	16088.0	13172.0	28441.0	24345.0	20674.0	31662.0	29669.0	16715.0	37200.0	22974.0	41424.0
-11.75	0.0	4.0	18762.0	9151.0	16485.0	12901.0	11506.0	21191.0	14557.0	16129.0	13721.0	28146.0	25964.0	19766.0	31372.0	29508.0	16491.0	38064.0	23568.0	41585.0
-11.65	0.0	10.0	8905.0	8664.0	16784.0	13382.0	11333.0	20665.0	14636.0	16640.0	13492.0	28887.0	24734.0	19871.0	31348.0	28875.0	16643.0	37988.0	23532.0	41050.0
-11.55	0.0	4.0	25824.0	8879.0	17116.0	13269.0	11702.0	20320.0	14033.0	16091.0	12588.0	28671.0	25221.0	19242.0	32170.0	28466.0	16560.0	38556.0	22263.0	42357.0
-11.45	0.0	1.0	118418.0	8854.0	17779.0	13535.0	11907.0	20308.0	14353.0	16434.0	12794.0	28730.0	26083.0	19471.0	31852.0	27358.0	15679.0	38442.0	22063.0	41968.0
-11.35	0.0	5.0	27672.0	9232.0	17313.0	13608.0	11580.0	20542.0	13757.0	16872.0	12287.0	28933.0	26169.0	19277.0	32415.0	27257.0	15817.0	38588.0	22859.0	42379.0
-11.25	0.0	7.0	23449.0	8894.0	17273.0	13638.0	11598.0	19976.0	13779.0	17078.0	12385.0	29606.0	25857.0	19744.0	31391.0	28674.0	15296.0	39193.0	21483.0	41981.0
-11.15	0.0	39.0	4909.0	8861.0	17496.0	13853.0	11640.0	19930.0	13848.0	16625.0	11756.0	29667.0	26522.0	19832.0	31181.0	28091.0	14780.0	39039.0	21986.0	42572.0
-11.05	0.0	7.0	31689.0	9262.0	17729.0	13047.0	11826.0	19676.0	13306.0	16920.0	12020.0	29436.0	25519.0	20578.0	31824.0	27899.0	15238.0	39049.0	22809.0	42904.0
-10.95	0.0	2.0	130195.0	9233.0	17336.0	13020.0	11787.0	19930.0	14154.0	17095.0	11821.0	29854.0	25576.0	20141.0	31284.0	27471.0	14791.0	38443.0	21986.0	42536.0
-10.85	0.0	10.0	30950.0	9025.0	17438.0	12964.0	11769.0	19544.0	13652.0	17898.0	11477.0	29615.0	24814.0	20554.0	31405.0	28132.0	14783.0	39004.0	21887.0	41937.0
-10.75	0.0	11.0	32911.0	8956.0	17641.0	13494.0	11260.0	19262.0	13878.0	17504.0	11656.0	29846.0	25017.0	20514.0	31130.0	29211.0	15088.0	38591.0	21495.0	42506.0
-10.65	0.0	10.0	42411.0	8986.0	17389.0	14000.0	11709.0	19259.0	13259.0	17201.0	11163.0	30103.0	25637.0	20042.0	31440.0	28368.0	14848.0	38595.0	21966.0	43479.0
-10.55	0.0	17.0	29346.0	9126.0	17084.0	14220.0	12051.0	18737.0	13513.0	17914.0	11299.0	29564.0	25788.0	20119.0	31087.0	28297.0	14520.0	37865.0	21806.0	43843.0
-10.45	0.0	20.0	29410.0	9378.0	17686.0	14242.0	11376.0	18534.0	12555.0	17933.0	11676.0	29114.0	25430.0	19218.0	30955.0	28451.0	14773.0	37718.0	22230.0	44128.0
-10.35	0.0	15.0	44867.0	9698.0	17210.0	13665.0	11952.0	18243.0	13113.0	18221.0	11852.0	30335.0	25760.0	19669.0	31163.0	28970.0	14794.0	38725.0	21511.0	43766.0
-10.25	0.0	12.0	66490.0	10251.0	17555.0	12907.0	11930.0	18951.0	13331.0	17852.0	11500.0	29696.0	25146.0	19645.0	30594.0	28234.0	14569.0	38071.0	21920.0	43745.0
-10.15	0.0	16.0	59159.0	10052.0	17306.0	12773.0	11760.0	19237.0	13756.0	18323.0	11445.0	29776.0	24873.0	20328.0	30640.0	28571.0	14317.0	37140.0	22720.0	43132.0
-10.05	0.0	60.0	17978.0	10255.0	17991.0	13493.0	12039.0	19398.0	13381.0	18368.0	11596.0	29150.0	24912.0	19490.0	30640.0	28519.0	14700.0	37633.0	22562.0	43497.0
-9.95	0.0	59.0	21787.0	9740.0	17633.0	13548.0	11924.0	19092.0	13553.0	18675.0	12099.0	29215.0	24422.0	20052.0	30224.0	28176.0	14328.0	38175.0	23047.0	43898.0
-9.85	0.0	76.0	19544.0	9928.0	17832.0	13360.0	12258.0	19818.0	13837.0	19000.0	11865.0	28826.0	23664.0	20052.0	30294.0	28715.0	14804.0	37761.0	23185.0	43396.0
-9.75	0.0	65.0	26102.0	10061.0	19331.0	13825.0	12124.0	19261.0	13335.0	19412.0	11757.0	29267.0	23684.0	20768.0	30997.0	28203.0	14528.0	38165.0	22327.0	43218.0
-9.65	0.0	106.0	18494.0	10443.0	19123.0	13384.0	12322.0	19433.0	13829.0	20189.0	11819.0	28638.0	23792.0	20262.0	31296.0	28876.0	14754.0	37320.0	23057.0	43839.0
-9.55	0.0	189.0	12250.0	10547.0	18024.0	13369.0	12198.0	20120.0	13559.0	19857.0	12643.0	28908.0	24290.0	20016.0	31920.0	29463.0	14670.0	37605.0	23012.0	43247.0
-9.45	0.0	199.0	13661.0	10558.0	18579.0	13450.0	12532.0	19636.0	12902.0	20017.0	11955.0	28559.0	22864.0	20450.0	31776.0	28848.0	14425.0	37622.0	23081.0	43932.0
-9.35	0.0	215.0	14689.0	10439.0	19299.0	13639.0	12716.0	19972.0	12739.0	20182.0	12248.0	29081.0	23143.0	19805.0	31584.0	29012.0	13956.0	36863.0	23467.0	43821.0
-9.25	0.0	264.0	13994.0	10860.0	18290.0	13335.0	12845.0	20056.0	12642.0	21126.0	12135.0	28987.0	23835.0	19609.0	31674.0	29453.0	13963.0	36807.0	23586.0	44390.0
-9.15	0.0	316.0	13774.0	10608.0	18257.0	13822.0	13200.0	19754.0	12728.0	20794.0	12692.0	29720.0	23073.0	19479.0	31356.0	29226.0	14156.0	36163.0	23574.0	43236.0
-9.05	0.0	394.0	12680.0	11060.0	18970.0	13727.0	13303.0	19907.0	12583.0	20438.0	11853.0	29246.0	22704.0	19054.0	32346.0	29252.0	13875.0	35672.0	23292.0	44167.0
-8.95	0.0	615.0	10221.0	9895.0	17962.0	13702.0	13751.0	18882.0	13152.0	20950.0	12020.0	29422.0	23083.0	18902.0	31709.0	29176.0	13267.0	35186.0	24240.0	43365.0
-8.85	0.0	634.0	11443.0	10693.0	17376.0	14166.0	13601.0	19820.0	12482.0	20627.0	12701.0	28986.0	22124.0	18940.0	32203.0	27996.0	12840.0	34543.0	24151.0	43394.0
-8.75	0.0	711.0	12836.0	9913.0	17237.0	13776.0	13862.0	19892.0	12946.0	20400.0	12473.0	28752.0	21949.0	19368.0	31491.0	27659.0	13214.0	33835.0	23370.0	42556.0
-8.65	0.0	881.0	12188.0	10334.0	17524.0	14027.0	13213.0	19373.0	12582.0	20136.0	12084.0	28753.0	21002.0	18569.0	32349.0	27512.0	13091.0	33831.0	24060.0	42204.0
-8.55	0.0	1106.0	11178.0	10454.0	17469.0	14049.0	13525.0	19677.0	12879.0	20143.0	12769.0	27980.0	21298.0	17862.0	31109.0	28298.0	12843.0	34205.0	23562.0	43754.0
-8.45	0.0	1246.0	11903.0	10983.0	17100.0	14226.0	13143.0	19334.0	11980.0	19799.0	12223.0	28240.0	20946.0	17958.0	31398.0	27455.0	13046.0	33116.0	24390.0	44437.0
-8.35	0.0	1520.0	11489.0	10943.0	17045.0	14175.0	13281.0	19016.0	12744.0	20356.0	12983.0	28054.0	20381.0	18325.0	31031.0	26235.0	13228.0	32695.0	24052.0	43307.0
-8.25	0.0	1928.0	10605.0	10720.0	16637.0	14339.0	13702.0	19634.0	12425.0	20098.0	13375.0	27185.0	20926.0	17953.0	30916.0	26585.0	12957.0	33243.0	23324.0	43545.0
-8.15	0.0	2225.0	11333.0	10528.0	16903.0	14328.0	12817.0	19409.0	12327.0	19723.0	13140.0	27850.0	20362.0	16924.0	31870.0	26591.0	12121.0	32366.0	23356.0	43816.0
-8.05	0.0	2635.0	11614.0	10470.0	16444.0	15318.0	12624.0	18695.0	11688.0	19595.0	13509.0	27540.0	19197.0	17700.0	31608.0	26320.0	12046.0	31743.0	23726.0	43399.0
-7.95	0.0	3068.0	12002.0	9849.0	16970.0	15259.0	12560.0	18939.0	11552.0	19443.0	13681.0	27800.0	19004.0	18012.0	32722.0	25551.0	11599.0	31095.0	23223.0	44411.0
-7.85	0.0	3577.0	12302.0	9737.0	17573.0	14525.0	13355.0	19378.0	11963.0	19101.0	13572.0	27187.0	19474.0	17513.0	31654.0	25497.0	11788.0	30817.0	23837.0	43470.0
-7.75	0.0	4700.0	11360.0	9230.0	17370.0	14927.0	12560.0	19457.0	11539.0	19727.0	13544.0	27068.0	18464.0	17552.0	32517.0	26265.0	11587.0	29867.0	23467.0	44276.0
-7.65	0.0	5261.0	12351.0	8916.0	18459.0	14430.0	12663.0	19570.0	11057.0	19362.0	13649.0	27526.0	18717.0	16788.0	32352.0	25830.0	11267.0	29561.0	23690.0	43641.0
-7.55	0.0	6150.0	13163.0	9175.0	16850.0	14780.0	12579.0	19604.0	10240.0	19808.0	13938.0	27514.0	18567.0	16960.0	31597.0	24719.0	11449.0	29934.0	23363.0	43527.0
-7.45	0.0	7437.0	12938.0	8778.0	17025.0	14425.0	13021.0	19848.0	11015.0	19110.0	14161.0	26526.0	18598.0	17044.0	32642.0	24977.0	11173.0	29185.0	23999.0	43813.0
-7.35	0.0	8835.0	12800.0	8563.0	17917.0	14524.0	12962.0	19385.0	10606.0	19334.0	15041.0	26633.0	18798.0	17153.0	31668.0	24455.0	10604.0	28620.0	23765.0	45318.0
-7.25	0.0	10506.0	12747.0	8645.0	17761.0	14782.0	12660.0	20137.0	9779.0	20014.0	14810.0	27337.0	18927.0	17216.0	31715.0	24298.0	10114.0	28705.0	23303.0	44676.0
-7.15	0.0	12511.0	13262.0	8066.0	17943.0	15155.0	13406.0	19347.0	9451.0	19803.0	14601.0	26452.0	18630.0	17282.0	31703.0	24789.0	10001.0	27730.0	23493.0	45747.0
-7.05	0.0	14417.0	13619.0	8220.0	18790.0	13973.0	13641.0	20264.0	9547.0	19994.0	14860.0	26503.0	18973.0	16041.0	31292.0	24827.0	10131.0	28820.0	22083.0	45355.0
-6.95	0.0	16308.0	14551.0	8768.0	18346.0	14740.0	13555.0	19881.0	9173.0	19163.0	14682.0	27218.0	18692.0	16376.0	32401.0	24904.0	10309.0	29232.0	22192.0	43930.0
-6.85	0.0	20563.0	14548.0	8325.0	17865.0	14094.0	13043.0	20046.0	8728.0	19300.0	15105.0	27129.0	17289.0	16429.0	31266.0	24226.0	10463.0	28739.0	22519.0	43396.0
-6.75	0.0	23611.0	15046.0	8211.0	17536.0	15080.0	13015.0	19736.0	8780.0	20015.0	15977.0	26932.0	17189.0	16885.0	31670.0	24111.0	10649.0	28182.0	21690.0	43992.0
-6.65	0.0	28509.0	15565.0	7970.0	17651.0	15000.0	12590.0	19700.0	8237.0	19924.0	15530.0	26724.0	17755.0	16285.0	31596.0	23492.0	11136.0	28431.0	22862.0	41886.0
-6.55	0.0	34043.0	15557.0	8439.0	18026.0	14689.0	12999.0	19362.0	8042.0	20209.0	15660.0	26127.0	17505.0	16271.0	31533.0	23209.0	10171.0	27697.0	21874.0	42845.0
-6.45	0.0	40864.0	15843.0	8678.0	17446.0	15055.0	12948.0	19443.0	8008.0	20024.0	15528.0	25168.0	17546.0	15919.0	30915.0	22964.0	10381.0	26556.0	22755.0	42258.0
-6.35	0.0	48766.0	16121.0	8402.0	17540.0	14383.0	12849.0	20470.0	7667.0	20881.0	15160.0	26353.0	17074.0	15810.0	30876.0	23052.0	10005.0	27007.0	23086.0	41074.0
-6.25	0.0	57103.0	16532.0	8467.0	18130.0	14796.0	13832.0	20232.0	7585.0	21193.0	14758.0	26206.0	17922.0	16307.0	30651.0	23666.0	10047.0	26602.0	22761.0	41795.0
-6.15	0.0	68007.0	17274.0	8751.0	18323.0	14988.0	13130.0	21641.0	6989.0	20966.0	14671.0	25543.0	17369.0	15316.0	29790.0	22513.0	10384.0	26118.0	23257.0	40808.0
-6.05	0.0	80657.0	17547.0	8332.0	18455.0	15392.0	13381.0	21945.0	7644.0	22196.0	14939.0	25603.0	16587.0	15727.0	29824.0	22403.0	10129.0	26823.0	23435.0	40518.0
-5.95	0.0	94594.0	17275.0	8224.0	18829.0	16242.0	13063.0	22407.0	7407.0	23100.0	15100.0	26110.0	17367.0	15124.0	30685.0	22605.0	10256.0	26348.0	23757.0	39971.0
-5.85	0.0	115365.0	17100.0	8056.0	18464.0	15208.0	13343.0	22834.0	6810.0	23001.0	16080.0	25775.0	17232.0	14754.0	30868.0	22140.0	10194.0	27043.0	24477.0	40139.0
-5.75	1.0	136894.0	17295.0	7803.0	18586.0	15406.0	13255.0	23329.0	7537.0	22776.0	15631.0	26162.0	17078.0	14399.0	30564.0	21744.0	10473.0	26971.0	24772.0	39863.0
-5.65	5.0	32679.0	17565.0	8169.0	18990.0	15509.0	13230.0	22934.0	7020.0	22155.0	15923.0	26614.0	17000.0	15152.0	31341.0	22621.0	10168.0	26427.0	23894.0	39657.0
-5.55	11.0	18662.0	16343.0	8053.0	18843.0	15353.0	13344.0	23115.0	6988.0	22570.0	16038.0	26176.0	16665.0	15823.0	31696.0	21872.0	10286.0	25863.0	23926.0	38777.0
-5.45	7.0	36386.0	16552.0	7638.0	18623.0	15098.0	13325.0	22300.0	6405.0	22061.0	15982.0	26559.0	16637.0	15227.0	31459.0	21281.0	9939.0	25461.0	23484.0	38785.0
-5.35	14.0	22592.0	16642.0	7656.0	17986.0	14030.0	13397.0	21725.0	6351.0	21612.0	16480.0	26645.0	16072.0	15366.0	30536.0	21787.0	10311.0	25386.0	24373.0	37612.0
-5.25	24.0	15496.0	16799.0	7753.0	18704.0	14922.0	13610.0	21566.0	6619.0	21000.0	15117.0	27040.0	15528.0	14523.0	30848.0	21529.0	9734.0	25660.0	24223.0	37619.0
-5.15	21.0	21299.0	16788.0	7967.0	18300.0	14672.0	14324.0	21558.0	6403.0	21316.0	15396.0	26323.0	15346.0	14816.0	31183.0	21757.0	10194.0	25556.0	24297.0	37116.0
-5.05	40.0	13642.0	16452.0	7263.0	19659.0	14130.0	14041.0	20837.0	6489.0	20648.0	15272.0	27234.0	15366.0	14758.0	31472.0	21844.0	10096.0	24741.0	24818.0	37530.0
-4.95	32.0	20754.0	16148.0	6723.0	19763.0	14536.0	14207.0	21137.0	6540.0	19977.0	15473.0	27921.0	15159.0	15527.0	32026.0	21322.0	10353.0	25751.0	25064.0	36891.0
-4.85	77.0	10340.0	16375.0	6517.0	19278.0	15197.0	14517.0	20386.0	6454.0	19803.0	15809.0	27537.0	14974.0	14385.0	33430.0	21368.0	10143.0	25492.0	25587.0	37886.0
-4.75	107.0	9294.0	15598.0	6787.0	19465.0	14659.0	14323.0	20261.0	6377.0	20018.0	15719.0	26542.0	15648.0	14967.0	33105.0	20376.0	9963.0	26001.0	25562.0	37887.0
-4.65	92.0	13142.0	16203.0	6491.0	19163.0	14481.0	14578.0	19926.0	6279.0	19458.0	16430.0	26049.0	15872.0	14751.0	33299.0	20445.0	9500.0	26123.0	25630.0	37946.0
-4.55	70.0	19822.0	16513.0	6716.0	19995.0	14601.0	14770.0	20092.0	6467.0	20347.0	16223.0	25754.0	15963.0	15087.0	33833.0	20386.0	9652.0	25334.0	25498.0	37299.0
-4.45	96.0	18162.0	15825.0	6487.0	19106.0	14913.0	14500.0	19934.0	6234.0	20412.0	15727.0	26008.0	15406.0	15287.0	35016.0	20328.0	9744.0	24890.0	26723.0	37100.0
-4.35	128.0	16139.0	15439.0	6735.0	19001.0	14337.0	15159.0	19038.0	6224.0	19774.0	16544.0	27197.0	15616.0	16213.0	35721.0	19534.0	9587.0	25407.0	27031.0	38147.0
-4.25	122.0	20343.0	14950.0	6608.0	19313.0	13801.0	15367.0	19405.0	6431.0	20099.0	16601.0	27434.0	16223.0	16347.0	35966.0	19158.0	8897.0	25143.0	26822.0	38157.0
-4.15	204.0	14542.0	15243.0	6688.0	19216.0	14548.0	15603.0	18675.0	5890.0	20008.0	15473.0	27025.0	14919.0	16783.0	36024.0	19888.0	8949.0	25790.0	26662.0	37731.0
-4.05	174.0	20076.0	15876.0	6846.0	18440.0	14276.0	16366.0	18832.0	5893.0	20338.0	15341.0	27025.0	15656.0	17879.0	35468.0	19597.0	9300.0	26181.0	27446.0	36915.0
-3.95	294.0	14484.0	15592.0	6925.0	18145.0	14959.0	16504.0	19105.0	5802.0	19361.0	15588.0	28050.0	15648.0	17635.0	36455.0	19909.0	9744.0	26869.0	27394.0	36621.0
-3.85	346.0	15675.0	14890.0	6672.0	17534.0	15554.0	16094.0	18455.0	5929.0	19931.0	15103.0	27648.0	15066.0	17433.0	36613.0	20024.0	9453.0	26397.0	27101.0	36624.0
-3.75	484.0	12904.0	15535.0	6394.0	17877.0	15603.0	17263.0	17731.0	6077.0	21158.0	15271.0	28434.0	15520.0	17204.0	36024.0	19821.0	9570.0	26930.0	26231.0	37887.0
-3.65	564.0	13069.0	15333.0	6696.0	18035.0	15761.0	17672.0	18084.0	5937.0	20194.0	15305.0	27950.0	15058.0	17995.0	36246.0	20727.0	8886.0	26363.0	27137.0	37724.0
-3.55	588.0	15491.0	14533.0	6542.0	17810.0	14757.0	18253.0	17593.0	5846.0	21382.0	16237.0	28524.0	15829.0	18394.0	35574.0	20431.0	8546.0	26468.0	27616.0	37972.0
-3.45	927.0	12502.0	14880.0	6016.0	16912.0	13671.0	17599.0	17525.0	5762.0	20604.0	15250.0	28020.0	14928.0	17445.0	35355.0	20725.0	8875.0	26374.0	25850.0	37372.0
-3.35	854.0	15637.0	14853.0	6396.0	16822.0	14397.0	17497.0	18139.0	5502.0	21322.0	16278.0	27861.0	14761.0	17363.0	36762.0	20953.0	8254.0	25842.0	25930.0	37761.0
-3.25	1009.0	15498.0	15685.0	6098.0	16799.0	14148.0	17969.0	18299.0	5437.0	20967.0	16741.0	27849.0	14356.0	17044.0	37563.0	20650.0	8589.0	26532.0	25036.0	38048.0
-3.15	1109.0	17367.0	15196.0	5925.0	15695.0	14539.0	18123.0	18627.0	5523.0	21047.0	16703.0	28909.0	14486.0	16786.0	37284.0	21462.0	8622.0	25976.0	25762.0	38057.0
-3.05	1399.0	16493.0	15909.0	5989.0	15451.0	14890.0	18524.0	17736.0	5333.0	20983.0	17422.0	28321.0	15205.0	16408.0	36545.0	21554.0	8325.0	25635.0	25961.0	37381.0
-2.95	1753.0	16308.0	16358.0	5322.0	15761.0	13984.0	20011.0	18219.0	5116.0	21121.0	17181.0	27904.0	14837.0	16257.0	36086.0	22458.0	9403.0	27028.0	25379.0	36848.0
-2.85	2362.0	14066.0	16328.0	6003.0	15462.0	14557.0	19806.0	18414.0	4832.0	21324.0	17533.0	27687.0	15205.0	15899.0	36249.0	21115.0	9636.0	26121.0	25916.0	37760.0
-2.75	3021.0	13328.0	15663.0	5862.0	15061.0	14219.0	20418.0	17963.0	5206.0	21081.0	18004.0	27753.0	15591.0	15337.0	35651.0	22651.0	8686.0	25473.0	24682.0	37228.0
-2.65	3290.0	14134.0	16021.0	5796.0	14739.0	14434.0	19568.0	18609.0	4793.0	20831.0	18301.0	27828.0	16042.0	16010.0	35670.0	22145.0	9615.0	25066.0	24784.0	37483.0
-2.55	3903.0	13590.0	16710.0	5998.0	14103.0	13511.0	19700.0	19331.0	4884.0	19743.0	17783.0	28339.0	15573.0	15220.0	36863.0	22440.0	9822.0	25865.0	24199.0	37282.0
-2.45	4955.0	11958.0	16378.0	6253.0	14431.0	13896.0	19063.0	19792.0	5110.0	20042.0	16846.0	26378.0	16439.0	15194.0	37778.0	22059.0	10054.0	26092.0	23736.0	37447.0
-2.35	5998.0	11117.0	17364.0	6052.0	13670.0	13860.0	18943.0	19018.0	5311.0	19653.0	16450.0	27577.0	15155.0	14796.0	37890.0	21834.0	10504.0	26451.0	23960.0	38498.0
-2.25	7479.0	10269.0	16370.0	6134.0	13935.0	14560.0	19367.0	19041.0	5165.0	20267.0	17094.0	27083.0	14360.0	14697.0	36729.0	21778.0	10564.0	26480.0	23301.0	39145.0
-2.15	9243.0	10221.0	16504.0	6369.0	14571.0	12879.0	18855.0	18088.0	5458.0	20121.0	17656.0	26896.0	14005.0	14019.0	35168.0	22974.0	10111.0	26477.0	23280.0	38222.0
-2.05	10808.0	10582.0	16782.0	6117.0	15122.0	13361.0	19271.0	18080.0	5259.0	21586.0	16822.0	26729.0	14739.0	15348.0	35232.0	23489.0	10268.0	27418.0	24063.0	38526.0
-1.95	14006.0	11271.0	16510.0	4961.0	14979.0	13763.0	18909.0	17609.0	6128.0	21535.0	17539.0	26827.0	15177.0	15614.0	36265.0	23615.0	9516.0	27263.0	23744.0	37788.0
-1.85	14988.0	11603.0	16519.0	5885.0	14679.0	13284.0	19631.0	18013.0	5727.0	21731.0	16309.0	26990.0	14979.0	14381.0	36232.0	23590.0	9732.0	26652.0	23898.0	37324.0
-1.75	16049.0	10979.0	17900.0	5957.0	15149.0	13119.0	19862.0	18440.0	5539.0	22249.0	16633.0	24641.0	14858.0	14081.0	36574.0	23278.0	9517.0	27296.0	22870.0	38953.0
-1.65	17401.0	10271.0	18075.0	5769.0	15724.0	13847.0	19600.0	17430.0	5668.0	22826.0	16729.0	25622.0	14806.0	13638.0	36959.0	23004.0	9572.0	26342.0	22784.0	39555.0
-1.55	19058.0	9910.0	18794.0	5852.0	15670.0	13650.0	19192.0	17313.0	4781.0	22715.0	17051.0	24562.0	15426.0	14261.0	36771.0	22035.0	8987.0	26849.0	23055.0	40396.0
-1.45	21382.0	9906.0	18143.0	5509.0	16146.0	14515.0	19144.0	16972.0	5435.0	23171.0	16708.0	25361.0	15013.0	14630.0	37566.0	20682.0	8693.0	26423.0	24449.0	39066.0
-1.35	24316.0	9521.0	18819.0	5702.0	16638.0	13935.0	18204.0	17396.0	5283.0	22605.0	16295.0	25579.0	15669.0	14315.0	39171.0	21400.0	8710.0	25460.0	24987.0	37873.0
-1.25	30177.0	9932.0	17221.0	6021.0	15277.0	12947.0	18690.0	17165.0	5642.0	22648.0	17307.0	24443.0	14985.0	13786.0	36480.0	21466.0	9071.0	25359.0	24409.0	37513.0
-1.15	36177.0	10036.0	17768.0	5806.0	16527.0	13657.0	17792.0	17778.0	5358.0	23754.0	17378.0	24639.0	14833.0	13098.0	36849.0	22681.0	8621.0	25091.0	24372.0	35997.0
-1.05	49670.0	10660.0	16515.0	5702.0	16580.0	13831.0	18991.0	18282.0	5377.0	22699.0	17674.0	24241.0	15400.0	12770.0	35612.0	21935.0	8332.0	25243.0	23269.0	36932.0
-0.95	54920.0	11152.0	16941.0	5574.0	16203.0	13927.0	17862.0	17475.0	5881.0	24459.0	17004.0	25574.0	14615.0	13472.0	35032.0	22090.0	8000.0	26122.0	24005.0	36146.0
-0.85	42121.0	9716.0	16934.0	5802.0	17036.0	13377.0	18243.0	17254.0	5885.0	24671.0	16621.0	25559.0	14298.0	13385.0	36318.0	22425.0	9155.0	26114.0	24678.0	37181.0
-0.75	38182.0	10202.0	17581.0	5837.0	16748.0	14122.0	18063.0	17760.0	5625.0	24442.0	16379.0	25340.0	14245.0	12646.0	35293.0	22618.0	9434.0	25904.0	26180.0	37292.0
-0.65	37028.0	9254.0	18205.0	6065.0	16433.0	14501.0	18596.0	18985.0	5524.0	24361.0	17778.0	27160.0	14928.0	13029.0	35008.0	21203.0	8871.0	26255.0	25181.0	37983.0
-0.55	38175.0	9900.0	16785.0	6181.0	17338.0	15580.0	18681.0	17813.0	5774.0	24018.0	17454.0	25459.0	14083.0	12370.0	34168.0	19856.0	10131.0	27310.0	24670.0	37867.0
-0.45	40873.0	10590.0	16577.0	6403.0	17265.0	14496.0	18719.0	15618.0	6524.0	22880.0	16046.0	26431.0	15750.0	13703.0	34276.0	21704.0	9263.0	28930.0	23522.0	37467.0
-0.35	46157.0	9615.0	16050.0	6139.0	16439.0	14943.0	17813.0	16429.0	7091.0	22969.0	16812.0	26761.0	15741.0	14744.0	35919.0	23442.0	8890.0	30928.0	23231.0	35783.0
-0.25	52949.0	9497.0	15952.0	6437.0	17422.0	15380.0	18968.0	16966.0	7261.0	23393.0	17065.0	27281.0	14791.0	15133.0	36818.0	24211.0	10139.0	29769.0	22937.0	35995.0
-0.15	68392.0	10838.0	17504.0	6021.0	15961.0	15621.0	21632.0	17673.0	6653.0	22284.0	17520.0	27731.0	14412.0	13287.0	36322.0	22900.0	8699.0	29139.0	21885.0	36967.0
-0.05	116290.0	11274.0	15426.0	6966.0	14971.0	10997.0	17674.0	17598.0	6516.0	21490.0	15840.0	21393.0	15079.0	12722.0	40167.0	23975.0	11331.0	31798.0	23813.0	37260.0
0.05	4311.0	22799.0	29493.0	9066.0	17452.0	24860.0	20472.0	16766.0	4950.0	2288.0	1440.0	31207.0	13147.0	12872.0	3630.0	2099.0	696.0	2497.0	2273.0	4186.0
0.15	807.0	1981.0	2076.0	351.0	1197.0	1295.0	1070.0	1199.0	388.0	1786.0	1026.0	1881.0	1095.0	1067.0	2678.0	1673.0	617.0	1995.0	2131.0	3026.0
0.25	741.0	1799.0	1870.0	305.0	866.0	868.0	1074.0	803.0	228.0	1152.0	991.0	1668.0	824.0	1125.0	2324.0	1843.0	611.0	1925.0	1736.0	2768.0
0.35	569.0	1629.0	1463.0	307.0	781.0	853.0	916.0	586.0	352.0	1029.0	758.0	1673.0	969.0	729.0	1820.0	1164.0	441.0	1850.0	1616.0	2420.0
0.45	420.0	1707.0	1077.0	272.0	704.0	869.0	1040.0	677.0	293.0	736.0	872.0	1276.0	772.0	592.0	1576.0	909.0	501.0	1479.0	1116.0	1978.0
0.55	567.0	1136.0	929.0	299.0	726.0	370.0	676.0	666.0	227.0	891.0	690.0	659.0	680.0	606.0	1306.0	794.0	332.0	1628.0	813.0	1966.0
0.65	327.0	914.0	541.0	146.0	785.0	484.0	616.0	444.0	109.0	782.0	753.0	687.0	556.0	566.0	1082.0	624.0	284.0	1277.0	1208.0	1775.0
0.75	253.0	765.0	869.0	170.0	585.0	532.0	433.0	472.0	135.0	573.0	437.0	654.0	367.0	456.0	1072.0	784.0	228.0	849.0	838.0	1618.0
0.85	230.0	823.0	569.0	259.0	569.0	276.0	273.0	465.0	166.0	604.0	500.0	674.0	360.0	339.0	1038.0	607.0	241.0	689.0	635.0	1346.0
0.95	200.0	674.0	461.0	119.0	494.0	372.0	314.0	316.0	83.0	492.0	450.0	528.0	226.0	333.0	813.0	599.0	173.0	723.0	633.0	987.0
1.05	351.0	781.0	356.0	163.0	373.0	544.0	416.0	324.0	129.0	466.0	319.0	484.0	294.0	285.0	649.0	632.0	100.0	592.0	574.0	931.0
1.15	280.0	358.0	414.0	74.0	319.0	242.0	222.0	183.0	68.0	353.0	201.0	351.0	228.0	216.0	738.0	470.0	192.0	520.0	505.0	800.0
1.25	125.0	369.0	277.0	202.0	282.0	186.0	263.0	151.0	75.0	340.0	166.0	398.0	172.0	151.0	452.0	362.0	196.0	341.0	381.0	431.0
1.35	119.0	277.0	222.0	31.0	227.0	168.0	212.0	145.0	56.0	252.0	258.0	427.0	176.0	226.0	513.0	231.0	232.0	299.0	347.0	485.0
1.45	87.0	424.0	191.0	53.0	250.0	199.0	225.0	139.0	15.0	144.0	122.0	201.0	197.0	127.0	330.0	260.0	104.0	375.0	260.0	608.0
1.55	101.0	288.0	205.0	115.0	261.0	101.0	243.0	126.0	21.0	148.0	141.0	191.0	102.0	260.0	341.0	171.0	67.0	205.0	141.0	393.0
1.65	55.0	157.0	304.0	122.0	152.0	174.0	86.0	77.0	3.0	207.0	75.0	180.0	152.0	128.0	269.0	76.0	208.0	303.0	195.0	281.0
1.75	31.0	90.0	195.0	37.0	161.0	90.0	154.0	168.0	7.0	74.0	113.0	178.0	63.0	142.0	275.0	104.0	120.0	196.0	210.0	389.0
1.85	41.0	105.0	132.0	69.0	174.0	61.0	173.0	72.0	35.0	46.0	196.0	197.0	49.0	174.0	374.0	33.0	119.0	185.0	217.0	208.0
1.95	72.0	191.0	159.0	41.0	172.0	61.0	203.0	60.0	24.0	48.0	143.0	163.0	111.0	102.0	270.0	108.0	112.0	252.0	203.0	283.0
2.05	52.0	118.0	59.0	25.0	101.0	96.0	156.0	54.0	18.0	91.0	100.0	68.0	54.0	108.0	134.0	96.0	55.0	174.0	176.0	162.0
2.15	25.0	172.0	14.0	8.0	134.0	122.0	39.0	78.0	0.0	67.0	94.0	119.0	96.0	91.0	152.0	88.0	56.0	110.0	133.0	229.0
2.25	20.0	73.0	36.0	79.0	71.0	71.0	79.0	63.0	31.0	77.0	75.0	62.0	39.0	63.0	189.0	125.0	64.0	57.0	62.0	170.0
2.35	64.0	44.0	84.0	26.0	58.0	35.0	38.0	53.0	5.0	71.0	45.0	45.0	38.0	10.0	66.0	61.0	44.0	162.0	81.0	99.0
2.45	42.0	76.0	63.0	16.0	22.0	7.0	36.0	34.0	0.0	10.0	56.0	80.0	31.0	19.0	100.0	91.0	15.0	106.0	38.0	215.0
2.55	19.0	87.0	105.0	8.0	26.0	43.0	20.0	55.0	0.0	8.0	24.0	58.0	31.0	43.0	68.0	47.0	47.0	99.0	33.0	163.0
2.65	23.0	68.0	67.0	0.0	80.0	18.0	54.0	69.0	0.0	25.0	45.0	48.0	13.0	26.0	69.0	33.0	90.0	90.0	115.0	161.0
2.75	24.0	64.0	51.0	25.0	114.0	18.0	0.0	40.0	0.0	23.0	12.0	16.0	64.0	0.0	75.0	75.0	54.0	72.0	74.0	135.0
2.85	31.0	38.0	84.0	0.0	52.0	27.0	21.0	45.0	0.0	23.0	56.0	54.0	90.0	19.0	98.0	114.0	13.0	104.0	52.0	88.0
2.95	7.0	23.0	87.0	0.0	28.0	15.0	10.0	0.0	0.0	13.0	55.0	14.0	24.0	36.0	49.0	48.0	49.0	38.0	34.0	114.0
3.05	0.0	48.0	7.0	2.0	28.0	46.0	45.0	31.0	0.0	51.0	0.0	16.0	25.0	110.0	56.0	24.0	14.0	21.0	64.0	49.0
3.15	15.0	26.0	59.0	0.0	34.0	1.0	25.0	43.0	12.0	14.0	30.0	38.0	32.0	26.0	60.0	41.0	58.0	8.0	62.0	110.0
3.25	29.0	31.0	38.0	1.0	26.0	40.0	65.0	39.0	26.0	52.0	13.0	39.0	36.0	5.0	86.0	26.0	42.0	29.0	7.0	59.0
3.35	3.0	20.0	55.0	0.0	5.0	38.0	17.0	25.0	7.0	31.0	35.0	38.0	4.0	4.0	49.0	28.0	13.0	20.0	6.0	26.0
3.45	7.0	15.0	43.0	0.0	0.0	12.0	39.0	4.0	8.0	15.0	71.0	34.0	0.0	0.0	73.0	19.0	17.0	37.0	12.0	17.0
3.55	7.0	6.0	8.0	0.0	0.0	8.0	25.0	5.0	9.0	1.0	10.0	4.0	4.0	23.0	11.0	0.0	0.0	16.0	65.0	26.0
3.65	0.0	3.0	12.0	2.0	0.0	0.0	11.0	11.0	0.0	5.0	9.0	18.0	16.0	7.0	43.0	6.0	6.0	14.0	33.0	9.0
3.75	0.0	10.0	31.0	4.0	6.0	5.0	0.0	113.0	4.0	22.0	10.0	65.0	23.0	0.0	22.0	0.0	0.0	7.0	4.0	26.0
3.85	0.0	0.0	14.0	2.0	16.0	0.0	10.0	15.0	0.0	7.0	0.0	43.0	28.0	0.0	37.0	7.0	0.0	10.0	20.0	55.0
3.95	0.0	0.0	30.0	0.0	8.0	3.0	28.0	0.0	1.0	0.0	0.0	9.0	7.0	0.0	25.0	4.0	16.0	19.0	12.0	21.0
4.05	4.0	14.0	26.0	0.0	36.0	4.0	0.0	0.0	0.0	2.0	0.0	36.0	18.0	0.0	15.0	8.0	0.0	56.0	1.0	25.0
4.15	5.0	19.0	37.0	0.0	9.0	3.0	0.0	2.0	0.0	0.0	0.0	0.0	29.0	0.0	3.0	0.0	0.0	57.0	0.0	4.0
4.25	2.0	8.0	19.0	0.0	0.0	9.0	0.0	0.0	0.0	0.0	0.0	23.0	1.0	3.0	1.0	0.0	5.0	8.0	4.0	38.0
4.35	6.0	3.0	2.0	5.0	7.0	17.0	0.0	22.0	0.0	0.0	0.0	26.0	28.0	0.0	0.0	0.0	7.0	0.0	11.0	5.0
4.45	0.0	5.0	2.0	16.0	0.0	1.0	16.0	0.0	0.0	0.0	0.0	10.0	4.0	14.0	0.0	0.0	0.0	3.0	20.0	6.0
4.55	0.0	8.0	0.0	0.0	0.0	23.0	5.0	0.0	0.0	0.0	0.0	35.0	0.0	0.0	18.0	15.0	1.0	33.0	0.0	6.0
4.65	0.0	0.0	0.0	0.0	0.0	11.0	0.0	0.0	0.0	0.0	17.0	0.0	1.0	0.0	34.0	0.0	0.0	31.0	0.0	6.0
4.75	0.0	39.0	0.0	0.0	2.0	5.0	0.0	14.0	0.0	0.0	9.0	0.0	14.0	0.0	26.0	17.0	0.0	0.0	0.0	1.0
4.85	0.0	11.0	0.0	0.0	6.0	0.0	0.0	13.0	0.0	0.0	0.0	0.0	0.0	3.0	1.0	0.0	0.0	0.0	0.0	6.0
4.95	0.0	0.0	0.0	0.0	17.0	0.0	0.0	23.0	0.0	0.0	8.0	3.0	0.0	0.0	0.0	1.0	0.0	0.0	0.0	16.0
5.05	0.0	5.0	4.0	0.0	34.0	0.0	0.0	3.0	0.0	0.0	15.0	0.0	0.0	0.0	0.0	0.0	11.0	0.0	0.0	5.0
5.15	0.0	26.0	0.0	0.0	3.0	0.0	0.0	0.0	0.0	7.0	0.0	5.0	0.0	0.0	0.0	17.0	15.0	6.0	7.0	0.0
5.25	0.0	0.0	4.0	0.0	0.0	0.0	0.0	0.0	0.0	5.0	0.0	0.0	0.0	0.0	0.0	4.0	0.0	0.0	15.0	0.0
5.35	0.0	15.0	15.0	0.0	0.0	0.0	0.0	0.0	0.0	0.0	0.0	0.0	0.0	0.0	0.0	15.0	0.0	0.0	0.0	0.0
5.45	0.0	17.0	0.0	0.0	0.0	0.0	0.0	0.0	0.0	0.0	0.0	0.0	0.0	0.0	0.0	6.0	0.0	0.0	0.0	0.0
5.55	0.0	0.0	0.0	0.0	0.0	0.0	0.0	0.0	0.0	0.0	0.0	6.0	0.0	0.0	0.0	12.0	0.0	0.0	0.0	0.0
5.65	0.0	0.0	0.0	0.0	0.0	0.0	0.0	0.0	0.0	0.0	0.0	2.0	0.0	0.0	6.0	23.0	0.0	0.0	0.0	0.0
5.75	0.0	0.0	0.0	0.0	0.0	2.0	0.0	0.0	22.0	0.0	0.0	0.0	0.0	0.0	5.0	0.0	2.0	0.0	0.0	0.0
5.85	0.0	10.0	0.0	0.0	0.0	8.0	0.0	0.0	7.0	0.0	0.0	0.0	0.0	0.0	0.0	0.0	11.0	0.0	0.0	0.0
5.95	0.0	0.0	0.0	0.0	0.0	3.0	0.0	0.0	0.0	0.0	0.0	6.0	0.0	0.0	0.0	0.0	2.0	0.0	0.0	0.0
6.05	0.0	0.0	0.0	0.0	0.0	2.0	0.0	0.0	0.0	0.0	0.0	3.0	0.0	0.0	0.0	0.0	6.0	0.0	0.0	0.0
6.15	0.0	0.0	0.0	0.0	0.0	1.0	0.0	0.0	5.0	0.0	0.0	2.0	0.0	0.0	0.0	0.0	0.0	0.0	0.0	0.0
6.25	0.0	0.0	0.0	7.0	6.0	7.0	0.0	0.0	0.0	0.0	0.0	0.0	0.0	0.0	0.0	0.0	0.0	0.0	0.0	0.0
6.35	0.0	0.0	0.0	0.0	1.0	0.0	0.0	0.0	0.0	0.0	0.0	0.0	0.0	0.0	2.0	0.0	0.0	0.0	0.0	0.0
6.45	0.0	0.0	0.0	0.0	0.0	0.0	0.0	0.0	0.0	0.0	0.0	0.0	0.0	0.0	0.0	0.0	0.0	0.0	0.0	0.0
6.55	0.0	0.0	0.0	0.0	0.0	0.0	0.0	0.0	0.0	0.0	0.0	0.0	0.0	0.0	0.0	0.0	0.0	0.0	0.0	0.0
6.65	0.0	0.0	0.0	0.0	0.0	0.0	0.0	0.0	0.0	0.0	0.0	0.0	0.0	0.0	0.0	0.0	0.0	0.0	0.0	0.0
6.75	0.0	0.0	0.0	0.0	0.0	0.0	0.0	0.0	0.0	0.0	0.0	0.0	0.0	0.0	0.0	0.0	0.0	0.0	0.0	0.0
6.85	0.0	0.0	0.0	0.0	0.0	0.0	0.0	0.0	0.0	0.0	0.0	0.0	0.0	0.0	0.0	0.0	0.0	0.0	0.0	0.0
6.95	6.0	0.0	0.0	0.0	0.0	0.0	0.0	0.0	0.0	0.0	0.0	0.0	0.0	0.0	0.0	0.0	0.0	0.0	0.0	0.0
7.05	0.0	0.0	0.0	0.0	0.0	0.0	0.0	0.0	0.0	0.0	0.0	0.0	0.0	0.0	0.0	0.0	0.0	0.0	0.0	0.0
7.15	0.0	0.0	0.0	0.0	0.0	0.0	0.0	0.0	0.0	0.0	0.0	0.0	0.0	0.0	0.0	0.0	0.0	0.0	0.0	0.0
7.25	0.0	0.0	0.0	0.0	0.0	0.0	0.0	0.0	0.0	0.0	0.0	0.0	0.0	0.0	0.0	0.0	0.0	0.0	0.0	0.0
7.35	0.0	0.0	0.0	0.0	0.0	0.0	0.0	0.0	0.0	0.0	0.0	0.0	0.0	0.0	0.0	0.0	0.0	0.0	0.0	0.0
7.45	0.0	3.0	0.0	0.0	0.0	0.0	0.0	0.0	0.0	0.0	0.0	0.0	0.0	0.0	0.0	0.0	0.0	0.0	0.0	4.0
7.55	0.0	0.0	0.0	0.0	0.0	0.0	0.0	0.0	0.0	0.0	0.0	0.0	0.0	0.0	0.0	0.0	0.0	0.0	0.0	0.0
7.65	0.0	0.0	0.0	0.0	0.0	0.0	0.0	0.0	0.0	0.0	0.0	0.0	0.0	0.0	0.0	0.0	0.0	0.0	0.0	0.0
7.75	0.0	0.0	0.0	0.0	0.0	0.0	0.0	0.0	0.0	0.0	0.0	0.0	0.0	0.0	0.0	0.0	0.0	0.0	0.0	0.0
7.85	0.0	0.0	0.0	0.0	0.0	0.0	0.0	0.0	0.0	0.0	0.0	0.0	0.0	0.0	0.0	0.0	0.0	0.0	0.0	0.0
7.95	0.0	0.0	0.0	0.0	0.0	0.0	0.0	0.0	0.0	0.0	0.0	0.0	0.0	0.0	0.0	0.0	0.0	0.0	0.0	0.0
8.05	0.0	7.0	0.0	0.0	0.0	0.0	0.0	0.0	0.0	0.0	0.0	0.0	0.0	0.0	0.0	0.0	0.0	0.0	0.0	0.0
8.15	0.0	0.0	0.0	0.0	0.0	0.0	0.0	0.0	0.0	0.0	0.0	0.0	0.0	0.0	0.0	0.0	0.0	0.0	0.0	0.0
8.25	0.0	0.0	0.0	0.0	0.0	0.0	0.0	0.0	0.0	0.0	0.0	0.0	0.0	0.0	0.0	0.0	0.0	0.0	0.0	0.0
8.35	0.0	0.0	0.0	0.0	0.0	0.0	0.0	0.0	0.0	0.0	0.0	0.0	0.0	0.0	0.0	0.0	0.0	0.0	0.0	0.0
8.45	0.0	0.0	0.0	0.0	0.0	0.0	0.0	0.0	0.0	0.0	0.0	0.0	0.0	0.0	0.0	0.0	0.0	0.0	0.0	0.0
8.55	0.0	0.0	0.0	0.0	0.0	0.0	0.0	0.0	0.0	0.0	0.0	0.0	0.0	0.0	0.0	0.0	0.0	0.0	0.0	0.0
8.65	0.0	0.0	0.0	0.0	0.0	0.0	0.0	0.0	0.0	0.0	0.0	0.0	0.0	0.0	0.0	0.0	0.0	0.0	0.0	0.0
8.75	0.0	0.0	0.0	0.0	0.0	0.0	0.0	0.0	0.0	0.0	0.0	0.0	0.0	0.0	0.0	0.0	0.0	0.0	0.0	0.0
8.85	0.0	0.0	0.0	0.0	0.0	0.0	0.0	0.0	0.0	0.0	0.0	0.0	0.0	0.0	0.0	0.0	0.0	0.0	0.0	0.0
8.95	0.0	0.0	0.0	0.0	0.0	0.0	0.0	0.0	0.0	0.0	0.0	0.0	0.0	0.0	0.0	0.0	0.0	0.0	0.0	0.0
9.05	0.0	0.0	0.0	0.0	0.0	0.0	0.0	0.0	0.0	0.0	0.0	0.0	0.0	0.0	0.0	0.0	0.0	0.0	0.0	0.0
9.15	0.0	0.0	0.0	0.0	0.0	0.0	0.0	0.0	0.0	0.0	0.0	0.0	0.0	0.0	0.0	0.0	0.0	0.0	0.0	0.0
9.25	0.0	0.0	0.0	0.0	0.0	0.0	0.0	0.0	0.0	0.0	0.0	0.0	0.0	0.0	0.0	0.0	0.0	0.0	0.0	0.0
9.35	0.0	0.0	0.0	0.0	0.0	0.0	0.0	0.0	0.0	0.0	0.0	0.0	0.0	0.0	0.0	0.0	0.0	0.0	0.0	0.0
9.45	0.0	0.0	0.0	0.0	0.0	0.0	0.0	0.0	0.0	0.0	0.0	0.0	0.0	0.0	0.0	0.0	0.0	0.0	0.0	0.0
9.55	0.0	0.0	0.0	0.0	0.0	0.0	0.0	0.0	0.0	0.0	0.0	0.0	0.0	0.0	0.0	0.0	0.0	0.0	0.0	0.0
9.65	0.0	0.0	0.0	0.0	0.0	0.0	0.0	0.0	0.0	0.0	0.0	0.0	0.0	0.0	0.0	0.0	0.0	0.0	0.0	0.0
9.75	0.0	0.0	0.0	0.0	0.0	0.0	0.0	0.0	0.0	0.0	0.0	0.0	0.0	0.0	0.0	0.0	0.0	0.0	0.0	0.0
9.85	0.0	0.0	0.0	0.0	0.0	0.0	0.0	0.0	0.0	0.0	0.0	0.0	0.0	0.0	0.0	0.0	0.0	0.0	0.0	0.0
9.95	0.0	0.0	0.0	0.0	0.0	0.0	0.0	0.0	0.0	0.0	0.0	0.0	0.0	0.0	0.0	0.0	0.0	0.0	0.0	0.0
10.05	0.0	0.0	0.0	0.0	0.0	0.0	0.0	0.0	0.0	0.0	0.0	0.0	0.0	0.0	0.0	0.0	0.0	0.0	0.0	0.0
10.15	0.0	28.0	0.0	0.0	0.0	0.0	0.0	0.0	0.0	0.0	0.0	0.0	0.0	0.0	0.0	0.0	0.0	0.0	0.0	0.0
10.25	0.0	0.0	0.0	0.0	0.0	0.0	0.0	0.0	0.0	0.0	0.0	0.0	0.0	0.0	0.0	0.0	0.0	0.0	0.0	0.0
10.35	0.0	0.0	0.0	0.0	0.0	0.0	0.0	0.0	0.0	0.0	0.0	0.0	0.0	0.0	0.0	0.0	0.0	0.0	0.0	0.0
10.45	0.0	0.0	0.0	0.0	0.0	0.0	0.0	0.0	0.0	0.0	0.0	0.0	0.0	0.0	0.0	0.0	0.0	0.0	0.0	0.0
10.55	0.0	0.0	0.0	0.0	0.0	0.0	0.0	0.0	0.0	0.0	0.0	0.0	0.0	0.0	0.0	0.0	0.0	0.0	0.0	0.0
10.65	0.0	0.0	0.0	0.0	0.0	0.0	0.0	0.0	0.0	0.0	0.0	0.0	0.0	0.0	0.0	0.0	0.0	0.0	0.0	0.0
10.75	0.0	0.0	0.0	0.0	0.0	0.0	0.0	0.0	0.0	0.0	0.0	0.0	0.0	0.0	0.0	0.0	0.0	0.0	0.0	0.0
10.85	0.0	0.0	0.0	0.0	0.0	0.0	0.0	0.0	0.0	0.0	0.0	0.0	0.0	0.0	0.0	0.0	0.0	0.0	0.0	0.0
10.95	0.0	0.0	0.0	0.0	0.0	0.0	0.0	0.0	0.0	0.0	0.0	0.0	0.0	0.0	0.0	0.0	0.0	0.0	0.0	0.0
11.05	0.0	0.0	0.0	0.0	0.0	0.0	0.0	0.0	0.0	0.0	0.0	0.0	0.0	0.0	0.0	0.0	0.0	0.0	0.0	0.0
11.15	0.0	0.0	0.0	0.0	0.0	0.0	0.0	0.0	0.0	0.0	0.0	0.0	0.0	0.0	0.0	0.0	0.0	0.0	0.0	0.0
11.25	0.0	0.0	0.0	0.0	0.0	0.0	0.0	0.0	0.0	0.0	0.0	0.0	0.0	0.0	0.0	0.0	0.0	0.0	0.0	0.0
11.35	0.0	0.0	0.0	0.0	0.0	0.0	0.0	0.0	0.0	0.0	0.0	0.0	0.0	0.0	0.0	0.0	0.0	0.0	0.0	0.0
11.45	0.0	0.0	0.0	0.0	0.0	0.0	0.0	0.0	0.0	0.0	0.0	0.0	0.0	0.0	0.0	0.0	0.0	0.0	0.0	0.0
11.55	0.0	0.0	0.0	0.0	0.0	0.0	0.0	0.0	0.0	0.0	0.0	0.0	0.0	0.0	0.0	0.0	0.0	0.0	0.0	0.0
11.65	0.0	0.0	0.0	0.0	0.0	0.0	0.0	0.0	0.0	0.0	0.0	0.0	0.0	0.0	0.0	0.0	0.0	0.0	0.0	0.0
11.75	0.0	0.0	0.0	0.0	0.0	0.0	0.0	0.0	0.0	0.0	0.0	0.0	0.0	0.0	0.0	0.0	0.0	0.0	0.0	0.0
11.85	0.0	0.0	0.0	0.0	0.0	0.0	0.0	0.0	0.0	0.0	0.0	0.0	0.0	0.0	0.0	0.0	0.0	0.0	0.0	0.0
11.95	0.0	0.0	0.0	0.0	0.0	0.0	0.0	0.0	0.0	0.0	0.0	0.0	0.0	0.0	0.0	0.0	0.0	0.0	0.0	0.0
12.05	0.0	0.0	0.0	0.0	0.0	0.0	0.0	0.0	0.0	0.0	0.0	0.0	0.0	0.0	0.0	0.0	0.0	0.0	0.0	0.0
12.15	0.0	0.0	0.0	0.0	0.0	0.0	0.0	0.0	0.0	0.0	0.0	0.0	0.0	0.0	0.0	0.0	0.0	0.0	0.0	0.0
12.25	0.0	0.0	0.0	0.0	0.0	0.0	0.0	0.0	0.0	0.0	0.0	0.0	0.0	0.0	0.0	0.0	0.0	0.0	0.0	0.0
12.35	0.0	0.0	0.0	0.0	0.0	0.0	0.0	0.0	0.0	0.0	0.0	0.0	0.0	0.0	0.0	0.0	0.0	0.0	0.0	0.0
12.45	0.0	0.0	0.0	0.0	0.0	0.0	0.0	0.0	0.0	0.0	0.0	0.0	0.0	0.0	0.0	0.0	0.0	0.0	0.0	0.0
12.55	0.0	0.0	0.0	0.0	0.0	0.0	0.0	0.0	0.0	0.0	0.0	0.0	0.0	0.0	0.0	0.0	0.0	0.0	0.0	0.0
12.65	0.0	0.0	0.0	0.0	0.0	0.0	0.0	0.0	0.0	0.0	0.0	0.0	0.0	0.0	0.0	0.0	0.0	0.0	0.0	0.0
12.75	0.0	0.0	0.0	0.0	0.0	0.0	0.0	0.0	0.0	0.0	0.0	0.0	0.0	0.0	0.0	0.0	0.0	0.0	0.0	0.0
12.85	0.0	0.0	0.0	0.0	0.0	0.0	0.0	0.0	0.0	0.0	0.0	0.0	0.0	0.0	0.0	0.0	0.0	0.0	0.0	0.0
12.95	0.0	0.0	0.0	0.0	0.0	0.0	0.0	0.0	0.0	0.0	0.0	0.0	0.0	0.0	0.0	0.0	0.0	0.0	0.0	0.0
13.05	0.0	0.0	0.0	0.0	0.0	0.0	0.0	0.0	0.0	0.0	0.0	0.0	0.0	0.0	0.0	0.0	0.0	0.0	0.0	0.0
13.15	0.0	0.0	0.0	0.0	0.0	0.0	0.0	0.0	0.0	0.0	0.0	0.0	0.0	0.0	0.0	0.0	0.0	0.0	0.0	0.0
13.25	0.0	0.0	0.0	0.0	0.0	0.0	0.0	0.0	0.0	0.0	0.0	0.0	0.0	0.0	0.0	0.0	0.0	0.0	0.0	0.0
13.35	0.0	0.0	0.0	0.0	0.0	0.0	0.0	0.0	0.0	0.0	0.0	0.0	0.0	0.0	0.0	0.0	0.0	0.0	0.0	0.0
13.45	0.0	0.0	0.0	0.0	0.0	0.0	0.0	0.0	0.0	0.0	0.0	0.0	0.0	0.0	0.0	0.0	0.0	0.0	0.0	0.0
13.55	0.0	0.0	0.0	0.0	0.0	0.0	0.0	0.0	0.0	0.0	0.0	0.0	0.0	0.0	0.0	0.0	0.0	0.0	0.0	0.0
13.65	0.0	0.0	0.0	0.0	0.0	0.0	0.0	0.0	0.0	0.0	0.0	0.0	0.0	0.0	0.0	0.0	0.0	0.0	0.0	0.0
13.75	0.0	0.0	0.0	0.0	0.0	0.0	0.0	0.0	0.0	0.0	0.0	0.0	0.0	0.0	0.0	0.0	0.0	0.0	0.0	0.0
13.85	0.0	0.0	0.0	0.0	0.0	0.0	0.0	0.0	0.0	0.0	0.0	0.0	0.0	0.0	0.0	0.0	0.0	0.0	0.0	0.0
13.95	0.0	0.0	0.0	0.0	0.0	0.0	0.0	0.0	0.0	0.0	0.0	0.0	0.0	0.0	0.0	0.0	0.0	0.0	0.0	0.0
14.05	0.0	0.0	0.0	0.0	0.0	0.0	0.0	0.0	0.0	0.0	0.0	0.0	0.0	0.0	0.0	0.0	0.0	0.0	0.0	0.0
14.15	0.0	0.0	0.0	0.0	0.0	0.0	0.0	0.0	0.0	0.0	0.0	0.0	0.0	0.0	0.0	0.0	0.0	0.0	0.0	0.0
14.25	0.0	0.0	0.0	0.0	0.0	0.0	0.0	0.0	0.0	0.0	0.0	0.0	0.0	0.0	0.0	0.0	0.0	0.0	0.0	0.0
14.35	0.0	0.0	0.0	0.0	0.0	0.0	0.0	0.0	0.0	0.0	0.0	0.0	0.0	0.0	0.0	0.0	0.0	0.0	0.0	0.0
14.45	0.0	0.0	0.0	0.0	0.0	0.0	0.0	0.0	0.0	0.0	0.0	0.0	0.0	0.0	0.0	0.0	0.0	0.0	0.0	0.0
14.55	0.0	0.0	0.0	0.0	0.0	0.0	0.0	0.0	0.0	0.0	0.0	0.0	0.0	0.0	0.0	0.0	0.0	0.0	0.0	0.0
14.65	0.0	0.0	0.0	0.0	0.0	0.0	0.0	0.0	0.0	0.0	0.0	0.0	0.0	0.0	0.0	0.0	0.0	0.0	0.0	0.0
14.75	0.0	0.0	0.0	0.0	0.0	0.0	0.0	0.0	0.0	0.0	0.0	0.0	0.0	0.0	0.0	0.0	0.0	0.0	0.0	0.0
14.85	0.0	0.0	0.0	0.0	0.0	0.0	0.0	0.0	0.0	0.0	0.0	0.0	0.0	0.0	0.0	0.0	0.0	0.0	0.0	0.0
14.95	0.0	0.0	0.0	0.0	0.0	0.0	0.0	0.0	0.0	0.0	0.0	0.0	0.0	0.0	0.0	0.0	0.0	0.0	0.0	0.0
15.05	0.0	0.0	0.0	0.0	0.0	0.0	0.0	0.0	0.0	0.0	0.0	0.0	0.0	0.0	0.0	0.0	0.0	0.0	0.0	0.0
15.15	0.0	0.0	0.0	0.0	0.0	0.0	0.0	0.0	0.0	0.0	0.0	0.0	0.0	0.0	0.0	0.0	0.0	0.0	0.0	0.0
15.25	0.0	0.0	0.0	0.0	0.0	0.0	0.0	0.0	0.0	0.0	0.0	0.0	0.0	0.0	0.0	0.0	0.0	0.0	0.0	0.0
15.35	0.0	0.0	0.0	0.0	0.0	0.0	0.0	0.0	0.0	0.0	0.0	0.0	0.0	0.0	0.0	0.0	0.0	0.0	0.0	0.0
15.45	0.0	0.0	0.0	0.0	0.0	0.0	0.0	0.0	0.0	0.0	0.0	0.0	0.0	0.0	0.0	0.0	0.0	0.0	0.0	0.0
15.55	0.0	0.0	0.0	0.0	0.0	0.0	0.0	0.0	0.0	0.0	0.0	0.0	0.0	0.0	0.0	0.0	0.0	0.0	0.0	0.0
15.65	0.0	0.0	0.0	0.0	0.0	0.0	0.0	0.0	0.0	0.0	0.0	0.0	0.0	0.0	0.0	0.0	0.0	0.0	0.0	0.0
15.75	0.0	0.0	0.0	0.0	0.0	0.0	0.0	0.0	0.0	0.0	0.0	0.0	0.0	0.0	0.0	0.0	0.0	0.0	0.0	0.0
15.85	0.0	0.0	0.0	0.0	0.0	0.0	0.0	0.0	0.0	0.0	0.0	0.0	0.0	0.0	0.0	0.0	0.0	0.0	0.0	0.0
15.95	0.0	0.0	0.0	0.0	0.0	0.0	0.0	0.0	0.0	0.0	0.0	0.0	0.0	0.0	0.0	0.0	0.0	0.0	0.0	0.0
