E	iter1	iter2	iter3	iter4	iter5	iter6	iter7	iter8	iter9	iter10	iter11	iter12	iter13	iter14	iter15	iter16	iter17	iter18	iter19	iter20
-68.75	84.65	84.65	84.65	84.65	84.65	84.65	84.65	84.65	84.65	84.65	84.65	84.65	78.74075314317398	70.89464592509455	68.80386966760138	66.71878447825755	61.384864712416416	60.298504458102514	57.63540727924739	56.31561339690454
-68.65	84.45000000000002	84.45000000000002	84.45000000000002	84.45000000000002	84.45000000000002	84.45000000000002	84.45000000000002	84.45000000000002	84.45000000000002	84.45000000000002	84.45000000000002	84.45000000000002	78.54075314317399	70.69464592509456	68.60386966760139	66.51878447825756	61.18486471241643	60.098504458102525	57.4354072792474	56.11561339690455
-68.55	84.25	84.25	84.25	84.25	84.25	84.25	84.25	84.25	84.25	84.25	84.25	84.25	78.34075314317397	70.49464592509455	68.40386966760137	66.31878447825754	60.98486471241641	59.89850445810251	57.23540727924738	55.91561339690453
-68.45	84.05000000000001	84.05000000000001	84.05000000000001	84.05000000000001	84.05000000000001	84.05000000000001	84.05000000000001	84.05000000000001	84.05000000000001	84.05000000000001	84.05000000000001	84.05000000000001	78.14075314317398	70.29464592509456	68.20386966760138	66.11878447825755	60.78486471241642	59.69850445810252	57.035407279247394	55.715613396904544
-68.35	83.85	83.85	83.85	83.85	83.85	83.85	83.85	83.85	83.85	83.85	83.85	83.85	77.94075314317396	70.09464592509454	68.00386966760136	65.91878447825754	60.584864712416405	59.4985044581025	56.83540727924738	55.51561339690453
-68.25	83.65	83.65	83.65	83.65	83.65	83.65	83.65	83.65	83.65	83.65	83.65	83.65	77.74075314317398	69.89464592509455	67.80386966760138	65.71878447825755	60.384864712416416	59.298504458102514	56.63540727924739	55.31561339690454
-68.15	83.45000000000002	83.45000000000002	83.45000000000002	83.45000000000002	83.45000000000002	83.45000000000002	83.45000000000002	83.45000000000002	83.45000000000002	83.45000000000002	83.45000000000002	83.45000000000002	77.54075314317399	69.69464592509456	67.60386966760139	65.51878447825756	60.18486471241643	59.098504458102525	56.4354072792474	55.11561339690455
-68.05	83.25	83.25	83.25	83.25	83.25	83.25	83.25	83.25	83.25	83.25	83.25	83.25	77.34075314317397	69.49464592509455	67.40386966760137	65.31878447825754	59.98486471241641	58.89850445810251	56.23540727924738	54.91561339690453
-67.95	83.05000000000001	83.05000000000001	83.05000000000001	83.05000000000001	83.05000000000001	83.05000000000001	83.05000000000001	83.05000000000001	83.05000000000001	83.05000000000001	83.05000000000001	83.05000000000001	77.14075314317398	69.29464592509456	67.20386966760138	65.11878447825755	59.78486471241642	58.69850445810252	56.035407279247394	54.715613396904544
-67.85	82.85	82.85	82.85	82.85	82.85	82.85	82.85	82.85	82.85	82.85	82.85	82.85	76.94075314317396	69.09464592509454	67.00386966760136	64.91878447825754	59.584864712416405	58.4985044581025	55.83540727924738	54.51561339690453
-67.75	82.65	82.65	82.65	82.65	82.65	82.65	82.65	82.65	82.65	82.65	82.65	82.65	76.74075314317398	68.89464592509455	66.80386966760138	64.71878447825755	59.384864712416416	58.298504458102514	55.63540727924739	54.31561339690454
-67.65	82.45000000000002	82.45000000000002	82.45000000000002	82.45000000000002	82.45000000000002	82.45000000000002	82.45000000000002	82.45000000000002	82.45000000000002	82.45000000000002	82.45000000000002	82.45000000000002	76.54075314317399	68.69464592509456	66.60386966760139	64.51878447825756	59.18486471241643	58.098504458102525	55.4354072792474	54.11561339690455
-67.55	82.25	82.25	82.25	82.25	82.25	82.25	82.25	82.25	82.25	82.25	82.25	82.25	76.34075314317397	68.49464592509455	66.40386966760137	64.31878447825754	58.98486471241641	57.89850445810251	55.23540727924738	53.91561339690453
-67.45	82.05000000000001	82.05000000000001	82.05000000000001	82.05000000000001	82.05000000000001	82.05000000000001	82.05000000000001	82.05000000000001	82.05000000000001	82.05000000000001	82.05000000000001	82.05000000000001	76.14075314317398	68.29464592509456	66.20386966760138	64.11878447825755	58.78486471241642	57.69850445810252	55.035407279247394	53.715613396904544
-67.35	81.85	81.85	81.85	81.85	81.85	81.85	81.85	81.85	81.85	81.85	81.85	81.85	75.94075314317396	68.09464592509454	66.00386966760136	63.918784478257535	58.584864712416405	57.4985044581025	54.83540727924738	53.51561339690453
-67.25	81.65	81.65	81.65	81.65	81.65	81.65	81.65	81.65	81.65	81.65	81.65	81.65	75.74075314317398	67.89464592509455	65.80386966760138	63.71878447825755	58.384864712416416	57.298504458102514	54.63540727924739	53.31561339690454
-67.15	81.45000000000002	81.45000000000002	81.45000000000002	81.45000000000002	81.45000000000002	81.45000000000002	81.45000000000002	81.45000000000002	81.45000000000002	81.45000000000002	81.45000000000002	81.45000000000002	75.54075314317399	67.69464592509456	65.60386966760139	63.51878447825756	58.18486471241643	57.098504458102525	54.4354072792474	53.11561339690455
-67.05	81.25	81.25	81.25	81.25	81.25	81.25	81.25	81.25	81.25	81.25	81.25	81.25	75.34075314317397	67.49464592509455	65.40386966760137	63.31878447825754	57.98486471241641	56.89850445810251	54.23540727924738	52.91561339690453
-66.95	81.05000000000001	81.05000000000001	81.05000000000001	81.05000000000001	81.05000000000001	81.05000000000001	81.05000000000001	81.05000000000001	81.05000000000001	81.05000000000001	81.05000000000001	81.05000000000001	75.14075314317398	67.29464592509456	65.20386966760138	63.11878447825755	57.78486471241642	56.69850445810252	54.035407279247394	52.715613396904544
-66.85	80.85	80.85	80.85	80.85	80.85	80.85	80.85	80.85	80.85	80.85	80.85	80.85	74.94075314317396	67.09464592509454	65.00386966760136	62.918784478257535	57.584864712416405	56.4985044581025	53.83540727924738	52.51561339690453
-66.75	80.65	80.65	80.65	80.65	80.65	80.65	80.65	80.65	80.65	80.65	80.65	80.65	74.74075314317398	66.89464592509455	64.80386966760138	62.71878447825755	57.384864712416416	56.298504458102514	53.63540727924739	52.31561339690454
-66.65	80.45000000000002	80.45000000000002	80.45000000000002	80.45000000000002	80.45000000000002	80.45000000000002	80.45000000000002	80.45000000000002	80.45000000000002	80.45000000000002	80.45000000000002	80.45000000000002	74.54075314317399	66.69464592509456	64.60386966760139	62.51878447825756	57.18486471241643	56.098504458102525	53.4354072792474	52.11561339690455
-66.55	80.25	80.25	80.25	80.25	80.25	80.25	80.25	80.25	80.25	80.25	80.25	80.25	74.34075314317397	66.49464592509455	64.40386966760137	62.31878447825754	56.98486471241641	55.89850445810251	53.23540727924738	51.91561339690453
-66.45	80.05000000000001	80.05000000000001	80.05000000000001	80.05000000000001	80.05000000000001	80.05000000000001	80.05000000000001	80.05000000000001	80.05000000000001	80.05000000000001	80.05000000000001	80.05000000000001	74.14075314317398	66.29464592509456	64.20386966760138	62.11878447825755	56.78486471241642	55.69850445810252	53.035407279247394	51.715613396904544
-66.35	79.85	79.85	79.85	79.85	79.85	79.85	79.85	79.85	79.85	79.85	79.85	79.85	73.94075314317396	66.09464592509454	64.00386966760136	61.918784478257535	56.584864712416405	55.4985044581025	52.83540727924738	51.51561339690453
-66.25	79.65	79.65	79.65	79.65	79.65	79.65	79.65	79.65	79.65	79.65	79.65	79.65	73.74075314317398	65.89464592509455	63.803869667601376	61.71878447825755	56.384864712416416	55.298504458102514	52.63540727924739	51.31561339690454
-66.15	79.45000000000002	79.45000000000002	79.45000000000002	79.45000000000002	79.45000000000002	79.45000000000002	79.45000000000002	79.45000000000002	79.45000000000002	79.45000000000002	79.45000000000002	79.45000000000002	73.54075314317399	65.69464592509456	63.60386966760139	61.51878447825756	56.18486471241643	55.098504458102525	52.4354072792474	51.11561339690455
-66.05	79.25	79.25	79.25	79.25	79.25	79.25	79.25	79.25	79.25	79.25	79.25	79.25	73.34075314317397	65.49464592509455	63.40386966760137	61.31878447825754	55.98486471241641	54.89850445810251	52.23540727924738	50.91561339690453
-65.95	79.05000000000001	79.05000000000001	79.05000000000001	79.05000000000001	79.05000000000001	79.05000000000001	79.05000000000001	79.05000000000001	79.05000000000001	79.05000000000001	79.05000000000001	79.05000000000001	73.14075314317398	65.29464592509456	63.20386966760138	61.11878447825755	55.78486471241642	54.69850445810252	52.035407279247394	50.715613396904544
-65.85	78.85	78.85	78.85	78.85	78.85	78.85	78.85	78.85	78.85	78.85	78.85	78.85	72.94075314317396	65.09464592509454	63.003869667601364	60.918784478257535	55.584864712416405	54.4985044581025	51.83540727924738	50.51561339690453
-65.75	78.65	78.65	78.65	78.65	78.65	78.65	78.65	78.65	78.65	78.65	78.65	78.65	72.74075314317398	64.89464592509455	62.803869667601376	60.71878447825755	55.384864712416416	54.298504458102514	51.63540727924739	50.31561339690454
-65.65	78.45000000000002	78.45000000000002	78.45000000000002	78.45000000000002	78.45000000000002	78.45000000000002	78.45000000000002	78.45000000000002	78.45000000000002	78.45000000000002	78.45000000000002	78.45000000000002	72.54075314317399	64.69464592509456	62.60386966760139	60.51878447825756	55.18486471241643	54.098504458102525	51.4354072792474	50.11561339690455
-65.55	78.25	78.25	78.25	78.25	78.25	78.25	78.25	78.25	78.25	78.25	78.25	78.25	72.34075314317397	64.49464592509455	62.40386966760137	60.31878447825754	54.98486471241641	53.89850445810251	51.23540727924738	49.91561339690453
-65.45	78.05000000000001	78.05000000000001	78.05000000000001	78.05000000000001	78.05000000000001	78.05000000000001	78.05000000000001	78.05000000000001	78.05000000000001	78.05000000000001	78.05000000000001	78.05000000000001	72.14075314317398	64.29464592509456	62.20386966760138	60.11878447825755	54.78486471241642	53.69850445810252	51.035407279247394	49.715613396904544
-65.35	77.85	77.85	77.85	77.85	77.85	77.85	77.85	77.85	77.85	77.85	77.85	77.85	71.94075314317396	64.09464592509454	62.003869667601364	59.918784478257535	54.584864712416405	53.4985044581025	50.83540727924738	49.51561339690453
-65.25	77.65	77.65	77.65	77.65	77.65	77.65	77.65	77.65	77.65	77.65	77.65	77.65	71.74075314317398	63.89464592509456	61.803869667601376	59.71878447825755	54.384864712416416	53.298504458102514	50.63540727924739	49.31561339690454
-65.15	77.45000000000002	77.45000000000002	77.45000000000002	77.45000000000002	77.45000000000002	77.45000000000002	77.45000000000002	77.45000000000002	77.45000000000002	77.45000000000002	77.45000000000002	77.45000000000002	71.54075314317399	63.69464592509457	61.60386966760139	59.51878447825756	54.18486471241643	53.098504458102525	50.4354072792474	49.11561339690455
-65.05	77.25	77.25	77.25	77.25	77.25	77.25	77.25	77.25	77.25	77.25	77.25	77.25	71.34075314317397	63.49464592509455	61.40386966760137	59.31878447825754	53.98486471241641	52.89850445810251	50.23540727924738	48.91561339690453
-64.95	77.05000000000001	77.05000000000001	77.05000000000001	77.05000000000001	77.05000000000001	77.05000000000001	77.05000000000001	77.05000000000001	77.05000000000001	77.05000000000001	77.05000000000001	77.05000000000001	71.14075314317398	63.294645925094564	61.20386966760138	59.11878447825755	53.78486471241642	52.69850445810252	50.035407279247394	48.715613396904544
-64.85	76.85	76.85	76.85	76.85	76.85	76.85	76.85	76.85	76.85	76.85	76.85	76.85	70.94075314317396	63.09464592509455	61.003869667601364	58.918784478257535	53.584864712416405	52.4985044581025	49.83540727924738	48.51561339690453
-64.75	76.65	76.65	76.65	76.65	76.65	76.65	76.65	76.65	76.65	76.65	76.65	76.65	70.74075314317398	62.89464592509456	60.803869667601376	58.71878447825755	53.384864712416416	52.298504458102514	49.63540727924739	48.31561339690454
-64.65	76.45000000000002	76.45000000000002	76.45000000000002	76.45000000000002	76.45000000000002	76.45000000000002	76.45000000000002	76.45000000000002	76.45000000000002	76.45000000000002	76.45000000000002	76.45000000000002	70.54075314317399	62.69464592509457	60.60386966760139	58.51878447825756	53.18486471241643	52.098504458102525	49.4354072792474	48.11561339690455
-64.55	76.25	76.25	76.25	76.25	76.25	76.25	76.25	76.25	76.25	76.25	76.25	76.25	70.34075314317397	62.49464592509455	60.40386966760137	58.31878447825754	52.98486471241641	51.89850445810251	49.23540727924738	47.91561339690453
-64.45	76.05000000000001	76.05000000000001	76.05000000000001	76.05000000000001	76.05000000000001	76.05000000000001	76.05000000000001	76.05000000000001	76.05000000000001	76.05000000000001	76.05000000000001	76.05000000000001	70.14075314317398	62.294645925094564	60.20386966760138	58.11878447825755	52.78486471241642	51.69850445810252	49.035407279247394	47.715613396904544
-64.35	75.85	75.85	75.85	75.85	75.85	75.85	75.85	75.85	75.85	75.85	75.85	75.85	69.94075314317396	62.09464592509455	60.003869667601364	57.918784478257535	52.584864712416405	51.4985044581025	48.83540727924738	47.51561339690453
-64.25	75.65	75.65	75.65	75.65	75.65	75.65	75.65	75.65	75.65	75.65	75.65	75.65	69.74075314317398	61.89464592509456	59.803869667601376	57.71878447825755	52.384864712416416	51.298504458102514	48.63540727924739	47.31561339690454
-64.15	75.45000000000002	75.45000000000002	75.45000000000002	75.45000000000002	75.45000000000002	75.45000000000002	75.45000000000002	75.45000000000002	75.45000000000002	75.45000000000002	75.45000000000002	75.45000000000002	69.54075314317399	61.69464592509457	59.60386966760139	57.51878447825756	52.18486471241643	51.098504458102525	48.4354072792474	47.11561339690455
-64.05	75.25	75.25	75.25	75.25	75.25	75.25	75.25	75.25	75.25	75.25	75.25	75.25	69.34075314317397	61.49464592509455	59.40386966760137	57.31878447825754	51.98486471241641	50.89850445810251	48.23540727924738	46.91561339690453
-63.95	75.05000000000001	75.05000000000001	75.05000000000001	75.05000000000001	75.05000000000001	75.05000000000001	75.05000000000001	75.05000000000001	75.05000000000001	75.05000000000001	75.05000000000001	75.05000000000001	69.14075314317398	61.294645925094564	59.20386966760138	57.11878447825755	51.78486471241642	50.69850445810252	48.035407279247394	46.715613396904544
-63.85	74.85000000000001	74.85000000000001	74.85000000000001	74.85000000000001	74.85000000000001	74.85000000000001	74.85000000000001	74.85000000000001	74.85000000000001	74.85000000000001	74.85000000000001	74.85000000000001	68.94075314317398	61.09464592509456	59.00386966760138	56.91878447825755	51.58486471241642	50.498504458102516	47.83540727924739	46.51561339690454
-63.75	74.65	74.65	74.65	74.65	74.65	74.65	74.65	74.65	74.65	74.65	74.65	74.65	68.74075314317398	60.89464592509456	58.803869667601376	56.71878447825755	51.384864712416416	50.298504458102514	47.63540727924739	46.31561339690454
-63.65	74.45	74.45	74.45	74.45	74.45	74.45	74.45	74.45	74.45	74.45	74.45	74.45	68.54075314317397	60.694645925094555	58.60386966760137	56.518784478257544	51.18486471241641	50.09850445810251	47.435407279247386	46.115613396904536
-63.55	74.25	74.25	74.25	74.25	74.25	74.25	74.25	74.25	74.25	74.25	74.25	74.25	68.34075314317397	60.49464592509455	58.40386966760137	56.31878447825754	50.98486471241641	49.89850445810251	47.23540727924738	45.91561339690453
-63.45	74.05000000000001	74.05000000000001	74.05000000000001	74.05000000000001	74.05000000000001	74.05000000000001	74.05000000000001	74.05000000000001	74.05000000000001	74.05000000000001	74.05000000000001	74.05000000000001	68.14075314317398	60.294645925094564	58.20386966760138	56.11878447825755	50.78486471241642	49.69850445810252	47.035407279247394	45.715613396904544
-63.35	73.85000000000001	73.85000000000001	73.85000000000001	73.85000000000001	73.85000000000001	73.85000000000001	73.85000000000001	73.85000000000001	73.85000000000001	73.85000000000001	73.85000000000001	73.85000000000001	67.94075314317398	60.09464592509456	58.00386966760138	55.91878447825755	50.58486471241642	49.498504458102516	46.83540727924739	45.51561339690454
-63.25	73.65	73.65	73.65	73.65	73.65	73.65	73.65	73.65	73.65	73.65	73.65	73.65	67.74075314317398	59.89464592509456	57.803869667601376	55.71878447825755	50.384864712416416	49.298504458102514	46.63540727924739	45.31561339690454
-63.15	73.45	73.45	73.45	73.45	73.45	73.45	73.45	73.45	73.45	73.45	73.45	73.45	67.54075314317397	59.694645925094555	57.60386966760137	55.518784478257544	50.18486471241641	49.09850445810251	46.435407279247386	45.115613396904536
-63.05	73.25	73.25	73.25	73.25	73.25	73.25	73.25	73.25	73.25	73.25	73.25	73.25	67.34075314317397	59.49464592509455	57.40386966760137	55.31878447825754	49.98486471241641	48.89850445810251	46.23540727924738	44.91561339690453
-62.95	73.05000000000001	73.05000000000001	73.05000000000001	73.05000000000001	73.05000000000001	73.05000000000001	73.05000000000001	73.05000000000001	73.05000000000001	73.05000000000001	73.05000000000001	73.05000000000001	67.14075314317398	59.294645925094564	57.20386966760138	55.11878447825755	49.78486471241642	48.69850445810252	46.035407279247394	44.715613396904544
-62.85	72.85000000000001	72.85000000000001	72.85000000000001	72.85000000000001	72.85000000000001	72.85000000000001	72.85000000000001	72.85000000000001	72.85000000000001	72.85000000000001	72.85000000000001	72.85000000000001	66.94075314317398	59.09464592509456	57.00386966760138	54.91878447825755	49.58486471241642	48.498504458102516	45.83540727924739	44.51561339690454
-62.75	72.65	72.65	72.65	72.65	72.65	72.65	72.65	72.65	72.65	72.65	72.65	72.65	66.74075314317398	58.89464592509456	56.803869667601376	54.71878447825755	49.384864712416416	48.298504458102514	45.63540727924739	44.31561339690454
-62.65	72.45	72.45	72.45	72.45	72.45	72.45	72.45	72.45	72.45	72.45	72.45	72.45	66.54075314317397	58.694645925094555	56.60386966760137	54.518784478257544	49.18486471241641	48.09850445810251	45.435407279247386	44.115613396904536
-62.55	72.25	72.25	72.25	72.25	72.25	72.25	72.25	72.25	72.25	72.25	72.25	72.25	66.34075314317397	58.49464592509455	56.40386966760137	54.31878447825754	48.98486471241641	47.89850445810251	45.23540727924738	43.91561339690453
-62.45	72.05000000000001	72.05000000000001	72.05000000000001	72.05000000000001	72.05000000000001	72.05000000000001	72.05000000000001	72.05000000000001	72.05000000000001	72.05000000000001	72.05000000000001	72.05000000000001	66.14075314317398	58.294645925094564	56.20386966760138	54.11878447825755	48.78486471241642	47.69850445810252	45.035407279247394	43.715613396904544
-62.35	71.85000000000001	71.85000000000001	71.85000000000001	71.85000000000001	71.85000000000001	71.85000000000001	71.85000000000001	71.85000000000001	71.85000000000001	71.85000000000001	71.85000000000001	71.85000000000001	65.94075314317398	58.09464592509456	56.00386966760138	53.91878447825755	48.58486471241642	47.498504458102516	44.83540727924739	43.51561339690454
-62.25	71.65	71.65	71.65	71.65	71.65	71.65	71.65	71.65	71.65	71.65	71.65	71.65	65.74075314317398	57.89464592509456	55.803869667601376	53.71878447825755	48.384864712416416	47.298504458102514	44.63540727924739	43.31561339690454
-62.15	71.45	71.45	71.45	71.45	71.45	71.45	71.45	71.45	71.45	71.45	71.45	71.45	65.54075314317397	57.694645925094555	55.60386966760137	53.518784478257544	48.18486471241641	47.09850445810251	44.435407279247386	43.115613396904536
-62.05	71.25	71.25	71.25	71.25	71.25	71.25	71.25	71.25	71.25	71.25	71.25	71.25	65.34075314317397	57.49464592509455	55.40386966760137	53.31878447825754	47.98486471241641	46.89850445810251	44.23540727924738	42.91561339690453
-61.95	71.05000000000001	71.05000000000001	71.05000000000001	71.05000000000001	71.05000000000001	71.05000000000001	71.05000000000001	71.05000000000001	71.05000000000001	71.05000000000001	71.05000000000001	71.05000000000001	65.14075314317398	57.294645925094564	55.20386966760138	53.11878447825755	47.78486471241642	46.69850445810252	44.035407279247394	42.715613396904544
-61.85	70.85000000000001	70.85000000000001	70.85000000000001	70.85000000000001	70.85000000000001	70.85000000000001	70.85000000000001	70.85000000000001	70.85000000000001	70.85000000000001	70.85000000000001	70.85000000000001	64.94075314317398	57.09464592509456	55.00386966760138	52.91878447825755	47.58486471241642	46.498504458102516	43.83540727924739	42.51561339690454
-61.75	70.65	70.65	70.65	70.65	70.65	70.65	70.65	70.65	70.65	70.65	70.65	70.65	64.74075314317398	56.89464592509456	54.803869667601376	52.71878447825755	47.384864712416416	46.298504458102514	43.63540727924739	42.31561339690454
-61.65	70.45	70.45	70.45	70.45	70.45	70.45	70.45	70.45	70.45	70.45	70.45	70.45	64.54075314317397	56.694645925094555	54.60386966760137	52.518784478257544	47.18486471241641	46.09850445810251	43.435407279247386	42.115613396904536
-61.55	70.25	70.25	70.25	70.25	70.25	70.25	70.25	70.25	70.25	70.25	70.25	70.25	64.34075314317397	56.49464592509455	54.40386966760137	52.31878447825754	46.98486471241641	45.89850445810251	43.23540727924738	41.91561339690453
-61.45	70.05000000000001	70.05000000000001	70.05000000000001	70.05000000000001	70.05000000000001	70.05000000000001	70.05000000000001	70.05000000000001	70.05000000000001	70.05000000000001	70.05000000000001	70.05000000000001	64.14075314317398	56.294645925094564	54.20386966760138	52.11878447825755	46.78486471241642	45.69850445810252	43.035407279247394	41.715613396904544
-61.35	69.85000000000001	69.85000000000001	69.85000000000001	69.85000000000001	69.85000000000001	69.85000000000001	69.85000000000001	69.85000000000001	69.85000000000001	69.85000000000001	69.85000000000001	69.85000000000001	63.94075314317398	56.09464592509456	54.00386966760138	51.91878447825755	46.58486471241642	45.498504458102516	42.83540727924739	41.51561339690454
-61.25	69.65	69.65	69.65	69.65	69.65	69.65	69.65	69.65	69.65	69.65	69.65	69.65	63.740753143173976	55.89464592509456	53.803869667601376	51.71878447825755	46.384864712416416	45.298504458102514	42.63540727924739	41.31561339690454
-61.15	69.45	69.45	69.45	69.45	69.45	69.45	69.45	69.45	69.45	69.45	69.45	69.45	63.54075314317397	55.694645925094555	53.60386966760137	51.518784478257544	46.18486471241641	45.09850445810251	42.435407279247386	41.115613396904536
-61.05	69.25	69.25	69.25	69.25	69.25	69.25	69.25	69.25	69.25	69.25	69.25	69.25	63.34075314317397	55.49464592509455	53.40386966760137	51.31878447825754	45.98486471241641	44.89850445810251	42.23540727924738	40.91561339690453
-60.95	69.05000000000001	69.05000000000001	69.05000000000001	69.05000000000001	69.05000000000001	69.05000000000001	69.05000000000001	69.05000000000001	69.05000000000001	69.05000000000001	69.05000000000001	69.05000000000001	63.14075314317398	55.294645925094564	53.20386966760138	51.11878447825755	45.78486471241642	44.69850445810252	42.035407279247394	40.715613396904544
-60.85	68.85000000000001	68.85000000000001	68.85000000000001	68.85000000000001	68.85000000000001	68.85000000000001	68.85000000000001	68.85000000000001	68.85000000000001	68.85000000000001	68.85000000000001	68.85000000000001	62.94075314317398	55.09464592509456	53.00386966760138	50.91878447825755	45.58486471241642	44.498504458102516	41.83540727924739	40.51561339690454
-60.75	68.65	68.65	68.65	68.65	68.65	68.65	68.65	68.65	68.65	68.65	68.65	68.65	62.740753143173976	54.89464592509456	52.803869667601376	50.71878447825755	45.384864712416416	44.298504458102514	41.63540727924739	40.31561339690454
-60.65	68.45	68.45	68.45	68.45	68.45	68.45	68.45	68.45	68.45	68.45	68.45	68.45	62.54075314317397	54.694645925094555	52.60386966760137	50.518784478257544	45.18486471241641	44.09850445810251	41.435407279247386	40.115613396904536
-60.55	68.25	68.25	68.25	68.25	68.25	68.25	68.25	68.25	68.25	68.25	68.25	68.25	62.34075314317397	54.49464592509455	52.40386966760137	50.31878447825754	44.98486471241641	43.89850445810251	41.23540727924738	39.91561339690453
-60.45	68.05000000000001	68.05000000000001	68.05000000000001	68.05000000000001	68.05000000000001	68.05000000000001	68.05000000000001	68.05000000000001	68.05000000000001	68.05000000000001	68.05000000000001	68.05000000000001	62.14075314317398	54.294645925094564	52.20386966760138	50.11878447825755	44.78486471241642	43.69850445810252	41.035407279247394	39.715613396904544
-60.35	67.85000000000001	67.85000000000001	67.85000000000001	67.85000000000001	67.85000000000001	67.85000000000001	67.85000000000001	67.85000000000001	67.85000000000001	67.85000000000001	67.85000000000001	67.85000000000001	61.94075314317398	54.09464592509456	52.00386966760138	49.91878447825755	44.58486471241642	43.498504458102516	40.83540727924739	39.51561339690454
-60.25	67.65	67.65	67.65	67.65	67.65	67.65	67.65	67.65	67.65	67.65	67.65	67.65	61.740753143173976	53.89464592509456	51.803869667601376	49.71878447825755	44.384864712416416	43.298504458102514	40.63540727924739	39.31561339690454
-60.15	67.45	67.45	67.45	67.45	67.45	67.45	67.45	67.45	67.45	67.45	67.45	67.45	61.54075314317397	53.694645925094555	51.60386966760137	49.518784478257544	44.18486471241641	43.09850445810251	40.435407279247386	39.115613396904536
-60.05	67.25	67.25	67.25	67.25	67.25	67.25	67.25	67.25	67.25	67.25	67.25	67.25	61.34075314317397	53.49464592509455	51.40386966760137	49.31878447825754	43.98486471241641	42.89850445810251	40.23540727924738	38.91561339690453
-59.95	67.05000000000001	67.05000000000001	67.05000000000001	67.05000000000001	67.05000000000001	67.05000000000001	67.05000000000001	67.05000000000001	67.05000000000001	67.05000000000001	67.05000000000001	67.05000000000001	61.14075314317398	53.294645925094564	51.20386966760138	49.11878447825755	43.78486471241642	42.69850445810252	40.035407279247394	38.715613396904544
-59.85	66.85000000000001	66.85000000000001	66.85000000000001	66.85000000000001	66.85000000000001	66.85000000000001	66.85000000000001	66.85000000000001	66.85000000000001	66.85000000000001	66.85000000000001	66.85000000000001	60.94075314317398	53.09464592509456	51.00386966760138	48.91878447825755	43.58486471241642	42.498504458102516	39.83540727924739	38.51561339690454
-59.75	66.65	66.65	66.65	66.65	66.65	66.65	66.65	66.65	66.65	66.65	66.65	66.65	60.740753143173976	52.89464592509456	50.803869667601376	48.71878447825755	43.384864712416416	42.298504458102514	39.63540727924739	38.31561339690454
-59.65	66.45	66.45	66.45	66.45	66.45	66.45	66.45	66.45	66.45	66.45	66.45	66.45	60.54075314317397	52.694645925094555	50.60386966760137	48.518784478257544	43.18486471241641	42.09850445810251	39.435407279247386	38.115613396904536
-59.55	66.25	66.25	66.25	66.25	66.25	66.25	66.25	66.25	66.25	66.25	66.25	66.25	60.34075314317397	52.49464592509455	50.40386966760137	48.31878447825754	42.98486471241641	41.89850445810251	39.23540727924738	37.91561339690453
-59.45	66.05000000000001	66.05000000000001	66.05000000000001	66.05000000000001	66.05000000000001	66.05000000000001	66.05000000000001	66.05000000000001	66.05000000000001	66.05000000000001	66.05000000000001	66.05000000000001	60.14075314317398	52.294645925094564	50.20386966760138	48.11878447825755	42.78486471241642	41.69850445810252	39.035407279247394	37.715613396904544
-59.35	65.85000000000001	65.85000000000001	65.85000000000001	65.85000000000001	65.85000000000001	65.85000000000001	65.85000000000001	65.85000000000001	65.85000000000001	65.85000000000001	65.85000000000001	65.85000000000001	59.94075314317398	52.09464592509456	50.00386966760138	47.91878447825755	42.58486471241642	41.498504458102516	38.83540727924739	37.51561339690454
-59.25	65.65	65.65	65.65	65.65	65.65	65.65	65.65	65.65	65.65	65.65	65.65	65.65	59.740753143173976	51.89464592509456	49.803869667601376	47.71878447825755	42.384864712416416	41.298504458102514	38.63540727924739	37.31561339690454
-59.15	65.45	65.45	65.45	65.45	65.45	65.45	65.45	65.45	65.45	65.45	65.45	65.45	59.54075314317397	51.694645925094555	49.60386966760137	47.518784478257544	42.18486471241641	41.09850445810251	38.435407279247386	37.115613396904536
-59.05	65.25	65.25	65.25	65.25	65.25	65.25	65.25	65.25	65.25	65.25	65.25	65.25	59.34075314317397	51.49464592509455	49.40386966760137	47.31878447825754	41.98486471241641	40.89850445810251	38.23540727924738	36.91561339690453
-58.95	65.05000000000001	65.05000000000001	65.05000000000001	65.05000000000001	65.05000000000001	65.05000000000001	65.05000000000001	65.05000000000001	65.05000000000001	65.05000000000001	65.05000000000001	65.05000000000001	59.14075314317398	51.294645925094564	49.20386966760138	47.11878447825755	41.78486471241642	40.69850445810252	38.035407279247394	36.715613396904544
-58.85	64.85000000000001	64.85000000000001	64.85000000000001	64.85000000000001	64.85000000000001	64.85000000000001	64.85000000000001	64.85000000000001	64.85000000000001	64.85000000000001	64.85000000000001	64.85000000000001	58.94075314317398	51.09464592509456	49.00386966760138	46.91878447825755	41.58486471241642	40.498504458102516	37.83540727924739	36.51561339690454
-58.75	64.65	64.65	64.65	64.65	64.65	64.65	64.65	64.65	64.65	64.65	64.65	64.65	58.740753143173976	50.89464592509456	48.803869667601376	46.71878447825755	41.384864712416416	40.298504458102514	37.63540727924739	36.31561339690454
-58.65	64.45	64.45	64.45	64.45	64.45	64.45	64.45	64.45	64.45	64.45	64.45	64.45	58.54075314317397	50.694645925094555	48.60386966760137	46.518784478257544	41.18486471241641	40.09850445810251	37.435407279247386	36.115613396904536
-58.55	64.25	64.25	64.25	64.25	64.25	64.25	64.25	64.25	64.25	64.25	64.25	64.25	58.34075314317397	50.49464592509455	48.40386966760137	46.31878447825754	40.98486471241641	39.89850445810251	37.23540727924738	35.91561339690453
-58.45	64.05000000000001	64.05000000000001	64.05000000000001	64.05000000000001	64.05000000000001	64.05000000000001	64.05000000000001	64.05000000000001	64.05000000000001	64.05000000000001	64.05000000000001	64.05000000000001	58.14075314317398	50.294645925094564	48.20386966760138	46.11878447825755	40.78486471241642	39.69850445810252	37.035407279247394	35.715613396904544
-58.35	63.85	63.85000000000001	63.85000000000001	63.85000000000001	63.85000000000001	63.85000000000001	63.85000000000001	63.85000000000001	63.85000000000001	63.85000000000001	63.85000000000001	63.85000000000001	57.94075314317398	50.09464592509456	48.00386966760138	45.91878447825755	40.58486471241642	39.498504458102516	36.83540727924739	35.51561339690454
-58.25	63.65	63.650000000000006	63.650000000000006	63.650000000000006	63.650000000000006	63.650000000000006	63.650000000000006	63.650000000000006	63.650000000000006	63.650000000000006	63.650000000000006	63.650000000000006	57.740753143173976	49.89464592509456	47.803869667601376	45.71878447825755	40.384864712416416	39.298504458102514	36.63540727924739	35.31561339690454
-58.15	63.449999999999996	63.45	63.45	63.45	63.45	63.45	63.45	63.45	63.45	63.45	63.45	63.45	57.54075314317397	49.694645925094555	47.60386966760137	45.518784478257544	40.18486471241641	39.09850445810251	36.435407279247386	35.115613396904536
-58.05	63.24999999999999	63.25	63.25	63.25	63.25	63.25	63.25	63.25	63.25	63.25	63.25	63.25	57.34075314317397	49.49464592509455	47.40386966760137	45.31878447825754	39.98486471241641	38.89850445810251	36.23540727924738	34.91561339690453
-57.95	63.050000000000004	63.05000000000001	63.05000000000001	63.05000000000001	63.05000000000001	63.05000000000001	63.05000000000001	63.05000000000001	63.05000000000001	63.05000000000001	63.05000000000001	63.05000000000001	57.14075314317398	49.294645925094564	47.20386966760138	45.11878447825755	39.78486471241642	38.69850445810252	36.035407279247394	34.715613396904544
-57.85	62.85	62.85000000000001	62.85000000000001	62.85000000000001	62.85000000000001	62.85000000000001	62.85000000000001	62.85000000000001	62.85000000000001	62.85000000000001	62.85000000000001	62.85000000000001	56.94075314317398	49.09464592509456	47.00386966760138	44.91878447825755	39.58486471241642	38.498504458102516	35.83540727924739	34.51561339690454
-57.75	62.65	62.650000000000006	62.650000000000006	62.650000000000006	62.650000000000006	62.650000000000006	62.650000000000006	62.650000000000006	62.650000000000006	62.650000000000006	62.650000000000006	62.650000000000006	56.740753143173976	48.89464592509456	46.803869667601376	44.71878447825755	39.384864712416416	38.298504458102514	35.63540727924739	34.31561339690454
-57.65	62.449999999999996	62.45	62.45	62.45	62.45	62.45	62.45	62.45	62.45	62.45	62.45	62.45	56.54075314317397	48.694645925094555	46.60386966760137	44.518784478257544	39.18486471241641	38.09850445810251	35.435407279247386	34.115613396904536
-57.55	62.24999999999999	62.25	62.25	62.25	62.25	62.25	62.25	62.25	62.25	62.25	62.25	62.25	56.34075314317397	48.49464592509455	46.40386966760137	44.31878447825754	38.98486471241641	37.89850445810251	35.23540727924738	33.91561339690453
-57.45	62.050000000000004	62.05000000000001	62.05000000000001	62.05000000000001	62.05000000000001	62.05000000000001	62.05000000000001	62.05000000000001	62.05000000000001	62.05000000000001	62.05000000000001	62.05000000000001	56.14075314317398	48.294645925094564	46.20386966760138	44.11878447825755	38.78486471241642	37.69850445810252	35.035407279247394	33.715613396904544
-57.35	61.85	61.85000000000001	61.85000000000001	61.85000000000001	61.85000000000001	61.85000000000001	61.85000000000001	61.85000000000001	61.85000000000001	61.85000000000001	61.85000000000001	61.85000000000001	55.94075314317398	48.09464592509456	46.00386966760138	43.91878447825755	38.58486471241642	37.498504458102516	34.83540727924739	33.51561339690454
-57.25	61.65	61.650000000000006	61.650000000000006	61.650000000000006	61.650000000000006	61.650000000000006	61.650000000000006	61.650000000000006	61.650000000000006	61.650000000000006	61.650000000000006	61.650000000000006	55.740753143173976	47.89464592509456	45.803869667601376	43.71878447825755	38.384864712416416	37.298504458102514	34.63540727924739	33.31561339690454
-57.15	61.449999999999996	61.45	61.45	61.45	61.45	61.45	61.45	61.45	61.45	61.45	61.45	61.45	55.54075314317397	47.694645925094555	45.60386966760137	43.518784478257544	38.18486471241641	37.09850445810251	34.435407279247386	33.115613396904536
-57.05	61.24999999999999	61.25	61.25	61.25	61.25	61.25	61.25	61.25	61.25	61.25	61.25	61.25	55.34075314317397	47.49464592509455	45.40386966760137	43.31878447825754	37.98486471241641	36.89850445810251	34.23540727924738	32.91561339690453
-56.95	61.050000000000004	61.05000000000001	61.05000000000001	61.05000000000001	61.05000000000001	61.05000000000001	61.05000000000001	61.05000000000001	61.05000000000001	61.05000000000001	61.05000000000001	61.05000000000001	55.14075314317398	47.294645925094564	45.20386966760138	43.11878447825755	37.78486471241642	36.69850445810252	34.035407279247394	32.715613396904544
-56.85	60.85	60.85000000000001	60.85000000000001	60.85000000000001	60.85000000000001	60.85000000000001	60.85000000000001	60.85000000000001	60.85000000000001	60.85000000000001	60.85000000000001	60.85000000000001	54.94075314317398	47.09464592509456	45.00386966760138	42.91878447825755	37.58486471241642	36.498504458102516	33.83540727924739	32.51561339690454
-56.75	60.65	60.650000000000006	60.650000000000006	60.650000000000006	60.650000000000006	60.650000000000006	60.650000000000006	60.650000000000006	60.650000000000006	60.650000000000006	60.650000000000006	60.650000000000006	54.740753143173976	46.89464592509456	44.803869667601376	42.71878447825755	37.384864712416416	36.298504458102514	33.63540727924739	32.31561339690454
-56.65	60.449999999999996	60.45	60.45	60.45	60.45	60.45	60.45	60.45	60.45	60.45	60.45	60.45	54.54075314317397	46.694645925094555	44.60386966760137	42.518784478257544	37.18486471241641	36.09850445810251	33.435407279247386	32.115613396904536
-56.55	60.24999999999999	60.25	60.25	60.25	60.25	60.25	60.25	60.25	60.25	60.25	60.25	60.25	54.34075314317397	46.49464592509455	44.40386966760137	42.31878447825754	36.98486471241641	35.89850445810251	33.23540727924738	31.915613396904533
-56.45	60.050000000000004	60.05000000000001	60.05000000000001	60.05000000000001	60.05000000000001	60.05000000000001	60.05000000000001	60.05000000000001	60.05000000000001	60.05000000000001	60.05000000000001	60.05000000000001	54.14075314317398	46.294645925094564	44.20386966760138	42.11878447825755	36.78486471241642	35.69850445810252	33.035407279247394	31.715613396904544
-56.35	59.85	59.85000000000001	59.85000000000001	59.85000000000001	59.85000000000001	59.85000000000001	59.85000000000001	59.85000000000001	59.85000000000001	59.85000000000001	59.85000000000001	59.85000000000001	53.94075314317398	46.09464592509456	44.00386966760138	41.91878447825755	36.58486471241642	35.498504458102516	32.83540727924739	31.51561339690454
-56.25	59.65	59.650000000000006	59.650000000000006	59.650000000000006	59.650000000000006	59.650000000000006	59.650000000000006	59.650000000000006	59.650000000000006	59.650000000000006	59.650000000000006	59.650000000000006	53.740753143173976	45.89464592509456	43.803869667601376	41.71878447825755	36.384864712416416	35.298504458102514	32.63540727924739	31.31561339690454
-56.15	59.449999999999996	59.45	59.45	59.45	59.45	59.45	59.45	59.45	59.45	59.45	59.45	59.45	53.54075314317397	45.694645925094555	43.60386966760137	41.518784478257544	36.18486471241641	35.09850445810251	32.435407279247386	31.115613396904536
-56.05	59.24999999999999	59.25	59.25	59.25	59.25	59.25	59.25	59.25	59.25	59.25	59.25	59.25	53.34075314317397	45.49464592509455	43.40386966760137	41.31878447825754	35.98486471241641	34.89850445810251	32.23540727924738	30.915613396904533
-55.95	59.050000000000004	59.05000000000001	59.05000000000001	59.05000000000001	59.05000000000001	59.05000000000001	59.05000000000001	59.05000000000001	59.05000000000001	59.05000000000001	59.05000000000001	59.05000000000001	53.14075314317398	45.294645925094564	43.20386966760138	41.11878447825755	35.78486471241642	34.69850445810252	32.035407279247394	30.715613396904544
-55.85	58.85	58.85000000000001	58.85000000000001	58.85000000000001	58.85000000000001	58.85000000000001	58.85000000000001	58.85000000000001	58.85000000000001	58.85000000000001	58.85000000000001	58.85000000000001	52.94075314317398	45.09464592509456	43.00386966760138	40.91878447825755	35.58486471241642	34.498504458102516	31.83540727924739	30.51561339690454
-55.75	58.65	58.650000000000006	58.650000000000006	58.650000000000006	58.650000000000006	58.650000000000006	58.650000000000006	58.650000000000006	58.650000000000006	58.650000000000006	58.650000000000006	58.650000000000006	52.740753143173976	44.89464592509456	42.803869667601376	40.71878447825755	35.384864712416416	34.298504458102514	31.63540727924739	30.31561339690454
-55.65	58.449999999999996	58.45	58.45	58.45	58.45	58.45	58.45	58.45	58.45	58.45	58.45	58.45	52.54075314317397	44.694645925094555	42.60386966760137	40.518784478257544	35.18486471241641	34.09850445810251	31.435407279247386	30.115613396904536
-55.55	58.24999999999999	58.25	58.25	58.25	58.25	58.25	58.25	58.25	58.25	58.25	58.25	58.25	52.34075314317397	44.49464592509455	42.40386966760137	40.31878447825754	34.98486471241641	33.89850445810251	31.235407279247383	29.915613396904533
-55.45	58.050000000000004	58.05000000000001	58.05000000000001	58.05000000000001	58.05000000000001	58.05000000000001	58.05000000000001	58.05000000000001	58.05000000000001	58.05000000000001	58.05000000000001	58.05000000000001	52.14075314317398	44.294645925094564	42.20386966760138	40.11878447825755	34.78486471241642	33.69850445810252	31.035407279247394	29.715613396904544
-55.35	57.85	57.85000000000001	57.85000000000001	57.85000000000001	57.85000000000001	57.85000000000001	57.85000000000001	57.85000000000001	57.85000000000001	57.85000000000001	57.85000000000001	57.85000000000001	51.94075314317398	44.09464592509456	42.00386966760138	39.91878447825755	34.58486471241642	33.498504458102516	30.83540727924739	29.51561339690454
-55.25	57.65	57.650000000000006	57.650000000000006	57.650000000000006	57.650000000000006	57.650000000000006	57.650000000000006	57.650000000000006	57.650000000000006	57.650000000000006	57.650000000000006	57.650000000000006	51.740753143173976	43.89464592509456	41.803869667601376	39.71878447825755	34.384864712416416	33.298504458102514	30.63540727924739	29.31561339690454
-55.15	57.449999999999996	57.45	57.45	57.45	57.45	57.45	57.45	57.45	57.45	57.45	57.45	57.45	51.54075314317397	43.694645925094555	41.60386966760137	39.518784478257544	34.18486471241641	33.09850445810251	30.435407279247386	29.115613396904536
-55.05	57.24999999999999	57.25	57.25	57.25	57.25	57.25	57.25	57.25	57.25	57.25	57.25	57.25	51.34075314317397	43.49464592509455	41.40386966760137	39.31878447825754	33.98486471241641	32.89850445810251	30.235407279247383	28.915613396904533
-54.95	57.050000000000004	57.05000000000001	57.05000000000001	57.05000000000001	57.05000000000001	57.05000000000001	57.05000000000001	57.05000000000001	57.05000000000001	57.05000000000001	57.05000000000001	57.05000000000001	51.14075314317398	43.294645925094564	41.20386966760138	39.11878447825755	33.78486471241642	32.69850445810252	30.035407279247394	28.715613396904544
-54.85	56.85	56.85000000000001	56.85000000000001	56.85000000000001	56.85000000000001	56.85000000000001	56.85000000000001	56.85000000000001	56.85000000000001	56.85000000000001	56.85000000000001	56.85000000000001	50.94075314317398	43.09464592509456	41.00386966760138	38.91878447825755	33.58486471241642	32.498504458102516	29.83540727924739	28.51561339690454
-54.75	56.65	56.650000000000006	56.650000000000006	56.650000000000006	56.650000000000006	56.650000000000006	56.650000000000006	56.650000000000006	56.650000000000006	56.650000000000006	56.650000000000006	56.650000000000006	50.740753143173976	42.89464592509456	40.803869667601376	38.71878447825755	33.384864712416416	32.298504458102514	29.63540727924739	28.31561339690454
-54.65	56.449999999999996	56.45	56.45	56.45	56.45	56.45	56.45	56.45	56.45	56.45	56.45	56.45	50.54075314317397	42.694645925094555	40.60386966760137	38.518784478257544	33.18486471241641	32.09850445810251	29.435407279247386	28.115613396904536
-54.55	56.24999999999999	56.25	56.25	56.25	56.25	56.25	56.25	56.25	56.25	56.25	56.25	56.25	50.34075314317397	42.49464592509455	40.40386966760137	38.31878447825754	32.98486471241641	31.89850445810251	29.235407279247383	27.915613396904533
-54.45	56.050000000000004	56.05000000000001	56.05000000000001	56.05000000000001	56.05000000000001	56.05000000000001	56.05000000000001	56.05000000000001	56.05000000000001	56.05000000000001	56.05000000000001	56.05000000000001	50.14075314317398	42.294645925094564	40.20386966760138	38.11878447825755	32.78486471241642	31.698504458102523	29.035407279247394	27.715613396904544
-54.35	55.85	55.85000000000001	55.85000000000001	55.85000000000001	55.85000000000001	55.85000000000001	55.85000000000001	55.85000000000001	55.85000000000001	55.85000000000001	55.85000000000001	55.85000000000001	49.94075314317398	42.09464592509456	40.00386966760138	37.91878447825755	32.58486471241642	31.49850445810252	28.83540727924739	27.51561339690454
-54.25	55.65	55.650000000000006	55.650000000000006	55.650000000000006	55.650000000000006	55.650000000000006	55.650000000000006	55.650000000000006	55.650000000000006	55.650000000000006	55.650000000000006	55.650000000000006	49.740753143173976	41.89464592509456	39.803869667601376	37.71878447825755	32.384864712416416	31.298504458102517	28.63540727924739	27.31561339690454
-54.15	55.449999999999996	55.45	55.45	55.45	55.45	55.45	55.45	55.45	55.45	55.45	55.45	55.45	49.54075314317397	41.694645925094555	39.60386966760137	37.518784478257544	32.18486471241641	31.098504458102514	28.435407279247386	27.115613396904536
-54.05	55.24999999999999	55.25	55.25	55.25	55.25	55.25	55.25	55.25	55.25	55.25	55.25	55.25	49.34075314317397	41.49464592509455	39.40386966760137	37.31878447825754	31.984864712416407	30.89850445810251	28.235407279247383	26.915613396904533
-53.95	55.050000000000004	55.05000000000001	55.05000000000001	55.05000000000001	55.05000000000001	55.05000000000001	55.05000000000001	55.05000000000001	55.05000000000001	55.05000000000001	55.05000000000001	55.05000000000001	49.14075314317398	41.294645925094564	39.20386966760138	37.11878447825755	31.784864712416418	30.698504458102523	28.035407279247394	26.715613396904544
-53.85	54.85	54.85000000000001	54.85000000000001	54.85000000000001	54.85000000000001	54.85000000000001	54.85000000000001	54.85000000000001	54.85000000000001	54.85000000000001	54.85000000000001	54.85000000000001	48.94075314317398	41.09464592509456	39.00386966760138	36.91878447825755	31.584864712416415	30.49850445810252	27.83540727924739	26.51561339690454
-53.75	54.65	54.650000000000006	54.650000000000006	54.650000000000006	54.650000000000006	54.650000000000006	54.650000000000006	54.650000000000006	54.650000000000006	54.650000000000006	54.650000000000006	54.650000000000006	48.740753143173976	40.89464592509456	38.803869667601376	36.71878447825755	31.384864712416412	30.298504458102517	27.63540727924739	26.31561339690454
-53.65	54.449999999999996	54.45	54.45	54.45	54.45	54.45	54.45	54.45	54.45	54.45	54.45	54.45	48.54075314317397	40.694645925094555	38.60386966760137	36.518784478257544	31.18486471241641	30.098504458102514	27.435407279247386	26.115613396904536
-53.55	54.24999999999999	54.25	54.25	54.25	54.25	54.25	54.25	54.25	54.25	54.25	54.25	54.25	48.34075314317397	40.49464592509455	38.40386966760137	36.31878447825754	30.984864712416407	29.89850445810251	27.235407279247383	25.915613396904533
-53.45	54.050000000000004	54.05000000000001	54.05000000000001	54.05000000000001	54.05000000000001	54.05000000000001	54.05000000000001	54.05000000000001	54.05000000000001	54.05000000000001	54.05000000000001	54.05000000000001	48.14075314317398	40.294645925094564	38.20386966760138	36.11878447825755	30.784864712416418	29.698504458102523	27.035407279247394	25.715613396904544
-53.35	53.85	53.85000000000001	53.85000000000001	53.85000000000001	53.85000000000001	53.85000000000001	53.85000000000001	53.85000000000001	53.85000000000001	53.85000000000001	53.85000000000001	53.85000000000001	47.94075314317398	40.09464592509456	38.00386966760138	35.91878447825755	30.584864712416415	29.49850445810252	26.83540727924739	25.51561339690454
-53.25	53.65	53.650000000000006	53.650000000000006	53.650000000000006	53.650000000000006	53.650000000000006	53.650000000000006	53.650000000000006	53.650000000000006	53.650000000000006	53.650000000000006	53.650000000000006	47.740753143173976	39.89464592509456	37.803869667601376	35.71878447825755	30.384864712416412	29.298504458102517	26.63540727924739	25.31561339690454
-53.15	53.449999999999996	53.45	53.45	53.45	53.45	53.45	53.45	53.45	53.45	53.45	53.45	53.45	47.54075314317397	39.694645925094555	37.60386966760137	35.518784478257544	30.18486471241641	29.098504458102514	26.435407279247386	25.115613396904536
-53.05	53.24999999999999	53.25	53.25	53.25	53.25	53.25	53.25	53.25	53.25	53.25	53.25	53.25	47.34075314317397	39.49464592509455	37.40386966760137	35.31878447825754	29.984864712416407	28.89850445810251	26.235407279247383	24.915613396904533
-52.95	53.050000000000004	53.05000000000001	53.05000000000001	53.05000000000001	53.05000000000001	53.05000000000001	53.05000000000001	53.05000000000001	53.05000000000001	53.05000000000001	53.05000000000001	53.05000000000001	47.14075314317398	39.294645925094564	37.20386966760138	35.11878447825755	29.784864712416418	28.698504458102523	26.035407279247394	24.715613396904544
-52.85	52.85	52.85000000000001	52.85000000000001	52.85000000000001	52.85000000000001	52.85000000000001	52.85000000000001	52.85000000000001	52.85000000000001	52.85000000000001	52.85000000000001	52.85000000000001	46.94075314317398	39.09464592509456	37.00386966760138	34.91878447825755	29.584864712416415	28.49850445810252	25.83540727924739	24.51561339690454
-52.75	52.75	52.75000000000001	52.75000000000001	52.75000000000001	52.75000000000001	52.75000000000001	52.75000000000001	52.75000000000001	52.75000000000001	52.75000000000001	52.75000000000001	52.39332505606128	45.86938792588741	38.03572368834888	35.95958349417688	33.89761447223193	28.554577355200845	27.466158627992762	24.813753714449675	23.488822632286464
-52.65	52.65	52.650000000000006	52.650000000000006	52.650000000000006	52.650000000000006	52.650000000000006	52.650000000000006	52.650000000000006	52.650000000000006	52.650000000000006	52.650000000000006	51.5513877113319	44.82718212594708	37.02111232992097	34.96034453867593	32.89385821747382	27.588580320338757	26.49857574361474	23.829537549626707	22.50111783685881
-52.55	52.55	52.550000000000004	52.550000000000004	52.550000000000004	52.550000000000004	52.550000000000004	52.550000000000004	52.550000000000004	52.550000000000004	52.550000000000004	52.550000000000004	51.237813611033836	43.91175686413608	36.1272820195506	34.06388562295098	31.968514578230923	26.652146604389348	25.564372685114517	22.902318084488876	21.57574501641332
-52.45	52.45	52.45000000000001	52.45000000000001	52.45000000000001	52.45000000000001	52.45000000000001	52.45000000000001	52.45000000000001	52.45000000000001	52.45000000000001	52.45000000000001	50.17640244387922	43.078757937644255	35.196431084889944	33.12722756547949	31.052908293159867	25.735524765780692	24.64598833639381	21.982111517928907	20.65956350849883
-52.35	52.35	52.35000000000001	52.35000000000001	52.35000000000001	52.35000000000001	52.35000000000001	52.35000000000001	52.35000000000001	52.35000000000001	52.35000000000001	52.35000000000001	49.23966434370701	42.16476040248759	34.30023027282123	32.235808559379834	30.142743691951623	24.838601429203507	23.746255246515314	21.089593111995093	19.776413483499574
-52.25	52.25	52.25000000000001	52.25000000000001	52.25000000000001	52.25000000000001	52.25000000000001	52.25000000000001	52.25000000000001	52.25000000000001	52.25000000000001	52.25000000000001	48.49881666254992	41.24921053143791	33.44120101494556	31.360518038315337	29.26600241392672	23.96443225017517	22.870892678491217	20.21832822901992	18.896175482937547
-52.15	52.15	52.150000000000006	52.150000000000006	52.150000000000006	52.150000000000006	52.150000000000006	52.150000000000006	52.150000000000006	52.150000000000006	52.150000000000006	52.150000000000006	47.41505547026511	40.38522302045969	32.58870027337418	30.4999241971909	28.42091510292866	23.1109440907896	22.02964283749635	19.394782269678284	18.067164023065445
-52.05	52.05	52.050000000000004	52.050000000000004	52.050000000000004	52.050000000000004	52.050000000000004	52.050000000000004	52.050000000000004	52.050000000000004	52.050000000000004	52.050000000000004	46.77261446949301	39.57952804782347	31.758900732226248	29.67232182829754	27.60621759883009	22.324058444509927	21.226995665297785	18.586894820119692	17.260650816481355
-51.95	51.95	51.95000000000001	51.95000000000001	51.95000000000001	51.95000000000001	51.95000000000001	51.95000000000001	51.95000000000001	51.95000000000001	51.95000000000001	51.95000000000001	46.02117102388352	38.82011955658647	30.989702577823373	28.915655229482603	26.840100949597666	21.54002041369182	20.443972855473824	17.811354162169245	16.48870557921964
-51.85	51.85	51.85000000000001	51.85000000000001	51.85000000000001	51.85000000000001	51.85000000000001	51.85000000000001	51.85000000000001	51.85000000000001	51.85000000000001	51.85000000000001	45.289980149917795	38.04284627575741	30.220446040924983	28.163377776583904	26.09015401088678	20.80526644860456	19.707619748822484	17.060482426860084	15.731749964552236
-51.75	51.75	51.75000000000001	51.75000000000001	51.75000000000001	51.75000000000001	51.75000000000001	51.75000000000001	51.75000000000001	51.75000000000001	51.75000000000001	51.75000000000001	44.55374155718247	37.28812778860531	29.484019833485725	27.410838955435942	25.355495486887314	20.062784449205207	18.964805514305564	16.325681152036115	15.008839047966656
-51.65	51.65	51.650000000000006	51.650000000000006	51.650000000000006	51.650000000000006	51.650000000000006	51.650000000000006	51.650000000000006	51.650000000000006	51.650000000000006	51.650000000000006	43.780434473842405	36.56364061004367	28.763131392778362	26.69244538935451	24.636471519455597	19.33075002285311	18.231334184127714	15.602544796057696	14.27954537615625
-51.55	51.55	51.550000000000004	51.550000000000004	51.550000000000004	51.550000000000004	51.550000000000004	51.550000000000004	51.550000000000004	51.550000000000004	51.550000000000004	50.7027021396128	43.18529626857239	35.907436340803685	28.09090286818592	26.016734853535144	23.947385284365144	18.645479398901145	17.555380238673923	14.91797252854607	13.601170548159416
-51.45	51.45	51.45000000000001	51.45000000000001	51.45000000000001	51.45000000000001	51.45000000000001	51.45000000000001	51.45000000000001	51.45000000000001	51.45000000000001	49.84056208756591	42.45643151742343	35.19517212118702	27.392837816725454	25.33680094683802	23.273656967817466	17.972330495582522	16.879401011132863	14.241237760974618	12.919844364664216
-51.35	51.35	51.35000000000001	51.35000000000001	51.35000000000001	51.35000000000001	51.35000000000001	51.35000000000001	51.35000000000001	51.35000000000001	51.35000000000001	49.335096979457745	41.79453165533291	34.52686911389967	26.708457071768493	24.651195232723413	22.60629274083684	17.30554300715323	16.207819893434884	13.572665301382603	12.25586706268992
-51.25	51.25	51.25000000000001	51.25000000000001	51.25000000000001	51.25000000000001	51.25000000000001	51.25000000000001	51.25000000000001	51.25000000000001	51.25000000000001	48.71102612894173	41.21573859507715	33.90619947505626	26.10492847950126	24.03150383419633	21.958999232069104	16.665420981195602	15.5722089113576	12.936233420910401	11.613575582922456
-51.15	51.15	51.150000000000006	51.150000000000006	51.150000000000006	51.150000000000006	51.150000000000006	51.150000000000006	51.150000000000006	51.150000000000006	51.150000000000006	48.02910458349201	40.60991145360803	33.26811693511418	25.46272031493973	23.39302182972471	21.324591855496376	16.02719477170134	14.933815331640664	12.291021201605249	10.968452961893988
-51.05	51.05	51.050000000000004	51.050000000000004	51.050000000000004	51.050000000000004	51.050000000000004	51.050000000000004	51.050000000000004	51.050000000000004	51.050000000000004	47.600012454168414	39.963916903523106	32.6782244106699	24.86011581820242	22.80351644476056	20.736090855966584	15.421631573714315	14.32447322784669	11.680777429217486	10.359590251391046
-50.95	50.95	50.95000000000001	50.95000000000001	50.95000000000001	50.95000000000001	50.95000000000001	50.95000000000001	50.95000000000001	50.95000000000001	50.95000000000001	46.78333477619828	39.40025757815577	32.056288143332345	24.244009406636835	22.183735173746953	20.11405721154007	14.804810127385187	13.71119116858718	11.063979934171215	9.746148997619507
-50.85	50.85	50.85000000000001	50.85000000000001	50.85000000000001	50.85000000000001	50.85000000000001	50.85000000000001	50.85000000000001	50.85000000000001	50.85000000000001	46.22666251005647	38.78724409940271	31.48305333184862	23.669910823434023	21.605060008344633	19.53397552991914	14.24019552710756	13.142187253157209	10.486465823233292	9.165250469908727
-50.75	50.75	50.75000000000001	50.75000000000001	50.75000000000001	50.75000000000001	50.75000000000001	50.75000000000001	50.75000000000001	50.75000000000001	50.75000000000001	45.660348165585525	38.19811443196846	30.901172297617595	23.09142492959144	21.02406706297	18.94641759127161	13.647280784985323	12.546960730975952	9.893165517004713	8.567768581508567
-50.65	50.65	50.650000000000006	50.650000000000006	50.650000000000006	50.650000000000006	50.650000000000006	50.650000000000006	50.650000000000006	50.650000000000006	50.650000000000006	44.98530491405185	37.628166199472616	30.304240898267736	22.504216173196816	20.420047697782312	18.355134351064862	13.050313940155624	11.953732236833934	9.307804111219095	7.990347410825333
-50.55	50.55	50.550000000000004	50.550000000000004	50.550000000000004	50.550000000000004	50.550000000000004	50.550000000000004	50.550000000000004	50.550000000000004	50.550000000000004	44.48854308107199	37.055946322043916	29.743396055290606	21.93636950364433	19.860908960474458	17.79098680448329	12.489597119320521	11.393731526511049	8.739043542658658	7.414864635150824
-50.45	50.45	50.45000000000001	50.45000000000001	50.45000000000001	50.45000000000001	50.45000000000001	50.45000000000001	50.45000000000001	50.45000000000001	50.45000000000001	43.94846011051674	36.48177956508841	29.198664884620726	21.39070858125834	19.310395120975613	17.233131145131335	11.932415399069125	10.836013656947301	8.180648443916397	6.852982665589605
-50.35	50.35	50.35000000000001	50.35000000000001	50.35000000000001	50.35000000000001	50.35000000000001	50.35000000000001	50.35000000000001	50.35000000000001	50.35000000000001	43.38209079819812	35.95346628151447	28.699856359777055	20.84653303007571	18.753755522494746	16.68132088439929	11.379179271695687	10.282311391955433	7.63252156292868	6.307499134347639
-50.25	50.25	50.25000000000001	50.25000000000001	50.25000000000001	50.25000000000001	50.25000000000001	50.25000000000001	50.25000000000001	50.25000000000001	50.25000000000001	42.80711680472891	35.39164098395951	28.128762395268552	20.290079701342325	18.209420170580742	16.145803516054492	10.849584255808988	9.751221970498898	7.105625073437244	5.7758894257834426
-50.15	50.15	50.150000000000006	50.150000000000006	50.150000000000006	50.150000000000006	50.150000000000006	50.150000000000006	50.150000000000006	50.150000000000006	50.150000000000006	42.31001502534221	34.88736149923636	27.601874248757014	19.765628817868834	17.673485814053596	15.600487775684643	10.294829918652567	9.197253796425173	6.543361796769111	5.218880284026937
-50.05	50.05	50.050000000000004	50.050000000000004	50.050000000000004	50.050000000000004	50.050000000000004	50.050000000000004	50.050000000000004	50.050000000000004	50.050000000000004	41.76852914210484	34.33543657021381	27.05315203971965	19.229495438504674	17.140386426070695	15.071315790252257	9.770102526181486	8.6701997417885	6.016203046729412	4.691742482941998
-49.95	49.95	49.95000000000001	49.95000000000001	49.95000000000001	49.95000000000001	49.95000000000001	49.95000000000001	49.95000000000001	49.95000000000001	49.95000000000001	41.24606540904817	33.834668687368556	26.546722688071885	18.709526982608622	16.62367623075889	14.553630289650169	9.25005591326539	8.152403198130518	5.495044051963898	4.1674451497893195
-49.85	49.85	49.85000000000001	49.85000000000001	49.85000000000001	49.85000000000001	49.85000000000001	49.85000000000001	49.85000000000001	49.85000000000001	49.15685281944006	40.74014556790947	33.32583176731927	26.039118956006313	18.202698338105	16.117836210137487	14.040821850878576	8.740872662452652	7.64479060037631	4.986131229620096	3.6560042400712396
-49.75	49.75	49.75000000000001	49.75000000000001	49.75000000000001	49.75000000000001	49.75000000000001	49.75000000000001	49.75000000000001	49.75000000000001	49.75000000000001	40.213276627544275	32.811269793104145	25.52622150459645	17.688165104165076	15.603599240900337	13.530478823366318	8.228650686243842	7.126715940476965	4.4743496737561275	3.1470889157145656
-49.65	49.65	49.650000000000006	49.650000000000006	49.650000000000006	49.650000000000006	49.650000000000006	49.650000000000006	49.650000000000006	49.650000000000006	47.34741490700596	39.67796167092888	32.297113628625056	25.014195320199907	17.177974744729386	15.081778866954853	13.015688591444388	7.718486562810074	6.614708272270716	3.9643062526520367	2.638259698036202
-49.55	49.55	49.550000000000004	49.550000000000004	49.550000000000004	49.550000000000004	49.550000000000004	49.550000000000004	49.550000000000004	49.550000000000004	47.15210472720163	39.21207649069794	31.80834250576724	24.512139537378793	16.68068686654549	14.598959878473048	12.542464901955295	7.2417578655979	6.135040414731275	3.481877257018254	2.151504777537372
-49.45	49.45	49.45000000000001	49.45000000000001	49.45000000000001	49.45000000000001	49.45000000000001	49.45000000000001	49.45000000000001	49.45000000000001	46.45426772644602	38.71010123400648	31.334075572932463	24.06225953810245	16.213156122356164	14.11774332545316	12.05475455443016	6.753096594861023	5.644879481559611	2.9867765722016477	1.6631080830989784
-49.35	49.35	49.35000000000001	49.35000000000001	49.35000000000001	49.35000000000001	49.35000000000001	49.35000000000001	49.35000000000001	49.35000000000001	47.047414907005965	38.21282791261266	30.843709437420973	23.55741011045627	15.723968069901021	13.625810251493295	11.564400108350574	6.262839238986401	5.152095039948497	2.495687896200023	1.1722528124720637
-49.25	49.25	49.25000000000001	49.25000000000001	49.25000000000001	49.25000000000001	49.25000000000001	49.25000000000001	49.25000000000001	49.25000000000001	46.68505064253847	37.75665860009129	30.37615532673785	23.088551173924028	15.25132577583387	13.160980633446833	11.09322292812658	5.792229768733039	4.682650558679746	2.02048962570678	0.6990854127172439
-49.15	49.15	49.150000000000006	49.150000000000006	49.150000000000006	49.150000000000006	49.150000000000006	49.150000000000006	49.150000000000006	49.150000000000006	46.952775422663784	37.27469639449482	29.89826069543032	22.61229780757932	14.772676310797909	12.68169505718575	10.61451786669234	5.3040231252815655	4.1961567830126425	1.5301948378197636	0.20428388947807635
-49.05	49.05	49.050000000000004	49.050000000000004	49.050000000000004	49.050000000000004	49.050000000000004	49.050000000000004	49.050000000000004	49.050000000000004	45.754163133995675	36.801270790588	29.432525008417674	22.141515486575337	14.304475520164928	12.206348702816967	10.138200164260414	4.833086183099224	3.7281769936283093	1.0674696971768565	-0.25966053158740277
-48.95	48.95	48.95000000000001	48.95000000000001	48.95000000000001	48.95000000000001	48.95000000000001	48.95000000000001	48.95000000000001	48.95000000000001	45.05817970188939	36.32916345056433	28.966366189818256	21.6707786851361	13.837109013816539	11.748127826974073	9.67971207585678	4.3685577137104845	3.2596350020510045	0.5954419155404927	-0.7316189411906768
-48.85	48.85	48.85000000000001	48.85000000000001	48.85000000000001	48.85000000000001	48.85000000000001	48.85000000000001	48.85000000000001	48.85000000000001	44.275289021496626	35.8767059665216	28.51855971776201	21.22093417626812	13.378047633058522	11.273932158692627	9.207461115734612	3.8952791711785055	2.7847488533760516	0.1227192262373702	-1.2030291725872277
-48.75	48.75	48.75000000000001	48.75000000000001	48.75000000000001	48.75000000000001	48.75000000000001	48.75000000000001	48.75000000000001	48.75000000000001	43.719562078607574	35.41344223927355	28.058211965499694	20.75456628749197	12.916439226826709	10.813176550348816	8.754298616949049	3.440767979877471	2.330696814209607	-0.3365341831519563	-1.6622875213392123
-48.65	48.65	48.650000000000006	48.650000000000006	48.650000000000006	48.650000000000006	48.650000000000006	48.650000000000006	48.650000000000006	48.650000000000006	43.34669509194093	34.934752273480605	27.603132596826406	20.30393664600284	12.464125272920352	10.358648132542628	8.29176626800154	2.975668054834737	1.8679581326501098	-0.7958574323291223	-2.1244764280878012
-48.55	48.55	48.550000000000004	48.550000000000004	48.550000000000004	48.550000000000004	48.550000000000004	48.550000000000004	48.550000000000004	48.550000000000004	42.92959913428285	34.51626205574017	27.17294436737502	19.855328003315986	12.025120319505952	9.915673433997867	7.851007275040711	2.533657376885498	1.4202239653069373	-1.2478453221853463	-2.5800000230711655
-48.45	48.45	48.45000000000001	48.45000000000001	48.45000000000001	48.45000000000001	48.45000000000001	48.45000000000001	48.45000000000001	48.45000000000001	42.47111423509889	34.07781882533693	26.739623386014355	19.41487924558245	11.570858811730208	9.453989918841213	7.3873141719557305	2.0715098130321157	0.9563768081501107	-1.7022305126511408	-3.0291286465667158
-48.35	48.35	48.35000000000001	48.35000000000001	48.35000000000001	48.35000000000001	48.35000000000001	48.35000000000001	48.35000000000001	48.35000000000001	42.08279945145865	33.61055169574479	26.281744535420557	18.952655145289498	11.117425543689585	9.004937448381888	6.9366154931923525	1.6162082801014785	0.5001589071225264	-2.1622885078223413	-3.488574914751912
-48.25	48.25	48.25000000000001	48.25000000000001	48.25000000000001	48.25000000000001	48.25000000000001	48.25000000000001	48.25000000000001	48.25000000000001	41.611432210833485	33.15122153265918	25.831432404451263	18.509571247894968	10.673244689676592	8.552573612600797	6.487320182371965	1.1788644900925558	0.06343693752697604	-2.595400616599141	-3.9220770726213026
-48.15	48.15	48.150000000000006	48.150000000000006	48.150000000000006	48.150000000000006	48.150000000000006	48.150000000000006	48.150000000000006	48.150000000000006	41.22146218183534	32.73488760071503	25.42096374327294	18.086069727014976	10.249530617187698	8.129012681997697	6.063038030970697	0.7423353917403294	-0.37936220395059067	-3.0394120202101687	-4.369482217311521
-48.05	48.05	48.050000000000004	48.050000000000004	48.050000000000004	48.050000000000004	48.050000000000004	48.050000000000004	48.050000000000004	48.050000000000004	40.887602502644285	32.32803722556021	24.999712475483562	17.661604593856914	9.820851164666326	7.698538372161289	5.6335525882862285	0.3127359168587542	-0.8130745033258107	-3.4751713481372652	-4.805091845215456
-47.95	47.95	47.95000000000001	47.95000000000001	47.95000000000001	47.95000000000001	47.95000000000001	47.95000000000001	47.95000000000001	47.95000000000001	40.42868201980077	31.91417787183241	24.582885352687477	17.24792144156495	9.398205410215459	7.267945470189785	5.1978059715339535	-0.11948490567601056	-1.2462171607350316	-3.9100665923257756	-5.236435446470073
-47.85	47.85	47.85000000000001	47.85000000000001	47.85000000000001	47.85000000000001	47.85000000000001	47.85000000000001	47.85000000000001	47.85000000000001	39.99523081650088	31.45723035954969	24.13245884363247	16.786764045170855	8.938638422393781	6.812181022325149	4.755073223235354	-0.5591338697377939	-1.6874473251590727	-4.3474651015343335	-5.675200132740845
-47.75	47.75	47.75000000000001	47.75000000000001	47.75000000000001	47.75000000000001	47.75000000000001	47.75000000000001	47.75000000000001	47.75000000000001	39.626442164938354	31.034784591464476	23.709800091653772	16.37109165982098	8.52578565930466	6.398883431404714	4.332262762850531	-0.9895634412922855	-2.121556839193794	-4.783732190949509	-6.109889445976816
-47.65	47.65	47.650000000000006	47.650000000000006	47.650000000000006	47.650000000000006	47.650000000000006	47.650000000000006	47.650000000000006	47.650000000000006	39.099952471712825	30.62238178233967	23.299481282345745	15.9389885212338	8.092278398728288	5.968927989895805	3.9035879081446843	-1.41320566512436	-2.541288588261865	-5.201179358699625	-6.527789315699863
-47.55	47.55	47.550000000000004	47.550000000000004	47.550000000000004	47.550000000000004	47.550000000000004	47.550000000000004	47.550000000000004	47.550000000000004	38.70350306144117	30.200432267035733	22.87804812614047	15.52749483550182	7.682213973185352	5.549707120777013	3.4906001882270203	-1.8239671214921227	-2.9560154060480652	-5.621263814235976	-6.946064704083586
-47.45	47.45	47.45000000000001	47.45000000000001	47.45000000000001	47.45000000000001	47.45000000000001	47.45000000000001	47.45000000000001	47.45000000000001	38.324673002350785	29.796345488954117	22.475764943731946	15.121961828333914	7.271594129230349	5.147432530870376	3.0827669237464326	-2.228342612962216	-3.366163539840661	-6.030535726692852	-7.357712909137553
-47.35	47.35	47.35000000000001	47.35000000000001	47.35000000000001	47.35000000000001	47.35000000000001	47.35000000000001	47.35000000000001	47.35000000000001	37.882617191704156	29.39005631407453	22.07093528314242	14.703182047673039	6.855411929213664	4.724109774460887	2.6631979812147994	-2.6529116171690155	-3.7909115588119735	-6.450646924255213	-7.775428577188952
-47.25	47.25	47.25000000000001	47.25000000000001	47.25000000000001	47.25000000000001	47.25000000000001	47.25000000000001	47.25000000000001	46.55685281944006	37.49137092753747	28.99792250088844	21.66901699295087	14.29603253505317	6.451830622020648	4.320952359402479	2.252597358974483	-3.0622349861041465	-4.203100943985917	-6.861993215984272	-8.188152699872434
-47.15	47.15	47.150000000000006	47.150000000000006	47.150000000000006	47.150000000000006	47.150000000000006	47.150000000000006	47.150000000000006	46.45685281944006	37.10158149442357	28.588999908561924	21.258909711093505	13.88601985404853	6.034463967652142	3.9045503713264855	1.8426355557891303	-3.4698111706346175	-4.612241544562587	-7.270466563022299	-8.595697658145284
-47.05	47.05	47.050000000000004	47.050000000000004	47.050000000000004	47.050000000000004	47.050000000000004	47.050000000000004	47.050000000000004	46.35685281944006	36.68222372139026	28.183572727753866	20.848619813353782	13.483983921860894	5.636251262644344	3.5004273435885027	1.435409721844736	-3.8772630872805207	-5.019635444650622	-7.676909292812068	-9.004598526546971
-46.95	46.95	46.95000000000001	46.95000000000001	46.95000000000001	46.95000000000001	46.95000000000001	46.95000000000001	46.95000000000001	46.25685281944006	36.30542858246114	27.787818927220464	20.466411098938813	13.101564495090734	5.2478850261901915	3.111644878390399	1.040360797943408	-4.279180378354882	-5.423598106726031	-8.0837257054941	-9.413367322469743
-46.85	46.85	46.85000000000001	46.85000000000001	46.85000000000001	46.85000000000001	46.85000000000001	46.85000000000001	46.85000000000001	47.54314718055995	35.91342338846874	27.41710178932213	20.08318577399665	12.714315165044935	4.860808657558926	2.7239242209586596	0.6565238025161533	-4.668037971616191	-5.813331895166267	-8.475539016927808	-9.804653986872783
-46.75	46.75	46.75000000000001	46.75000000000001	46.75000000000001	46.75000000000001	46.75000000000001	46.75000000000001	46.75000000000001	46.05685281944006	35.52325748411496	27.017436300691777	19.68762042061626	12.316708002607943	4.456830152179642	2.320678664392454	0.2555861058436459	-5.06504397449446	-6.210648709890751	-8.873115797698294	-10.20352893967257
-46.65	46.65	46.650000000000006	46.650000000000006	46.650000000000006	46.650000000000006	46.650000000000006	46.650000000000006	46.650000000000006	44.570558458320164	35.12984020567793	26.624659233082845	19.30030147062187	11.925860791846398	4.063685350636888	1.9277597616501054	-0.14186141397477275	-5.459144275831609	-6.6069439813931865	-9.266562170539581	-10.598099360577354
-46.55	46.55	46.550000000000004	46.550000000000004	46.550000000000004	46.550000000000004	46.550000000000004	46.550000000000004	46.550000000000004	44.75824053077194	34.75194064678895	26.23384376414405	18.904756354787384	11.53630645421454	3.6793625976303654	1.543094162191784	-0.5267650048271642	-5.850312487418487	-6.997527895496489	-9.658905561649854	-10.988629806631335
-46.45	46.45	46.45000000000001	46.45000000000001	46.45000000000001	46.45000000000001	46.45000000000001	46.45000000000001	46.45000000000001	45.197237031504635	34.367968621467234	25.863148357007336	18.529050260901535	11.149329923137394	3.287876713394971	1.149855714154089	-0.9202863096491438	-6.2444040178658184	-7.394702589945342	-10.052681705160968	-11.38391712163082
-46.35	46.35	46.35000000000001	46.35000000000001	46.35000000000001	46.35000000000001	46.35000000000001	46.35000000000001	46.35000000000001	45.433709268125845	33.98170570840614	25.478295935423745	18.14674766284948	10.767776863921693	2.9064569858469507	0.7656772102494583	-1.3047756102841124	-6.630166454096225	-7.782050497364187	-10.441354490230715	-11.775174079709757
-46.25	46.25	46.25000000000001	46.25000000000001	46.25000000000001	46.25000000000001	46.25000000000001	46.25000000000001	46.25000000000001	44.37819782309841	33.624469447980346	25.123613553009008	17.788758940403643	10.406101487505053	2.541807301260266	0.40122627928534355	-1.6691002539379785	-7.003051617237694	-8.154575570442086	-10.814121355588753	-12.148409270484308
-46.15	46.15	46.150000000000006	46.150000000000006	46.150000000000006	46.150000000000006	46.150000000000006	46.150000000000006	46.150000000000006	43.287799119070534	33.238020669754455	24.729903759977024	17.399129374923444	10.016915436145212	2.151994795392473	0.004908174111936059	-2.064624200262978	-7.389583976379931	-8.54653375275062	-11.203584709540692	-12.54062865025001
-46.05	46.05	46.050000000000004	46.050000000000004	46.050000000000004	46.050000000000004	46.050000000000004	46.050000000000004	46.050000000000004	42.77285526700782	32.87001463979664	24.36441596505923	17.034814228374483	9.65712858214614	1.7880493969146114	-0.35739387781826143	-2.4271718803757194	-7.761309836432833	-8.91595213300456	-11.572449081683919	-12.90752376524537
-45.95	45.95	45.95000000000001	45.95000000000001	45.95000000000001	45.95000000000001	45.95000000000001	45.95000000000001	45.95000000000001	42.54880261833785	32.49323404555495	23.976369175425567	16.643035372364373	9.265270947887526	1.394935985595342	-0.7486015803557884	-2.8185132729736218	-8.148688236282615	-9.305815964301727	-11.96122509618679	-13.296605680826104
-45.85	45.85	45.85000000000001	45.85000000000001	45.85000000000001	45.85000000000001	45.85000000000001	45.85000000000001	46.13768207245179	42.25768050408522	32.1471511367442	23.617189722172984	16.286679974723793	8.904811828086938	1.036870967370436	-1.1091218911119884	-3.18179980862871	-8.514443294775925	-9.673126945721991	-12.329148552620047	-13.664102291839992
-45.75	45.75	45.75000000000001	45.75000000000001	45.75000000000001	45.75000000000001	45.75000000000001	45.75000000000001	45.75000000000001	42.01695836664916	31.78006402501236	23.259775952802443	15.92014537313125	8.528646808303982	0.6585232588506476	-1.4813286942048352	-3.555663353878723	-8.887053090518199	-10.047760359521938	-12.70327163727349	-14.038167443985454
-45.65	45.65	45.650000000000006	45.650000000000006	45.650000000000006	45.650000000000006	45.650000000000006	45.650000000000006	45.650000000000006	41.41084973276131	31.399477814758193	22.886245039436623	15.554283693429237	8.160299104955063	0.2920018760397405	-1.8536190489499331	-3.92652494849847	-9.265113081049666	-10.425076709556574	-13.080114163005144	-14.415102921195722
-45.55	45.55	45.550000000000004	45.550000000000004	45.550000000000004	45.550000000000004	45.550000000000004	45.550000000000004	45.550000000000004	41.08345989056565	31.051916447957517	22.527046407833097	15.188896729634159	7.799925663226765	-0.07573009490525245	-2.2244546975504615	-4.295914744582005	-9.632114788963802	-10.787695259552947	-13.444351247391275	-14.779706247470605
-45.45	45.45	45.45000000000001	45.45000000000001	45.45000000000001	45.45000000000001	45.45000000000001	45.45000000000001	47.05943791243411	40.685940925452286	30.706883162428888	22.188297666651184	14.841990302466403	7.452842355795388	-0.42631704334823833	-2.5720149557552836	-4.6492713092709055	-9.986332811397062	-11.145662559861647	-13.802907837545183	-15.137366433620583
-45.35	45.35	45.35000000000001	45.35000000000001	45.35000000000001	45.35000000000001	45.35000000000001	45.35000000000001	46.95943791243411	40.19385394329029	30.343136982534567	21.82917136326199	14.486618240813149	7.088509655598834	-0.7909999283897453	-2.931229009025155	-5.003073319395943	-10.343039678996213	-11.504328586600716	-14.15995290594631	-15.494834943672272
-45.25	45.25	45.25000000000001	45.25000000000001	45.25000000000001	45.25000000000001	45.25000000000001	45.25000000000001	46.85943791243411	39.89870812376011	29.9940177364166	21.4738518542052	14.135547173796262	6.736074363667089	-1.1454270265606308	-3.290486407786763	-5.366320181894205	-10.707347017677458	-11.868696356406172	-14.523150553566126	-15.8587890499335
-45.15	45.15	45.150000000000006	45.150000000000006	45.150000000000006	45.150000000000006	45.150000000000006	45.150000000000006	46.75943791243411	39.592136965507116	29.646797316152064	21.122602682463537	13.779440608343224	6.373113618106843	-1.5071693135098543	-3.651105687150121	-5.724724003040776	-11.066667846459433	-12.227858153374665	-14.884382502446625	-16.2189192287996
-45.05	45.05	45.050000000000004	45.050000000000004	45.050000000000004	45.050000000000004	45.050000000000004	45.050000000000004	47.064903020542275	39.21027924269717	29.280465045792976	20.76756095117013	13.426402787788582	6.025030889198585	-1.8545938867604739	-3.99990880667626	-6.0770980762546865	-11.42177190334749	-12.585864802154445	-15.241192904729942	-16.575965822456958
-44.95	44.95	44.95000000000001	44.95000000000001	44.95000000000001	44.95000000000001	44.95000000000001	44.95000000000001	45.953302108863795	38.823975185493346	28.911986505897442	20.40708480342619	13.06237380213372	5.65851647534297	-2.2193397443808998	-4.362959504913389	-6.440870418652488	-11.78607991804694	-12.949300264051887	-15.605510509800265	-16.938836441847275
-44.85	44.85	44.85000000000001	44.85000000000001	44.85000000000001	44.85000000000001	44.85000000000001	44.85000000000001	45.478608659422385	38.53424063444589	28.563555064000365	20.05370578609782	12.713230573950712	5.313534292783777	-2.567301192056522	-4.71135806966264	-6.790620041007578	-12.141466855940916	-13.304307070893119	-15.955939191111364	-17.293103560444788
-44.75	44.75	44.75000000000001	44.75000000000001	44.75000000000001	44.75000000000001	44.75000000000001	44.75000000000001	47.45805020110222	38.142998225135265	28.22200609222484	19.726471580661812	12.38292316021784	4.980054347848838	-2.903460835712187	-5.044477563836	-7.127299377008019	-12.475128811786663	-13.64249952325043	-16.298989250533573	-17.637472384626793
-44.65	44.65	44.650000000000006	44.650000000000006	44.650000000000006	44.650000000000006	44.650000000000006	44.650000000000006	45.85397280432594	37.79967621107562	27.900796904207326	19.389599005394675	12.045653009090223	4.641634001088189	-3.2496889295987623	-5.398958298919474	-7.474585135372708	-12.823853489172873	-13.991819587008587	-16.646434224147935	-17.986854249496332
-44.55	44.55	44.550000000000004	44.550000000000004	44.550000000000004	44.550000000000004	44.550000000000004	44.550000000000004	46.15943791243411	37.4483557729697	27.56091380270401	19.049907316936817	11.698307093180395	4.2912463923560455	-3.597543831518093	-5.7470923936796146	-7.825083508139807	-13.174187439683513	-14.339460751885241	-16.99376498396549	-18.336584725169867
-44.45	44.45	44.45000000000001	44.45000000000001	44.45000000000001	44.45000000000001	44.45000000000001	44.45000000000001	44.76015492830385	37.13206295303036	27.23289526082493	18.735521434541837	11.380627362164574	3.9714064820857233	-3.9208305926122935	-6.0711662974038285	-8.153052223812209	-13.512380197038548	-14.680879512842822	-17.33294749236825	-18.67149359277692
-44.35	44.35	44.35000000000001	44.35000000000001	44.35000000000001	44.35000000000001	44.35000000000001	44.35000000000001	45.266290731874165	36.79264973241555	26.89183167847376	18.37444834908096	11.011609035812356	3.6045761749388467	-4.2859117996588525	-6.43545497313775	-8.514587256951096	-13.866691646686853	-15.0374570782155	-17.689774663281867	-19.030464544812258
-44.25	44.25	44.25000000000001	44.25000000000001	44.25000000000001	44.25000000000001	44.25000000000001	44.25000000000001	44.39310084364068	36.41132585554379	26.543753187539874	18.02720203805978	10.664843362348591	3.261401727956061	-4.629795520607748	-6.776373259586434	-8.857931061157657	-14.212639320698425	-15.38387420350713	-18.03641208503178	-19.376317844912318
-44.15	44.15	44.150000000000006	44.150000000000006	44.150000000000006	44.150000000000006	44.150000000000006	44.150000000000006	44.150000000000006	36.091035680546604	26.215157595964783	17.70214527145307	10.340618936074417	2.9387397655898146	-4.954674154487962	-7.108193762904098	-9.188751603486569	-14.545732480848963	-15.714876815118838	-18.369693074780166	-19.71087007007342
-44.05	44.05	44.050000000000004	44.050000000000004	44.050000000000004	44.050000000000004	44.050000000000004	44.050000000000004	44.11899287148696	35.72762195111748	25.87019360133819	17.366958565739395	10.007368092561343	2.60788225441446	-5.2984890149307144	-7.4518537209978595	-9.53659706529001	-14.890862815899617	-16.060124137352798	-18.711051838816093	-20.052973242554323
-43.95	43.95	43.95000000000001	43.95000000000001	43.95000000000001	43.95000000000001	43.95000000000001	43.95000000000001	43.39995366308074	35.378061449700525	25.531648203641403	17.032543731970833	9.665278193832693	2.25486854258382	-5.646488002020792	-7.796184377576684	-9.874757332848022	-15.230431270171527	-16.40303011019107	-19.05508176293266	-20.397813930674587
-43.85	43.85	43.85000000000001	43.85000000000001	43.85000000000001	43.85000000000001	43.85000000000001	43.85000000000001	43.40104977995211	35.012075982278425	25.187496481789406	16.69392508977715	9.335400150027265	1.9184109923558106	-5.980198710735602	-8.13163167945819	-10.21228015999418	-15.566476495241545	-16.73953501848741	-19.39139044850833	-20.735415451847878
-43.75	43.75	43.75000000000001	43.75000000000001	43.75000000000001	43.75000000000001	43.75000000000001	43.75000000000001	43.21937174893784	34.69823964292726	24.884688349999774	16.36314379024927	8.994976798058302	1.5850500827826781	-6.315487268846987	-8.467515747342453	-10.54270704008426	-15.900632029491655	-17.07235023806106	-19.72597308640151	-21.070319792030755
-43.65	43.65	43.650000000000006	43.650000000000006	43.650000000000006	43.650000000000006	43.650000000000006	43.650000000000006	43.267007747743904	34.387040994278074	24.570307358958768	16.054538665702765	8.685044752503588	1.266234997193476	-6.637731537453142	-8.788068007396296	-10.869430316637473	-16.22921383058034	-17.401473181409916	-20.058322039079723	-21.40264388826919
-43.55	43.55	43.550000000000004	43.550000000000004	43.550000000000004	43.550000000000004	43.550000000000004	43.550000000000004	42.60739195980848	34.06451449473763	24.24154808840652	15.72331968990985	8.355803830045396	0.9363873698600571	-6.976623375437462	-9.131252134241992	-11.21199907625354	-16.569674938454515	-17.74283069595143	-20.393522166906198	-21.737776949303466
-43.45	43.45	43.45000000000001	43.45000000000001	43.45000000000001	43.45000000000001	43.45000000000001	43.45000000000001	42.31859788850891	33.72960252921558	23.903300848527593	15.388223870976871	8.018806425293736	0.6022719983630715	-7.308674265184045	-9.459776986849226	-11.541020730573008	-16.897980968515785	-18.071870136586657	-20.72781395139623	-22.072823589050234
-43.35	43.35	43.35000000000001	43.35000000000001	43.35000000000001	43.35000000000001	43.35000000000001	43.35000000000001	41.91491547471069	33.38855845894684	23.572675881317373	15.063915742189291	7.687242757527004	0.26971900891152245	-7.643261486967164	-9.792849793183986	-11.871026970573183	-17.22791584951919	-18.40595229329827	-21.059720332987098	-22.403496840913594
-43.25	43.25	43.25000000000001	43.25000000000001	43.25000000000001	43.25000000000001	43.25000000000001	43.25000000000001	41.783662931206585	33.06420191220663	23.245310346864713	14.736070527830817	7.360752148769158	-0.048797739285415365	-7.964414397687981	-10.120613310689183	-12.200402801860557	-17.557804220231368	-18.734871333825446	-21.38696474015066	-22.731812248933238
-43.15	43.15	43.150000000000006	43.150000000000006	43.150000000000006	43.150000000000006	43.150000000000006	43.150000000000006	41.28333922259883	32.70824284074086	22.932060290007	14.42466286535077	7.048968015811716	-0.36699453629140827	-8.28256858633183	-10.43592963354329	-12.517238574759078	-17.875060431049587	-19.05300533979874	-21.705790457347142	-23.05441409307902
-43.05	43.05	43.050000000000004	43.050000000000004	43.050000000000004	43.050000000000004	43.050000000000004	43.050000000000004	41.03066238238988	32.43176759761073	22.633255470120282	14.118480645827582	6.7327003647653685	-0.6864113293551878	-8.606668311119035	-10.761574856319799	-12.843121475080887	-18.199187614287816	-19.379067927862412	-22.036229899261397	-23.383062419374514
-42.95	42.95	42.95000000000001	42.95000000000001	42.95000000000001	42.95000000000001	42.95000000000001	42.95000000000001	40.614625084182975	32.08629332248563	22.29882554145849	13.791505212293085	6.408221782263105	-1.005262014934287	-8.926890541209461	-11.083012973093735	-13.162946456207786	-18.52233013561811	-19.70415844561725	-22.362977599918977	-23.709970416263857
-42.85	42.85	42.85000000000001	42.85000000000001	42.85000000000001	42.85000000000001	42.85000000000001	42.85000000000001	40.4311144513098	31.759669872023967	21.973881845854173	13.45625619368091	6.07855459567314	-1.3346252399187395	-9.253776381515918	-11.405754577431466	-13.48987438622997	-18.84804769727753	-20.029844754372178	-22.686828298008866	-24.033086013955604
-42.75	42.75	42.75000000000001	42.75000000000001	42.75000000000001	42.75000000000001	42.75000000000001	42.75000000000001	40.11332646174003	31.40997882002773	21.652919847325112	13.143154293793383	5.764446431631562	-1.6525619051502685	-9.57610906488007	-11.731461757422261	-13.811947378305405	-19.16630514241123	-20.34931834353855	-23.00778767269364	-24.35400711090425
-42.65	42.65	42.650000000000006	42.650000000000006	42.650000000000006	42.650000000000006	42.650000000000006	42.650000000000006	39.803154507153735	31.108198606092326	21.31765230865606	12.818061985545484	5.439426191282933	-1.9793890389015583	-9.895823338138705	-12.052386675421344	-14.138715901187707	-19.49626484575972	-20.677627413358188	-23.33698622031944	-24.68400058468434
-42.55	42.55	42.550000000000004	42.550000000000004	42.550000000000004	42.550000000000004	42.550000000000004	42.550000000000004	39.414505784070855	30.789705646379208	21.009904526200977	12.506087818259587	5.1284645530310256	-2.2923600065159837	-10.211254200206097	-12.36970824548097	-14.451744489861305	-19.812929600741736	-20.993057204566895	-23.650437176609024	-24.999802964224116
-42.45	42.45	42.45000000000001	42.45000000000001	42.45000000000001	42.45000000000001	42.45000000000001	42.45000000000001	39.251326882449334	30.445916575632765	20.67651483739084	12.185463743025354	4.8094428533558204	-2.606146147831772	-10.530865953839864	-12.68608077637622	-14.767589082625635	-20.127373415433308	-21.31125889642789	-23.967689781291682	-25.31475718379742
-42.35	42.35	42.35000000000001	42.35000000000001	42.35000000000001	42.35000000000001	42.35000000000001	42.35000000000001	38.82168061089852	30.147309747889775	20.37505661128189	11.868462364331977	4.482777569492852	-2.931567351015392	-10.85802507466101	-13.010570852142367	-15.094144484803522	-20.453809032204592	-21.634701629734266	-24.289869618144305	-25.639499164464794
-42.25	42.25	42.25000000000001	42.25000000000001	42.25000000000001	42.25000000000001	42.25000000000001	42.25000000000001	38.609785717867354	29.836162236634646	20.07860584253456	11.57518709885343	4.188369549619936	-3.227001549661599	-11.157587235898166	-13.318596622240676	-15.401360356765021	-20.76199575063909	-21.94350828800047	-24.59968794436644	-25.950626875826945
-42.15	42.15	42.150000000000006	42.150000000000006	42.150000000000006	42.150000000000006	42.150000000000006	42.150000000000006	38.187283880256345	29.47757956888515	19.736080171577	11.250979364721234	3.865632926081156	-3.5553181856248806	-11.488289612583879	-13.642695989765926	-15.728684480089631	-21.087910715404323	-22.269747942185536	-24.929600224419755	-26.279601158422746
-42.05	42.05	42.050000000000004	42.050000000000004	42.050000000000004	42.050000000000004	42.050000000000004	42.050000000000004	37.98439790664356	29.150095009177647	19.407042343667293	10.94029910861969	3.554880683524875	-3.872724533471103	-11.802239640263881	-13.956314803079534	-16.041292771090852	-21.402316702942805	-22.58432964368027	-25.2440842577888	-26.59462237617523
-41.95	41.95	41.95000000000001	41.95000000000001	41.95000000000001	41.95000000000001	41.95000000000001	40.56370563888012	37.522181423913594	28.78089430764727	19.067285880449226	10.601571585172428	3.220335179760129	-4.192640170778724	-12.113274815106093	-14.270567697938242	-16.355737000830317	-21.71300608471682	-22.894062762211295	-25.553095734985103	-26.904832047986137
-41.85	41.85	41.85000000000001	41.85000000000001	41.85000000000001	41.85000000000001	41.85000000000001	40.240562087565905	37.2560616208682	28.50588973039865	18.783734282220564	10.309550595493743	2.9265932892453064	-4.494972627188265	-12.42416298902912	-14.583302155048207	-16.670433627712107	-22.02981683648616	-23.21077516865189	-25.86682366489772	-27.219947136288376
-41.75	41.75	41.75000000000001	41.75000000000001	41.75000000000001	41.75000000000001	41.75000000000001	40.140562087565904	37.01600594960269	28.201488490400767	18.472870421086256	9.988376357083848	2.6032935930102266	-4.812129785226871	-12.732022955703185	-14.894470818246447	-16.983955396074293	-22.342630247795952	-23.52248162381109	-26.177078942431564	-27.53126005063151
-41.65	41.65	41.650000000000006	41.650000000000006	41.650000000000006	41.650000000000006	41.650000000000006	40.0405620875659	36.72904514629978	27.87405502416034	18.145804737685584	9.680997832876434	2.2960890351846053	-5.123380183141438	-13.048706452307675	-15.210994744482015	-17.300007327191672	-22.65321573708158	-23.83637673037658	-26.493188037602835	-27.845742212372745
-41.55	41.55	41.550000000000004	41.550000000000004	41.550000000000004	41.550000000000004	41.550000000000004	39.9405620875659	36.43381497944074	27.59171919152312	17.86810430939	9.389066950371877	1.9941284018893093	-5.4275191022716545	-13.341598037065669	-15.505664028735037	-17.595310156467928	-22.955154560566886	-24.1348916591309	-26.793906882238556	-28.148953509525654
-41.45	41.45	41.45000000000001	41.45000000000001	41.45000000000001	41.45000000000001	41.45000000000001	39.84056208756591	36.22655246611258	27.248698416643446	17.54777958313846	9.069630581173032	1.681259169507499	-5.736908774098928	-13.663188777697615	-15.821771442548402	-17.91093113131154	-23.264383255675945	-24.44826101810318	-27.103291986762496	-28.460365723552822
-41.35	41.35	41.35000000000001	41.35000000000001	41.35000000000001	41.35000000000001	41.35000000000001	39.740562087565905	35.87064812755849	26.99577352488891	17.261043831159768	8.780868633687898	1.3837619273322057	-6.03937655902071	-13.961778610392358	-16.125168217946854	-18.21581796117427	-23.57058452748531	-24.750499542005763	-27.407328644305167	-28.765376695999954
-41.25	41.25	41.25000000000001	41.25000000000001	41.25000000000001	41.25000000000001	41.25000000000001	39.640562087565904	35.58890745954067	26.64932377203285	16.951969074489483	8.46753210429197	1.07337970046891	-6.35321150279189	-14.274703006903751	-16.43844616238954	-18.524358482407116	-23.875241582530595	-25.055733664213143	-27.71086924114449	-29.068306167695003
-41.15	41.15	41.150000000000006	41.150000000000006	41.150000000000006	41.150000000000006	41.150000000000006	39.5405620875659	35.2447201833676	26.320097863257324	16.630528084783613	8.170077924060571	0.7712857523376733	-6.660647197490048	-14.582278230560759	-16.745653522161525	-18.831806786615616	-24.187598551801244	-25.36904428205963	-28.02410088741605	-29.38226187933049
-41.05	41.05	41.050000000000004	41.050000000000004	41.050000000000004	41.050000000000004	41.050000000000004	39.4405620875659	35.032464965626225	26.037202289480632	16.338346880414978	7.864221936399855	0.4672474400811074	-6.9581509054025314	-14.88316319316527	-17.048638538804873	-19.135883905314014	-24.48978349943953	-25.67254061175179	-28.327533687704435	-29.686376988165193
-40.95	40.95	40.95000000000001	40.95000000000001	40.95000000000001	40.95000000000001	40.95000000000001	39.81056571681164	34.67216693504414	25.716954330059348	16.027863850741547	7.557750176983117	0.1589015513117159	-7.261654478303579	-15.186779687783481	-17.351594042604468	-19.438961036170053	-24.79225787010214	-25.97290176901503	-28.626960235134298	-29.988723643240867
-40.85	40.85	40.85000000000001	40.85000000000001	40.85000000000001	40.85000000000001	40.85000000000001	39.528244160017685	34.36303026656513	25.42060951514157	15.717064009385911	7.251578694487664	-0.14752374363794163	-7.578622144388456	-15.500722431670805	-17.662449165717227	-19.747826129870695	-25.101727995181502	-26.278832075791854	-28.933679341037422	-30.295285119425348
-40.75	40.75	40.75000000000001	40.75000000000001	40.75000000000001	40.75000000000001	40.75000000000001	41.22000362924574	34.036329894417406	25.102460480938202	15.404681570035866	6.951577637780918	-0.44209560613497323	-7.86870636713902	-15.800492066295815	-17.96563403617523	-20.053290646682036	-25.40557725084659	-26.582409064151054	-29.237660181174974	-30.597989323204125
-40.65	40.65	40.650000000000006	40.650000000000006	40.650000000000006	40.650000000000006	40.650000000000006	39.17409348019042	33.78857683985667	24.818528377164505	15.118410043531455	6.655022982254229	-0.7380132788173952	-8.160413285484468	-16.087577222415167	-18.25463951481187	-20.341626489650473	-25.698012752277403	-26.87470994082952	-29.52767180974252	-30.890460275735833
-40.55	40.55	40.550000000000004	40.550000000000004	40.550000000000004	40.550000000000004	40.550000000000004	38.9405620875659	33.51025828663985	24.513595237945463	14.824299579955746	6.360834835749718	-1.0332461715123513	-8.460826621346445	-16.386615534199954	-18.55497349708685	-20.641835522007963	-25.998607521145534	-27.178166026977756	-29.83399581567874	-31.19670472906459
-40.45	40.45	40.45000000000001	40.45000000000001	40.45000000000001	40.45000000000001	40.45000000000001	40.226856448685794	33.22244892728537	24.231415278993357	14.525263593814364	6.069725903258024	-1.3304794630439725	-8.760324415759552	-16.6946500432032	-18.85966495675172	-20.945242960414745	-26.304331015055492	-27.47870917858017	-30.133682309626145	-31.49832393369481
-40.35	40.35	40.35000000000001	40.35000000000001	40.35000000000001	40.35000000000001	40.35000000000001	40.12685644868579	32.87774115057364	23.893196656042512	14.198822785850501	5.751239679412976	-1.641760830676024	-9.069904227428397	-16.994487126512247	-19.15973888044002	-21.244993201839264	-26.60340238505738	-27.778117562806532	-30.43478483208394	-31.799215549391796
-40.25	40.25	40.25000000000001	40.25000000000001	40.25000000000001	40.25000000000001	40.25000000000001	39.62139134057763	32.614140132530636	23.616711262264353	13.920792109127387	5.471273380726707	-1.9226367272516804	-9.350338076206118	-17.276880642050138	-19.451459938114866	-21.541925579686037	-26.899984503929602	-28.07491569296262	-30.730962885059743	-32.09673976937386
-40.15	40.15	40.150000000000006	40.150000000000006	40.150000000000006	40.150000000000006	40.150000000000006	38.222108356447364	32.31675327489059	23.317369117510005	13.622203433179218	5.1680245994911775	-2.2300081773748213	-9.655978584639533	-17.582008175686276	-19.74989766735011	-21.838453595967856	-27.192286747766104	-28.369482188600692	-31.02400126573938	-32.39179049925745
-40.05	40.05	40.050000000000004	40.050000000000004	40.050000000000004	40.050000000000004	40.050000000000004	37.11880624758358	32.01104759061229	23.019412032552733	13.334663922686552	4.880516432455748	-2.5167159444987526	-9.948761505021096	-17.87749647031869	-20.046253280908058	-22.134904088839054	-27.49283023843727	-28.66792980375566	-31.321959622159802	-32.69176872650175
-39.95	39.95	39.95000000000001	39.95000000000001	39.95000000000001	39.95000000000001	39.95000000000001	37.20112780437754	31.76813193816895	22.699188523912436	13.012113929339824	4.572713070010484	-2.8192196284846776	-10.247282571273555	-18.173972786794554	-20.341617637031476	-22.43177042428314	-27.784682468626045	-28.961399305627385	-31.618747338459237	-32.9861489000455
-39.85	39.85	39.85000000000001	39.85000000000001	39.85000000000001	39.85000000000001	39.85000000000001	37.3755646500793	31.441941318385553	22.393798242369375	12.711205324076415	4.2795736901994115	-3.114225474224772	-10.540576838649685	-18.46619926941028	-20.63442255904738	-22.723221434845037	-28.07969623013415	-29.25723523348872	-31.914966541906846	-33.28324266002334
-39.75	39.75	39.75000000000001	39.75000000000001	39.75000000000001	39.75000000000001	39.75000000000001	36.92416676324141	31.14317798467828	22.12324196811065	12.432815646253578	3.991750763889362	-3.401479403290931	-10.840281035849463	-18.765780533534834	-20.935676051572095	-23.021285813365356	-28.372587116163228	-29.550008220535645	-32.20997620062016	-33.58005330865069
-39.65	39.65	39.650000000000006	39.650000000000006	39.650000000000006	39.650000000000006	39.650000000000006	36.40643156254143	30.870066431754783	21.824885848918278	12.138237858861302	3.690925044186747	-3.698488279089667	-11.137821013236328	-19.05991889169722	-21.231069291047238	-23.318784162956113	-28.669541003453325	-29.84722912939482	-32.50527615682548	-33.87643634559737
-39.55	39.55	39.550000000000004	39.550000000000004	39.550000000000004	39.550000000000004	39.550000000000004	36.464655567756324	30.596092574322054	21.507671185340634	11.826226732030696	3.3994429845888687	-3.9928125886371824	-11.425799793407728	-19.35281952854004	-21.524854613739343	-23.610265975254617	-28.96039426459659	-30.137104549744514	-32.79681580427363	-34.17113393675811
-39.45	39.45	39.45000000000001	39.45000000000001	39.45000000000001	39.45000000000001	39.45000000000001	36.33648469078963	30.293903777492513	21.239686928442623	11.542989889667684	3.1211058210409544	-4.271174636899987	-11.715833234340998	-19.64748393958832	-21.818613468115775	-23.90878260825091	-29.256814770027916	-30.433508332357036	-33.09169210260571	-34.46317284568392
-39.35	39.35	39.35000000000001	39.35000000000001	39.35000000000001	39.35000000000001	39.35000000000001	35.69286924420065	29.999593127406026	20.948066668872926	11.259165536527192	2.8260186587078358	-4.572535377965653	-12.019070909913683	-19.948539529556175	-22.11622551198932	-24.2031779806705	-29.54848841753004	-30.724703563317078	-33.383169436964785	-34.75520028781219
-39.25	39.25	39.25000000000001	39.25000000000001	39.25000000000001	39.25000000000001	39.25000000000001	35.53034888721931	29.674767121957935	20.638502133351068	10.941583531788137	2.5255422675381634	-4.861906242727333	-12.309332966064547	-20.230839259772388	-22.402654525465124	-24.49256399255894	-29.836819918868944	-31.012823063279203	-33.66889649320857	-35.04366173779919
-39.15	39.15	39.150000000000006	39.150000000000006	39.150000000000006	39.150000000000006	39.150000000000006	35.25055577677872	29.448394317941407	20.357477168534853	10.674672849789536	2.2409965288929605	-5.146795785721478	-12.594615923300308	-20.52084145241629	-22.691200686780988	-24.77808958490169	-30.123439039721443	-31.301267022296546	-33.959652554716115	-35.33281312418827
-39.05	39.05	39.050000000000004	39.050000000000004	39.050000000000004	39.050000000000004	39.050000000000004	34.571243738867565	29.131092213316208	20.070146395773627	10.387121832595952	1.9713521397574558	-5.42652204377094	-12.882027999991028	-20.80866070360251	-22.9808936581702	-25.067898969495477	-30.410926542801587	-31.5885679197301	-34.244739555120006	-35.61860093397282
-38.95	38.95	38.95000000000001	38.95000000000001	38.95000000000001	38.95000000000001	38.95000000000001	34.36375782389744	28.852545863073736	19.774996140557953	10.088353537390843	1.6649883314256617	-5.731187597558932	-13.184759631165575	-21.108335913964307	-23.27969656177019	-25.366836401921127	-30.71116817645441	-31.888873427998238	-34.54468163768379	-35.91546915463334
-38.85	38.85	38.85000000000001	38.85000000000001	38.85000000000001	38.85000000000001	38.85000000000001	34.276578512326495	28.619628481474415	19.48442095436887	9.797298975038936	1.3904463792373152	-6.006464675639568	-13.46440108224239	-21.391878195214304	-23.567083050023573	-25.655257261970725	-30.994839789161297	-32.17157651410605	-34.83056237705802	-36.20116398757118
-38.75	38.75	38.75000000000001	38.75000000000001	38.75000000000001	38.75000000000001	38.75000000000001	33.835508566456646	28.302970506995653	19.175456191407818	9.49087322320319	1.0844329968036939	-6.309725195919399	-13.766650470501704	-21.697283222273498	-23.863706153592968	-25.94755670866097	-31.28486189729374	-32.46204394521256	-35.12142728038604	-36.49415432455474
-38.65	38.65	38.650000000000006	38.650000000000006	38.650000000000006	38.650000000000006	38.650000000000006	33.7083575773907	28.084184704096433	18.903782312823427	9.224252766174574	0.815719550272469	-6.580932694230164	-14.048776991445411	-21.974343813210492	-24.146548429888753	-26.229626036564603	-31.570236329948962	-32.74837086194818	-35.4081581552351	-36.78118097717802
-38.55	38.55	38.550000000000004	38.550000000000004	38.550000000000004	38.550000000000004	38.550000000000004	33.1822731820798	27.773780080000797	18.63302102743793	8.929846755591477	0.5258155096529467	-6.874736054002669	-14.335767111800626	-22.26974530027426	-24.443671553185105	-26.53020782926974	-31.862518643117507	-33.039291251981574	-35.696006289568516	-37.06978140248632
-38.45	38.45	38.45000000000001	38.45000000000001	38.45000000000001	38.45000000000001	38.45000000000001	32.773674371576845	27.47797022053183	18.34974952702139	8.64456871987112	0.24452183979488218	-7.149503348197724	-14.609261381067386	-22.541646798025514	-24.71491975104806	-26.80514896281263	-32.14101122101919	-33.31720241436472	-35.9742356166489	-37.349206980853836
-38.35	38.35	38.35000000000001	38.35000000000001	38.35000000000001	38.35000000000001	38.35000000000001	32.50826882009282	27.179369626336292	18.032663441376393	8.35844557922473	-0.053105493339568044	-7.441274994304128	-14.907716759748645	-22.837918054616335	-25.00785274497941	-27.09625016186117	-32.42950583110578	-33.608259332427785	-36.26620128350396	-37.639091798248096
-38.25	38.25	38.25000000000001	38.25000000000001	38.25000000000001	38.25000000000001	38.25000000000001	32.31642943131092	26.90503680946348	17.75689672524437	8.076861843018438	-0.32822088876745487	-7.722462332353675	-15.190627729108883	-23.116909598403193	-25.2862785537951	-27.374623959493203	-32.71019650703446	-33.888903236091856	-36.54597026780526	-37.922194036997944
-38.15	38.15	38.150000000000006	38.150000000000006	38.150000000000006	38.150000000000006	38.150000000000006	32.05897296334916	26.568973868985303	17.46168558009299	7.7714470162142755	-0.6218779798972235	-8.010795819930788	-15.473803733123649	-23.405460256593763	-25.576166114228663	-27.664459453957598	-32.99255769504954	-34.169424386345895	-36.82513433364875	-38.200255533968594
-38.05	38.05	38.050000000000004	38.050000000000004	38.050000000000004	38.050000000000004	38.050000000000004	31.738946003309557	26.359406649593645	17.194770983455108	7.502949106214118	-0.8988192437480564	-8.288508794111719	-15.755994873790629	-23.685888091024108	-25.86216289417763	-27.952439431632524	-33.2860749328072	-34.46245196067229	-37.11689804494046	-38.49240510315975
-37.95	37.95	37.95000000000001	37.95000000000001	37.95000000000001	37.95000000000001	37.95000000000001	31.27480749424857	26.005655777240676	16.881440593372705	7.192571190138033	-1.194812487444574	-8.579607213616908	-16.043977508302703	-23.975817557351952	-26.14802862434803	-28.238207263735458	-33.57038428607431	-34.746378149826334	-37.401121942362686	-38.77320275658852
-37.85	37.85	37.85000000000001	37.85000000000001	37.85000000000001	37.85000000000001	37.85000000000001	31.064412354992076	25.764996260440174	16.61619807144123	6.911343083044928	-1.479390211481556	-8.865087114891418	-16.33238691529054	-24.25934116391758	-26.433624216957824	-28.52629844731595	-33.85597935371957	-35.03085660002707	-37.684714298553274	-39.05565443545772
-37.75	37.75	37.75000000000001	37.75000000000001	37.75000000000001	37.75000000000001	37.75000000000001	30.872059806097052	25.50841346834046	16.343316734677675	6.647557998784112	-1.7454266718915599	-9.133243311271794	-16.59656570623722	-24.531968396945306	-26.709550941138506	-28.804297988147376	-34.13643139199695	-35.31360983079911	-37.96550496641768	-39.33702122158471
-37.65	37.65	37.650000000000006	37.650000000000006	37.650000000000006	37.650000000000006	37.650000000000006	30.579913309100412	25.21317147168303	16.045399679655716	6.349025883833737	-2.036868707456104	-9.42180032798261	-16.889084671696775	-24.823306492232753	-26.996914895290242	-29.09094260397843	-34.42151314746347	-35.59805192612869	-38.25171136004289	-39.620218219362954
-37.55	37.55	37.550000000000004	37.550000000000004	37.550000000000004	37.550000000000004	37.550000000000004	30.288950485238608	24.91020738202106	15.766400066441241	6.066759269893456	-2.317123203656236	-9.705603831999078	-17.174187063541154	-25.102575006175577	-27.28029451350381	-29.373805640822233	-34.702265860160956	-35.879585692208046	-38.531962354187336	-39.9021650863827
-37.45	37.45	37.45000000000001	37.45000000000001	37.45000000000001	37.45000000000001	37.45000000000001	30.071850543046217	24.65216418486794	15.486888176746055	5.797048181307183	-2.592052676439971	-9.984289897272424	-17.454953225280548	-25.385657554679636	-27.560971721682424	-29.656012875811435	-34.98714523489523	-36.16473397269527	-38.819238735099255	-40.18757308271881
-37.35	37.35	37.35000000000001	37.35000000000001	37.35000000000001	37.35000000000001	37.35000000000001	29.8089802500593	24.400466995178483	15.200046201189693	5.503721568698601	-2.872623041512613	-10.261394548325585	-17.733625534484144	-25.66947929116156	-27.840007331498118	-29.936588390119734	-35.265388418681056	-36.4427767438677	-39.09521206861842	-40.464104894418035
-37.25	37.25	37.25000000000001	37.25000000000001	37.25000000000001	37.25000000000001	37.25000000000001	29.496108249066918	24.081566189176367	14.934328284556747	5.2447836294761	-3.14389289026089	-10.533207711902076	-18.00872563021479	-25.93871779629401	-28.112563168607586	-30.209183354665676	-35.54214424888003	-36.721443155026655	-39.37281951900708	-40.74236721487025
-37.15	37.15	37.150000000000006	37.150000000000006	37.150000000000006	37.150000000000006	37.150000000000006	29.245757447149433	23.816268601126154	14.637463821196905	4.940477975350955	-3.4368130043816283	-10.826190579498956	-18.30356168938144	-26.23741800705805	-28.406180670395024	-30.506926925517373	-35.83488209358006	-37.01219788527799	-39.66039996744962	-41.03005129852473
-37.05	37.05	37.050000000000004	37.050000000000004	37.050000000000004	37.050000000000004	37.050000000000004	28.91571573097856	23.503997787744726	14.358781026812567	4.657964404406939	-3.70502659075162	-11.091782369581056	-18.56159005512452	-26.50083154593279	-28.67342253877968	-30.77187741768837	-36.10551417486291	-37.28512733466303	-39.93448761190496	-41.303507796919035
-36.95	36.95	36.95000000000001	36.95000000000001	36.95000000000001	36.95000000000001	36.95000000000001	28.642448176032687	23.248369033429746	14.071185507521216	4.370203841933723	-3.9931374303919425	-11.384984947517703	-18.859653042800186	-26.79474933666816	-28.962572668792852	-31.06046781903183	-36.39118497629487	-37.571944512073216	-40.22059654632085	-41.59015553241293
-36.85	36.85	36.85000000000001	36.85000000000001	36.85000000000001	36.85000000000001	36.85000000000001	28.34906323110329	22.927622970291882	13.78627382800619	4.095861029908747	-4.272708675185187	-11.663501936480317	-19.134534754851348	-27.07026099247709	-29.240316386542347	-31.33891734013174	-36.66542827858294	-37.844646120460126	-40.49237732596897	-41.86257182427391
-36.75	36.75	36.75000000000001	36.75000000000001	36.75000000000001	36.75000000000001	36.75000000000001	28.112804016189067	22.708198546823116	13.537841009167494	3.8396391200617686	-4.529634587649646	-11.918871272421477	-19.3898395032554	-27.33444363379634	-29.506179580527274	-31.605984259273264	-36.93810253679797	-38.11426453096645	-40.76541094985094	-42.135064085249994
-36.65	36.65	36.650000000000006	36.650000000000006	36.650000000000006	36.650000000000006	36.650000000000006	27.80404277540587	22.403112292186115	13.258708244847673	3.5689876624939063	-4.80094827392679	-12.188343948163487	-19.66914375557329	-27.613094308731153	-29.785154908459177	-31.888458202507927	-37.21993146735386	-38.39763083787204	-41.04599962951084	-42.41630848410672
-36.55	36.55	36.550000000000004	36.550000000000004	36.550000000000004	36.550000000000004	36.550000000000004	27.52260638021169	22.129770340084782	12.986240689052694	3.290015106142708	-5.076076225532809	-12.466088279475326	-19.94175924232037	-27.88542489259386	-30.05987801251159	-32.164457029994054	-37.49383027085617	-38.67063319705462	-41.32073520882023	-42.689960710237436
-36.45	36.45	36.45000000000001	36.45000000000001	36.45000000000001	36.45000000000001	36.45000000000001	27.239597129976865	21.843006280875628	12.69822729805591	2.997232936564	-5.357293526657321	-12.754946550755974	-20.229188901519784	-28.16515895880146	-30.336906144926935	-32.439804885391744	-37.767963398755604	-38.947313470347886	-41.59963787092465	-42.96946453667602
-36.35	36.35	36.35000000000001	36.35000000000001	36.35000000000001	36.35000000000001	36.35000000000001	26.996425459937914	21.587749393990222	12.437502759108067	2.7354965043896824	-5.625644465390992	-13.018990779519624	-20.496711518561174	-28.436602118770242	-30.61045483790765	-32.71440391915656	-38.04706989056991	-39.22541853513345	-41.87639261661605	-43.245339642278424
-36.25	36.25	36.25000000000001	36.25000000000001	36.25000000000001	36.25000000000001	34.99723703150464	26.72128022279624	21.304736471046034	12.139365184121404	2.4450922580280534	-5.90728525715395	-13.29981853616605	-20.780065719130146	-28.71366761107837	-30.880369604208166	-32.984975998183614	-38.3169899217593	-39.50048737533672	-42.15097211558625	-43.5176743763726
-36.15	36.15	36.150000000000006	36.150000000000006	36.150000000000006	36.150000000000006	34.89723703150464	26.440948423559572	21.018844352007797	11.877763686298085	2.1723374111485025	-6.173017540640933	-13.571971534743039	-21.052097605794934	-28.99561210852607	-31.163038498219056	-33.26630300770283	-38.593860974161714	-39.77565074152429	-42.427117774570945	-43.79550156049585
-36.05	36.05	36.050000000000004	36.050000000000004	36.050000000000004	36.050000000000004	34.9513877113319	26.14787561296935	20.75532780877992	11.598902038402453	1.906162596674331	-6.446895267314957	-13.844118253865489	-21.325901468596744	-29.26407453449715	-31.432481705365714	-33.537886740593336	-38.86863358438726	-40.052988280649906	-42.70746640579313	-44.072665699941716
-35.95	35.95	35.95000000000001	35.95000000000001	35.95000000000001	35.95000000000001	34.445922603223735	25.862621529871383	20.44918926902009	11.299045049973046	1.6125947023930958	-6.735113968045412	-14.123887014475779	-21.605807502867215	-29.546249256957353	-31.714861364922296	-33.81685777762186	-39.147306250074244	-40.32911359770785	-42.98385180078699	-44.34876853443504
-35.85	35.85	35.85000000000001	35.85000000000001	35.85000000000001	35.85000000000001	34.59723703150464	25.62370500159615	20.216075630761768	11.061298557946952	1.3632641749374366	-6.985244414228765	-14.384068452049657	-21.862814934528195	-29.801721402905862	-31.969412058870937	-34.07786062902872	-39.41130291657122	-40.592521921158735	-43.25003788074104	-44.616439753660046
-35.75	35.75	35.75000000000001	35.75000000000001	35.75000000000001	35.75000000000001	33.8040898509447	25.3592900827237	19.948760329463827	10.788249854792907	1.08258405345742	-7.266528830831078	-14.668607374677979	-22.139596767425843	-30.078623714512794	-32.25003094950165	-34.35250695314982	-39.682987357731974	-40.86814355737693	-43.524329573495216	-44.89118825586198
-35.65	35.65	35.650000000000006	35.650000000000006	35.650000000000006	35.650000000000006	34.73370926812585	25.0927363548619	19.659562263904842	10.495142680972469	0.7859446570736612	-7.5569155391888465	-14.952971246484202	-22.429577874728377	-30.36574945386947	-32.53262618943919	-34.638023496093254	-39.96460272984794	-41.15021861349978	-43.803841201535874	-45.16691654923089
-35.55	35.55	35.550000000000004	35.550000000000004	35.550000000000004	35.550000000000004	33.678197823098415	24.822038673418124	19.38877650498322	10.21994136559542	0.5174472909252814	-7.825117167428356	-15.222093546316218	-22.69684119519321	-30.63382832575577	-32.803319785267604	-34.9073592338238	-40.23702641640665	-41.421716863202235	-44.075971808417286	-45.43970157605963
-35.45	35.45	35.45000000000001	35.45000000000001	35.45000000000001	35.45000000000001	33.658240530771955	24.543038963232547	19.10204395022812	9.944851682202637	0.24908757648766588	-8.090387406381572	-15.494165293300583	-22.96773617780631	-30.90523696051043	-33.074934899474606	-35.18109392096804	-40.508147843700165	-41.693749828456184	-44.349474074327134	-45.71361180501545
-35.35	35.35	35.35000000000001	35.35000000000001	35.35000000000001	35.35000000000001	34.2513877113319	24.27507228043453	18.84311310806903	9.68738952482466	-0.0209804916202192	-8.36238080398787	-15.76346264410802	-23.235931453785245	-31.175301809148642	-33.344472136147864	-35.446985271381934	-40.77890235372801	-41.96674662122622	-44.623042907788935	-45.98530323566742
-35.25	35.25	35.25000000000001	35.25000000000001	35.25000000000001	35.25000000000001	33.45824053077195	24.00209920405668	18.571479676279854	9.415609956500132	-0.2890059171044563	-8.630932023624117	-16.034613966233163	-23.50896925370619	-31.44526881267109	-33.615293628113015	-35.71859091423233	-41.04601125084525	-42.23636163244439	-44.89200435999936	-46.254231604144834
-35.15	35.15	35.150000000000006	35.150000000000006	35.150000000000006	35.150000000000006	33.76370563888012	23.745499901842187	18.307115993379497	9.144967894405534	-0.5619461018308076	-8.894505047079523	-16.299704536813685	-23.771934860548193	-31.707497506199466	-33.878897058786485	-35.984153728431295	-41.31198614078816	-42.501738127373464	-45.15965687960375	-46.52219928310734
-35.05	35.05	35.050000000000004	35.050000000000004	35.050000000000004	35.050000000000004	32.48505064253847	23.492621781812453	18.0532518578182	8.88538180771363	-0.8227847046348287	-9.157137165036337	-16.568844299891083	-24.04488534600657	-31.989841773534245	-34.160006273186525	-36.263470426891054	-41.59235767874619	-42.78207505880135	-45.43730504387244	-46.80050062875597
-34.95	34.95	34.95000000000001	34.95000000000001	34.95000000000001	34.95000000000001	33.158240530771955	23.221435847409282	17.777647998492156	8.615146562878763	-1.0961686627751002	-9.433785993221196	-16.832949676934795	-24.304669281293343	-32.238818010311284	-34.40974419099504	-36.514704247198935	-41.84577120664238	-43.039078638026346	-45.695328859674746	-47.05722107012413
-34.85	34.85	34.85000000000001	34.85000000000001	34.85000000000001	34.85000000000001	32.21094267038475	22.952263677288105	17.511899400510835	8.346674196071916	-1.3774649057822517	-9.712391300014486	-17.120181810300494	-24.59005639727892	-32.52727561754202	-34.6975166610073	-36.80284818883301	-42.13087759302476	-43.32078337900704	-45.97884359656219	-47.341466498853116
-34.75	34.75	34.75000000000001	34.75000000000001	34.75000000000001	34.75000000000001	32.307652964630805	22.69950215730382	17.249906344333976	8.084459857245514	-1.6347073230930145	-9.963980923713804	-17.37034419014021	-24.846724196988234	-32.781898886370726	-34.95163784232471	-37.058346491633884	-42.3916287549311	-43.58187830453547	-46.23792709437951	-47.599550843574335
-34.65	34.65	34.650000000000006	34.650000000000006	34.650000000000006	34.650000000000006	31.787799119070538	22.4273429222852	16.997715676228253	7.837604593098381	-1.8897628504562485	-10.220450754706743	-17.629147182673215	-25.10194365287616	-33.04534356058977	-35.21717464545276	-37.327638884970085	-42.661727712192395	-43.853558676091325	-46.51139689276342	-47.87379994747444
-34.55	34.55	34.550000000000004	34.550000000000004	34.550000000000004	34.550000000000004	32.1076529646308	22.160563128472486	16.725477925274195	7.5652917942483136	-2.159824494464682	-10.492097065330153	-17.901343375837296	-25.373057504487836	-33.3167174647607	-35.48947725257437	-37.59722537277151	-42.929672597197445	-44.11982912133375	-46.77648729279409	-48.140292586822774
-34.45	34.45	34.45000000000001	34.45000000000001	34.45000000000001	34.45000000000001	32.198708201393515	21.906646133459628	16.465835958642916	7.309013747650019	-2.4198744330160045	-10.747370018866322	-18.15962055012998	-25.6388971594111	-33.58334593881322	-35.755885010537924	-37.86449424303923	-43.198742267616566	-44.3895770737941	-47.04594052623983	-48.408570379942915
-34.35	34.35	34.35000000000001	34.35000000000001	34.35000000000001	34.35000000000001	31.459628242103847	21.622812743048698	16.18331381867848	7.025117063087878	-2.7056961270569153	-11.028202952883614	-18.444702237312665	-25.91814087753726	-33.85901648226169	-36.03465352109875	-38.14171633111661	-43.47414395485485	-44.66320333914697	-47.31848471292744	-48.68083118522569
-34.25	34.25	34.25000000000001	34.25000000000001	34.25000000000001	34.25000000000001	30.548698025887514	21.35160034889684	15.906484283711318	6.748883876737525	-2.9721488351540204	-11.295478386263733	-18.70663864723889	-26.176343921789645	-34.11805707494422	-36.29390463041154	-38.399357615949214	-43.73211872840752	-44.92150322651262	-47.57828710416386	-48.94232030401696
-34.15	34.15	34.150000000000006	34.150000000000006	34.150000000000006	34.150000000000006	30.525659067023643	21.09873454049572	15.652987073475161	6.481746800769708	-3.2400480729327628	-11.568393809083545	-18.982766925326167	-26.45113075864812	-34.39112008337399	-36.56303767479318	-38.67268826684978	-44.00182662606142	-45.192972610504626	-47.84846466933939	-49.21018475376066
-34.05	34.05	34.050000000000004	34.050000000000004	34.050000000000004	34.050000000000004	30.494651938510593	20.83592829614251	15.378556680725875	6.211116016452523	-3.5128825676663724	-11.831420745628032	-19.244823765163204	-26.7133003476333	-34.65479888870173	-36.82827077528412	-38.940167957387956	-44.27232083356178	-45.46390552605678	-48.120836523734454	-49.484657686899475
-33.95	33.95	33.95000000000001	33.95000000000001	33.95000000000001	33.95000000000001	29.855655437777912	20.56891240155519	15.117685389591266	5.944916760101509	-3.7777136066352686	-12.09974645412934	-19.51322156745445	-26.981689974194598	-34.92336385843987	-37.09886966889412	-39.21020918561705	-44.54132206839803	-45.731607745827276	-48.387094527367935	-49.75002128353837
-33.85	33.85	33.85000000000001	33.85000000000001	33.85000000000001	33.85000000000001	29.97879898909212	20.33778069561866	14.872260145161901	5.691123686065723	-4.033450932124643	-12.355172275597225	-19.773655269684138	-27.240285261038334	-35.17956326506848	-37.358955643508295	-39.4735461974114	-44.80304846745751	-45.99505607336007	-48.65165397660044	-50.01500585560672
-33.75	33.75	33.75000000000001	33.75000000000001	33.75000000000001	33.75000000000001	29.545307380609042	20.06754624930858	14.61249718271351	5.424823837952086	-4.307168884818705	-12.629883475808407	-20.047911795977768	-27.511183446441976	-35.441797202253824	-37.62051325020801	-39.73593829467589	-45.0666925177075	-46.25842930296065	-48.91329490630815	-50.28042509825898
-33.65	33.65	33.650000000000006	33.650000000000006	33.650000000000006	33.650000000000006	28.76719807741364	19.75729782861901	14.324448477141173	5.143974931425931	-4.572802521741204	-12.893816888831584	-20.314650725843133	-27.779539081275626	-35.71432637668739	-37.891523492145296	-40.00490355517554	-45.33237661135366	-46.52287712100883	-49.179128471540416	-50.54523974454678
-33.55	33.55	33.550000000000004	33.550000000000004	33.550000000000004	33.550000000000004	28.659650871778254	19.53341638360727	14.07524558086711	4.894326645764892	-4.8415847196227295	-13.160015102542152	-20.584175141843925	-28.052389758153325	-35.98461828514497	-38.158923889073904	-40.27320706411627	-45.60200202419144	-46.795135149140215	-49.44981483614665	-50.815082581316
-33.45	33.45	33.45000000000001	33.45000000000001	33.45000000000001	33.45000000000001	28.350133572175814	19.25503863179383	13.78739451872859	4.611578696449981	-5.1101680112126	-13.426532540602212	-20.84788430649028	-28.314183215173006	-36.24202233846048	-38.41721317207863	-40.531757431981454	-45.859540372894934	-47.0523925514164	-49.70893199984383	-51.072600493420055
-33.35	33.35	33.35000000000001	33.35000000000001	33.35000000000001	33.35000000000001	28.185214026076498	19.01020762721608	13.538196831468134	4.3566090481045645	-5.366010734020782	-13.680836244764606	-21.108489327999585	-28.573703410216453	-36.5003625308894	-38.678988200376615	-40.79249783191143	-46.12089097184426	-47.31452465642337	-49.9754030791707	-51.3402378054361
-33.25	33.25	33.25000000000001	33.25000000000001	33.25000000000001	33.25000000000001	27.956695175275517	18.772867855980163	13.28369556755481	4.095484765092261	-5.637466147483822	-13.959730675020118	-21.3875516496098	-28.845806341072663	-36.7746970838318	-38.95199808439811	-41.064075798910466	-46.39212099987311	-47.584966864690244	-50.243093424533456	-51.60616603731288
-33.15	33.15	33.150000000000006	33.150000000000006	33.150000000000006	33.150000000000006	27.731679841057275	18.500408976527495	13.016517668633359	3.8432780920239478	-5.893354419931863	-14.21805955897048	-21.643527970195642	-29.10524687859401	-37.032047258661144	-39.210537721195955	-41.325770303938235	-46.655135635292716	-47.85014548663691	-50.50579878443267	-51.86984176353679
-33.05	33.05	33.050000000000004	33.050000000000004	33.050000000000004	33.050000000000004	27.427789179037617	18.23964883135408	12.74408470606663	3.5741433207523787	-6.158715320001509	-14.476332553769561	-21.904715268470326	-29.36919487609894	-37.29478799463218	-39.47680344322853	-41.595881681842535	-46.922341187800235	-48.11726006829629	-50.7739117744174	-52.1369139368157
-32.95	32.95	32.95000000000001	32.95000000000001	32.95000000000001	32.95000000000001	27.115189262937406	17.952103824106423	12.465415613442778	3.2955585708300745	-6.429160740131748	-14.750967971026245	-22.176627553854853	-29.636590462269687	-37.55996960365729	-39.73848539944466	-41.85447772767221	-47.181460462539164	-48.37810870345996	-51.03595839307371	-52.39985625457537
-32.85	32.85	32.85000000000001	32.85000000000001	32.85000000000001	32.85000000000001	26.89805621105431	17.69516482294908	12.212620638728879	3.0493755648931984	-6.689056064393057	-15.014159510499079	-22.4391372245566	-29.903825092318208	-37.82496858929734	-40.00266412056603	-42.116867088235104	-47.444176953213116	-48.64345613537728	-51.30246356875922	-52.66692070456512
-32.75	32.75	32.75000000000001	32.75000000000001	32.75000000000001	32.75000000000001	26.580389267508554	17.441790586091628	11.942126612762477	2.7747217045510193	-6.956017677828548	-15.27514915019171	-22.701404837160013	-30.162033141833806	-38.081856013858356	-40.26021986495211	-42.3768378683793	-47.70579062409085	-48.90629060263033	-51.562521133044996	-52.92766315323272
-32.65	32.65	32.650000000000006	32.650000000000006	32.650000000000006	32.650000000000006	26.381851134649786	17.169652319089344	11.654585701580865	2.50632265706889	-7.222449200773043	-15.538912370657238	-22.96867192136561	-30.42662877794081	-38.34817583094657	-40.52532212687089	-42.64186882554776	-47.96925391590203	-49.16792944483529	-51.82683433125928	-53.19226924108292
-32.55	32.55	32.550000000000004	32.550000000000004	32.550000000000004	32.550000000000004	26.098740000238813	16.91550235275292	11.40814536803724	2.254271821237762	-7.474578424848708	-15.793776249055568	-23.231098469645993	-30.688997005812155	-38.610725687290355	-40.79093149650242	-42.906889936104065	-48.22992434969085	-49.42659379076768	-52.08650590633201	-53.449814672855176
-32.45	32.45	32.45000000000001	32.45000000000001	32.45000000000001	32.45000000000001	25.83326569473517	16.648906381184144	11.142776808776022	1.97966621513104	-7.752209923783443	-16.073814217806518	-23.50131984335031	-30.961788916490786	-38.881673200579066	-41.05892672594318	-43.17833059495884	-48.503898489197226	-49.700259255256675	-52.35642306710406	-53.71986796444754
-32.35	32.35	32.35000000000001	32.35000000000001	32.35000000000001	32.35000000000001	25.635222858000358	16.392800900690716	10.896963395604727	1.722779684530249	-8.008943187179872	-16.322538587511474	-23.75378106424853	-31.21294746868863	-39.130075041256234	-41.30886108590025	-43.42809869245232	-48.7522451348274	-49.95076644711877	-52.60851367585252	-53.971445159278716
-32.25	32.25	32.25000000000001	32.25000000000001	32.25000000000001	32.25000000000001	25.403588351258925	16.092806553230968	10.596394220518736	1.4376716419495426	-8.288897794335469	-16.600774554730805	-24.02950997225567	-31.48377139301944	-39.40323808247337	-41.5806038631971	-43.696710727982236	-49.01966033051325	-50.21684329287687	-52.87699833959364	-54.24027085407633
-32.15	32.15	32.150000000000006	32.150000000000006	32.150000000000006	32.150000000000006	25.136984210360378	15.886939273018886	10.37072375799563	1.1987972069380894	-8.535209274046792	-16.841965855130546	-24.27301563817229	-31.734056174923538	-39.650036609326854	-41.82766970584604	-43.94612853142109	-49.26972119872957	-50.46766819473329	-53.128707134244564	-54.49449146901108
-32.05	32.05	32.050000000000004	32.050000000000004	32.050000000000004	32.050000000000004	24.89304363538437	15.630258141704836	10.120028645457186	0.9368472624636156	-8.789654075975305	-17.096338301017422	-24.534774569053766	-31.993185568426966	-39.91225396442882	-42.08939074809705	-44.210939894175205	-49.53388573893939	-50.734117536719445	-53.39132827373706	-54.75506576569553
-31.95	31.95	31.950000000000006	31.950000000000006	31.950000000000006	31.950000000000006	24.650540528159745	15.37525712542852	9.853240617223568	0.6876800394512861	-9.048037402836265	-17.356683697561515	-24.787923160967285	-32.24634224316272	-40.1590545679601	-42.34146192804043	-44.461892488001816	-49.78828455004672	-50.98901864853205	-53.648779004831276	-55.014709754012145
-31.85	31.85	31.85000000000001	31.85000000000001	31.85000000000001	31.85000000000001	24.450296153021572	15.12063332531406	9.603749278885093	0.4302876620145268	-9.31009186127039	-17.615204099660705	-25.052857715051733	-32.513738004909015	-40.42903835945153	-42.609027597865754	-44.730119898704515	-50.05031207134568	-51.24930119405036	-53.90751971769354	-55.27364634409909
-31.75	31.75	31.750000000000007	31.750000000000007	31.750000000000007	31.750000000000007	24.17595499462781	14.863369635928093	9.329531587816328	0.1600211170458487	-9.566924138509984	-17.871229454644308	-25.31869721905254	-32.77226156923688	-40.68026174822924	-42.86247154446017	-44.98402118488829	-50.30956619492793	-51.51021717847829	-54.16709447405778	-55.534788205434815
-31.65	31.65	31.650000000000006	31.650000000000006	31.650000000000006	31.650000000000006	23.927986714708865	14.61933408358881	9.085464878426611	-0.09261477135679536	-9.826316961945576	-18.13063389883382	-25.57228893427908	-33.02721127737573	-40.93637252369141	-43.11870717088232	-45.23844715967561	-50.56457875785386	-51.76673244291456	-54.423551175029544	-55.79087878299735
-31.55	31.55	31.550000000000008	31.550000000000008	31.550000000000008	31.550000000000008	23.68865820440002	14.360570835750774	8.815796784214005	-0.34691818012189213	-10.077040959613322	-18.382047546819347	-25.832442763670432	-33.28506274226115	-41.19761119797165	-43.38091381088826	-45.50181121736186	-50.823904326062596	-52.028223963222224	-54.6831175811726	-56.0509600596618
-31.45	31.45	31.450000000000006	31.450000000000006	31.450000000000006	31.450000000000006	23.41229527704072	14.100471337649743	8.544683910526143	-0.6170050780193107	-10.349086258769738	-18.65211922361637	-26.102438550067188	-33.55615380831659	-41.46605133492982	-43.64547831916425	-45.76763393503203	-51.09061316027419	-52.29171109056619	-54.94512376218135	-56.31010091471148
-31.35	31.35	31.35000000000001	31.35000000000001	31.35000000000001	31.35000000000001	23.18108850316448	13.868002763278968	8.316248209560097	-0.8592122778979487	-10.589504116653973	-18.898037348024943	-26.352522578801064	-33.80817555516212	-41.71813660673847	-43.90220676308423	-46.02178305271599	-51.34522903310854	-52.54638926640461	-55.200909006827466	-56.56532471363539
-31.25	31.25	31.250000000000007	31.250000000000007	31.250000000000007	31.250000000000007	22.92760588688884	13.621855456140196	8.062477413749374	-1.1146881620319047	-10.851148021595195	-19.154820049218475	-26.606813928977317	-34.063206731672466	-41.97337488798093	-44.157335492293065	-46.281559371409124	-51.60579782597087	-52.80725920349399	-55.4606880345643	-56.82803901706637
-31.15	31.15	31.150000000000006	31.150000000000006	31.150000000000006	31.150000000000006	22.71001187949274	13.377836207211718	7.817291998261904	-1.3689251599942813	-11.107718692269463	-19.419117479431616	-26.87649483858192	-34.331924120267445	-42.23996416278137	-44.42308591650954	-46.543314891812415	-51.864924385956336	-53.06774596060367	-55.72361218685229	-57.0922125382096
-31.05	31.05	31.050000000000008	31.050000000000008	31.050000000000008	30.356852819440064	22.438305317840015	13.107311089949306	7.542833522573395	-1.636492613717193	-11.375744480765661	-19.686177432484993	-27.146306632626388	-34.59719611023762	-42.50549128489164	-44.689874755274666	-46.81107045901884	-52.132353784913555	-53.33309738965902	-55.98710075229747	-57.35338401876952
-30.95	30.95	30.950000000000006	30.950000000000006	30.950000000000006	30.256852819440063	22.17224540399822	12.858549087619554	7.294497088861733	-1.8756032921815045	-11.61819186638596	-19.925210878696298	-27.386939274701344	-34.84168727305111	-42.747681912957084	-44.93266286496797	-47.05902346409706	-52.38277882639121	-53.58550306826579	-56.23794751504825	-57.604178348246045
-30.85	30.85	30.85000000000001	30.85000000000001	30.85000000000001	29.24056208756591	21.95307544631931	12.60612778270255	7.028107200210445	-2.13863636995945	-11.878610451353582	-20.183026805696837	-27.64161197262721	-35.09324942477905	-43.00417581019711	-45.189073665915295	-47.313123784640794	-52.63603663847896	-53.83987489908294	-56.49501822787466	-57.86380913926813
-30.75	30.75	30.750000000000007	30.750000000000007	30.750000000000007	30.750000000000007	21.713452746812827	12.356924538921344	6.769763669122314	-2.395324852280827	-12.140815116570364	-20.446418800722945	-27.90870124690722	-35.36252404025409	-43.26706352523004	-45.45142858549687	-47.576135910385986	-52.897624992454865	-54.10204294426973	-56.75781478346228	-58.12628120549345
-30.65	30.65	30.650000000000006	30.650000000000006	30.650000000000006	30.650000000000006	21.44620647589313	12.085151437822422	6.499497368352003	-2.667532924878687	-12.411069848951717	-20.715652538764875	-28.17350732509634	-35.62433983659118	-43.53223819012788	-45.7151535769249	-47.84006249296079	-53.162421131975	-54.367457685223485	-57.02250118940179	-58.389786810335636
-30.55	30.55	30.550000000000008	30.550000000000008	30.550000000000008	30.550000000000008	21.211989576674423	11.859684000364028	6.260446958585948	-2.8995457176490325	-12.649010487957092	-20.956738825803114	-28.418968467066833	-35.874791568805186	-43.78004745726105	-45.964799074419105	-48.0898667054681	-53.413563832191166	-54.61877082460818	-57.27512600711581	-58.64193099302973
-30.45	30.45	30.450000000000006	30.450000000000006	30.450000000000006	30.78647223662122	20.960961373382624	11.604517448832107	6.007128619898251	-3.158916462121909	-12.907856996768762	-21.220072091296235	-28.681607824864777	-36.13434509089873	-44.044376922570535	-46.227724375887796	-48.352209619572804	-53.672569105879624	-54.879290557685735	-57.53597560884307	-58.90242434788044
-30.35	30.35	30.35000000000001	30.35000000000001	30.35000000000001	31.379619417181168	20.70839532025325	11.356464462914188	5.760317023623333	-3.4113807260830042	-13.158875027562345	-21.469435685995464	-28.93404854328743	-36.38896556476743	-44.29386655285982	-46.4783639750175	-48.603697487412006	-53.92356928087037	-55.13146640385706	-57.78862988586817	-59.154688302952245
-30.25	30.25	30.250000000000007	30.250000000000007	30.250000000000007	30.32410797215373	20.468673243823964	11.099432032935136	5.503628020069468	-3.667614041152126	-13.420958114822648	-21.730666881871716	-29.19554164697498	-36.65314545739528	-44.55811306818762	-46.7427561014678	-48.870189321381176	-54.18957743503853	-55.39377468594981	-58.04893234109852	-59.41423832557712
-30.15	30.15	30.150000000000006	30.150000000000006	30.150000000000006	30.150000000000006	20.222580279156983	10.862676476086598	5.25780253948534	-3.9182481359624366	-13.670236994802092	-21.978545127267875	-29.445397187611743	-36.90117101948688	-44.80655762333568	-46.9944549559088	-49.1211814280967	-54.44060122086559	-55.64670071777757	-58.30183006007811	-59.668472153528256
-30.05	30.05	30.050000000000008	30.050000000000008	30.050000000000008	29.470181504747067	19.963116818759694	10.607013722726245	5.005794328841387	-4.1663438048968935	-13.917859547651732	-22.228664286184877	-29.697222004848058	-37.153268384686896	-45.064839842361465	-47.25190270548104	-49.377084401762005	-54.69621967784236	-55.903599833667734	-58.55808679704036	-59.926778753814446
-29.95	29.95	29.950000000000006	29.950000000000006	29.950000000000006	29.15507012513012	19.698799257802506	10.33413649369475	4.739749032486941	-4.434932764438427	-14.192091926349446	-22.49897516501474	-29.96933061937579	-37.42476677747311	-45.33373492278227	-47.51679193243261	-49.642146209733774	-54.95885568475421	-56.16405456104424	-58.82074741902396	-60.1876377637906
-29.85	29.85	29.85000000000001	29.85000000000001	29.85000000000001	28.87813941697104	19.4645508579372	10.102824133981818	4.496098052592055	-4.692642690236519	-14.452533730318649	-22.760590807940208	-30.233404281879164	-37.680588214497924	-45.58743268643318	-47.77393786251457	-49.901992433817426	-55.2203639572842	-56.42519853462041	-59.07796676452327	-60.44476795680776
-29.75	29.75	29.750000000000007	29.750000000000007	29.750000000000007	29.02176149962879	19.202449228146417	9.845905794567104	4.235703714114061	-4.936148650457131	-14.69901026531398	-23.00931726920136	-30.481148961596713	-37.93328316933836	-45.842796488053835	-48.028304720782465	-50.156561349125155	-55.47324235430979	-56.68154467400908	-59.33465838200411	-60.70013524165166
-29.65	29.65	29.650000000000006	29.650000000000006	29.650000000000006	28.575485262910956	18.996741594173148	9.623838518964464	3.9996347997131525	-5.184568690308137	-14.94270401989341	-23.255812640672644	-30.73028724145657	-38.18613352421815	-46.09236316542931	-48.27853122472788	-50.40820719173397	-55.722819777519554	-56.93101337175606	-59.58387511446796	-60.95079363667538
-29.55	29.55	29.550000000000008	29.550000000000008	29.550000000000008	28.382394839844945	18.71310276739622	9.35980979931703	3.7403416329960595	-5.4366388382280455	-15.200080348406155	-23.5122244900456	-30.98681778250486	-38.44385428346017	-46.34979429511243	-48.53440415840361	-50.66295006777026	-55.97805115915962	-57.1869803690293	-59.84275305231185	-61.20885420834376
-29.45	29.45	29.450000000000006	29.450000000000006	29.450000000000006	27.758323989328932	18.465159811526743	9.103135399247607	3.4825470943105334	-5.696093262307392	-15.457848146733305	-23.769941177769198	-31.25150828471466	-38.708956189105734	-46.613879737873674	-48.80085145491014	-50.931498744076656	-56.24528608388749	-57.45368753042381	-60.10696647182479	-61.472624675535705
-29.35	29.35	29.35000000000001	29.35000000000001	29.35000000000001	27.726377452573953	18.24769629791866	8.861337222730468	3.2311882345952774	-5.953656989308337	-15.715262800334454	-24.026437957548776	-31.503545797346884	-38.96118474252179	-46.868469852489625	-49.05883122395449	-51.18867699324439	-56.49819185627111	-57.708292168775856	-60.36243000384565	-61.728026725510844
-29.25	29.25	29.250000000000007	29.250000000000007	29.250000000000007	27.6843647102243	17.971973832646224	8.586598279178189	2.9519895965377456	-6.222936866210607	-15.98417759592326	-24.292276318189263	-31.770287925064924	-39.23101110942093	-47.135100910425734	-49.32155937962172	-51.44978144776927	-56.760067968437795	-57.97022917754774	-60.62256291714423	-61.989635061381996
-29.15	29.15	29.150000000000006	29.150000000000006	29.150000000000006	27.458323989328935	17.692452655127433	8.315398957056164	2.693080631900153	-6.479229980629228	-16.241945299441156	-24.554009930714273	-32.03408463775386	-39.492178611767166	-47.39602601462742	-49.58183950537204	-51.71170438602559	-57.02128127075267	-58.23128067901722	-60.88272930758613	-62.2481088207361
-29.05	29.05	29.050000000000008	29.050000000000008	29.050000000000008	26.85277542266379	17.452599232874977	8.0803396719832	2.440158599150382	-6.737379325658257	-16.497094397399774	-24.80695849793645	-32.28607170376625	-39.74392571803289	-47.647128446458005	-49.83251584924043	-51.96141777315754	-57.274758349250206	-58.48442854804694	-61.13370052845874	-62.49768282389561
-28.95	28.95	28.950000000000006	28.950000000000006	28.950000000000006	26.691217529664353	17.209998488037407	7.816297890531267	2.1830930731447693	-6.99241579531114	-16.756644457773216	-25.067800758838956	-32.54647082892558	-40.0029772253804	-47.904490611002835	-50.08515800403553	-52.21594235823496	-57.5277252668775	-58.738219976481574	-61.39004328588287	-62.75417320537427
-28.85	28.85	28.85000000000001	28.85000000000001	28.85000000000001	26.274121572006283	16.933280865582265	7.549621289627719	1.9171711910868487	-7.247093547851617	-17.005732554884254	-25.31567603416186	-32.79699835897263	-40.25379356714601	-48.16026705564706	-50.34353764335477	-52.47292959383032	-57.78335207390989	-58.99672325474208	-61.64926262476127	-63.012161341774686
-28.75	28.75	28.750000000000007	28.750000000000007	28.750000000000007	25.775929223227195	16.692257422509286	7.3142318664045245	1.6713418209125313	-7.495886500595438	-17.26247659685788	-25.575045619730908	-33.05871238859966	-40.5138519161376	-48.416000914882076	-50.59830538876945	-52.728298409944486	-58.03595031293475	-59.24594908332691	-61.89727220306857	-63.26110855989842
-28.65	28.65	28.650000000000006	28.650000000000006	28.650000000000006	25.69063537061689	16.45139968887059	7.063786939894342	1.415435424816287	-7.757255538213591	-17.516643830010754	-25.829363893778606	-33.311574697569014	-40.76774291936964	-48.67363740956188	-50.85745706572728	-52.98464759263781	-58.2921644804264	-59.50345906796096	-62.154359673892024	-63.51794738787984
-28.55	28.55	28.550000000000008	28.550000000000008	28.550000000000008	25.30295329816511	16.19579792325263	6.813197862246811	1.1707989850560814	-7.998984277190646	-17.771560357215044	-26.08598248212936	-33.57265994533923	-41.02641891445327	-48.9295925049397	-51.11330179516959	-53.24336514088233	-58.55265040537744	-59.7622370547228	-62.411900790389	-63.77434071454681
-28.45	28.45	28.450000000000006	28.450000000000006	28.450000000000006	25.1000959127254	15.960077817796916	6.564981470727165	0.9081824152778086	-8.272152112099553	-18.038064075206005	-26.34599931766084	-33.833250827555695	-41.288940012156495	-49.19236741007558	-51.37170517525933	-53.50055787579342	-58.80770253510455	-60.015666114697396	-62.66459757274001	-64.02982207675178
-28.35	28.35	28.35000000000001	28.35000000000001	28.35000000000001	24.84917277738901	15.677624767144433	6.2958523353740325	0.6466796928239126	-8.523661461709736	-18.289461056887053	-26.599325098710842	-34.082478655120305	-41.535365900551774	-49.439457356033856	-51.62306499737067	-53.7544549337552	-59.05911509858843	-60.26993450203214	-62.91690922851098	-64.28342903097138
-28.25	28.25	28.250000000000007	28.250000000000007	28.250000000000007	24.561120545886073	15.414032267007975	6.020475944450269	0.3836766012897629	-8.78298700759382	-18.54815700221034	-26.854535239000782	-34.34345400485658	-41.8012239476138	-49.701562642848046	-51.88287106583643	-54.013352081095526	-59.31970122296014	-60.52893956600556	-63.17612067762293	-64.5413967834894
-28.15	28.15	28.150000000000006	28.150000000000006	28.150000000000006	24.274344638742736	15.162750176444215	5.769193853886509	0.11958747364014588	-9.050403891194684	-18.816639378570546	-27.122472982988022	-34.60715696504209	-42.06009081951853	-49.962939373711215	-52.14485342605034	-54.27609744410455	-59.582848735001676	-60.78890727020204	-63.436343382204534	-64.80039010354959
-28.05	28.05	28.050000000000008	28.050000000000008	28.050000000000008	24.108418192330316	14.904038344137263	5.518643489638993	-0.1344633169252029	-9.304683750481498	-19.064393893429195	-27.372088235762448	-34.85768924546225	-42.313883203824204	-50.21404406460254	-52.39388798775108	-54.52731282306009	-59.833284239319944	-61.039439796304364	-63.68601812908614	-65.05229356137282
-27.95	27.95	27.950000000000006	27.950000000000006	27.950000000000006	23.929763409931628	14.64537736723962	5.265781205846657	-0.38004596124004886	-9.548890808832477	-19.315226264469004	-27.62243953952943	-35.111799090810386	-42.56554187381747	-50.46885198487652	-52.65098174928242	-54.78153391328475	-60.08592462914932	-61.29400876969851	-63.94056919689029	-65.30317981571123
-27.85	27.85	27.85000000000001	27.85000000000001	27.85000000000001	23.57234230926166	14.427621602890806	5.025991727230234	-0.6275629746450571	-9.798150259864128	-19.564677647644434	-27.873636827012028	-35.36290182263742	-42.81329165487763	-50.71438328653985	-52.89602010168279	-55.03092067133886	-60.33451024763098	-61.5435701446642	-64.19004417264601	-65.55473375509919
-27.75	27.75	27.750000000000007	27.750000000000007	27.750000000000007	23.209749360111232	14.150137971486496	4.7556512314253725	-0.8959389392662096	-10.065032662421306	-19.830124101002262	-28.134451247612134	-35.61583126905528	-43.067692283204444	-50.967083013460204	-53.151519219843166	-55.284408759977545	-60.58617003289109	-61.7960927415781	-64.44172347791293	-65.80841926912305
-27.65	27.65	27.650000000000006	27.650000000000006	27.650000000000006	23.034879483158747	13.900926725457062	4.494552407932433	-1.1549153002512815	-10.322489809096455	-20.087540187337396	-28.386942887510624	-35.87308247638386	-43.32539370095831	-51.22351860421611	-53.40811514463241	-55.54259783644393	-60.84309741824869	-62.05155629432607	-64.69622543222498	-66.06322994870278
-27.55	27.55	27.550000000000008	27.550000000000008	27.550000000000008	22.771476927200723	13.672759393729708	4.258255592426733	-1.3940930191695504	-10.557127583420995	-20.32827121417235	-28.63453060440893	-36.12186873913007	-43.57527798490493	-51.47455411156198	-53.65894340135946	-55.79642325417085	-61.09828269486424	-62.304758624425574	-64.9482538862334	-66.3154176518468
-27.45	27.45	27.450000000000006	27.450000000000006	27.450000000000006	22.522746314842802	13.42474498220133	4.022191076079209	-1.6293783929491834	-10.79714849264247	-20.57786254736522	-28.881787087325797	-36.37276039357894	-43.827531262491874	-51.72863643082118	-53.91109268658412	-56.0487058226053	-61.347292709860625	-62.55452948093011	-65.19823110730361	-66.5661961382224
-27.35	27.35	27.35000000000001	27.35000000000001	27.35000000000001	22.30980590366221	13.149095599576231	3.741858338414384	-1.907925368720444	-11.076346819120081	-20.846538231009294	-29.143949478176665	-36.63576421333348	-44.09295243357403	-51.99024245360213	-54.17038594399821	-56.30303724301129	-61.604617793309465	-62.81232994765219	-65.45475918830222	-66.82227811200865
-27.25	27.25	27.250000000000007	27.250000000000007	27.250000000000007	22.055060987905808	12.915496575886259	3.509154678014968	-2.1507366526827654	-11.311241457677152	-21.083557140502343	-29.386145144556895	-36.87594608276469	-44.332387672379504	-52.232300488997346	-54.41576926285045	-56.55413119656465	-61.85497916341938	-63.06298968909402	-65.70553845894918	-67.07474740633252
-27.15	27.15	27.150000000000006	27.150000000000006	27.150000000000006	21.791394202595164	12.651876702219546	3.246873675374311	-2.4024848336120934	-11.566999755211667	-21.338866860128018	-29.639813754038915	-37.12778188284306	-44.58640631106201	-52.48418513313135	-54.662945914193564	-56.79986627013796	-62.103409537936926	-63.31204140984818	-65.95517404156624	-67.32351484306778
-27.05	27.05	27.050000000000008	27.050000000000008	27.050000000000008	21.45927957953338	12.378328274802682	2.987619089844592	-2.6594445486933127	-11.820915322408704	-21.592320356222817	-29.890884900812935	-37.376820539232476	-44.83206859897336	-52.7309740129226	-54.91265832908652	-57.049009238902805	-62.349991569474525	-63.5604335283993	-66.20091861731947	-67.57018660951523
-26.95	26.95	26.950000000000006	26.950000000000006	26.950000000000006	21.283820500122673	12.128998502190903	2.7304393013519404	-2.922136332130201	-12.084104392804873	-21.85268950721264	-30.155107100485015	-37.64798663141362	-45.09774990273882	-52.9938846381284	-55.175573756488205	-57.31329576808629	-62.615091503116034	-63.822255010543735	-66.46131721556034	-67.8312479161106
-26.85	26.85	26.85000000000001	26.85000000000001	26.85000000000001	21.03246376032796	11.858022286271801	2.484967613692352	-3.167440008639864	-12.326075106871986	-22.10140669236572	-30.40117233474956	-37.88862080221235	-45.34335675184197	-53.2376424334157	-55.41656658270187	-57.55591111439805	-62.856502837873585	-64.06661579775233	-66.70658498214334	-68.07512771364912
-26.75	26.75	26.750000000000007	26.750000000000007	26.750000000000007	20.686547072425274	11.610704137432126	2.233617596663991	-3.4203653797101463	-12.584639593670044	-22.358894800592708	-30.661693256350983	-38.148817283655916	-45.606522937239085	-53.503554162991755	-55.679742703744644	-57.81872503385817	-63.11865426634719	-64.32769745465356	-66.96445337971738	-68.33351073750272
-26.65	26.65	26.650000000000006	26.650000000000006	26.650000000000006	20.44529794769728	11.354284441304202	1.968208738911316	-3.6851366219556967	-12.838537633512146	-22.616890471985627	-30.915259220452477	-38.40617913916267	-45.85776444292965	-53.75342924996971	-55.9302493584846	-58.07000493099534	-63.370948735089435	-64.57942253238059	-67.21885783897842	-68.58468463778468
-26.55	26.55	26.550000000000008	26.550000000000008	24.940562087565908	20.184824312465715	11.091922393115167	1.7181337734657833	-3.943491753789395	-13.100516720276575	-22.87062167040267	-31.171534552039248	-38.66216673886299	-46.11579124356105	-54.01153797565596	-56.188353201707834	-58.326542762737574	-63.625310179879484	-64.83403599892048	-67.47230251195842	-68.83593028468728
-26.45	26.45	26.450000000000006	26.450000000000006	24.840562087565907	19.984272387541907	10.892985204906015	1.4861370673320184	-4.181414719410055	-13.333958089923806	-23.11616885630794	-31.41680630785613	-38.90935309935394	-46.36174644740536	-54.2607316104625	-56.43872898472363	-58.57534229051626	-63.873070360676905	-65.08313944899447	-67.72130880532013	-69.08736064484505
-26.35	26.35	26.35000000000001	26.35000000000001	24.74056208756591	19.665811641083344	10.615519813091026	1.2267743281285701	-4.4296650275365925	-13.5869963745284	-23.365932304662852	-31.663681507410526	-39.16075387587403	-46.61821967278916	-54.517194028611115	-56.69322845059737	-58.83173296577973	-64.12866298701364	-65.33941403295695	-67.97653057864702	-69.34103129518229
-26.25	26.25	26.250000000000007	26.250000000000007	24.640562087565907	19.438783242560888	10.373606899717567	0.979287985169745	-4.6812045897699095	-13.841997039423484	-23.618904252031502	-31.91576393100762	-39.410326101704726	-46.86451280259164	-54.7636223529602	-56.94030070781967	-59.08003194521099	-64.37937197221244	-65.58944175703084	-68.22564460002965	-69.59038647679434
-26.15	26.15	26.150000000000006	26.150000000000006	24.540562087565906	19.126406103034824	10.071082184199884	0.6957436412056066	-4.961837705493766	-14.109731140680532	-23.880210528499937	-32.17447324599769	-39.665378122965606	-47.11920549064552	-55.01470604117748	-57.19118908461392	-59.33407032583778	-64.63220610189654	-65.8434351840337	-68.48105480801856	-69.84771750979965
-26.05	26.05	26.050000000000008	26.050000000000008	24.440562087565908	18.822095257947314	9.834501897484241	0.4503723046975486	-5.203694058626975	-14.354430397200664	-24.13567601120618	-32.42785222435249	-39.921040355972785	-47.374937539712576	-55.27255973940271	-57.448576019781825	-59.59076607938101	-64.88824193581247	-66.09774801944494	-68.73124814052527	-70.09794428475023
-25.95	25.95	25.950000000000006	25.950000000000006	24.340562087565907	18.572664460523395	9.576232451762412	0.19097859999802685	-5.457742267766119	-14.608075259488803	-24.384975197681005	-32.68148913772094	-40.175952510632264	-47.632043884631884	-55.5261934482716	-57.70198953969986	-59.84472892844854	-65.14198161729837	-66.35462759780425	-68.98669731228716	-70.35378629969587
-25.85	25.85	25.85000000000001	25.85000000000001	22.854267726446018	18.414328415408683	9.308307136879138	-0.05570612905244382	-5.717812368647032	-14.868370714060973	-24.63929742757322	-32.92828126618075	-40.42318107632962	-47.87463825706293	-55.771384811988256	-57.94768549447287	-60.09100469547992	-65.38734564128396	-66.59948523758229	-69.23397359632811	-70.60004334500292
-25.75	25.75	25.750000000000007	25.750000000000007	22.754267726446017	18.003666430557175	9.064342886823484	-0.31868630736077014	-5.966889005089913	-15.118334511466438	-24.890917835743227	-33.17803169839579	-40.671878945019444	-48.126668491778624	-56.024861468683994	-58.205462491889485	-60.3467032049773	-65.64570918545698	-66.85969696115218	-69.49291372812044	-70.85993437866136
-25.65	25.65	25.650000000000006	25.650000000000006	22.654267726446015	17.784645004649644	8.799515586493142	-0.5842953607435459	-6.232269317574933	-15.380676170912373	-25.146278476062555	-33.436459170377184	-40.92529317239921	-48.38169677544431	-56.28017573903892	-58.455965865568736	-60.60103421172713	-65.8967966052424	-67.11085894690859	-69.74352785365285	-71.10984882679782
-25.55	25.55	25.550000000000008	25.550000000000008	21.86112054588607	17.602175821076514	8.562922589682545	-0.8166163335833581	-6.474162406604133	-15.624561753248393	-25.39384782640494	-33.685296437023226	-41.178591376334325	-48.634068299668805	-56.530013749559636	-58.70892386285728	-60.85281381282278	-66.14735939881481	-67.36357797899502	-69.9967941316316	-71.36172419120679
-25.45	25.45	25.450000000000006	25.450000000000006	21.76112054588607	17.25322332148043	8.2807833976953	-1.0779213061433874	-6.742404224427763	-15.88559359688484	-25.65237990697516	-33.94236798694173	-41.43042315056302	-48.88491089918847	-56.778014086519356	-58.95638852592577	-61.099400152969125	-66.39654196634619	-67.60998550377542	-70.24096705922236	-71.60816064020365
-25.35	25.35	25.35000000000001	25.35000000000001	21.66112054588607	16.90698500087436	8.03618486534726	-1.320162247329694	-6.980749492698002	-16.12992646689564	-25.89474629198877	-34.18225657373402	-41.67618111310857	-49.12825397500673	-57.02464861788742	-59.207676607115026	-61.35252611927114	-66.64453180067784	-67.85917292106396	-70.49268929603932	-71.85723126462383
-25.25	25.25	25.250000000000007	25.250000000000007	21.56112054588607	16.72350558764173	7.789267265621512	-1.5811741836715494	-7.238801803750555	-16.384374782291044	-26.14746729319247	-34.43757110749895	-41.93411622277287	-49.384488794289325	-57.28170098513802	-59.46195776482541	-61.60570153356268	-66.90333561067544	-68.11918970437685	-70.74939083726963	-72.11687525705504
-25.15	25.15	25.150000000000006	25.150000000000006	21.97194616965206	16.52285356494915	7.562193458451278	-1.7964749935097657	-7.467549661768219	-16.62357537335171	-26.391308866519577	-34.68395967961309	-42.176790208518824	-49.62532806544187	-57.525745293622	-59.70776788605892	-61.85037665317134	-67.14311650083064	-68.35927488654747	-70.98809553429453	-72.35544783997088
-25.05	25.05	25.050000000000008	25.050000000000008	21.717795489824805	16.212387121879726	7.328676026328412	-2.0558011281378956	-7.712832789281125	-16.870710514019294	-26.637506737163466	-34.92930213764279	-42.429265562438545	-49.8803817176512	-57.77665941910958	-59.95786372484161	-62.102795640339735	-67.39778120844728	-68.61373449641827	-71.24365901051428	-72.61275315216145
-24.95	24.95	24.950000000000006	24.950000000000006	20.519183201156693	16.00606763700971	7.05885783202237	-2.299586300327762	-7.970490706880934	-17.119044685889676	-26.889544010975946	-35.180337760649245	-42.681238410684614	-50.132432297727384	-58.025453241798566	-60.21084258846733	-62.35794074208987	-67.65343457600389	-68.86960346965188	-71.49797643000267	-72.8653059197313
-24.85	24.85	24.85000000000001	24.85000000000001	22.770558458320174	15.712865744932317	6.784173855413712	-2.569863453031001	-8.232849656065891	-17.383379489463152	-27.15088152391691	-35.43458950723002	-42.93641260613552	-50.38619283497598	-58.27761072371452	-60.4586030006998	-62.60348208887109	-67.89840129772523	-69.11454656124201	-71.74442476143021	-73.11223719520078
-24.75	24.75	24.750000000000007	24.750000000000007	21.571946169652062	15.473702466724509	6.54735453721675	-2.7990866452442424	-8.477360272372582	-17.635779939010735	-27.398726886743813	-35.68248809224341	-43.18164995254466	-50.63110528328084	-58.524118751377	-60.70590128303286	-62.85129464592247	-68.14640162186252	-69.36134874840346	-71.99012083776024	-73.35855848626674
-24.65	24.65	24.650000000000006	24.650000000000006	21.317795489824803	15.247729721474746	6.2902847959630055	-3.059167628693337	-8.728704386214496	-17.888459167610947	-27.65112936300144	-35.9368266900271	-43.433254078223825	-50.886322830099935	-58.778365893697476	-60.95999161260955	-63.10370876010368	-68.40215464198465	-69.61675750634056	-72.24520606671051	-73.61388585949423
-24.55	24.55	24.550000000000008	24.550000000000008	21.217795489824805	14.936083284459556	6.0289532951272	-3.3219393687885352	-8.9959184053147	-18.14730994406012	-27.907085729696018	-36.19297308638828	-43.69335151762793	-51.14490727356321	-59.036542565721405	-61.2184327518845	-63.361866871159265	-68.65960617947253	-69.87202895474961	-72.50032786073726	-73.86762279874534
-24.45	24.45	24.450000000000006	24.450000000000006	20.49875628141858	14.678272395733885	5.771445378040463	-3.5491630573447575	-9.230448962493929	-18.38769191765764	-28.148555896646428	-36.44041435380517	-43.93721780594985	-51.38835772868759	-59.277843813512966	-61.46398450017758	-63.60440058980492	-68.90175922116178	-70.11594609899126	-72.74211302370928	-74.11199541171564
-24.35	24.35	24.35000000000001	24.35000000000001	22.963705638880118	14.476874439532125	5.544995576076507	-3.7895324831342108	-9.476204215005168	-18.63794564942736	-28.394596400853242	-36.68003569177542	-44.18596669217406	-51.639674213723744	-59.52736623414818	-61.712085482083005	-63.85659115039058	-69.1528324224687	-70.36507586044097	-72.98841864305484	-74.35713746583404
-24.25	24.25	24.250000000000007	24.250000000000007	21.254267726446017	14.222705062391098	5.277498332272599	-4.0605322743451	-9.7373042429122	-18.898883134873454	-28.65124216007476	-36.93897961502576	-44.4370218594984	-51.891808896026966	-59.78132357336698	-61.96529288788991	-64.11117222851783	-69.4090154763753	-70.62328407276307	-73.24865241497523	-74.61876269694275
-24.15	24.15	24.150000000000006	24.150000000000006	20.278798989092113	13.949057189284291	5.019784215836501	-4.317860913040493	-9.991457359760807	-19.151359429270922	-28.904324027845664	-37.193892261344	-44.69496360207315	-52.14682172467364	-60.03246351917593	-62.21814032105793	-64.36202627803823	-69.65832381022467	-70.87100112345298	-73.49678413339664	-74.86523571425337
-24.05	24.05	24.050000000000008	24.050000000000008	22.663705638880117	13.733713453704322	4.801239493176411	-4.5432093796904445	-10.232558127108735	-19.396984143180898	-29.156331597080015	-37.445295911549564	-44.94944048554768	-52.405306037510236	-60.291727178945436	-62.47700088848449	-64.6174014373428	-69.91400656176992	-71.12562886901074	-73.74957865103283	-75.1190079214651
-23.95	23.95	23.950000000000006	23.950000000000006	20.366481061543897	13.50779977432137	4.548292245656488	-4.791037037045569	-10.483959120566299	-19.652336302199448	-29.40336008179772	-37.69237065719127	-45.194163263256875	-52.649849301440156	-60.53355807601723	-62.718076869928225	-64.86055608248319	-70.15816250383735	-71.36724620733996	-73.99069589910499	-75.36072351372057
-23.85	23.85	23.85000000000001	23.85000000000001	20.517795489824806	13.231333627428189	4.285232200531024	-5.0440639288207425	-10.73363269402017	-19.89679968003356	-29.645453834343236	-37.932280954299706	-45.43783134495538	-52.89119116387077	-60.77795528262666	-62.96133104744613	-65.10427876139623	-70.40310788250608	-71.61199393871556	-74.23325608563358	-75.60500847134948
-23.75	23.75	23.750000000000007	23.750000000000007	19.2726631855218	12.951749680580274	4.025156342068568	-5.300617491243448	-10.979410468389952	-20.14957960353552	-29.903550126628485	-38.18866753723442	-45.69071754370556	-53.14253482321569	-61.02765216514011	-63.21366787685147	-65.35481289939904	-70.65180356624244	-71.86278842381402	-74.48683396217471	-75.85512966711684
-23.65	23.65	23.650000000000006	23.650000000000006	19.044829814011916	12.758409665484706	3.8018121309554966	-5.53722329857621	-11.232044194185237	-20.397633845392473	-30.1427469586366	-38.432768036233426	-45.93720824864884	-53.3929657204652	-61.27648335498948	-63.463255796008006	-65.60460654496244	-70.90126240658974	-72.11231071228097	-74.7339119279494	-76.1043108971518
-23.55	23.55	23.550000000000008	23.550000000000008	19.765810366081748	12.498003096494998	3.529760393630519	-5.797105166352227	-11.496047957689754	-20.657929955380897	-30.402721005924608	-38.69102537417007	-46.18851596678634	-53.648115768901384	-61.52854531426078	-63.717079085518144	-65.86019597893274	-71.15499787666064	-72.36657683521265	-74.98884537457332	-76.35761888861437
-23.45	23.45	23.450000000000006	23.450000000000006	18.731501128704913	12.228541305812485	3.286770066294127	-6.028416509581616	-11.732745967636138	-20.900631882457297	-30.64895876034793	-38.93762926319401	-46.43497123318009	-53.89370227371711	-61.77485278132969	-63.95887708293065	-66.10164457630508	-71.39852278781356	-72.60939860783915	-75.22953951706738	-76.59906108019581
-23.35	23.35	23.35000000000001	23.35000000000001	18.631501128704915	11.944065269598092	2.9998941288030325	-6.293609291235981	-11.991061441176276	-21.145529407511944	-30.891380912949415	-39.18013065302104	-46.67798912706257	-54.13723287040721	-62.02036007844353	-64.20381347836646	-66.34882022770456	-71.64864114944592	-72.86246257645598	-75.48232525503903	-76.84989015223154
-23.25	23.25	23.250000000000007	23.250000000000007	18.25278772623589	11.68966231962194	2.7576241267222814	-6.531868439930961	-12.234700300226688	-21.39662031796196	-31.146004689310434	-39.43191073966904	-46.93316277507535	-54.39393491453855	-62.273744205111676	-64.45669802314232	-66.60009334489638	-71.89697794089041	-73.10931542828871	-75.72989692141907	-77.09987313943073
-23.15	23.15	23.150000000000006	23.150000000000006	18.180186700424006	11.448708084932948	2.5177600108325184	-6.775004678140106	-12.486623748139564	-21.649289032452227	-31.39556780318524	-39.68788878575836	-47.18036190060129	-54.64110940465164	-62.5192896441632	-64.70274228678143	-66.85026188746215	-72.14918406362301	-73.3610836250465	-75.98144507494048	-77.35048320466038
-23.05	23.05	23.050000000000008	23.050000000000008	17.835064242391024	11.215427557136394	2.2689885878838267	-7.013788631675287	-12.73450049305286	-21.902404627717097	-31.64677969597394	-39.93678896523657	-47.43536267256079	-54.89744379574512	-62.772980935820264	-64.95425506920375	-67.098039062652	-72.39525282090891	-73.60795346163908	-76.22926306973811	-77.6002665855183
-22.95	22.95	22.950000000000006	22.950000000000006	18.16250825721796	10.923633801881596	2.007003634340833	-7.2627728543899215	-12.977269220403983	-22.143669274988305	-31.8858649538839	-40.174554712636365	-47.67191966245064	-55.13268323670446	-63.0106743230373	-65.19175204378232	-67.33671601481299	-72.63438272929629	-73.84986692393119	-76.47055809094114	-77.84185403760833
-22.85	22.85	22.85000000000001	22.85000000000001	17.57188534076949	10.681125655457986	1.7637771938797693	-7.506085900968029	-13.221026101774124	-22.390682209418692	-32.13127410890508	-40.42099595440643	-47.915886998224146	-55.377586589971415	-63.25429258576013	-65.43724906125345	-67.57962304742907	-72.88229190360312	-74.097093679069	-76.7178149551745	-78.0906721210214
-22.75	22.75	22.750000000000007	22.750000000000007	17.320654371045567	10.485784674352331	1.536411209255568	-7.737861687492613	-13.461848131754909	-22.632140694904216	-32.38232839821441	-40.67412598443141	-48.16974245041955	-55.633982949322345	-63.51052801396438	-65.69282499164807	-67.83326378149222	-73.12960265305675	-74.3451399310314	-76.9653647497832	-78.33463251766298
-22.65	22.65	22.650000000000006	22.650000000000006	16.709828747279573	10.236224011719154	1.2732379667379616	-7.990709209219715	-13.710089046023263	-22.877582589932963	-32.62754440724731	-40.914816359294555	-48.406928270629706	-55.87067460309545	-63.749778075215815	-65.93305226548502	-68.07560928423047	-73.37460020612718	-74.59130960338058	-77.21139441181408	-78.58102828304517
-22.55	22.55	22.550000000000008	22.550000000000008	16.319518552421524	10.010456206584328	1.0246187283731585	-8.233219708545223	-13.955625104363559	-23.11826123617954	-32.86705328695172	-41.154458680420284	-48.64437668860439	-56.11100832060033	-63.989094793437886	-66.17303258493098	-68.31374201710341	-73.61202027160456	-74.83109569710918	-77.45454236541839	-78.82697279262348
-22.45	22.45	22.450000000000006	22.450000000000006	16.165865838929204	9.710077011295954	0.7522923267032116	-8.493901147583552	-14.213274269245996	-23.376588604982214	-33.12636517400267	-41.41357372743129	-48.905710936876396	-56.36475998660052	-64.24099177413592	-66.41961083981353	-68.56474265447606	-73.86194305637271	-75.0768743901397	-77.69612884699877	-79.07028089736403
-22.35	22.35	22.35000000000001	22.35000000000001	15.92675303646649	9.500218179288808	0.5067325335405453	-8.74394932177751	-14.463880502755908	-23.62134157516527	-33.367518487569036	-41.65338500639703	-49.145277527983524	-56.61090008245407	-64.48731466948078	-66.67183353127182	-68.81558772972963	-74.11330378750543	-75.32844945420472	-77.94875580984768	-79.32258086480037
-22.25	22.25	22.250000000000007	22.250000000000007	15.958430860441688	9.265931535271863	0.2762365836443183	-8.969699047232496	-14.704228900981464	-23.875132348147964	-33.628111785501794	-41.918055361373376	-49.40625014217887	-56.87171278963718	-64.7446958620252	-66.92705443349989	-69.06974350807069	-74.36658821119521	-75.58178368720675	-78.20169227248051	-79.57403181122301
-22.15	22.15	22.150000000000006	22.150000000000006	15.713849631630577	8.97484925963449	0.0015084665470556646	-9.233589654016155	-14.96086148473434	-24.117168702794743	-33.86400272585818	-42.15382547635972	-49.64252574951453	-57.10970681768466	-64.98365044579052	-67.17037444603501	-69.3116199340755	-74.61079210952158	-75.82771463878807	-78.44559350592716	-79.81944929687876
-22.05	22.05	22.050000000000008	22.050000000000008	15.646425802065192	8.741608900487336	-0.23359662839511283	-9.471682778015225	-15.198843672266088	-24.364863073222093	-34.11311048448031	-42.400122106316864	-49.88995448628098	-57.35906745737415	-65.23249703703645	-67.41645953149859	-69.5575676336296	-74.85355065632969	-76.07174754233411	-78.69143220154102	-80.06500933500385
-21.95	21.95	21.950000000000006	21.950000000000006	14.976456980479867	8.507665368413848	-0.49195916849594645	-9.725556165594622	-15.44931729561174	-24.604295458222822	-34.356860482069266	-42.64393328609642	-50.127222955936155	-57.59756950517301	-65.4712066022974	-67.6564677803602	-69.7982972707898	-75.09732573932925	-76.3190745564849	-78.93871655047754	-80.31213328451672
-21.85	21.85	21.85000000000001	21.85000000000001	14.95431730225214	8.273832855104452	-0.7278721985118599	-9.94851156907818	-15.687389782455725	-24.849457474582007	-34.59729438713459	-42.886169074495974	-50.3700850609159	-57.840548889552785	-65.71512404945909	-67.90046302113002	-70.04016694604229	-75.33742203079434	-76.5581884699656	-79.17754980498509	-80.55141213612497
-21.75	21.75	21.750000000000007	21.750000000000007	14.633605855906541	8.018294566004702	-1.0078594219810708	-10.219876283401506	-15.94175269679444	-25.101303447054647	-34.84704163109821	-43.134237060931504	-50.62158729816069	-58.09229057149565	-65.96601405566108	-68.15345182407557	-70.29059413983452	-75.5885146867946	-76.81083652592976	-79.4300638024382	-80.80533468344066
-21.65	21.65	21.650000000000006	21.650000000000006	14.366551771243374	7.74771695677151	-1.251897103430858	-10.448448016596958	-16.17872871968143	-25.34321443861964	-35.09481758094828	-43.38002810337113	-50.86667122164081	-58.342965563673374	-66.21595011209136	-68.4032668194364	-70.54447110691926	-75.84114642783766	-77.06350128335893	-79.68194536095	-81.0561169368572
-21.55	21.55	21.550000000000008	21.550000000000008	14.189896027010857	7.47909388813148	-1.5170542927902417	-10.723002431847117	-16.43775085909855	-25.59241785052945	-35.34038967729237	-43.62811109967571	-51.11157500175013	-58.58514564613028	-66.46092287709105	-68.64744955645169	-70.78448759940619	-76.07971528519916	-77.3018948188487	-79.92166343943694	-81.29631919235865
-21.45	21.45	21.450000000000006	21.450000000000006	13.961147044266546	7.215835465676029	-1.7714332032920426	-10.976538873611021	-16.68310002661568	-25.83553731939661	-35.580808673250345	-43.868761133009464	-51.35531375097263	-58.827837308587405	-66.70248746078283	-68.89201634134888	-71.02993221208239	-76.3248570317234	-77.55041734100459	-80.16784268270929	-81.54294189080628
-21.35	21.35	21.35000000000001	21.35000000000001	13.729294913161747	7.014914979172905	-2.0054460208572307	-11.210670881657602	-16.92256297553608	-26.08655859437403	-35.838807887893516	-44.127368321367875	-51.61549504988325	-59.08594375964735	-66.95682374125657	-69.14746951723627	-71.28476346587222	-76.57986931433508	-77.80318772155803	-80.41919292240937	-81.79417592602097
-21.25	21.25	21.250000000000007	21.250000000000007	13.66522692238781	6.736749632021202	-2.2695101436124205	-11.453929749321762	-17.170529962842526	-26.325731094153962	-36.080039904690175	-44.36877371850252	-51.854599381495994	-59.32671071421242	-67.19886236547585	-69.38961365512156	-71.53007038080723	-76.82385033277039	-78.04913161630117	-80.66679199592701	-82.04186309151673
-21.15	21.15	21.150000000000006	21.150000000000006	13.388680819052018	6.51794960793191	-2.5110660749166946	-11.704372545608134	-17.416521680097084	-26.573735510825983	-36.33117822993535	-44.61794386110655	-52.101812271155524	-59.57687613706728	-67.44800136082148	-69.63801770153611	-71.78027908577785	-77.07545870721945	-78.30406108797678	-80.91833696602892	-82.29342174427987
-21.05	21.05	21.050000000000008	21.050000000000008	13.040969314930276	6.2389071565164524	-2.75691503081976	-11.945099567262794	-17.65927417477457	-26.814512796333798	-36.57060570583876	-44.860027767500135	-52.345654164089126	-59.81732485434094	-67.68873780802767	-69.87828413998729	-72.02027137560187	-77.31203491968614	-78.54027833207343	-81.15724246341802	-82.5321956030783
-20.95	20.95	20.950000000000006	20.950000000000006	12.811435262738375	5.980788635724338	-3.0131782447754842	-12.193928077176272	-17.91680020986984	-27.06719341251347	-36.81816975716078	-45.107818850796825	-52.59399358543751	-60.06445705190196	-67.93424008235024	-70.12621233267734	-72.26704668590769	-77.56115948069665	-78.79002587287474	-81.40595196127286	-82.78052532721367
-20.85	20.85	20.85000000000001	20.85000000000001	12.545010419859647	5.740625480065746	-3.2583130695337785	-12.455252279551825	-18.17508411416682	-27.33056520020391	-37.07558386377271	-45.364071027050365	-52.84535710283836	-60.31722070992196	-68.18575800555801	-70.37464817204047	-72.51493330505185	-77.80828486247479	-79.03557654819264	-81.65000073673247	-83.02838007980418
-20.75	20.75	20.750000000000007	20.750000000000007	12.33905660842648	5.47829326967658	-3.5256985747119542	-12.710484018172648	-18.422481138272282	-27.57398683144982	-37.318965898314346	-45.61042940871866	-53.09119399528614	-60.56197517296952	-68.4299899598425	-70.62295008107183	-72.76640024642617	-78.05646709167121	-79.2857935636246	-81.90113635705566	-83.27687811911758
-20.65	20.65	20.650000000000006	20.650000000000006	12.03531718730651	5.227306042043756	-3.7339637435548654	-12.932386556494498	-18.662182598105762	-27.806704986844732	-37.55625134509529	-45.84336242368192	-53.326687782264834	-60.7972470565362	-68.66790415322127	-70.85799985357272	-73.00059559708272	-78.29445986700446	-79.52652299602447	-82.14064869483859	-83.51814683830275
-20.55	20.55	20.550000000000008	20.550000000000008	11.824167943472442	5.012213271556516	-3.982209540379752	-13.173112308468024	-18.891857013323737	-28.03568271581371	-37.79074366004645	-46.08643660655274	-53.56916140991719	-61.03933992624883	-68.91011757418691	-71.10284899639252	-73.24618354396071	-78.53894005851024	-79.77271549765427	-82.39016190026089	-83.76633043106726
-20.45	20.45	20.450000000000006	20.450000000000006	11.574852683146656	4.746810557655916	-4.244064982247785	-13.43425203054838	-19.162138320210083	-28.31169908838282	-38.065446187573556	-46.3565767479922	-53.83723763172285	-61.30147996859822	-69.17256351479679	-71.36157191316795	-73.50486897870707	-78.79442616906326	-80.0250092289208	-82.63895965492324	-84.01677895785511
-20.35	20.35	20.35000000000001	20.35000000000001	11.42787517608175	4.4973829480894	-4.507609658855452	-13.695164913419049	-19.413477395873596	-28.556636748345642	-38.310141132371236	-46.60074015042353	-54.08266670182112	-61.54460144517364	-69.41374433138712	-71.60302797098977	-73.74439508612905	-79.03638966536371	-80.26708419341897	-82.88091291007562	-84.25892192178459
-20.25	20.25	20.250000000000007	20.250000000000007	11.180762469001824	4.2814973144640875	-4.709981578792959	-13.907930327012725	-19.634744188125065	-28.77827653705013	-38.530825355478534	-46.82221748775008	-54.30594851956555	-61.774057610328875	-69.64439617934076	-71.83767707314222	-73.98289656264969	-79.2740010006565	-80.50331016183533	-83.11800112071609	-84.49750776782275
-20.15	20.15	20.150000000000006	20.150000000000006	10.932882643744799	4.015462402114923	-4.971855991874372	-14.16683799185187	-19.884994163342434	-29.038601349602963	-38.79565487502143	-47.09011760446156	-54.578999888702555	-62.040371486580874	-69.90763255249965	-72.1001663495941	-74.24250687612852	-79.53294544973895	-80.7640256514794	-83.37611577032335	-84.75437502801738
-20.05	20.05	20.050000000000008	20.050000000000008	10.679924569902667	3.7488040463693855	-5.263270537005893	-14.44714292425007	-20.15479008634911	-29.298698338852407	-39.04991412363959	-47.33949141564324	-54.82495085191182	-62.28750121528448	-70.15763667203669	-72.34858043280978	-74.49060234374	-79.7808353851453	-81.00893089395638	-83.6211210364345	-84.99589100870804
-19.95	19.95	19.950000000000006	19.950000000000006	10.429824750930909	3.535462688462394	-5.482378623367968	-14.674613346005607	-20.407819832896134	-29.54722012212043	-39.297507915952856	-47.58160661935025	-55.064116671629414	-62.52840815655805	-70.39930258948772	-72.58933207966574	-74.73367787019768	-80.02527174029925	-81.25236445793821	-83.86412925092189	-85.24157536473606
-19.85	19.85	19.85000000000001	19.85000000000001	10.178696743430239	3.2586183013404693	-5.751123705509144	-14.936952725035706	-20.658342241044984	-29.798517896810242	-39.547122207398736	-47.83155989239567	-55.31435603828996	-62.77128827879484	-70.6394645966409	-72.83525611301278	-74.97695829317756	-80.26393516515229	-81.49603282799923	-84.1080922785598	-85.48350120704768
-19.75	19.75	19.750000000000007	19.750000000000007	9.97480046776541	3.0098364569052225	-5.993174973700923	-15.181125040908906	-20.91439836968033	-30.052776486473874	-39.799725422304626	-48.088083973153374	-55.56611323458573	-63.027275602071526	-70.89732565902506	-73.0905433579817	-75.23272982643773	-80.52099604787136	-81.74899253640493	-84.35854955103656	-85.73534332453876
-19.65	19.65	19.650000000000006	19.650000000000006	9.72064978793815	2.761790881896819	-6.254374134483212	-15.433220168459043	-21.156074385993726	-30.292412596082876	-40.040695310173525	-48.3296546182197	-55.80802421523194	-63.26585230384353	-71.13604823373782	-73.3297512679464	-75.47380877686513	-80.76502904186054	-81.99347465592577	-84.60490850346703	-85.98171599729399
-19.55	19.55	19.550000000000008	19.550000000000008	9.500336337306278	2.4976566953498516	-6.496688834669452	-15.676460504410077	-21.40354457823059	-30.53714588846899	-40.28481998146945	-48.574203422570854	-56.053463342805294	-63.5125877132566	-71.37975932637232	-73.57465063230389	-75.7194976595147	-81.00894552943775	-82.23948923172556	-84.84813291547042	-86.224307972382
-19.45	19.45	19.450000000000006	19.450000000000006	9.22066791391775	2.2478268316760874	-6.752418016856225	-15.935100136794196	-21.668690957022996	-30.79729000384352	-40.54307576951565	-48.82959521917821	-56.3139491863352	-63.76735566888231	-71.63598203541164	-73.82862884842578	-75.97384933716158	-81.26167357623885	-82.49279046138851	-85.10221097162419	-86.47934927175241
-19.35	19.35	19.35000000000001	19.35000000000001	8.966187269146273	1.9805094863015844	-7.007482397605626	-16.198046354910783	-21.926920749605504	-31.049996374990283	-40.793466946740224	-49.08075402885861	-56.55888260731531	-64.01518991025296	-71.88221630206411	-74.07423114740529	-76.22279773493678	-81.51245596946008	-82.73962178819171	-85.34673233218038	-86.72318002079335
-19.25	19.25	19.250000000000007	19.250000000000007	8.720574016597384	1.7674431026309674	-7.244934083582391	-16.44515954624466	-22.167826943461797	-31.297979642064977	-41.04017641944652	-49.32788845342654	-56.80861903904478	-64.26295668744189	-72.12635821338104	-74.32051346800431	-76.46546519100652	-81.75367940463316	-82.98305588624754	-85.58913061314976	-86.96708252548758
-19.15	19.15	19.150000000000006	19.150000000000006	8.502672152588413	1.5316459405781127	-7.485968306820756	-16.680494077571744	-22.409179825917942	-31.536885647423595	-41.27288802853255	-49.560672650104706	-57.04467516251509	-64.49946720146514	-72.36691257247675	-74.5627256280936	-76.70773415683433	-81.99432836432638	-83.22358257612933	-85.8316018811194	-87.21046832325636
-19.05	19.05	19.050000000000008	19.050000000000008	8.243185381981583	1.2591335663610284	-7.744040869474365	-16.939591287046184	-22.664226100883198	-31.795544342973557	-41.53071621435066	-49.817997752271566	-57.3003895312422	-64.7549825537042	-72.62142694351947	-74.81166872252261	-76.95571192229679	-82.2445419730487	-83.4717427412283	-86.07935098783891	-87.45590680993111
-18.95	18.95	18.950000000000006	18.950000000000006	8.01140810005215	1.0031351596671079	-7.9935677211546485	-17.18798910149465	-22.911344665688084	-32.04182475924615	-41.77564146000853	-50.06605516146286	-57.55070848604992	-65.00510461061681	-72.86976209536866	-75.06096744909516	-77.20310184740731	-82.49134379953965	-83.72046708218241	-86.32934630505127	-87.70650097979117
-18.85	18.85	18.85000000000001	18.85000000000001	7.761294419621592	0.7671365188772716	-8.219656505939023	-17.414609697806398	-23.14844229941425	-32.281602219261416	-42.01348154863063	-50.30424340095326	-57.787230694218756	-65.24217552587264	-73.10804677749914	-75.30096013677597	-77.44418334265816	-82.73292137200308	-83.96409762069499	-86.57268356343417	-87.95032960165707
-18.75	18.75	18.750000000000007	18.750000000000007	7.503752088367717	0.502433398831334	-8.48912698401197	-17.685583372067303	-23.419355758351788	-32.54978190429028	-42.27573605503794	-50.57090236321235	-58.04603123881929	-65.49799239961114	-73.36115791472326	-75.55474355653617	-77.69943812625871	-82.98762629066006	-84.21619897918784	-86.82112771697695	-88.19738985161365
-18.65	18.65	18.650000000000006	18.650000000000006	7.280575458691791	0.272856415289653	-8.726770881679172	-17.929072814395028	-23.661492053153324	-32.79474232539924	-42.52128295085306	-50.81101178492867	-58.283901698422866	-65.73667419272311	-73.60119943766743	-75.7952125396506	-77.94067903442047	-83.22779020600659	-84.45460478834512	-87.06016911983897	-88.43857424710906
-18.55	18.55	18.550000000000008	18.550000000000008	7.027559942661194	0.02611359343165881	-8.966017700192124	-18.16947499350469	-23.903499628042553	-33.03411893655054	-42.760048128998065	-51.053282408993084	-58.535461953533165	-65.98606717308633	-73.84973530319645	-76.04187839530537	-78.18505028665001	-83.47289495245832	-84.70062844268286	-87.30546945062912	-88.68216467016389
-18.45	18.45	18.450000000000006	18.450000000000006	6.799820081605132	-0.20292449137410964	-9.191665736160372	-18.397054446508502	-24.134117037616015	-33.264904810745136	-42.99054395024522	-51.28517597513895	-58.76359245528323	-66.21521264756615	-74.08099524838724	-76.27848520098722	-78.42510082861428	-83.71501733691818	-84.94250637455944	-87.55033714224102	-88.92770578565552
-18.35	18.35	18.35000000000001	18.35000000000001	6.541989929061257	-0.47814314523931345	-9.465046256504342	-18.662095073919012	-24.393577817427335	-33.52815211842191	-43.24998946063352	-51.54279398693581	-59.02184600814412	-66.47261824775055	-74.33743220978421	-76.53541235400246	-78.67718477524203	-83.96627549382706	-85.19407805189475	-87.80095755896183	-89.17800403770376
-18.25	18.25	18.250000000000007	18.250000000000007	6.28188002143775	-0.7212816944530368	-9.711141918636727	-18.908019174485087	-24.640149583415123	-33.76964558449144	-43.49547605073446	-51.78903299103999	-59.26599515212227	-66.7153355907501	-74.58343414223295	-76.77809387763268	-78.92298812126631	-84.21077792869028	-85.43959658412062	-88.04487795851608	-89.41933043184865
-18.15	18.15	18.150000000000006	18.150000000000006	6.0360207137935316	-0.9661152961353794	-9.95437987813141	-19.153021810515497	-24.88148396045949	-34.01389202170802	-43.736672864027454	-52.033275956289856	-59.51106336857968	-66.96170029527714	-74.8288487883326	-77.0280128905563	-79.17260463163115	-84.45826303523258	-85.69079741424085	-88.29695711482827	-89.67106687356967
-18.05	18.05	18.050000000000008	18.74314718055995	5.805657092063548	-1.2067037061965562	-10.19795356376205	-19.39948365936861	-25.129572431762597	-34.25799819185216	-43.98197454783816	-52.276187921207814	-59.7536629153272	-67.2054597671224	-75.07117767590046	-77.27008320265286	-79.4164551442683	-84.70321602184274	-85.93484052108289	-88.54004112523279	-89.91427487898042
-17.95	17.95	17.950000000000006	18.64314718055995	5.553788593784284	-1.458502316350696	-10.450255195016544	-19.651443901021427	-25.379759133865242	-34.50929867714139	-44.23084432399656	-52.52407900551452	-60.00276058324229	-67.45180435063325	-75.31872751113626	-77.51816291172896	-79.66383168601394	-84.94952604215636	-86.1823793038641	-88.78826841433057	-90.16143943805572
-17.85	17.85	17.85000000000001	17.15685281944006	5.316160404202915	-1.6937022658483145	-10.68335468493636	-19.88341444625695	-25.614901450570784	-34.74556516389523	-44.46895014082245	-52.76488176523696	-60.243013676533955	-67.69410058891624	-75.55859232509303	-77.75746775153485	-79.90486431610037	-85.19109490397022	-86.42323376690845	-89.02960610683742	-90.40430601268316
-17.75	17.75	17.750000000000007	17.34453489189184	5.053312311163182	-1.9436853609289126	-10.93470979838902	-20.136915280469836	-25.868383816402023	-34.99720087408274	-44.718127571304734	-53.013355061264626	-60.491509516076974	-67.94335475701686	-75.805958511411	-78.00484209707069	-80.14835733141005	-85.43557448147845	-86.66772499527573	-89.27232098625376	-90.64771170608648
-17.65	17.65	17.650000000000006	17.24453489189184	4.814217398950934	-2.185629817683204	-11.175937333359292	-20.373816868836105	-26.104727689050105	-35.23747776502498	-44.96192423693224	-53.26182304144236	-60.73943977240433	-68.18926911807317	-76.05281540944867	-78.25264924485023	-80.3990286119021	-85.6860356816778	-86.91581427859859	-89.51967442591685	-90.89634457181717
-17.55	17.55	17.550000000000008	17.14453489189184	4.58912006680967	-2.4184056715718083	-11.404040403885151	-20.61097392437858	-26.350666937856452	-35.481485526605795	-45.20765817257369	-53.505455488733766	-60.986375933390924	-68.43832818350282	-76.30319668726622	-78.50212829164062	-80.64769405996812	-85.93391237639268	-87.16582387182805	-89.77137858499464	-91.14780139472565
-17.45	17.45	17.450000000000006	18.43082925301173	4.3431342923243825	-2.6621049772843093	-11.64937414491037	-20.855963950175425	-26.593847937213877	-35.726275195084554	-45.45034276550179	-53.74710576258817	-61.22611306658379	-68.67645422433138	-76.54078555263116	-78.74068446822243	-80.88675055473826	-86.17194855763158	-87.40285827202118	-90.00796860604466	-91.3858434057328
-17.35	17.35	17.35000000000001	17.07806628451636	4.0888257003202995	-2.9150627205085486	-11.903419559264254	-21.110655654069546	-26.84737221554114	-35.976882430702425	-45.700542761520424	-53.99834954406057	-61.478671391063784	-68.93011098520304	-76.79385831421114	-78.9931096181673	-81.1407773437944	-86.42448956465161	-87.65599296282036	-90.26168387266077	-91.63753237375768
-17.25	17.25	17.250000000000007	16.97806628451636	3.841957652403119	-3.162199768177504	-12.149423109887877	-21.355461413135146	-27.091358497001362	-36.224311569690904	-45.94624677544789	-54.24479699616708	-61.72614819296657	-69.17703279878808	-77.04048254324867	-79.23973695107301	-81.38432022683261	-86.66877835889656	-87.90003854911099	-90.50434356137228	-91.88313734035508
-17.15	17.15	17.150000000000006	16.878066284516358	3.5906753266623177	-3.4100583909902955	-12.39908415007169	-21.60581920525277	-27.343440317786992	-36.475307404705305	-46.19708629593024	-54.4980222180052	-61.977139705121786	-69.42819299854396	-77.29157280909654	-79.49143104859714	-81.63521995229179	-86.91974595208671	-88.14910396926304	-90.75415361685278	-92.13215061197042
-17.05	17.05	17.050000000000008	14.832156135461046	3.3699800863908678	-3.6483693454158264	-12.634703682901302	-21.839786935696978	-27.581212480647388	-36.71238400345874	-46.4366700385464	-54.73745985796003	-62.22054603717248	-69.67294459287655	-77.53685069134463	-79.73790617530389	-81.88427194922608	-87.16812039264526	-88.39812806125559	-91.00213323384877	-92.38028062957316
-16.95	16.95	16.950000000000006	14.480841707180138	3.111807877113713	-3.888456472277952	-12.862689593942115	-22.07834647642424	-27.814371762321798	-36.954143633856596	-46.67798701232613	-54.97595960585286	-62.46562107787419	-69.91610168246793	-77.78090720989906	-79.98371437136805	-82.13086793173964	-87.41383690300424	-88.6420234456118	-91.2459104758665	-92.62376217528734
-16.85	16.85	16.85000000000001	16.57806628451636	2.8643539830198534	-4.1422999480018845	-13.11251788232825	-22.32079219691956	-28.061776217596783	-37.20273790481929	-46.92535413105511	-55.22570809583174	-62.71528033839935	-70.16577578254235	-78.03167302599087	-80.23613522754064	-82.38401945638145	-87.66709973483978	-88.8959368342791	-91.50002953175311	-92.87782869288172
-16.75	16.75	16.750000000000007	13.8390089549011	2.6174602947924197	-4.38819399419331	-13.368997281256272	-22.58286491137904	-28.317108049604492	-37.45313060248321	-47.17362463064968	-55.4770770823707	-62.96687859123632	-70.41576118823386	-78.27908906951198	-80.48395797859125	-82.63302505389716	-87.9149146591761	-89.1403338046189	-91.74417328881289	-93.12292023302446
-16.65	16.65	16.650000000000006	13.739008954901099	2.3901988518863058	-4.61051936998716	-13.58430396804692	-22.79886739311608	-28.546712825585928	-37.68648687743486	-47.41411138288242	-55.718500374469066	-63.20698333880406	-70.65302545614253	-78.51923143933011	-80.7225383713217	-82.87390865979249	-88.15498530495503	-89.38111624854054	-91.98600784514569	-93.36494667000645
-16.55	16.55	16.550000000000008	13.6390089549011	2.1102291361568786	-4.875747348802531	-13.83935149377845	-23.05642117579815	-28.79828180914912	-37.93738740795823	-47.6602917875668	-55.96456017974081	-63.45716477774085	-70.90517004541385	-78.76768517607304	-80.97224401269895	-83.12544716903676	-88.40685790978335	-89.63180660405139	-92.23555955776227	-93.61331057027981
-16.45	16.45	16.450000000000006	13.028183331135109	1.912842380775903	-5.104009802201288	-14.070095974252565	-23.282830240027824	-29.02959481041033	-38.16752071558676	-47.89254405266318	-56.199349999350304	-63.698413840928175	-71.14710750865706	-79.00997326228126	-81.2162413196034	-83.36680603498888	-88.64530686491386	-89.87262384629179	-92.4785057610345	-93.86006936400683
-16.35	16.35	16.35000000000001	13.844474063009267	1.617823348434289	-5.385892075401981	-14.340491739116919	-23.559754567569087	-29.29700035728111	-38.43728718274092	-48.156844034699766	-56.45983593747552	-63.953883927233775	-71.40475106844478	-79.26798766696153	-81.46816765314955	-83.61876946744394	-88.89666346372185	-90.1226951854924	-92.72702284386521	-94.10566079170178
-16.25	16.25	16.250000000000007	12.645861774341155	1.3710414140633997	-5.629450528588468	-14.588772511490959	-23.796356118712676	-29.539485883685302	-38.67695312576905	-48.39666567935	-56.69902653577087	-64.19527406058673	-71.64186871708982	-79.50778287294214	-81.71248342159896	-83.86379014159255	-89.1429631558938	-90.36993650628474	-92.97536926692645	-94.35393492289978
-16.15	16.15	16.150000000000006	11.939725970770839	1.1226019361489796	-5.866184235237853	-14.829755855103457	-24.047147230905054	-29.79635863952407	-38.93595153986584	-48.6566407851936	-56.960302111194636	-64.45242414020278	-71.89945823607016	-79.76229446706708	-81.9677099299419	-84.11983661648917	-89.39700395022678	-90.62135009314859	-93.22593397554675	-94.60715476956545
-16.05	16.05	16.050000000000008	12.004029022062117	0.8421284943747889	-6.1370440687917815	-15.08488443107269	-24.298086295135818	-30.04766854226223	-39.18472317356601	-48.903016623294384	-57.20172256613215	-64.69612296333835	-72.14161248785838	-80.00489151386697	-82.21126499360145	-84.35953527196561	-89.63868946731344	-90.8669007334681	-93.47198235883741	-94.85399729194233
-15.95	15.95	15.950000000000006	12.017357707369118	0.5977952563292052	-6.380811963102453	-15.328813519187063	-24.54094562672297	-30.284464858451194	-39.41597788984189	-49.13842781200856	-57.44186565944716	-64.93661981442952	-72.38424891290855	-80.24747254062775	-82.45238984033706	-84.60399048798712	-89.8804518752647	-91.11030653904139	-93.71538524560356	-95.09587753374421
-15.85	15.85	15.850000000000007	12.19179455307088	0.3693714784677403	-6.6123839780101274	-15.565012567192806	-24.778857375527956	-30.52533956213556	-39.659472491303475	-49.38093365824011	-57.68491953429676	-65.182543970001	-72.62895954482963	-80.49397977389414	-82.69764914735889	-84.85215801305159	-90.12929145077125	-91.35940297845303	-93.96455277886552	-95.34692615580408
-15.75	15.75	15.750000000000007	11.81735770736912	0.12729124672046627	-6.858353472685167	-15.81613856745826	-25.02727888185974	-30.770281613449875	-39.90607065992766	-49.627174363862615	-57.92976201220103	-65.42857923566844	-72.87512887028197	-80.73831199159285	-82.94462909944275	-85.09727555771342	-90.37175865655927	-91.60140605768838	-94.20823556841462	-95.5893007689731
-15.65	15.65	15.650000000000007	11.35271459378121	-0.10322829306366305	-7.095884474329639	-16.059439326986283	-25.273931514687323	-31.01875611215389	-40.15281634159547	-49.87531027309706	-58.178417682967385	-65.67619254430022	-73.12014136132363	-80.98770657965615	-83.19447777338696	-85.34338948151238	-90.61915956931838	-91.84774143500375	-94.45381433369661	-95.837580492331
-15.55	15.55	15.550000000000008	10.904407899512995	-0.3698837539605054	-7.360757423705493	-16.312896220034602	-25.527854374764733	-31.272520002829655	-40.40755196758849	-50.13152085664235	-58.43437433351177	-65.9287610549339	-73.37255192715728	-81.23594498092639	-83.44518952659489	-85.59824179481606	-90.87454520314023	-92.1030717995923	-94.7086312464938	-96.09252761475312
-15.45	15.45	15.450000000000006	10.182356640636778	-0.6143697483209146	-7.612566037470864	-16.561887177505653	-25.773583037941275	-31.523315318213474	-40.653391909446995	-50.37401831767419	-58.68060624225089	-66.17568255980622	-73.62024830035963	-81.48725446504403	-83.69516041591454	-85.84963139563678	-91.12230623628109	-92.35029389639405	-94.9553326989028	-96.33680924996557
-15.35	15.35	15.350000000000007	10.704407899512994	-0.8552047362569397	-7.844291187867486	-16.800275372078872	-26.013861297993273	-31.76078113892249	-40.88317931656224	-50.605330098493425	-58.91738582489627	-66.41642177533197	-73.86160261560916	-81.72761204687878	-83.93401414777775	-86.08428247841746	-91.35883076407879	-92.5864376037696	-95.19090454628387	-96.57335298316455
-15.25	15.25	15.250000000000007	10.14178437756488	-1.1040700494572924	-8.095172678454313	-17.042908860952902	-26.259919972744605	-32.004692228881574	-41.13460555052862	-50.85817938820461	-59.162037327007795	-66.66152206234072	-74.10847382726479	-81.97778669187232	-84.18682789368329	-86.33708122159968	-91.61281052548543	-92.84256282836814	-95.44889098531024	-96.83088403393221
-15.15	15.15	15.150000000000007	9.801504544007685	-1.3211286762963557	-8.322997604190158	-17.277868697966426	-26.50142834291466	-32.254894967376416	-41.382694416885016	-51.10431839723971	-59.40673110464896	-66.90717164088252	-74.35073454773479	-82.21869821345045	-84.42900499896632	-86.58296267215948	-91.85995248325513	-93.08836763897203	-95.69261731861248	-97.07654289891833
-15.05	15.05	15.050000000000008	9.286377524987783	-1.5692569949590922	-8.583681634919584	-17.540700146627223	-26.75858183599727	-32.51160171931224	-41.6336886431218	-51.35713505056138	-59.66118204217304	-67.15749745851916	-74.60389908223905	-82.47713108324217	-84.68554798295749	-86.83449401015471	-92.11176301496411	-93.33871623505041	-95.94272022988653	-97.32630826471068
-14.95	14.95	14.950000000000006	8.989209460076834	-1.8045694234142828	-8.840860400817697	-17.793856023130594	-27.01149959817267	-32.76583928034883	-41.89034735153817	-51.60612612072883	-59.912527229134625	-67.41278172471748	-74.85708037123887	-82.72797924788448	-84.94058086275076	-87.09183218823492	-92.36684120392536	-93.5922081269317	-96.19762254348568	-97.58175974851882
-14.85	14.85	14.850000000000007	8.435789958846632	-2.0851016895171086	-9.092227477564998	-18.03763383564275	-27.255684729050643	-33.008678294583476	-42.12767781145326	-51.84446856655518	-60.148936638916865	-67.65266831560501	-75.09694967130325	-82.96632571011475	-85.18423222786662	-87.33184476944449	-92.60655593373276	-93.83279149218434	-96.43591893474034	-97.8218008848159
-14.75	14.75	14.750000000000007	8.394326461299206	-2.334355299809566	-9.344245163521704	-18.29569457954435	-27.518728346383657	-33.26575916303562	-42.39041396953773	-52.10976569503797	-60.41288422190557	-67.91235820949764	-75.35400115491588	-83.22215673620235	-85.43722469270351	-87.58426668901814	-92.86074842996892	-94.08137621843035	-96.685531400555	-98.07048214188995
-14.65	14.65	14.650000000000007	7.939781443618299	-2.5859135706886414	-9.61150385263567	-18.547615514284686	-27.76048283766189	-33.51007104072938	-42.63144653008797	-52.354719211968195	-60.654043070123485	-68.15587703056653	-75.60257422982056	-83.46959693160167	-85.68952635490862	-87.83614224211217	-93.11229593431781	-94.33457041826513	-96.9390335857956	-98.32371560917194
-14.55	14.55	14.550000000000008	7.7071833221767765	-2.8081938531545627	-9.836583755193995	-18.78204219721325	-28.004012030635465	-33.75260099742057	-42.870660431051896	-52.59219748722505	-60.89621427746181	-68.4022156223283	-75.84575486441345	-83.71693111695785	-85.93671248832264	-88.08169635447128	-93.35700336400248	-94.57906469609124	-97.18713004450605	-98.57376126421319
-14.45	14.45	14.450000000000006	7.342642778286688	-3.0865221220713948	-10.110061370922836	-19.04023042056496	-28.258109674690314	-34.00011420200231	-43.113710643475045	-52.8334368066006	-61.13489637162057	-68.64399985617153	-76.09373628547613	-83.96551226147983	-86.1851053106353	-88.32994465597707	-93.60684045341335	-94.82900995699141	-97.43385763094788	-98.81941844960416
-14.35	14.35	14.350000000000007	7.10827561461477	-3.3506891507517027	-10.375754159496438	-19.305070040492577	-28.518025677662465	-34.25786610728951	-43.375314600345774	-53.0969634307709	-61.397624022640905	-68.90323428572917	-76.35108194505838	-84.22344976960376	-86.44484155843904	-88.58794456613728	-93.86235645635912	-95.08392255320481	-97.6886953469887	-99.0754548267396
-14.25	14.25	14.250000000000007	6.776978261573627	-3.639514729357208	-10.631100927697595	-19.559377598991002	-28.77816722438897	-34.51697857748653	-43.62948705921993	-53.34680655522908	-61.647360524073285	-69.15574509822338	-76.60258672782153	-84.4739432697277	-86.6944091354651	-88.83794129560663	-94.11194227853115	-95.33176425063317	-97.93644365347099	-99.32136822573914
-14.15	14.15	14.150000000000007	6.632728274628983	-3.82833007778941	-10.862525489590302	-19.77832672232758	-29.004747273162213	-34.75620166994114	-43.87051706745987	-53.58646936752151	-61.89177221379762	-69.40243562754277	-76.85356320764372	-84.72719956494791	-86.94631725605883	-89.09290138372108	-94.3655090829818	-95.58931147309177	-98.19313015562025	-99.57705203748867
-14.05	14.05	14.050000000000008	6.41654968238991	-4.059751911861112	-11.116187172796046	-20.04193348016319	-29.25269108414532	-35.000790668344386	-44.11606424841965	-53.8394100466924	-62.13870074259224	-69.64895238606782	-77.09683416287113	-84.96943560975309	-87.1902986811386	-89.334115710633	-94.60834658738038	-95.82888500139345	-98.43455249737596	-99.81923235093264
-13.95	13.95	13.950000000000006	6.073836034881602	-4.348609386052498	-11.352259433636949	-20.28289718944127	-29.496977613143777	-35.254181927473596	-44.36649653799392	-54.08938187555212	-62.38924555167917	-69.89771193306484	-77.34767387068489	-85.2197455772425	-87.43968891789687	-89.58378640404723	-94.85887379595417	-96.0799882342613	-98.68676200517264	-100.07392645940179
-13.85	13.85	13.850000000000007	5.903500396059705	-4.5467375169678865	-11.586356229352145	-20.530693844032932	-29.75057787460195	-35.50807893352501	-44.61996341972301	-54.34320564257778	-62.64339820990357	-70.15806078823248	-77.60542502873011	-85.47727451562288	-87.69799591590015	-89.84029128813008	-95.11313052422976	-96.33708009264035	-98.9445517516664	-100.33152434844642
-13.75	13.75	13.750000000000007	5.633782011419076	-4.828759848480746	-11.858737383267393	-20.79303278663149	-29.998675975178447	-35.75433090974575	-44.86127640361997	-54.5857686100014	-62.8820341236784	-70.39093498451236	-77.8436093431258	-85.71746356167965	-87.941637212948	-90.086245513036	-95.35782669795194	-96.58373424543522	-99.19090720484789	-100.57607286229307
-13.65	13.65	13.650000000000007	5.374591786648541	-5.072752534739082	-12.09231610462357	-21.042204411986866	-30.26069140792808	-36.01103627893188	-45.118223611070576	-54.84256931189513	-63.142613715117186	-70.65974474497054	-78.10945298308812	-85.98052836683675	-88.20073392598219	-90.34222965976348	-95.61273694320099	-96.83833784655926	-99.44574170573208	-100.8300631384715
-13.55	13.55	13.550000000000008	5.1418407296079	-5.314200550891864	-12.352093956335608	-21.299046288448388	-30.509492776182704	-36.25944181261252	-45.36563554944914	-55.0888412444098	-63.38552917902352	-70.90275219146335	-78.35475174718064	-86.22772021139285	-88.44975351758093	-90.59291825446755	-95.86305963638112	-97.08866685629393	-99.69603818483421	-101.08138392735458
-13.45	13.45	13.450000000000006	4.959698504052079	-5.579336778368167	-12.617299612064972	-21.552178932847838	-30.76694926565781	-36.52913359068474	-45.627783978946105	-55.35069013861897	-63.649557250334475	-71.16371006850159	-78.615629814765	-86.48916073851014	-88.70608894321212	-90.84668232030566	-96.11587301405413	-97.34077247876056	-99.94915213455553	-101.33423725837189
-13.35	13.35	13.350000000000007	4.642951204135729	-5.846159994090648	-12.865520180773773	-21.794439592360636	-31.009631610803535	-36.76945892141728	-45.86369632452309	-55.58818288647351	-63.886635017138644	-71.40557783734691	-78.85902279415198	-86.73238526381716	-88.9505001697264	-91.09049388319742	-96.36155968612529	-97.585769031183	-100.19481761525802	-101.57997993419205
-13.25	13.25	13.250000000000007	4.389524480034002	-6.088793552684308	-13.148253433482626	-22.075387142543825	-31.275347214354408	-37.03067789408539	-46.131594034552116	-55.8466913618636	-64.14580154938317	-71.66342342791347	-79.11802495404271	-86.9911625530262	-89.21047718636328	-91.34987096781784	-96.61993450443988	-97.84563738853758	-100.45309950891685	-101.83952011770297
-13.15	13.15	13.150000000000007	4.104647288606566	-6.34721499523891	-13.390202979123211	-22.336508534632895	-31.528154422734506	-37.28701995392074	-46.37863356888381	-56.09896594548372	-64.39846903594457	-71.91645886446109	-79.37133362304836	-87.24382751610372	-89.46459970133282	-91.60300327743269	-96.87221514420985	-98.09742133339863	-100.70544603764318	-102.09250202172807
-13.05	13.05	13.050000000000008	3.842308967760438	-6.617779742251949	-13.645880859055948	-22.593079329378707	-31.780828755249157	-37.5349553498977	-46.62695504297334	-56.350806140571386	-64.64970105185536	-72.1727277819318	-79.6330301339272	-87.50584912777872	-89.72564000269021	-91.86206154817627	-97.13077856823018	-98.35630370875575	-100.9651820642572	-102.35195955871465
-12.95	12.95	12.950000000000006	3.618652166789813	-6.8144751436796245	-13.895349076654	-22.826251213999655	-32.01652541026323	-37.77406139944632	-46.868450974608926	-56.59274461477989	-64.89512612463221	-72.41515741648259	-79.87785199708017	-87.75128897813143	-89.96924165908972	-92.1120334477326	-97.38144721227624	-98.60477982642954	-101.21252500047771	-102.60171851791053
-12.85	12.85	12.850000000000007	3.3597577428909986	-7.075202584581321	-14.15398647947875	-23.081754842278023	-32.27211333455338	-38.02644477878495	-47.117959183219966	-56.84108064888323	-65.14036590874785	-72.66595330595844	-80.12607223818196	-88.00023775249555	-90.2202852947449	-92.36087759925583	-97.62778666007596	-98.85038809432048	-101.4596656424612	-102.84987624702178
-12.75	12.75	12.750000000000007	3.069877377447199	-7.3609633912879024	-14.396845168984132	-23.32260492510267	-32.51378623006584	-38.26822760711437	-47.363582862894056	-57.088240903809975	-65.38471628312156	-72.90768669025519	-80.37265563451479	-88.24901578754212	-90.46741745531973	-92.60708122409224	-97.87550585732579	-99.10220513223001	-101.71362156165293	-103.1033592973059
-12.65	12.65	12.650000000000007	2.8415285038600615	-7.602971212085791	-14.672782170470981	-23.58955684775306	-32.77548644067108	-38.524676950788134	-47.61186299398889	-57.33640535813438	-65.632817897276	-73.15948991044803	-80.62517063460892	-88.50015371960009	-90.71868422119731	-92.85933048457123	-98.12700493084697	-99.35248042538637	-101.96284367400145	-103.3524955186837
-12.55	12.55	12.550000000000008	2.5855192661228656	-7.87074611806278	-14.913645560882754	-23.828321017419285	-33.01764166297098	-38.772491279510525	-47.86080619492363	-57.58882737524515	-65.88530219301668	-73.41503982754519	-80.8765808641573	-88.75281379465169	-90.97528107033713	-93.11359145843727	-98.37974096479931	-99.60236486976433	-102.21511525691275	-103.6039539255308
-12.45	12.45	12.450000000000006	2.3298330773566693	-8.111546944395755	-15.171641795801435	-24.095002290934286	-33.271439548980275	-39.0281990080351	-48.114896595917735	-57.84346403260923	-66.13600114681579	-73.66654807374769	-81.1302326147584	-89.0076890246691	-91.22779991609507	-93.3657931743148	-98.63080184304505	-99.85669335936485	-102.46795455109346	-103.85860069229392
-12.35	12.35	12.350000000000007	2.0711963488179173	-8.392676310076485	-15.447543652978096	-24.35935370658722	-33.539064593661074	-39.28429173590134	-48.37015665640664	-58.096724928056204	-66.38800899561677	-73.91672693113777	-81.38034669828915	-89.25774492861646	-91.47912590789977	-93.61736451622097	-98.88126626358606	-100.10738835513908	-102.72097327523919	-104.11265894763905
-12.25	12.25	11.962317927548225	1.808374241636312	-8.655588603916215	-15.712916992998085	-24.632235871587245	-33.80350859030388	-39.55430733636637	-48.6334523041241	-58.36447733600414	-66.64998274792566	-74.17614790116738	-81.64298340241629	-89.51840296959615	-91.73610004670338	-93.87213582444502	-99.13686040156455	-100.36164059605514	-102.97423676205443	-104.36558664767325
-12.15	12.15	13.248612288668117	1.5900019887034134	-8.885893832930972	-15.933442393529091	-24.860771561006825	-34.04045605919441	-39.78526553663978	-48.86575930502331	-58.60197749505433	-66.89018842157805	-74.41627554735548	-81.88428583761998	-89.758742326145	-91.97808379279185	-94.11568464636616	-99.38022837010297	-100.60664932782188	-103.22089260666463	-104.61522209241633
-12.05	12.05	11.356852819440062	1.2832721767714956	-9.18460872706753	-16.211895198351865	-25.138225118848712	-34.309673572082225	-40.05027162856078	-49.1305033334972	-58.86651717805409	-67.15257492850613	-74.67969294822385	-82.1442538896963	-90.02146677078066	-92.24147655833866	-94.37774931365159	-99.63966348677283	-100.86711011910772	-103.4804305882429	-104.8733222972934
-11.95	11.95	11.256852819440061	1.0499561018490715	-9.42330527034056	-16.466660145273682	-25.39479879523525	-34.56487666698717	-40.3066215831088	-49.38694393344392	-59.125402990854816	-67.41241752136519	-74.93783862855048	-82.40721293004007	-90.28077695136037	-92.50085058240516	-94.63387025430066	-99.89477255203661	-101.11955638293846	-103.73014321613485	-105.12706421220018
-11.85	11.85	11.156852819440061	0.7434101896617238	-9.70393669491461	-16.743771616872134	-25.656780170137438	-34.82699586832065	-40.56778023808264	-49.651862876154034	-59.393068334377986	-67.67601257589695	-75.20008961559469	-82.65994392073982	-90.53572397153238	-92.75700754091491	-94.88924944633	-100.14830474380248	-101.37173149193079	-103.98334645110056	-105.37783784493051
-11.75	11.75	11.056852819440062	0.5034776752301193	-9.970943400325465	-16.994457663313167	-25.90905781817496	-35.07977791394087	-40.82195153550278	-49.900830080998894	-59.6423787328499	-67.9294525390888	-75.45169958243241	-82.9202368642384	-90.79162210394324	-93.01168748041638	-95.14332783999288	-100.40159510798146	-101.62770591929959	-104.24104173754415	-105.63594953480987
-11.65	11.65	10.040562087565908	0.23205515442875785	-10.219169511237837	-17.250631811725295	-26.174706857115723	-35.34264451292791	-41.07848892248697	-50.158176108505046	-59.90420354828912	-68.18948389855665	-75.71647456618149	-83.17823862480822	-91.05014535624062	-93.27010759764485	-95.3993311252949	-100.6581442464667	-101.8840149203416	-104.49724486723441	-105.89074979654298
-11.55	11.55	10.856852819440062	-0.015886287666239923	-10.47687419715392	-17.516855864842796	-26.438770026753932	-35.61248972659986	-41.34424172471218	-50.41781674172956	-60.15907064279273	-68.43729480075397	-75.96290784571072	-83.4273510109097	-91.29613385449471	-93.51962253012337	-95.64728348937538	-100.905798416475	-102.13346302433543	-104.7429569347309	-106.13989009183581
-11.45	11.45	12.143147180559952	-0.2524509078087869	-10.712951197779018	-17.762579707144376	-26.68773316193626	-35.86363557915157	-41.5952825250494	-50.671349152708686	-60.41497361426781	-68.69450672376409	-76.2204368510368	-83.68895073840329	-91.55872459194063	-93.78100453984248	-95.90485871951847	-101.16050621566662	-102.38784095297012	-104.99679102620004	-106.39277521664818
-11.35	11.35	10.433709268125853	-0.5081431633619489	-10.975654190398087	-18.018760921235593	-26.944773034764175	-36.1172962927136	-41.850940097909344	-50.92246644714186	-60.669052422996934	-68.94542585372098	-76.47242864561943	-83.94134184005868	-91.81028928302433	-94.03467870704907	-96.15818956573243	-101.41428231462713	-102.64203605269161	-105.25313180093696	-106.65011095554725
-11.25	11.25	9.997237031504639	-0.779060220468907	-11.236762701069539	-18.279096407047287	-27.20556746235548	-36.3783246179478	-42.106146839493505	-51.17787142301027	-60.926067311395215	-69.20313928813232	-76.73411093073427	-84.20142880732466	-92.07254737521522	-94.29279126050288	-96.42145418390774	-101.67575362210384	-102.90534419332722	-105.51252788820503	-106.90849610153526
-11.15	11.15	8.179585534430306	-1.0352370809132463	-11.490999275585219	-18.539816954969332	-27.470754320443262	-36.64421434256293	-42.3714594592172	-51.4439218374772	-61.18801384448466	-69.45995061431489	-76.99132339089199	-84.4623714967871	-92.3339344134742	-94.5532625851311	-96.67966340961112	-101.93207131218983	-103.16116806788986	-105.76985947556716	-107.16740002091827
-11.05	11.05	9.79723703150464	-1.2798847265685294	-11.75846244522045	-18.813902684282507	-27.728272320748847	-36.90481413663458	-42.62889044497623	-51.69557152761929	-61.442333154851255	-69.7164269018624	-77.24627930185757	-84.71169224101351	-92.58701925145644	-94.80914723106869	-96.93480282777962	-102.18889032304263	-103.41801916222731	-106.02917352105344	-107.4275951285294
-10.95	10.95	10.950000000000006	-1.5400992245418208	-12.018195394500273	-19.06858156099261	-27.98265379514412	-37.15881546703052	-42.88496697171414	-51.957874274019964	-61.70577878557029	-69.97866680806295	-77.51066622968636	-84.9763379897495	-92.84984874496942	-95.0699925352666	-97.1942206728583	-102.44688857610511	-103.67430356946117	-106.28326939468072	-107.68081207159493
-10.85	10.85	9.240562087565907	-1.8129725588649417	-12.28755210045296	-19.339271082219643	-28.252717768409862	-37.4287017489834	-43.15166427946691	-52.2208520200703	-61.97402301608134	-70.24481463327201	-77.77558084171194	-85.23777351839666	-93.11300976826674	-95.33360058042344	-97.46004308407127	-102.71268544976769	-103.94169420238602	-106.55039526742524	-107.94649862990843
-10.75	10.75	9.045251907761582	-2.069696519451396	-12.542589086986949	-19.597781630596426	-28.51862197877854	-37.688488157194556	-43.40870156825434	-52.47983182433695	-62.230063588713534	-70.50208452392182	-78.03416820888566	-85.49737461470669	-93.37242969090795	-95.59192946113117	-97.72221487187548	-102.97588880965607	-104.20366268946418	-106.81126309373738	-108.20879480547772
-10.65	10.65	9.040562087565908	-2.327915489393456	-12.801459615510504	-19.852687379142573	-28.78007219153605	-37.95499453222015	-43.67518017589068	-52.74122181458635	-62.489273096695726	-70.75801619363693	-78.29152501705532	-85.75774588898707	-93.63071200753696	-95.85141698090999	-97.97875523123305	-103.23163176615765	-104.45941742601326	-107.06832140758033	-108.46825970840602
-10.55	10.55	8.409933836503736	-2.590425860210674	-13.067169335212066	-20.113396729525665	-29.043710793943912	-38.22256457542213	-43.93782507484162	-53.00599463397562	-62.75925234376116	-71.02891347463543	-78.55939386448675	-86.02635608243288	-93.89966631449877	-96.11898714102648	-98.2460748249966	-103.49785092783375	-104.72346582219498	-107.3319230702577	-108.73276725594773
-10.45	10.45	8.14741490700596	-2.855121929505743	-13.338385218938773	-20.39535539724632	-29.325982595780705	-38.496605330214045	-44.20984789927791	-53.26959288385395	-63.02299504073569	-71.29529168546617	-78.82316132832597	-86.28831520883088	-94.157486713738	-96.37627666343079	-98.5039202646547	-103.75656376177196	-104.98173246588719	-107.59139599778243	-108.99296086535027
-10.35	10.35	8.33509697945774	-3.0896039737757772	-13.579964003869856	-20.629322465860092	-29.552406860685878	-38.72956260135902	-44.440073382308256	-53.5044923310611	-63.25999011870106	-71.53346645226941	-79.06815928315648	-86.53492687231066	-94.40611219097049	-96.62571784722438	-98.75519074666475	-104.00790459942992	-105.23606376591869	-107.84372243182085	-109.24438795103656
-10.25	10.25	8.45824053077195	-3.3597115632103245	-13.858767668910861	-20.91238826191587	-29.827431619469433	-39.004380118648996	-44.720565036218815	-53.78656399392589	-63.53969659627014	-71.81107395624502	-79.34253466039237	-86.8065508437653	-94.67763731321904	-96.89516393979324	-99.02220217575925	-104.27420616019303	-105.5005249403889	-108.10926826002881	-109.5098838757346
-10.15	10.15	8.07055845832017	-3.6305963929994176	-14.126918213631704	-21.177778505655088	-30.091521473177682	-39.26699032796437	-44.985309789488525	-54.054189207981956	-63.81016558779844	-72.08123235223115	-79.613079876106	-87.07591846124954	-94.94971683142965	-97.16740633544248	-99.29552876662608	-104.54675803566386	-105.77051137824888	-108.38133122140262	-109.78051669046036
-10.05	10.05	6.648802618337851	-3.862362474773988	-14.364060903151305	-21.4272837186074	-30.351529514273164	-39.53046748916911	-45.250401231738515	-54.3159712616382	-64.07228946944007	-72.34441093048798	-79.87263236337867	-87.33566839960686	-95.20561357023983	-97.42330307425266	-99.55123751003067	-104.80378228770758	-106.02903637890618	-108.63940625494683	-110.03951705763649
-9.95	9.95	6.56560973665423	-4.137141424656943	-14.621536839090151	-21.677232928249033	-30.60237916391103	-39.779743163906325	-45.496361988569134	-54.56355810520794	-64.32234617468293	-72.59816138927428	-80.12677600491106	-87.58723301849648	-95.45985722172189	-97.67581474207732	-99.8024718653308	-105.05370247400492	-106.28064529849314	-108.89242601171081	-110.29357180368731
-9.85	9.85	6.212413840273619	-4.382041341057895	-14.872599472237882	-21.93242101478296	-30.8545198270653	-40.03641033709106	-45.760814850096736	-54.8306669703516	-64.59203928135864	-72.8661557122649	-80.39243764885889	-87.84892243017232	-95.72154663339774	-97.93779448459122	-100.06645113955773	-105.3193568627595	-106.54501430169448	-109.15719479032833	-110.55704958242262
-9.75	9.75	6.268759910664314	-4.6141346486193555	-15.108795566833248	-22.19799621277639	-31.127296688240328	-40.30744122443655	-46.02606143046822	-55.09134527775934	-64.85590948102563	-73.12925930126211	-80.6581364356191	-88.114724524459	-95.99069382898885	-98.20981501600207	-100.33659699134597	-105.58854364955444	-106.81544137429385	-109.42516027665658	-110.82456073336144
-9.65	9.65	5.679708086447884	-4.8598987171076065	-15.36650255723912	-22.45164114007846	-31.374137822481565	-40.55685275237162	-46.27725764398193	-55.34703338010102	-65.11758473316901	-73.39137261314787	-80.9165604908353	-88.37370464958137	-96.24731776071768	-98.46765498335878	-100.59688924170936	-105.8496177328412	-107.07392991997493	-109.68573729920351	-111.08671784282704
-9.55	9.55	5.001400165500309	-5.130047782599642	-15.640751128152397	-22.700884815072435	-31.62311972764721	-40.804052103534886	-46.53214582223026	-55.59930100825048	-65.36715432349342	-73.64702939091454	-81.17386322219878	-88.63365507619754	-96.50608673377322	-98.72902576241354	-100.86044215635549	-106.1128745577722	-107.3380741494267	-109.94975078801949	-111.34920455748657
-9.45	9.45	4.849842355835458	-5.389012651789393	-15.900180849174552	-22.973539157532052	-31.897236944083588	-41.08309985679955	-46.80566950660658	-55.86631146994218	-65.63548963684886	-73.91019665866772	-81.43487340920188	-88.88697616130634	-96.76151880996727	-98.98385132749935	-101.11296084917466	-106.3645217822871	-107.58977470979464	-110.20165323152425	-111.60288444870795
-9.35	9.35	4.672509152432288	-5.637855628840626	-16.144237356631876	-23.234032548347532	-32.161026516493045	-41.34951939001442	-47.07583204574024	-56.13488509618868	-65.90540818570908	-74.18228887611967	-81.71015616858192	-89.16375404262864	-97.03517713237976	-99.25670430030586	-101.38642728330043	-106.63632256769606	-107.85919455337105	-110.47220157358245	-111.8731451578807
-9.25	9.25	4.367198077413635	-5.89548486263679	-16.41855837874333	-23.485430878664904	-32.40713665105517	-41.597465483102354	-47.32470861859764	-56.38281962021129	-66.16097701808569	-74.43702561749876	-81.96432264176269	-89.4215946131069	-97.2920755232647	-99.51397823242472	-101.64534126187316	-106.89526129488175	-108.11795810495627	-110.73131185477959	-112.13372450911602
-9.15	9.15	4.087404966973039	-6.159753737820146	-16.672709050144384	-23.73881725119778	-32.66910253984536	-41.86451881424492	-47.588394357384516	-56.64734552675084	-66.42281081958855	-74.70296190824565	-82.23469888798344	-89.68792961040256	-97.55778572396856	-99.77836113494182	-101.90888005384681	-107.15948209658261	-108.38016311225839	-110.99348188078429	-112.39291177957452
-9.05	9.05	3.7667962712620175	-6.399746820002212	-16.931233210966443	-24.013922202385796	-32.94253394928864	-42.1394212867402	-47.86499970993478	-56.922536303398594	-66.69511016837374	-74.96906846824996	-82.4979303299831	-89.9491956817233	-97.81699888979207	-100.041718491138	-102.17233439268837	-107.42194041298978	-108.64107754423247	-111.25357044608405	-112.65541741603873
-8.95	8.95	3.2215249127534324	-6.73821241438317	-17.217432871224855	-24.275365230959682	-33.20351750905836	-42.406998284741945	-48.12084305127243	-57.184057791787126	-66.96086728854914	-75.2360830506813	-82.76603041054423	-90.21934400179369	-98.08640214242475	-100.30842311829491	-102.4387524920576	-107.6861785350127	-108.9037691065	-111.5190660600397	-112.91881232306459
-8.85	8.85	3.0910982261227247	-6.975399558193191	-17.4913566449475	-24.53440524968863	-33.47126222464976	-42.6725032461579	-48.39721156776962	-57.45366977899087	-67.22778559420762	-75.50814783491514	-83.03539491760581	-90.48349959487469	-98.35074495219881	-100.57486862242583	-102.70072110890216	-107.94660340900117	-109.16212931324159	-111.7771610771109	-113.17698385978662
-8.75	8.75	2.87647475075671	-7.298868685018214	-17.78103046092076	-24.8206354649832	-33.750315357389304	-42.95539084010445	-48.68091809771755	-57.74198630357638	-67.51422831380468	-75.79288568639979	-83.31869363414606	-90.76585049027184	-98.63519593935001	-100.85629813218334	-102.98087148515587	-108.22810633168005	-109.44135340055769	-112.05405017663813	-113.45165257254436
-8.65	8.65	2.562089554623771	-7.564519171766801	-18.064659795138496	-25.111300695079734	-34.04556989809678	-43.241135555156525	-48.96075557778813	-58.01820632671169	-67.7882643545131	-76.0640007447176	-83.58981486894086	-91.0318089675624	-98.89720658524743	-101.12197118466793	-103.24598310576059	-108.49277065597212	-109.70600477208976	-112.32077629063379	-113.71743978966074
-8.55	8.55	2.234641998477671	-7.812173430188131	-18.31752326920028	-25.362807220272632	-34.297479574788255	-43.49763729061621	-49.22073300654774	-58.28114786022953	-68.05126406172597	-76.33215805508574	-83.85317473730268	-91.29679286714715	-99.15866457364356	-101.37808989654842	-103.50512354708101	-108.75100288532222	-109.96545496271631	-112.57872148054308	-113.97953026444654
-8.45	8.45	2.0154534812125515	-8.08840675145368	-18.61634177942739	-25.652559066613037	-34.59045935548394	-43.7850136788028	-49.504197092846375	-58.555637047260824	-68.32288792765304	-76.59966373487073	-84.1222988206701	-91.56398053106153	-99.42633300387297	-101.64700975369762	-103.77078659958399	-109.01741292579771	-110.22829979371582	-112.84407972134935	-114.24671727436109
-8.35	8.35	1.716681566719628	-8.355489722248807	-18.8817598027554	-25.91663880106261	-34.85361681021932	-44.0501854226119	-49.76574230051183	-58.824814859832735	-68.59670268487199	-76.87920229637167	-84.40068099798519	-91.83925022862935	-99.70344084532995	-101.92252790810535	-104.04157199232803	-109.28887031712843	-110.49837112059423	-113.1131204342916	-114.51271916884923
-8.25	8.25	1.3789087053894598	-8.623889966447503	-19.140695330855607	-26.165475821532837	-35.10545442765314	-44.30820023947624	-50.03082176923572	-59.08670611568932	-68.85644885257783	-77.14188551346766	-84.65796960944782	-92.09953777376731	-99.96186709941486	-102.18045594102766	-104.30086063808507	-109.54715652114113	-110.75846410891624	-113.3709872672818	-114.77122855520254
-8.15	8.15	1.1356349859596104	-8.923024589583095	-19.431710606598585	-26.463072555753424	-35.402850242693866	-44.592589695885096	-50.31264026421439	-59.36754353944537	-69.13415620521504	-77.41782677114949	-84.93805200009675	-92.37650811638498	-100.23366001231749	-102.45639572312133	-104.57682380235939	-109.82001569015324	-111.02841897107241	-113.64104050940965	-115.04201631061507
-8.05	8.05	0.8665087195844885	-9.212387249491936	-19.71869461165459	-26.7388775073504	-35.69636482551324	-44.883290154472185	-50.595194298202195	-59.64368650313618	-69.40922609894149	-77.69567900904597	-85.21397039428844	-92.64596024077672	-100.50704262515312	-102.72863475986294	-104.84800243332896	-110.09091409728117	-111.29723871465539	-113.91100489280687	-115.31084397282504
-7.95	7.95	0.6143660180728032	-9.491028140133619	-19.972300564973406	-27.00515828119926	-35.96160652541147	-45.147609310645315	-50.862280151901345	-59.90940978425355	-69.67367558895228	-77.9614224557415	-85.48133283219424	-92.91224863379138	-100.7749103158461	-103.00135125396925	-105.11771112907668	-110.35895184799014	-111.56310841753135	-114.1753142365175	-115.5779163160583
-7.85	7.85	0.3608674413009325	-9.763938257458198	-20.240774403451997	-27.28781344469822	-36.23147830289527	-45.42877618873702	-51.14835183050135	-60.1995398863218	-69.96096815335218	-78.24790248728175	-85.76402073116846	-93.19753477972321	-101.05768461140464	-103.27949924290996	-105.3956484566006	-110.63759429489646	-111.84082105949854	-114.45493048279624	-115.85496484171917
-7.75	7.75	-0.01217060713819862	-10.077698820909095	-20.534545512682612	-27.576844128873166	-36.527493901071104	-45.713520790608975	-51.43397510414551	-60.48099310930381	-70.24759128568728	-78.53431763044483	-86.04970017192862	-93.47762764864031	-101.33797421367633	-103.56353539646392	-105.68268191367939	-110.92387745113174	-112.12391910337374	-114.73687902132662	-116.13911704523628
-7.65	7.65	-0.22492922117085534	-10.349378590223333	-20.79408998894997	-27.861254625656844	-36.803401867723814	-45.99087835695151	-51.71258036347385	-60.7548677961188	-70.51845961445966	-78.80596373734193	-86.3241681910517	-93.75349431632816	-101.60998444181304	-103.83482972765802	-105.95228058116216	-111.19228202005225	-112.39129568146298	-115.00494977250962	-116.40544906906068
-7.55	7.55	-0.4810601802406138	-10.649574378759034	-21.103716872132434	-28.135236018097164	-37.08324737514536	-46.26956205040614	-51.991634075702855	-61.02596015346636	-70.79320432576154	-79.08283494339996	-86.6009659641971	-94.02946817676205	-101.88682291424759	-104.1083986867959	-106.22151383886107	-111.46219557332506	-112.6624639717742	-115.2750987404165	-116.67528517278123
-7.45	7.45	-0.7710756401433487	-10.928216469509017	-21.368556779140974	-28.40390591324812	-37.34602979731178	-46.538390794785414	-52.26309169491931	-61.30490438236467	-71.06646939357354	-79.35772853912802	-86.86983426016577	-94.29850631594634	-102.15628205563448	-104.38236845809114	-106.49648951291755	-111.73614069412706	-112.93389040680445	-115.54850610855999	-116.94947675925846
-7.35	7.35	-1.0433292041938458	-11.193881341755356	-21.626962252732067	-28.681252300857256	-37.62498468120986	-46.816554150742185	-52.536337973829	-61.57425485060759	-71.33762364152413	-79.63522043902134	-87.14797327832035	-94.57773200138084	-102.4360496382875	-104.65796164350044	-106.7700596294746	-112.00759563335286	-113.2034481278013	-115.817336380568	-117.22241580525308
-7.25	7.25	-1.3165546209539567	-11.464737707233985	-21.90046582604294	-28.951560125089035	-37.89935745848117	-47.08696795316355	-52.81458084117178	-61.844719428496326	-71.61348941413475	-79.90944562427589	-87.4263940080661	-94.85684389480487	-102.71547062009309	-104.93758218685784	-107.049076081013	-112.28479959611282	-113.48093645847246	-116.09339197786926	-117.49672421190378
-7.15	7.15	-1.5912163557574495	-11.760482704781968	-22.178554236293945	-29.233244061811337	-38.18672819052462	-47.383823862029054	-53.103405555001004	-62.13050635493456	-71.89762613316032	-80.19211639549721	-87.70384301313605	-95.13271510562627	-102.99166303152428	-105.21372400541755	-107.32709376350797	-112.56240151874015	-113.75528897221155	-116.36833200654638	-117.77456957617619
-7.05	7.05	-1.833016164251954	-12.015584631657365	-22.43805880075137	-29.50862414283124	-38.444712697219444	-47.644695336864146	-53.373335856771256	-62.40130393035978	-72.16988630290979	-80.46615878105818	-87.97818226448229	-95.40885388807116	-103.2618189248353	-105.48215833152975	-107.59567228174642	-112.8314551651898	-114.02795258302608	-116.63665502893636	-118.04183367761752
-6.95	6.95	-2.0562638833791924	-12.270538049678652	-22.707476916957773	-29.77017407251234	-38.71709529609929	-47.916058604965045	-53.64103214165149	-62.66571449110219	-72.42806772097427	-80.723138626433	-88.23924754373951	-95.66846944324197	-103.52302938000027	-105.74795303571726	-107.86175566490984	-113.09818122865852	-114.29602511382595	-116.90505976104201	-118.3064160608903
-6.85	6.85	-2.3881014427615685	-12.602283976577704	-23.02849612346402	-30.083094208675746	-39.02126406221503	-48.214349603500246	-53.94086446507485	-62.96171200675351	-72.7250783485914	-81.02296669116514	-88.53857360612041	-95.9606172362559	-103.81542757973455	-106.03569062398019	-108.14696409166403	-113.38394274753371	-114.58018297729473	-117.19020921300611	-118.59013553674248
-6.75	6.75	-2.6263208035570127	-12.854042716424276	-23.277723987085494	-30.32707861367206	-39.27799234220947	-48.47076794541251	-54.19447062814815	-63.21575519981483	-72.98427782216474	-81.28781950902642	-88.80233920220401	-96.22387888681286	-104.08080903868229	-106.30271062674468	-108.41355930599157	-113.65119919712028	-114.84564122983848	-117.45316979655557	-118.85468318824836
-6.65	6.65	-2.9148279253194733	-13.155165653699486	-23.573951231073217	-30.625027068048635	-39.57496343773127	-48.76324972573307	-54.48663764029441	-63.50350589516671	-73.27139143905647	-81.57211490438816	-89.0855128129517	-96.50984177563522	-104.36403858994967	-106.58564547136875	-108.69424263070424	-113.93358605339496	-115.12882084882709	-117.73983229410513	-119.13579501068862
-6.55	6.55	-3.192232529853869	-13.432398555686932	-23.859739426772798	-30.915978285978007	-39.862359386602996	-49.05472434771638	-54.77529080261001	-63.79063491434341	-73.56044614738653	-81.86196427934553	-89.37222052926961	-96.79534552513391	-104.64947981655604	-106.87084010583406	-108.97842234219323	-114.21443657439463	-115.40735998920496	-118.01546547153659	-119.41393686827345
-6.45	6.45	-3.4748575782723146	-13.720435703129738	-24.151668673391164	-31.20057910333148	-40.150853449610445	-49.34274165580758	-55.06394905665964	-64.07904019353539	-73.84765415939256	-82.1483963325896	-89.653754584076	-97.07707182063034	-104.92967157722346	-107.148660462826	-109.25537904788685	-114.49210764022855	-115.68147828792266	-118.29214885492348	-119.68909925410675
-6.35	6.35	-3.751641447146726	-14.001818375244067	-24.42905118567355	-31.479048590723	-40.42268423481953	-49.613704696387124	-55.34257111931811	-64.35525931798541	-74.12915181214171	-82.42782269666918	-89.93900493753529	-97.36018382612592	-105.21232283108174	-107.4311659024857	-109.53818744250906	-114.7736657407701	-115.96441367223142	-118.57602894908275	-119.96995948171842
-6.25	6.25	-4.009464753108558	-14.26560360906089	-24.693676589526383	-31.749870691594882	-40.69726786088123	-49.89626623775642	-55.623473629165076	-64.63561907840794	-74.4113242418763	-82.70784647801104	-90.2183397174682	-97.64319072614097	-105.49734242328961	-107.7153751484248	-109.82443624225179	-115.06004957205596	-116.24959875856491	-118.86031319677117	-120.2560363052302
-6.15	6.15	-4.2842187394766835	-14.549749993259175	-24.981065085264834	-32.03908322341338	-40.988071086368976	-50.18183968246564	-55.918125649968125	-64.92660429736091	-74.70107200315256	-82.99715518372587	-90.50468921227561	-97.92725228367273	-105.77755734237876	-107.9925974929326	-110.09794973069118	-115.3346128417486	-116.52276857419294	-119.1348222722495	-120.52814777057247
-6.05	6.05	-4.554813694019267	-14.823338140247996	-25.250453977591338	-32.30958953474687	-41.26160744195637	-50.45708842829445	-56.19517997121766	-65.20738235047067	-74.98808314059441	-83.28543021813697	-90.79321676747273	-98.21270911443423	-106.06453570038049	-108.27968922250619	-110.3847002246421	-115.62059675455102	-116.81071562022503	-119.42323476695255	-120.81587483040289
-5.95	5.95	-4.814202147521425	-15.080123362004372	-25.50628143080299	-32.568263088891776	-41.52605249194543	-50.71955143101205	-56.46017293501054	-65.47112895187497	-75.25607751449581	-83.55413140094616	-91.06391676561226	-98.48629056009068	-106.33600945092	-108.55388496292385	-110.65949222554471	-115.89575267868895	-117.0846067968251	-119.69793264502036	-121.0893278294159
-5.85	5.85	-5.112709113599314	-15.377185733114453	-25.802044371754434	-32.861558687042496	-41.81303354792123	-51.0081157876874	-56.75087804147534	-65.7589470732488	-75.54346444752679	-83.84551289581803	-91.35406264931655	-98.77596836912176	-106.62446766864268	-108.84289087576619	-110.94719386842415	-116.183285256526	-117.37390577319147	-119.98895582060653	-121.38071815448795
-5.75	5.75	-5.383815002144736	-15.649660899789241	-26.07283691843457	-33.13307372036003	-42.085623665972975	-51.28026026095519	-57.02526679182344	-66.03652316442039	-75.82014266184554	-84.1205061494494	-91.63037935394347	-99.05178760199276	-106.89919178878499	-109.11675831167169	-111.22001038074198	-116.4568223832475	-117.64726904146883	-120.2629914326608	-121.65417727422357
-5.65	4.0405620875659	-5.660823928207799	-15.930516195471395	-26.35837237498301	-33.422775484256405	-42.37624164469536	-51.570679291366964	-57.31303121222539	-66.32097753947656	-76.10111889848822	-84.40298515651894	-91.9149064498407	-99.33598658423043	-107.18637180484515	-109.40667940713116	-111.51280040813114	-116.74864713912895	-117.93750615860188	-120.55083636327366	-121.9415157016072
-5.55	3.152104727201629	-5.98920007023805	-16.228890757125246	-26.65437028487091	-33.716602799982795	-42.66819293972414	-51.863812653134964	-57.607679656429795	-66.61537295648661	-76.39830259509543	-84.70086662433019	-92.2104972545279	-99.62996717427716	-107.48335351416839	-109.7050530757764	-111.80847325876947	-117.044730418796	-118.23179133548315	-120.8452163410095	-122.23356018123793
-5.45	3.5040898509446867	-6.304678191006699	-16.549450676763225	-26.96645890167451	-34.02544178530847	-42.973956921639115	-52.16937924759994	-57.90639653791567	-66.90945550989004	-76.68894518717366	-84.99116767851062	-92.50281053228167	-99.92214517397586	-107.77285352352366	-109.99362030701951	-112.09489673323637	-117.32993982292788	-118.51570993009602	-121.1278160920415	-122.51618132815474
-5.35	2.7109426703847412	-6.621396664153423	-16.868192425100666	-27.285545946247467	-34.335485965433854	-43.27144359475175	-52.467598120169605	-58.19983790983341	-67.20247075059015	-76.97893817515042	-85.28418237826126	-92.79627459120704	-100.2128899356728	-108.06422151363572	-110.2813552584018	-112.38446783777675	-117.62081282555108	-118.80634184978152	-121.4211010054281	-122.80632369542242
-5.25	2.0719461696520542	-6.883741563923146	-17.1350075440736	-27.554626037552453	-34.61630218786213	-43.56404735671709	-52.76259160729852	-58.49339604334707	-67.49831384382419	-77.27036491903131	-85.5667881316448	-93.08106057364526	-100.49491451540662	-108.3422698182985	-110.56068968155765	-112.66282591168229	-117.89706820070602	-119.08351121124534	-121.69780751784239	-123.08304956125643
-5.15	2.1054775622765773	-7.167891707012215	-17.4188411932281	-27.843480849859557	-34.89854694359525	-43.84299889887003	-53.049484678518866	-58.780217320588164	-67.78330400430286	-77.55762680760384	-85.85585748550292	-93.3661696885573	-100.77909727507941	-108.62784024055078	-110.8476435341445	-112.9506440741886	-118.18656614334827	-119.37266174236373	-121.98718671473983	-123.37103537788288
-5.05	1.3611205458860636	-7.467478387330676	-17.70833160717872	-28.115773025819248	-35.193533582878395	-44.13068535308076	-53.33397028651799	-59.05812570723743	-68.06195345864813	-77.83140195663869	-86.12881875889047	-93.64421577166794	-101.05724619517052	-108.90571200671566	-111.12671646555548	-113.23004856376436	-118.465611060205	-119.64896933011065	-122.26511099808137	-123.65011104504428
-4.95	1.4842640972002736	-7.763016314327558	-17.994600894417296	-28.388480958264488	-35.46798969112281	-44.41064055805963	-53.61581301402296	-59.34272240639075	-68.34699192487605	-78.11149845699316	-86.41024526310065	-93.92948638990528	-101.34144960528701	-109.19359166320501	-111.41689631234735	-113.51823940605634	-118.75474443771412	-119.94149247523308	-122.55839617383295	-123.94162142730384
-4.85	0.5061945781463155	-8.046641308370067	-18.285764919879554	-28.674036995717405	-35.74492360800877	-44.69686765010917	-53.905667067584425	-59.625507708030725	-68.6290142677804	-78.39220865286515	-86.69322180910883	-94.2102808436031	-101.62127569059557	-109.46787870558545	-111.69706377170925	-113.7985837677323	-119.03431187380224	-120.2201846248538	-122.83871637085356	-124.22471595471929
-4.75	0.07717116553809422	-8.369980715690739	-18.579064818153405	-28.975641024715518	-36.050132326690985	-44.99402412516758	-54.20043499809017	-59.91904462698115	-68.92183795781388	-78.6867137441038	-86.98710029775738	-94.49833038577378	-101.91294840281465	-109.76245144617062	-111.99024706235977	-114.08787469427082	-119.32292311480231	-120.51054755233427	-123.12900021762599	-124.51500262619744
-4.65	0.12821142295095989	-8.662264994718209	-18.89384968815053	-29.281597585603297	-36.35037269474651	-45.29162359646749	-54.50114979911152	-60.216473370490895	-69.2183615826786	-78.97886305156179	-87.28418311616709	-94.79251954651207	-102.20834103580998	-110.0567693834502	-112.28539341127701	-114.3832920643264	-119.61658946917889	-120.8046340442281	-123.42330191547967	-124.80947104128516
-4.55	0.30150475795064047	-8.897893844368184	-19.139092988366496	-29.532632346405965	-36.61564658613033	-45.55854234807611	-54.770259591904306	-60.4871253844471	-69.49066237408651	-79.25780092232267	-87.56174309768639	-95.06840463094541	-102.48469996793109	-110.33475167342797	-112.56559575315173	-114.66326830109564	-119.89712757226167	-121.0825091664482	-123.7007668492857	-125.0851359495364
-4.45	-0.11434819146783592	-9.226657836137699	-19.448316520377826	-29.836378231298664	-36.90490406988968	-45.851899738121936	-55.06064120256445	-60.776080245480934	-69.77762773275975	-79.54523911790602	-87.84594925843598	-95.35402723579644	-102.76746674782066	-110.61846996710874	-112.85414956956657	-114.95160321403395	-120.18579744661032	-121.36969795487228	-123.99171353519482	-125.37553451897163
-4.35	-0.5020302639196172	-9.497000370883667	-19.706902773940303	-30.10125122580684	-37.1679819624887	-46.107101293689205	-55.323334572884825	-61.03043464243663	-70.0318941313366	-79.79473538092064	-88.1008952556541	-95.6157097965394	-103.03024330431526	-110.88570257846386	-113.12428259814462	-115.21871774831673	-120.45233615598734	-121.63797268700351	-124.26093692462872	-125.64764757705082
-4.25	-0.5540210447332568	-9.77889358744	-19.974120129801967	-30.36529259557435	-37.43729863636043	-46.36909781368432	-55.58768217713179	-61.2981900701168	-70.30146482337094	-80.06673228358208	-88.3732708441247	-95.8894180624616	-103.3070837310476	-111.16318100607488	-113.4027574723739	-115.4957749991345	-120.72688157873579	-121.91163730182645	-124.53396170843624	-125.92069977332905
-4.15	-1.1681199938442157	-10.060291877170943	-20.264614983072633	-30.657846298983745	-37.728183388369686	-46.67031191302882	-55.89158505377329	-61.59525953339258	-70.59375073509804	-80.3583340069988	-88.65730940888919	-96.17113613382742	-103.58201074462443	-111.44020036219693	-113.68001419302591	-115.7757976310928	-121.00709483320855	-122.19401963459049	-124.8158517259162	-126.20141605433098
-4.05	-1.1090552992145293	-10.320159939874145	-20.54389037749502	-30.94113416791616	-37.9981402386038	-46.93652265316116	-56.16640623078246	-61.87154343205323	-70.87006112981177	-80.63711812762809	-88.93520646013214	-96.44903318507036	-103.86376279245238	-111.72720751509213	-113.96474427884785	-116.05942508869722	-121.29200756343764	-122.4802399619376	-125.10447619097164	-126.48779509873305
-3.95	-1.7335797673386812	-10.62239099772899	-20.837457802421174	-31.236693269693124	-38.28860944961521	-47.236400686010384	-56.46783481171095	-62.1755004700052	-71.17321865274072	-80.93296856710064	-89.23271326442723	-96.75234130171177	-104.16702930642721	-112.02931244584262	-114.2708607991051	-116.36671556047713	-121.60091038412985	-122.79142221731642	-125.41550049512408	-126.7980160949307
-3.85	-1.9964387750577246	-10.96263854179751	-21.154777368140373	-31.547250221458384	-38.58810717829823	-47.54433743972877	-56.77104770806784	-62.4725568844397	-71.47141477347348	-81.23551305232456	-89.5319456190397	-97.04926676712314	-104.46088598482558	-112.32219395758071	-114.56439071791276	-116.66068167831432	-121.89381165155338	-123.08274953526929	-125.70593211698093	-127.08845596452593
-3.75	-2.432084906716632	-11.209146768631742	-21.422949318499267	-31.807764899017545	-38.85497351799791	-47.81190803705564	-57.05216322927197	-62.74673410514114	-71.74693337901411	-81.520403322065	-89.81798627231775	-97.33982223407583	-104.75383864423752	-112.61403864626747	-114.8538115871875	-116.94933045191121	-122.18288988658057	-123.3736097345623	-125.99412200666481	-127.38012460409465
-3.65	-2.6850542514980593	-11.474331742924486	-21.681154596604113	-32.0744785677117	-39.124643877543775	-48.083864269562056	-57.328842759083734	-63.02679173315548	-72.02572410849164	-81.7918469603133	-90.08966207338068	-97.60872673596435	-105.02031096770382	-112.88432146129472	-115.12500554126913	-117.22395620745095	-122.45501362232747	-123.64384217693078	-126.26712923843931	-127.65268434713572
-3.55	-2.826726947898627	-11.779385613999715	-21.95926295228484	-32.348344115423615	-39.39435940938617	-48.33913539698234	-57.590759144329645	-63.284043652886794	-72.28215728687192	-82.05728118379689	-90.3614039904713	-97.88373156937574	-105.2993436452706	-113.16525824521226	-115.40320451349821	-117.5010424993206	-122.73086263946124	-123.92003986448239	-126.5447849165541	-127.93101694060704
-3.45	-3.381953565565855	-12.130838649832148	-22.322573697106495	-32.69686734634303	-39.72590782861209	-48.65450791621373	-57.898438493595876	-63.59105991615941	-72.58839834220916	-82.35750846381116	-90.65483202532023	-98.17425214114213	-105.58509225327892	-113.44641580691373	-115.68345739972362	-117.78241470285437	-123.01344697268564	-124.20230852853267	-126.8216150412952	-128.2061903767076
-3.35	-3.39993119378857	-12.359112626596456	-22.549937061315923	-32.93482364801638	-39.962156922743105	-48.90162986154273	-58.14435033605723	-63.84298330521165	-72.83790949676448	-82.61259728709727	-90.91703246829539	-98.43553026160193	-105.84547846048741	-113.70640130780635	-115.949287288751	-118.04911639725024	-123.27785131508291	-124.46491678766614	-127.08447169361291	-128.47012866189803
-3.25	-3.6667150203536085	-12.61746835982997	-22.83448462552124	-33.21153071026228	-40.23844430654668	-49.174312664375435	-58.422469964142955	-64.12262637838222	-73.11696431162135	-82.88895539973873	-91.19651554379593	-98.71494515425495	-106.12276823458372	-113.98215570776196	-116.22831198158251	-118.32700080498029	-123.55695744044827	-124.74632024046804	-127.36313160536747	-128.74957769242118
-3.15	-3.8612139873503675	-12.918928111130407	-23.121071263578493	-33.49366870344839	-40.500565466013384	-49.44206291731348	-58.69198024336603	-64.39523202663146	-73.39034165196787	-83.16293675946716	-91.4702421569721	-98.99464097078857	-106.4031412750167	-114.26129358726294	-116.50631708156439	-118.60804245196047	-123.83811867480392	-125.02564176656567	-127.6446689938868	-129.03113969494132
-3.05	-4.193512974665482	-13.203110004248856	-23.426402837848073	-33.80061408086083	-40.80309306770819	-49.749608518411705	-59.00406872873375	-64.69895243491207	-73.69236385215717	-83.46447730376597	-91.77657686385925	-99.29768256014873	-106.70989950869935	-114.56625174758103	-116.8082821342932	-118.91035028585637	-124.13935399520088	-125.32575046998004	-127.94538342286285	-129.33000846046087
-2.95	-4.519083884921234	-13.518378227284998	-23.754841740175635	-34.11230036562446	-41.120382058242306	-50.05391670643833	-59.325070373289776	-65.02446913234539	-74.01594679858367	-83.78909599388783	-92.09959467365154	-99.61836625979016	-107.02868322960278	-114.88431642820967	-117.12448338343012	-119.22991982538711	-124.46280365403854	-125.6537884655734	-128.27165322294087	-129.65482295492708
-2.85	-4.917263996757308	-13.786051361966647	-24.02161827376404	-34.39645100700632	-41.39906803055238	-50.34090762121607	-59.609754964710596	-65.31097271124908	-74.29991989154746	-84.0745908891051	-92.38742443694889	-99.90498064006673	-107.31719862450608	-115.17112425430912	-117.41195433511633	-119.5123747203798	-124.74609935112528	-125.93409780443595	-128.55359317390645	-129.939250392967
-2.75	-5.263343181386672	-14.086982248449903	-24.301983925543247	-34.67313154749556	-41.66825653429506	-50.60511891986087	-59.8809188903901	-65.57789022386517	-74.57019734522548	-84.34303317742594	-92.65900268603843	-100.17692989297153	-107.59114465561674	-115.44238063642553	-117.68076853435285	-119.78694330405793	-125.0172301355818	-126.20308053699044	-128.81880279018475	-130.20300017628855
-2.65	-5.448642843759417	-14.320034591203633	-24.545980364455463	-34.91541541563402	-41.90451497023064	-50.844550121267865	-60.1106659203198	-65.81372883475228	-74.80232003485298	-84.57326157318597	-92.89120936527864	-100.40955812391482	-107.8261005871013	-115.68054962510385	-117.91901505697102	-120.023298038851	-125.25693802897288	-126.44144010953725	-129.05747469268567	-130.44237275399234
-2.55	-5.719500767180615	-14.559684674339993	-24.806017913044514	-35.18054262249621	-42.15788879662559	-51.084370617739296	-60.35199178403957	-66.06182295334361	-75.05123034555584	-84.81391835484536	-93.12840861994468	-100.64962996495065	-108.0637512968528	-115.91442723686306	-118.15775038471122	-120.26313475513605	-125.49752049157429	-126.68465899414709	-129.2989074905306	-130.6832546926278
-2.45	-6.058152446764088	-14.803093020325718	-25.03955500068628	-35.420492373006454	-42.40390998357924	-51.336076273293536	-60.59638496770206	-66.31053810304805	-75.30196900611928	-85.06692999630172	-93.37512807649337	-100.88522738097568	-108.30385317876114	-116.15440373715712	-118.40146606233282	-120.50542315980113	-125.74064676991289	-126.92853482319242	-129.54136668021198	-130.92616696118398
-2.35	-6.349181359308954	-15.044546481130263	-25.310158613058885	-35.68606640541087	-42.655397443790896	-51.587033344537545	-60.8459607921059	-66.55283284809956	-75.54606626470965	-85.30806541531601	-93.61358761168778	-101.1305384885305	-108.54243895320779	-116.39105490080345	-118.63857711644656	-120.74168671309474	-125.97854167998105	-127.16761833500108	-129.78113756491143	-131.16882611840637
-2.25	-6.669854372191667	-15.316347657507782	-25.55290011074988	-35.93084367262566	-42.90507459222934	-51.84695809997791	-61.110734542823444	-66.81782263596293	-75.80974915082771	-85.57641125581762	-93.88627138793856	-101.4004115909325	-108.80814075379989	-116.65627434788962	-118.8990105479058	-121.00190830326363	-126.2389815440771	-127.42815443334504	-130.03964607073593	-131.42911302743596
-2.15	-6.981621787264777	-15.625522295666887	-25.865908795813542	-36.24955504720441	-43.235253022837455	-52.15287488927291	-61.410848380370076	-67.10901488948683	-76.10355427935038	-85.86911262341744	-94.1827276724033	-101.69580919455315	-109.10167809906041	-116.94650824447923	-119.18277186208324	-121.29020712426896	-126.52562632913286	-127.71478922727243	-130.32621596109172	-131.7131350890687
-2.05	-7.238041879640035	-15.899667241646798	-26.14756596546829	-36.52538654814334	-43.52056820283131	-52.44495801445295	-61.707539905388664	-67.40563257751836	-76.39842220265457	-86.17486125421131	-94.48298293207552	-101.99512926512332	-109.40480090599125	-117.25602439829999	-119.49255161980516	-121.60192268971554	-126.8379102885727	-128.0301766787714	-130.6439988614683	-132.03175043864067
-1.95	-7.597241088215463	-16.28865216531726	-26.52971039674004	-36.88216434970264	-43.87497418239835	-52.80480671372547	-62.06349375151693	-67.75733520868992	-76.75755893707488	-86.53362842323179	-94.84636941419768	-102.359054353382	-109.77095009335213	-117.62342596426791	-119.8641158067054	-121.97395065830479	-127.20726995824795	-128.39903456451717	-131.01189823820184	-132.39766046426794
-1.85	-7.765005159913578	-16.469225570282163	-26.71049591846583	-37.082181476893524	-44.07020240885476	-52.99374685152331	-62.25999842265399	-67.9574074765522	-76.95426833770009	-86.73172999796691	-95.03667758097062	-102.5502455290798	-109.96114967285577	-117.80788763442054	-120.04844594668461	-122.15818972211353	-127.39226920506727	-128.58206980582253	-131.19539332462233	-132.57990976956265
-1.75	-7.933401821321157	-16.61433550939342	-26.886983813957343	-37.26011264720504	-44.25538595556326	-53.17681497651078	-62.44542984822548	-68.14652066553859	-77.14183573383418	-86.92290468451868	-95.22987645108	-102.73082033168492	-110.14112169589798	-117.98646417799488	-120.22838303531398	-122.33699146942614	-127.57031509731495	-128.76218363061224	-131.37243733020566	-132.76132106974384
-1.65	-8.114282954815579	-16.769312099910753	-27.045823652420925	-37.41527833002591	-44.41918449438819	-53.34970184872986	-62.61569138659063	-68.30820667124371	-77.30456772791226	-87.08959233197696	-95.39715474781147	-102.9033250061424	-110.31336956298674	-118.15666470951594	-120.40010463221951	-122.5077212257872	-127.7412373002324	-128.93005467879314	-131.54005199127477	-132.93054236717742
-1.55	-8.305242239908132	-16.94750850481815	-27.23941012194762	-37.61044519213917	-44.61355972896758	-53.541673599729016	-62.80363799575404	-68.49516783147014	-77.48440511084462	-87.2686729888054	-95.57820383268408	-103.07875698683573	-110.49184344341982	-118.33799930402988	-120.58070073015172	-122.68482120830718	-127.91629567829492	-129.10673306419386	-131.7175372385999	-133.11026514921267
-1.45	-8.520304725573446	-17.162437928697155	-27.44092627859913	-37.80563670093798	-44.815540161184096	-53.75392402762387	-63.015423942168965	-68.70412366008654	-77.69855499796127	-87.48589318360588	-95.79335025034243	-103.29810038604968	-110.7091779346834	-118.55701086850314	-120.80280344142315	-122.90206906281878	-128.13252054731305	-129.3216011969374	-131.93653084028048	-133.3257355472675
-1.35	-8.748889848868613	-17.379167048795132	-27.670923131769765	-38.03904620178797	-45.055694708757954	-53.98742526919773	-63.24004531592644	-68.93219200370123	-77.92543925729645	-87.70903534231	-96.01403045545274	-103.51990891269752	-110.93413119767102	-118.7805517487306	-121.03248345108867	-123.13429110487625	-128.3648009889436	-129.55084477263694	-132.16734856273507	-133.5534159976923
-1.25	-9.064835323802448	-17.706322313733676	-27.96886972251142	-38.34226333469613	-45.34112482396775	-54.26186875987062	-63.51897622301251	-69.20928335496177	-78.20526853630983	-87.98914447226632	-96.30007360617266	-103.8001414471952	-111.21111935592586	-119.05518727984301	-121.29687930537648	-123.39891934295783	-128.6306613937849	-129.81638787628023	-132.4312067053428	-133.8163285169361
-1.15	-9.346178836771703	-17.99009062120303	-28.261695892802116	-38.631846954804274	-45.645905385084	-54.57408336659912	-63.82329542770133	-69.51827537934527	-78.51218323677408	-88.30297591005177	-96.61430575658419	-104.11534520971426	-111.52562148331033	-119.36670027019407	-121.60977569469777	-123.71602086623555	-128.94625160907964	-130.1311480033515	-132.74586027842014	-134.127035097833
-1.05	-9.763156408101395	-18.419014577718748	-28.672560441053843	-39.0413262757724	-46.05596313527975	-54.98579238481765	-64.24468704057907	-69.94322160355807	-78.9372585923601	-88.72186030692595	-97.03476558630364	-104.53393054313035	-111.94669935617286	-119.78641365496615	-122.02501742050552	-124.12876706499128	-129.3580577036182	-130.54341121056066	-133.15502912642597	-134.53858411500457
-0.95	-9.963632859881908	-18.627290020107182	-28.886174389866838	-39.25344198479459	-46.26437639758205	-55.19503541262881	-64.44551647395191	-70.13874268701508	-79.1359735585701	-88.93028265649463	-97.23981294106271	-104.74494301723709	-112.1544199435987	-119.99692451887155	-122.23350597227594	-124.33775755598678	-129.566001040344	-130.75391944077654	-133.3675464859106	-134.74915030094462
-0.85	-9.79830170765649	-18.43730442958212	-28.696095464198933	-39.06618813233275	-46.08568069864443	-55.011383410372225	-64.26481796354183	-69.95653418076823	-78.95379132713106	-88.74929949427334	-97.05685176604824	-104.56191340483412	-111.97003361215688	-119.81218605091931	-122.05331510944515	-124.15866508005212	-129.39058139905677	-130.57847624498655	-133.1939520843357	-134.57813898177892
-0.75	-9.800119479354604	-18.448836795644553	-28.717245049994528	-39.08781665000268	-46.10410829082599	-55.03699104682441	-64.28894853848992	-69.98429500592384	-78.97976110392015	-88.77391963533793	-97.0801720809496	-104.584198864037	-111.99208444707082	-119.83114517204008	-122.06854333883047	-124.1745426591129	-129.40736909137257	-130.5946323990074	-133.2143022122517	-134.59877000742452
-0.65	-9.869429662187102	-18.498136877187388	-28.776115415410473	-39.14989129517866	-46.16259244373893	-55.099189161915035	-64.35557437244992	-70.05974547069174	-79.05451161405178	-88.84818997164862	-97.16196608752227	-104.67457264053037	-112.08547210289063	-119.92613262354038	-122.16249262589417	-124.26372143403253	-129.49470645845315	-130.68302814326339	-133.29990269649076	-134.68612004879571
-0.55	-9.999936130086832	-18.64233133545667	-28.898361102321342	-39.273776518011644	-46.2968013104992	-55.24390127342073	-64.50098733661281	-70.19677234786506	-79.1932584248856	-88.98491319506947	-97.29695780485616	-104.80159865923369	-112.20879220828552	-120.04671469862642	-122.28002221887152	-124.37669848390557	-129.61180084208686	-130.80330039625787	-133.4187429570295	-134.80466644947415
-0.45	-10.168224977338852	-18.82448981992331	-29.077386745804695	-39.455855940326735	-46.47806947227424	-55.414854727827326	-64.67224798165705	-70.35243795515422	-79.35403178808012	-89.13899138100183	-97.44350040947265	-104.95271296309036	-112.36722088968017	-120.2106778314325	-122.44437856883559	-124.54730259632359	-129.7795635388862	-130.97592278412367	-133.58815314650343	-134.97306379041493
-0.35	-10.389803907735464	-19.02785013296365	-29.273192038834317	-39.648189079338295	-46.66151038366047	-55.60245047210993	-64.85264613226136	-70.53855149440436	-79.54395568764104	-89.32943405688692	-97.63801657107462	-105.14876702927292	-112.56323587940226	-120.41094630280688	-122.65052113716858	-124.75919178083535	-129.99025452323508	-131.19246679463203	-133.8038987883736	-135.18461234770072
-0.25	-10.627084465109949	-19.263126525582404	-29.50715962212251	-39.885826992423134	-46.909165355899844	-55.85396411349538	-65.11293005436839	-70.8024557977923	-79.80895330269718	-89.59680482355957	-97.90668079225252	-105.41976701479943	-112.8302445421145	-120.67949356568468	-122.92217707173266	-125.0333043000294	-130.2682293119319	-131.46715716776706	-134.0778070095858	-135.45903542322017
-0.15	-10.98301113770607	-19.638206446160147	-29.90015535066956	-40.27433967847755	-47.28433856873603	-56.23106703599463	-65.50834038655526	-71.20221812504434	-80.20513006379646	-89.98721315677092	-98.29926105087414	-105.81424615103026	-113.22321731197783	-121.06553874596855	-123.30658148803445	-125.41368717628589	-130.64433287425322	-131.84153313408913	-134.44946590496636	-135.83298913074896
-0.05	-11.613842350287088	-20.273522949417814	-30.517225126981238	-40.89925401371777	-47.90195109042975	-56.81815071942427	-66.07200339193056	-71.76547678987615	-80.76767550011131	-90.54604826382081	-98.85082275868037	-106.34120472724062	-113.75265019025154	-121.59297209347781	-123.8459868163458	-125.95621595094612	-131.1942130261629	-132.3983235198716	-135.01098647444255	-136.3951692701757
0.05	-8.418925174747136	-17.532633918349543	-28.077046965104543	-38.499355970195886	-45.53858212206699	-54.60480725330794	-63.88602711748697	-69.57251423629758	-78.56230858759568	-88.26876257573035	-96.52537695508519	-104.07687361457107	-111.47704805398244	-119.31818660426795	-121.48711010517368	-123.54892655085207	-128.76820853920222	-129.91345261376597	-132.4783945668834	-133.78489408608377
0.15	-8.518925174747135	-17.632633918349544	-28.177046965104545	-38.59935597019589	-45.63858212206699	-54.70480725330794	-63.98602711748697	-69.67251423629757	-78.66230858759567	-88.36876257573034	-96.62537695508519	-104.17687361457106	-111.57704805398244	-119.41818660426794	-121.58711010517368	-123.64892655085207	-128.86820853920221	-130.01345261376596	-132.5783945668834	-133.88489408608376
0.25	-8.618925174747135	-17.732633918349546	-28.277046965104546	-38.69935597019589	-45.738582122066994	-54.80480725330794	-64.08602711748696	-69.77251423629757	-78.76230858759567	-88.46876257573034	-96.72537695508518	-104.27687361457106	-111.67704805398243	-119.51818660426794	-121.68711010517367	-123.74892655085206	-128.9682085392022	-130.11345261376596	-132.67839456688338	-133.98489408608376
0.35	-8.718925174747135	-17.832633918349547	-28.377046965104547	-38.79935597019589	-45.838582122066995	-54.90480725330794	-64.18602711748696	-69.87251423629756	-78.86230858759566	-88.56876257573033	-96.82537695508518	-104.37687361457105	-111.77704805398243	-119.61818660426793	-121.78711010517367	-123.84892655085206	-129.0682085392022	-130.21345261376595	-132.77839456688338	-134.08489408608375
0.45	-8.818925174747134	-17.93263391834955	-28.47704696510455	-38.89935597019589	-45.938582122067	-55.004807253307945	-64.28602711748695	-69.97251423629756	-78.96230858759566	-88.66876257573033	-96.92537695508517	-104.47687361457105	-111.87704805398242	-119.71818660426793	-121.88711010517366	-123.94892655085205	-129.1682085392022	-130.31345261376595	-132.87839456688337	-134.18489408608374
0.55	-8.918925174747134	-18.03263391834955	-28.57704696510455	-38.99935597019589	-46.038582122067	-55.104807253307946	-64.38602711748695	-70.07251423629755	-79.06230858759565	-88.76876257573032	-97.02537695508516	-104.57687361457104	-111.97704805398241	-119.81818660426792	-121.98711010517366	-124.04892655085204	-129.2682085392022	-130.41345261376594	-132.97839456688337	-134.28489408608374
0.65	-9.018925174747134	-18.13263391834955	-28.67704696510455	-39.099355970195894	-46.138582122067	-55.20480725330795	-64.48602711748694	-70.17251423629754	-79.16230858759565	-88.86876257573032	-97.12537695508516	-104.67687361457104	-112.07704805398241	-119.91818660426792	-122.08711010517365	-124.14892655085204	-129.3682085392022	-130.51345261376593	-133.07839456688336	-134.38489408608373
0.75	-9.118925174747133	-18.232633918349553	-28.777046965104553	-39.199355970195896	-46.238582122067	-55.30480725330795	-64.58602711748694	-70.27251423629754	-79.26230858759564	-88.96876257573031	-97.22537695508515	-104.77687361457103	-112.1770480539824	-120.01818660426791	-122.18711010517364	-124.24892655085203	-129.46820853920218	-130.61345261376593	-133.17839456688336	-134.48489408608373
0.85	-9.218925174747133	-18.332633918349554	-28.877046965104554	-39.2993559701959	-46.338582122067	-55.40480725330795	-64.68602711748693	-70.37251423629753	-79.36230858759563	-89.0687625757303	-97.32537695508515	-104.87687361457102	-112.2770480539824	-120.1181866042679	-122.28711010517364	-124.34892655085203	-129.56820853920217	-130.71345261376592	-133.27839456688335	-134.58489408608372
0.95	-9.318925174747132	-18.432633918349556	-28.977046965104556	-39.3993559701959	-46.438582122067004	-55.50480725330795	-64.78602711748692	-70.47251423629753	-79.46230858759563	-89.1687625757303	-97.42537695508514	-104.97687361457102	-112.37704805398239	-120.2181866042679	-122.38711010517363	-124.44892655085202	-129.66820853920217	-130.81345261376592	-133.37839456688334	-134.68489408608372
1.05	-9.418925174747132	-18.532633918349557	-29.077046965104557	-39.4993559701959	-46.538582122067005	-55.60480725330795	-64.88602711748692	-70.57251423629752	-79.56230858759562	-89.26876257573029	-97.52537695508514	-105.07687361457101	-112.47704805398239	-120.3181866042679	-122.48711010517363	-124.54892655085202	-129.76820853920216	-130.9134526137659	-133.47839456688334	-134.7848940860837
1.15	-9.518925174747132	-18.63263391834956	-29.17704696510456	-39.5993559701959	-46.63858212206701	-55.704807253307955	-64.98602711748691	-70.67251423629752	-79.66230858759562	-89.36876257573029	-97.62537695508513	-105.17687361457101	-112.57704805398238	-120.41818660426789	-122.58711010517362	-124.64892655085201	-129.86820853920216	-131.0134526137659	-133.57839456688333	-134.8848940860837
1.25	-9.618925174747131	-18.73263391834956	-29.27704696510456	-39.6993559701959	-46.73858212206701	-55.804807253307956	-65.0860271174869	-70.77251423629751	-79.76230858759561	-89.46876257573028	-97.72537695508512	-105.276873614571	-112.67704805398238	-120.51818660426788	-122.68711010517362	-124.748926550852	-129.96820853920215	-131.1134526137659	-133.67839456688333	-134.9848940860837
1.35	-9.718925174747131	-18.83263391834956	-29.37704696510456	-39.799355970195904	-46.83858212206701	-55.90480725330796	-65.1860271174869	-70.8725142362975	-79.8623085875956	-89.56876257573028	-97.82537695508512	-105.376873614571	-112.77704805398237	-120.61818660426788	-122.78711010517361	-124.848926550852	-130.06820853920215	-131.2134526137659	-133.77839456688332	-135.0848940860837
1.45	-9.81892517474713	-18.932633918349563	-29.477046965104563	-39.899355970195906	-46.93858212206701	-56.00480725330796	-65.2860271174869	-70.9725142362975	-79.9623085875956	-89.66876257573027	-97.92537695508511	-105.47687361457099	-112.87704805398236	-120.71818660426787	-122.8871101051736	-124.948926550852	-130.16820853920214	-131.3134526137659	-133.87839456688332	-135.1848940860837
1.55	-9.91892517474713	-19.032633918349564	-29.577046965104564	-39.99935597019591	-47.03858212206701	-56.10480725330796	-65.38602711748689	-71.0725142362975	-80.0623085875956	-89.76876257573026	-98.02537695508511	-105.57687361457099	-112.97704805398236	-120.81818660426786	-122.9871101051736	-125.04892655085199	-130.26820853920213	-131.41345261376588	-133.9783945668833	-135.28489408608368
1.65	-10.01892517474713	-19.132633918349566	-29.677046965104566	-40.09935597019591	-47.138582122067014	-56.20480725330796	-65.48602711748688	-71.17251423629749	-80.16230858759559	-89.86876257573026	-98.1253769550851	-105.67687361457098	-113.07704805398235	-120.91818660426786	-123.0871101051736	-125.14892655085198	-130.36820853920213	-131.51345261376588	-134.0783945668833	-135.38489408608368
1.75	-10.11892517474713	-19.232633918349567	-29.777046965104567	-40.19935597019591	-47.238582122067015	-56.30480725330796	-65.58602711748688	-71.27251423629748	-80.26230858759558	-89.96876257573025	-98.2253769550851	-105.77687361457097	-113.17704805398235	-121.01818660426785	-123.18711010517359	-125.24892655085198	-130.46820853920212	-131.61345261376587	-134.1783945668833	-135.48489408608367
1.85	-10.21892517474713	-19.33263391834957	-29.87704696510457	-40.29935597019591	-47.33858212206702	-56.404807253307965	-65.68602711748687	-71.37251423629748	-80.36230858759558	-90.06876257573025	-98.32537695508509	-105.87687361457097	-113.27704805398234	-121.11818660426785	-123.28711010517358	-125.34892655085197	-130.56820853920212	-131.71345261376587	-134.2783945668833	-135.58489408608366
1.95	-10.318925174747129	-19.43263391834957	-29.97704696510457	-40.39935597019591	-47.43858212206702	-56.504807253307966	-65.78602711748687	-71.47251423629747	-80.46230858759557	-90.16876257573024	-98.42537695508508	-105.97687361457096	-113.37704805398234	-121.21818660426784	-123.38711010517358	-125.44892655085197	-130.6682085392021	-131.81345261376586	-134.3783945668833	-135.68489408608366
2.05	-10.418925174747129	-19.53263391834957	-30.07704696510457	-40.499355970195914	-47.53858212206702	-56.60480725330797	-65.88602711748686	-71.57251423629747	-80.56230858759557	-90.26876257573024	-98.52537695508508	-106.07687361457096	-113.47704805398233	-121.31818660426784	-123.48711010517357	-125.54892655085196	-130.7682085392021	-131.91345261376586	-134.47839456688328	-135.78489408608365
2.15	-10.518925174747128	-19.632633918349573	-30.177046965104573	-40.599355970195916	-47.63858212206702	-56.70480725330797	-65.98602711748686	-71.67251423629746	-80.66230858759556	-90.36876257573023	-98.62537695508507	-106.17687361457095	-113.57704805398232	-121.41818660426783	-123.58711010517356	-125.64892655085195	-130.8682085392021	-132.01345261376585	-134.57839456688328	-135.88489408608365
2.25	-10.618925174747128	-19.732633918349574	-30.277046965104574	-40.69935597019592	-47.73858212206702	-56.80480725330797	-66.08602711748685	-71.77251423629745	-80.76230858759556	-90.46876257573022	-98.72537695508507	-106.27687361457095	-113.67704805398232	-121.51818660426783	-123.68711010517356	-125.74892655085195	-130.9682085392021	-132.11345261376584	-134.67839456688327	-135.98489408608364
2.35	-10.718925174747127	-19.832633918349575	-30.377046965104576	-40.79935597019592	-47.838582122067024	-56.90480725330797	-66.18602711748684	-71.87251423629745	-80.86230858759555	-90.56876257573022	-98.82537695508506	-106.37687361457094	-113.77704805398231	-121.61818660426782	-123.78711010517355	-125.84892655085194	-131.0682085392021	-132.21345261376584	-134.77839456688326	-136.08489408608364
2.45	-10.818925174747127	-19.932633918349577	-30.477046965104577	-40.89935597019592	-47.938582122067025	-57.00480725330797	-66.28602711748684	-71.97251423629744	-80.96230858759554	-90.66876257573021	-98.92537695508506	-106.47687361457093	-113.8770480539823	-121.71818660426781	-123.88711010517355	-125.94892655085194	-131.16820853920208	-132.31345261376583	-134.87839456688326	-136.18489408608363
2.55	-10.918925174747127	-20.032633918349575	-30.57704696510458	-40.99935597019592	-48.03858212206703	-57.104807253307975	-66.38602711748683	-72.07251423629744	-81.06230858759554	-90.76876257573021	-99.02537695508505	-106.57687361457093	-113.9770480539823	-121.81818660426781	-123.98711010517354	-126.04892655085193	-131.26820853920208	-132.41345261376583	-134.97839456688325	-136.28489408608363
2.65	-11.018925174747126	-20.132633918349576	-30.67704696510458	-41.09935597019592	-48.13858212206703	-57.204807253307976	-66.48602711748683	-72.17251423629743	-81.16230858759553	-90.8687625757302	-99.12537695508504	-106.67687361457092	-114.0770480539823	-121.9181866042678	-124.08711010517354	-126.14892655085193	-131.36820853920207	-132.51345261376582	-135.07839456688325	-136.38489408608362
2.75	-11.118925174747126	-20.232633918349578	-30.77704696510458	-41.199355970195924	-48.23858212206703	-57.30480725330798	-66.58602711748682	-72.27251423629743	-81.26230858759553	-90.9687625757302	-99.22537695508504	-106.77687361457092	-114.17704805398229	-122.0181866042678	-124.18711010517353	-126.24892655085192	-131.46820853920207	-132.61345261376582	-135.17839456688324	-136.4848940860836
2.85	-11.218925174747126	-20.33263391834958	-30.877046965104583	-41.299355970195926	-48.33858212206703	-57.40480725330798	-66.68602711748682	-72.37251423629742	-81.36230858759552	-91.06876257573019	-99.32537695508503	-106.87687361457091	-114.27704805398228	-122.11818660426779	-124.28711010517353	-126.34892655085191	-131.56820853920206	-132.7134526137658	-135.27839456688324	-136.5848940860836
2.95	-11.318925174747125	-20.43263391834958	-30.977046965104584	-41.39935597019593	-48.43858212206703	-57.50480725330798	-66.78602711748681	-72.47251423629741	-81.46230858759552	-91.16876257573018	-99.42537695508503	-106.9768736145709	-114.37704805398228	-122.21818660426779	-124.38711010517352	-126.44892655085191	-131.66820853920206	-132.8134526137658	-135.37839456688323	-136.6848940860836
3.05	-11.418925174747125	-20.532633918349582	-31.077046965104586	-41.49935597019593	-48.538582122067034	-57.60480725330798	-66.8860271174868	-72.57251423629741	-81.56230858759551	-91.26876257573018	-99.52537695508502	-107.0768736145709	-114.47704805398227	-122.31818660426778	-124.48711010517351	-126.5489265508519	-131.76820853920205	-132.9134526137658	-135.47839456688322	-136.7848940860836
3.15	-11.518925174747125	-20.632633918349583	-31.177046965104587	-41.59935597019593	-48.638582122067035	-57.70480725330798	-66.9860271174868	-72.6725142362974	-81.6623085875955	-91.36876257573017	-99.62537695508502	-107.1768736145709	-114.57704805398227	-122.41818660426777	-124.58711010517351	-126.6489265508519	-131.86820853920204	-133.0134526137658	-135.57839456688322	-136.8848940860836
3.25	-11.618925174747124	-20.732633918349585	-31.27704696510459	-41.69935597019593	-48.73858212206704	-57.804807253307985	-67.0860271174868	-72.7725142362974	-81.7623085875955	-91.46876257573017	-99.72537695508501	-107.27687361457089	-114.67704805398226	-122.51818660426777	-124.6871101051735	-126.74892655085189	-131.96820853920204	-133.1134526137658	-135.6783945668832	-136.98489408608359
3.35	-11.718925174747124	-20.832633918349586	-31.37704696510459	-41.79935597019593	-48.83858212206704	-57.904807253307986	-67.18602711748679	-72.87251423629739	-81.86230858759549	-91.56876257573016	-99.825376955085	-107.37687361457088	-114.77704805398226	-122.61818660426776	-124.7871101051735	-126.84892655085189	-132.06820853920203	-133.21345261376578	-135.7783945668832	-137.08489408608358
3.45	-11.818925174747124	-20.932633918349588	-31.47704696510459	-41.899355970195934	-48.93858212206704	-58.00480725330799	-67.28602711748678	-72.97251423629739	-81.96230858759549	-91.66876257573016	-99.925376955085	-107.47687361457088	-114.87704805398225	-122.71818660426776	-124.88711010517349	-126.94892655085188	-132.16820853920203	-133.31345261376578	-135.8783945668832	-137.18489408608357
3.55	-11.918925174747123	-21.03263391834959	-31.577046965104593	-41.999355970195936	-49.03858212206704	-58.10480725330799	-67.38602711748678	-73.07251423629738	-82.06230858759548	-91.76876257573015	-100.025376955085	-107.57687361457087	-114.97704805398224	-122.81818660426775	-124.98711010517349	-127.04892655085187	-132.26820853920202	-133.41345261376577	-135.9783945668832	-137.28489408608357
3.65	-12.018925174747123	-21.13263391834959	-31.677046965104594	-42.09935597019594	-49.13858212206704	-58.20480725330799	-67.48602711748677	-73.17251423629737	-82.16230858759548	-91.86876257573014	-100.12537695508499	-107.67687361457087	-115.07704805398224	-122.91818660426775	-125.08711010517348	-127.14892655085187	-132.36820853920202	-133.51345261376576	-136.0783945668832	-137.38489408608356
3.75	-12.118925174747122	-21.232633918349592	-31.777046965104596	-42.19935597019594	-49.238582122067044	-58.30480725330799	-67.58602711748676	-73.27251423629737	-82.26230858759547	-91.96876257573014	-100.22537695508498	-107.77687361457086	-115.17704805398223	-123.01818660426774	-125.18711010517347	-127.24892655085186	-132.468208539202	-133.61345261376576	-136.17839456688318	-137.48489408608356
3.85	-12.218925174747122	-21.332633918349593	-31.877046965104597	-42.29935597019594	-49.338582122067045	-58.40480725330799	-67.68602711748676	-73.37251423629736	-82.36230858759546	-92.06876257573013	-100.32537695508498	-107.87687361457085	-115.27704805398223	-123.11818660426773	-125.28711010517347	-127.34892655085186	-132.568208539202	-133.71345261376575	-136.27839456688318	-137.58489408608355
3.95	-12.318925174747122	-21.432633918349595	-31.9770469651046	-42.39935597019594	-49.43858212206705	-58.504807253307995	-67.78602711748675	-73.47251423629736	-82.46230858759546	-92.16876257573013	-100.42537695508497	-107.97687361457085	-115.37704805398222	-123.21818660426773	-125.38711010517346	-127.44892655085185	-132.668208539202	-133.81345261376575	-136.37839456688317	-137.68489408608355
4.05	-12.418925174747121	-21.532633918349596	-32.0770469651046	-42.49935597019594	-49.53858212206705	-58.604807253307996	-67.88602711748675	-73.57251423629735	-82.56230858759545	-92.26876257573012	-100.52537695508497	-108.07687361457084	-115.47704805398222	-123.31818660426772	-125.48711010517346	-127.54892655085185	-132.768208539202	-133.91345261376574	-136.47839456688317	-137.78489408608354
4.15	-12.518925174747121	-21.632633918349597	-32.1770469651046	-42.599355970195944	-49.63858212206705	-58.704807253308	-67.98602711748674	-73.67251423629735	-82.66230858759545	-92.36876257573012	-100.62537695508496	-108.17687361457084	-115.57704805398221	-123.41818660426772	-125.58711010517345	-127.64892655085184	-132.868208539202	-134.01345261376574	-136.57839456688316	-137.88489408608353
4.25	-12.61892517474712	-21.7326339183496	-32.2770469651046	-42.699355970195946	-49.73858212206705	-58.804807253308	-68.08602711748674	-73.77251423629734	-82.76230858759544	-92.46876257573011	-100.72537695508495	-108.27687361457083	-115.6770480539822	-123.51818660426771	-125.68711010517345	-127.74892655085183	-132.96820853920198	-134.11345261376573	-136.67839456688316	-137.98489408608353
4.35	-12.71892517474712	-21.8326339183496	-32.377046965104604	-42.79935597019595	-49.83858212206705	-58.904807253308	-68.18602711748673	-73.87251423629733	-82.86230858759544	-92.5687625757301	-100.82537695508495	-108.37687361457083	-115.7770480539822	-123.6181866042677	-125.78711010517344	-127.84892655085183	-133.06820853920198	-134.21345261376572	-136.77839456688315	-138.08489408608352
4.45	-12.818925174747122	-21.9326339183496	-32.477046965104606	-42.89935597019595	-49.938582122067054	-59.004807253308	-68.28602711748673	-73.97251423629733	-82.96230858759543	-92.6687625757301	-100.92537695508494	-108.47687361457082	-115.8770480539822	-123.7181866042677	-125.88711010517343	-127.94892655085182	-133.16820853920197	-134.31345261376572	-136.87839456688314	-138.18489408608352
4.55	-12.918925174747121	-22.032633918349603	-32.57704696510461	-42.99935597019595	-50.038582122067055	-59.104807253308	-68.38602711748672	-74.07251423629732	-83.06230858759542	-92.7687625757301	-101.02537695508494	-108.57687361457081	-115.97704805398219	-123.8181866042677	-125.98711010517343	-128.04892655085183	-133.26820853920196	-134.4134526137657	-136.97839456688314	-138.2848940860835
4.65	-13.018925174747121	-22.132633918349605	-32.67704696510461	-43.09935597019595	-50.138582122067056	-59.204807253308005	-68.48602711748671	-74.17251423629732	-83.16230858759542	-92.86876257573009	-101.12537695508493	-108.67687361457081	-116.07704805398218	-123.91818660426769	-126.08711010517342	-128.14892655085183	-133.36820853920196	-134.5134526137657	-137.07839456688313	-138.3848940860835
4.75	-13.11892517474712	-22.232633918349606	-32.77704696510461	-43.19935597019595	-50.23858212206706	-59.304807253308006	-68.58602711748671	-74.27251423629731	-83.26230858759541	-92.96876257573008	-101.22537695508493	-108.7768736145708	-116.17704805398218	-124.01818660426768	-126.18711010517342	-128.24892655085182	-133.46820853920195	-134.6134526137657	-137.17839456688313	-138.4848940860835
4.85	-13.21892517474712	-22.332633918349607	-32.87704696510461	-43.299355970195954	-50.33858212206706	-59.40480725330801	-68.6860271174867	-74.3725142362973	-83.36230858759541	-93.06876257573008	-101.32537695508492	-108.8768736145708	-116.27704805398217	-124.11818660426768	-126.28711010517341	-128.34892655085181	-133.56820853920195	-134.7134526137657	-137.27839456688312	-138.5848940860835
4.95	-13.318925174747122	-22.43263391834961	-32.97704696510461	-43.399355970195955	-50.43858212206706	-59.50480725330801	-68.7860271174867	-74.4725142362973	-83.4623085875954	-93.16876257573007	-101.42537695508491	-108.97687361457079	-116.37704805398216	-124.21818660426767	-126.3871101051734	-128.4489265508518	-133.66820853920194	-134.8134526137657	-137.37839456688312	-138.6848940860835
5.05	-13.418925174747121	-22.53263391834961	-33.077046965104614	-43.49935597019596	-50.53858212206706	-59.60480725330801	-68.88602711748669	-74.5725142362973	-83.5623085875954	-93.26876257573007	-101.52537695508491	-109.07687361457079	-116.47704805398216	-124.31818660426767	-126.4871101051734	-128.5489265508518	-133.76820853920194	-134.91345261376568	-137.4783945668831	-138.78489408608348
5.15	-13.518925174747121	-22.63263391834961	-33.177046965104616	-43.59935597019596	-50.63858212206706	-59.70480725330801	-68.98602711748669	-74.67251423629729	-83.66230858759539	-93.36876257573006	-101.6253769550849	-109.17687361457078	-116.57704805398215	-124.41818660426766	-126.5871101051734	-128.6489265508518	-133.86820853920193	-135.01345261376568	-137.5783945668831	-138.88489408608348
5.25	-13.61892517474712	-22.732633918349613	-33.27704696510462	-43.69935597019596	-50.738582122067065	-59.80480725330801	-69.08602711748668	-74.77251423629728	-83.76230858759538	-93.46876257573005	-101.7253769550849	-109.27687361457077	-116.67704805398215	-124.51818660426765	-126.68711010517339	-128.7489265508518	-133.96820853920192	-135.11345261376567	-137.6783945668831	-138.98489408608347
5.35	-13.71892517474712	-22.832633918349615	-33.37704696510462	-43.79935597019596	-50.838582122067066	-59.904807253308014	-69.18602711748667	-74.87251423629728	-83.86230858759538	-93.56876257573005	-101.82537695508489	-109.37687361457077	-116.77704805398214	-124.61818660426765	-126.78711010517338	-128.8489265508518	-134.06820853920192	-135.21345261376567	-137.7783945668831	-139.08489408608347
5.45	-13.818925174747122	-22.932633918349616	-33.47704696510462	-43.89935597019596	-50.93858212206707	-60.004807253308016	-69.28602711748667	-74.97251423629727	-83.96230858759537	-93.66876257573004	-101.92537695508489	-109.47687361457076	-116.87704805398214	-124.71818660426764	-126.88711010517338	-128.94892655085178	-134.1682085392019	-135.31345261376566	-137.8783945668831	-139.18489408608346
5.55	-13.918925174747121	-23.032633918349617	-33.57704696510462	-43.999355970195964	-51.03858212206707	-60.10480725330802	-69.38602711748666	-75.07251423629727	-84.06230858759537	-93.76876257573004	-102.02537695508488	-109.57687361457076	-116.97704805398213	-124.81818660426764	-126.98711010517337	-129.04892655085177	-134.2682085392019	-135.41345261376566	-137.97839456688308	-139.28489408608345
5.65	-14.018925174747121	-23.13263391834962	-33.67704696510462	-44.099355970195965	-51.13858212206707	-60.20480725330802	-69.48602711748666	-75.17251423629726	-84.16230858759536	-93.86876257573003	-102.12537695508487	-109.67687361457075	-117.07704805398212	-124.91818660426763	-127.08711010517337	-129.14892655085177	-134.3682085392019	-135.51345261376565	-138.07839456688308	-139.38489408608345
5.75	-14.11892517474712	-23.23263391834962	-33.777046965104624	-44.19935597019597	-51.23858212206707	-60.30480725330802	-69.58602711748665	-75.27251423629725	-84.26230858759536	-93.96876257573003	-102.22537695508487	-109.77687361457075	-117.17704805398212	-125.01818660426763	-127.18711010517336	-129.24892655085176	-134.4682085392019	-135.61345261376565	-138.17839456688307	-139.48489408608344
5.85	-14.21892517474712	-23.33263391834962	-33.877046965104626	-44.29935597019597	-51.33858212206707	-60.40480725330802	-69.68602711748665	-75.37251423629725	-84.36230858759535	-94.06876257573002	-102.32537695508486	-109.87687361457074	-117.27704805398211	-125.11818660426762	-127.28711010517335	-129.34892655085176	-134.5682085392019	-135.71345261376564	-138.27839456688307	-139.58489408608344
5.95	-14.318925174747122	-23.432633918349623	-33.97704696510463	-44.39935597019597	-51.438582122067075	-60.50480725330802	-69.78602711748664	-75.47251423629724	-84.46230858759534	-94.16876257573001	-102.42537695508486	-109.97687361457074	-117.37704805398211	-125.21818660426761	-127.38711010517335	-129.44892655085175	-134.66820853920188	-135.81345261376563	-138.37839456688306	-139.68489408608343
6.05	-14.418925174747121	-23.532633918349624	-34.07704696510463	-44.49935597019597	-51.538582122067076	-60.604807253308024	-69.88602711748663	-75.57251423629724	-84.56230858759534	-94.26876257573001	-102.52537695508485	-110.07687361457073	-117.4770480539821	-125.31818660426761	-127.48711010517334	-129.54892655085175	-134.76820853920188	-135.91345261376563	-138.47839456688305	-139.78489408608343
6.15	-14.518925174747121	-23.632633918349626	-34.17704696510463	-44.59935597019597	-51.63858212206708	-60.704807253308026	-69.98602711748663	-75.67251423629723	-84.66230858759533	-94.36876257573	-102.62537695508485	-110.17687361457072	-117.5770480539821	-125.4181866042676	-127.58711010517334	-129.64892655085174	-134.86820853920187	-136.01345261376562	-138.57839456688305	-139.88489408608342
6.25	-14.61892517474712	-23.732633918349627	-34.27704696510463	-44.699355970195974	-51.73858212206708	-60.80480725330803	-70.08602711748662	-75.77251423629723	-84.76230858759533	-94.46876257573	-102.72537695508484	-110.27687361457072	-117.67704805398209	-125.5181866042676	-127.68711010517333	-129.74892655085173	-134.96820853920187	-136.11345261376562	-138.67839456688304	-139.98489408608341
6.35	-14.71892517474712	-23.83263391834963	-34.37704696510463	-44.799355970195975	-51.83858212206708	-60.90480725330803	-70.18602711748662	-75.87251423629722	-84.86230858759532	-94.56876257572999	-102.82537695508483	-110.37687361457071	-117.77704805398209	-125.61818660426759	-127.78711010517333	-129.84892655085173	-135.06820853920186	-136.2134526137656	-138.77839456688304	-140.0848940860834
6.45	-14.818925174747122	-23.93263391834963	-34.477046965104634	-44.89935597019598	-51.93858212206708	-61.00480725330803	-70.28602711748661	-75.97251423629722	-84.96230858759532	-94.66876257572999	-102.92537695508483	-110.4768736145707	-117.87704805398208	-125.71818660426759	-127.88711010517332	-129.94892655085172	-135.16820853920186	-136.3134526137656	-138.87839456688303	-140.1848940860834
6.55	-14.918925174747121	-24.03263391834963	-34.577046965104635	-44.99935597019598	-52.03858212206708	-61.10480725330803	-70.3860271174866	-76.07251423629721	-85.06230858759531	-94.76876257572998	-103.02537695508482	-110.5768736145707	-117.97704805398207	-125.81818660426758	-127.98711010517331	-130.04892655085172	-135.26820853920185	-136.4134526137656	-138.97839456688303	-140.2848940860834
6.65	-15.018925174747121	-24.132633918349633	-34.67704696510464	-45.09935597019598	-52.138582122067085	-61.20480725330803	-70.4860271174866	-76.1725142362972	-85.1623085875953	-94.86876257572997	-103.12537695508482	-110.6768736145707	-118.07704805398207	-125.91818660426758	-128.0871101051733	-130.1489265508517	-135.36820853920185	-136.5134526137656	-139.07839456688302	-140.3848940860834
6.75	-15.11892517474712	-24.232633918349634	-34.77704696510464	-45.19935597019598	-52.238582122067086	-61.304807253308034	-70.5860271174866	-76.2725142362972	-85.2623085875953	-94.96876257572997	-103.22537695508481	-110.77687361457069	-118.17704805398206	-126.01818660426757	-128.1871101051733	-130.2489265508517	-135.46820853920184	-136.6134526137656	-139.17839456688301	-140.4848940860834
6.85	-15.21892517474712	-24.332633918349636	-34.87704696510464	-45.29935597019598	-52.33858212206709	-61.404807253308036	-70.68602711748659	-76.37251423629719	-85.3623085875953	-95.06876257572996	-103.3253769550848	-110.87687361457068	-118.27704805398206	-126.11818660426756	-128.2871101051733	-130.3489265508517	-135.56820853920183	-136.71345261376558	-139.278394566883	-140.58489408608338
6.95	-15.318925174747122	-24.432633918349637	-34.97704696510464	-45.399355970195984	-52.43858212206709	-61.50480725330804	-70.78602711748658	-76.47251423629719	-85.46230858759529	-95.16876257572996	-103.4253769550848	-110.97687361457068	-118.37704805398205	-126.21818660426756	-128.3871101051733	-130.4489265508517	-135.66820853920183	-136.81345261376558	-139.378394566883	-140.68489408608337
7.05	-15.418925174747121	-24.53263391834964	-35.07704696510464	-45.499355970195985	-52.53858212206709	-61.60480725330804	-70.88602711748658	-76.57251423629718	-85.56230858759528	-95.26876257572995	-103.5253769550848	-111.07687361457067	-118.47704805398205	-126.31818660426755	-128.4871101051733	-130.5489265508517	-135.76820853920182	-136.91345261376557	-139.478394566883	-140.78489408608337
7.15	-15.518925174747121	-24.63263391834964	-35.177046965104644	-45.59935597019599	-52.63858212206709	-61.70480725330804	-70.98602711748657	-76.67251423629718	-85.66230858759528	-95.36876257572995	-103.62537695508479	-111.17687361457067	-118.57704805398204	-126.41818660426755	-128.58711010517328	-130.64892655085168	-135.86820853920182	-137.01345261376557	-139.578394566883	-140.88489408608336
7.25	-15.61892517474712	-24.73263391834964	-35.277046965104645	-45.69935597019599	-52.73858212206709	-61.80480725330804	-71.08602711748657	-76.77251423629717	-85.76230858759527	-95.46876257572994	-103.72537695508478	-111.27687361457066	-118.67704805398203	-126.51818660426754	-128.68711010517328	-130.74892655085168	-135.9682085392018	-137.11345261376556	-139.678394566883	-140.98489408608336
7.35	-15.71892517474712	-24.832633918349643	-35.37704696510465	-45.79935597019599	-52.838582122067095	-61.90480725330804	-71.18602711748656	-76.87251423629716	-85.86230858759527	-95.56876257572993	-103.82537695508478	-111.37687361457066	-118.77704805398203	-126.61818660426754	-128.78711010517327	-130.84892655085167	-136.0682085392018	-137.21345261376555	-139.77839456688298	-141.08489408608335
7.45	-15.818925174747122	-24.932633918349644	-35.47704696510465	-45.89935597019599	-52.938582122067096	-62.004807253308044	-71.28602711748655	-76.97251423629716	-85.96230858759526	-95.66876257572993	-103.92537695508477	-111.47687361457065	-118.87704805398202	-126.71818660426753	-128.88711010517326	-130.94892655085167	-136.1682085392018	-137.31345261376555	-139.87839456688297	-141.18489408608335
7.55	-15.918925174747121	-25.032633918349646	-35.57704696510465	-45.99935597019599	-53.0385821220671	-62.104807253308046	-71.38602711748655	-77.07251423629715	-86.06230858759525	-95.76876257572992	-104.02537695508477	-111.57687361457064	-118.97704805398202	-126.81818660426752	-128.98711010517326	-131.04892655085166	-136.2682085392018	-137.41345261376554	-139.97839456688297	-141.28489408608334
7.65	-16.01892517474712	-25.132633918349647	-35.67704696510465	-46.099355970195994	-53.1385821220671	-62.20480725330805	-71.48602711748654	-77.17251423629715	-86.16230858759525	-95.86876257572992	-104.12537695508476	-111.67687361457064	-119.07704805398201	-126.91818660426752	-129.08711010517325	-131.14892655085166	-136.3682085392018	-137.51345261376554	-140.07839456688296	-141.38489408608334
7.75	-16.11892517474712	-25.23263391834965	-35.77704696510465	-46.199355970195995	-53.2385821220671	-62.30480725330805	-71.58602711748654	-77.27251423629714	-86.26230858759524	-95.96876257572991	-104.22537695508476	-111.77687361457063	-119.177048053982	-127.01818660426751	-129.18711010517325	-131.24892655085165	-136.46820853920178	-137.61345261376553	-140.17839456688296	-141.48489408608333
7.85	-16.21892517474712	-25.33263391834965	-35.877046965104654	-46.299355970196	-53.3385821220671	-62.40480725330805	-71.68602711748653	-77.37251423629714	-86.36230858759524	-96.0687625757299	-104.32537695508475	-111.87687361457063	-119.277048053982	-127.1181866042675	-129.28711010517324	-131.34892655085164	-136.56820853920178	-137.71345261376553	-140.27839456688295	-141.58489408608332
7.95	-16.318925174747122	-25.43263391834965	-35.977046965104655	-46.399355970196	-53.4385821220671	-62.50480725330805	-71.78602711748653	-77.47251423629713	-86.46230858759523	-96.1687625757299	-104.42537695508474	-111.97687361457062	-119.377048053982	-127.2181866042675	-129.38711010517324	-131.44892655085164	-136.66820853920177	-137.81345261376552	-140.37839456688295	-141.68489408608332
8.05	-16.418925174747123	-25.532633918349653	-36.07704696510466	-46.499355970196	-53.538582122067105	-62.60480725330805	-71.88602711748652	-77.57251423629712	-86.56230858759523	-96.2687625757299	-104.52537695508474	-112.07687361457062	-119.47704805398199	-127.3181866042675	-129.48711010517323	-131.54892655085163	-136.76820853920177	-137.91345261376551	-140.47839456688294	-141.7848940860833
8.15	-16.518925174747125	-25.632633918349654	-36.17704696510466	-46.599355970196	-53.638582122067106	-62.704807253308054	-71.98602711748651	-77.67251423629712	-86.66230858759522	-96.36876257572989	-104.62537695508473	-112.17687361457061	-119.57704805398198	-127.41818660426749	-129.58711010517322	-131.64892655085163	-136.86820853920176	-138.0134526137655	-140.57839456688293	-141.8848940860833
8.25	-16.618925174747126	-25.732633918349656	-36.27704696510466	-46.699355970196	-53.73858212206711	-62.804807253308056	-72.08602711748651	-77.77251423629711	-86.76230858759521	-96.46876257572988	-104.72537695508473	-112.2768736145706	-119.67704805398198	-127.51818660426748	-129.68711010517322	-131.74892655085162	-136.96820853920175	-138.1134526137655	-140.67839456688293	-141.9848940860833
8.35	-16.718925174747127	-25.832633918349657	-36.37704696510466	-46.799355970196004	-53.83858212206711	-62.90480725330806	-72.1860271174865	-77.8725142362971	-86.86230858759521	-96.56876257572988	-104.82537695508472	-112.3768736145706	-119.77704805398197	-127.61818660426748	-129.7871101051732	-131.84892655085162	-137.06820853920175	-138.2134526137655	-140.77839456688292	-142.0848940860833
8.45	-16.81892517474713	-25.93263391834966	-36.47704696510466	-46.899355970196005	-53.93858212206711	-63.00480725330806	-72.2860271174865	-77.9725142362971	-86.9623085875952	-96.66876257572987	-104.92537695508472	-112.4768736145706	-119.87704805398197	-127.71818660426747	-129.8871101051732	-131.9489265508516	-137.16820853920174	-138.3134526137655	-140.87839456688292	-142.1848940860833
8.55	-16.91892517474713	-26.03263391834966	-36.577046965104664	-46.99935597019601	-54.03858212206711	-63.10480725330806	-72.38602711748649	-78.07251423629711	-87.0623085875952	-96.76876257572988	-105.02537695508471	-112.57687361457059	-119.97704805398197	-127.81818660426748	-129.9871101051732	-132.0489265508516	-137.26820853920174	-138.4134526137655	-140.9783945668829	-142.28489408608328
8.65	-17.01892517474713	-26.13263391834966	-36.677046965104665	-47.09935597019601	-54.13858212206711	-63.20480725330806	-72.48602711748649	-78.1725142362971	-87.16230858759519	-96.86876257572987	-105.1253769550847	-112.67687361457058	-120.07704805398197	-127.91818660426748	-130.0871101051732	-132.1489265508516	-137.36820853920173	-138.51345261376548	-141.0783945668829	-142.38489408608328
8.75	-17.118925174747133	-26.232633918349663	-36.77704696510467	-47.19935597019601	-54.238582122067115	-63.30480725330806	-72.58602711748648	-78.2725142362971	-87.26230858759519	-96.96876257572987	-105.2253769550847	-112.77687361457058	-120.17704805398196	-128.01818660426747	-130.1871101051732	-132.2489265508516	-137.46820853920173	-138.61345261376547	-141.1783945668829	-142.48489408608327
8.85	-17.218925174747135	-26.332633918349664	-36.87704696510467	-47.29935597019601	-54.338582122067116	-63.404807253308064	-72.68602711748647	-78.37251423629709	-87.36230858759518	-97.06876257572986	-105.32537695508469	-112.87687361457057	-120.27704805398196	-128.11818660426746	-130.28711010517318	-132.3489265508516	-137.56820853920172	-138.71345261376547	-141.2783945668829	-142.58489408608327
8.95	-17.318925174747136	-26.432633918349666	-36.97704696510467	-47.39935597019601	-54.43858212206712	-63.504807253308066	-72.78602711748647	-78.47251423629709	-87.46230858759517	-97.16876257572986	-105.42537695508469	-112.97687361457056	-120.37704805398195	-128.21818660426746	-130.38711010517318	-132.44892655085158	-137.66820853920171	-138.81345261376546	-141.3783945668829	-142.68489408608326
9.05	-17.418925174747137	-26.532633918349667	-37.07704696510467	-47.499355970196014	-54.53858212206712	-63.60480725330807	-72.88602711748646	-78.57251423629708	-87.56230858759517	-97.26876257572985	-105.52537695508468	-113.07687361457056	-120.47704805398195	-128.31818660426745	-130.48711010517317	-132.54892655085158	-137.7682085392017	-138.91345261376546	-141.47839456688288	-142.78489408608326
9.15	-17.51892517474714	-26.63263391834967	-37.17704696510467	-47.599355970196015	-54.63858212206712	-63.70480725330807	-72.98602711748646	-78.67251423629708	-87.66230858759516	-97.36876257572985	-105.62537695508468	-113.17687361457055	-120.57704805398194	-128.41818660426745	-130.58711010517317	-132.64892655085157	-137.8682085392017	-139.01345261376545	-141.57839456688288	-142.88489408608325
9.25	-17.61892517474714	-26.73263391834967	-37.277046965104674	-47.69935597019602	-54.73858212206712	-63.80480725330807	-73.08602711748645	-78.77251423629707	-87.76230858759516	-97.46876257572984	-105.72537695508467	-113.27687361457055	-120.67704805398193	-128.51818660426744	-130.68711010517316	-132.74892655085156	-137.9682085392017	-139.11345261376545	-141.67839456688287	-142.98489408608324
9.35	-17.71892517474714	-26.83263391834967	-37.377046965104675	-47.79935597019602	-54.83858212206712	-63.90480725330807	-73.18602711748645	-78.87251423629706	-87.86230858759515	-97.56876257572983	-105.82537695508466	-113.37687361457054	-120.77704805398193	-128.61818660426744	-130.78711010517316	-132.84892655085156	-138.0682085392017	-139.21345261376544	-141.77839456688287	-143.08489408608324
9.45	-17.818925174747143	-26.932633918349673	-37.47704696510468	-47.89935597019602	-54.938582122067125	-64.00480725330807	-73.28602711748644	-78.97251423629706	-87.96230858759515	-97.66876257572983	-105.92537695508466	-113.47687361457054	-120.87704805398192	-128.71818660426743	-130.88711010517315	-132.94892655085155	-138.1682085392017	-139.31345261376543	-141.87839456688286	-143.18489408608323
9.55	-17.918925174747145	-27.032633918349674	-37.57704696510468	-47.99935597019602	-55.038582122067126	-64.10480725330808	-73.38602711748644	-79.07251423629705	-88.06230858759514	-97.76876257572982	-106.02537695508465	-113.57687361457053	-120.97704805398192	-128.81818660426742	-130.98711010517314	-133.04892655085155	-138.26820853920168	-139.41345261376543	-141.97839456688286	-143.28489408608323
9.65	-18.018925174747146	-27.132633918349676	-37.67704696510468	-48.09935597019602	-55.13858212206713	-64.20480725330808	-73.48602711748643	-79.17251423629705	-88.16230858759513	-97.86876257572982	-106.12537695508465	-113.67687361457052	-121.07704805398191	-128.91818660426742	-131.08711010517314	-133.14892655085154	-138.36820853920167	-139.51345261376542	-142.07839456688285	-143.38489408608322
9.75	-18.118925174747147	-27.232633918349677	-37.77704696510468	-48.199355970196024	-55.23858212206713	-64.30480725330807	-73.58602711748642	-79.27251423629704	-88.26230858759513	-97.96876257572981	-106.22537695508464	-113.77687361457052	-121.1770480539819	-129.0181866042674	-131.18711010517313	-133.24892655085154	-138.46820853920167	-139.61345261376542	-142.17839456688284	-143.48489408608322
9.85	-18.21892517474715	-27.33263391834968	-37.87704696510468	-48.299355970196025	-55.33858212206713	-64.40480725330806	-73.68602711748642	-79.37251423629704	-88.36230858759512	-98.0687625757298	-106.32537695508464	-113.87687361457051	-121.2770480539819	-129.1181866042674	-131.28711010517313	-133.34892655085153	-138.56820853920166	-139.7134526137654	-142.27839456688284	-143.5848940860832
9.95	-18.31892517474715	-27.43263391834968	-37.977046965104684	-48.39935597019603	-55.43858212206713	-64.50480725330806	-73.78602711748641	-79.47251423629703	-88.46230858759512	-98.1687625757298	-106.42537695508463	-113.97687361457051	-121.3770480539819	-129.2181866042674	-131.38711010517312	-133.44892655085152	-138.66820853920166	-139.8134526137654	-142.37839456688283	-143.6848940860832
10.05	-18.41892517474715	-27.53263391834968	-38.077046965104685	-48.49935597019603	-55.53858212206713	-64.60480725330805	-73.8860271174864	-79.57251423629702	-88.56230858759511	-98.2687625757298	-106.52537695508462	-114.0768736145705	-121.47704805398189	-129.3181866042674	-131.48711010517312	-133.54892655085152	-138.76820853920165	-139.9134526137654	-142.47839456688283	-143.7848940860832
10.15	-18.518925174747153	-27.632633918349683	-38.17704696510469	-48.59935597019603	-55.638582122067135	-64.70480725330805	-73.9860271174864	-79.67251423629702	-88.6623085875951	-98.36876257572979	-106.62537695508462	-114.1768736145705	-121.57704805398188	-129.4181866042674	-131.5871101051731	-133.6489265508515	-138.86820853920165	-140.0134526137654	-142.57839456688282	-143.8848940860832
10.25	-18.618925174747154	-27.732633918349684	-38.27704696510469	-48.69935597019603	-55.738582122067136	-64.80480725330804	-74.0860271174864	-79.77251423629701	-88.7623085875951	-98.46876257572978	-106.72537695508461	-114.27687361457049	-121.67704805398188	-129.51818660426738	-131.6871101051731	-133.7489265508515	-138.96820853920164	-140.1134526137654	-142.67839456688282	-143.9848940860832
10.35	-18.718925174747156	-27.832633918349686	-38.37704696510469	-48.79935597019603	-55.83858212206714	-64.90480725330804	-74.18602711748639	-79.87251423629701	-88.8623085875951	-98.56876257572978	-106.82537695508461	-114.37687361457048	-121.77704805398187	-129.61818660426738	-131.7871101051731	-133.8489265508515	-139.06820853920163	-140.21345261376538	-142.7783945668828	-144.08489408608318
10.45	-18.818925174747157	-27.932633918349687	-38.47704696510469	-48.899355970196034	-55.93858212206714	-65.00480725330803	-74.28602711748638	-79.972514236297	-88.96230858759509	-98.66876257572977	-106.9253769550846	-114.47687361457048	-121.87704805398187	-129.71818660426737	-131.8871101051731	-133.9489265508515	-139.16820853920163	-140.31345261376538	-142.8783945668828	-144.18489408608318
10.55	-18.91892517474716	-28.03263391834969	-38.57704696510469	-48.999355970196035	-56.03858212206714	-65.10480725330802	-74.38602711748638	-80.072514236297	-89.06230858759508	-98.76876257572977	-107.0253769550846	-114.57687361457047	-121.97704805398186	-129.81818660426737	-131.9871101051731	-134.0489265508515	-139.26820853920162	-140.41345261376537	-142.9783945668828	-144.28489408608317
10.65	-19.01892517474716	-28.13263391834969	-38.677046965104694	-49.09935597019604	-56.13858212206714	-65.20480725330802	-74.48602711748637	-80.17251423629699	-89.16230858759508	-98.86876257572976	-107.12537695508459	-114.67687361457047	-122.07704805398185	-129.91818660426736	-132.08711010517308	-134.14892655085148	-139.36820853920162	-140.51345261376537	-143.0783945668828	-144.38489408608316
10.75	-19.11892517474716	-28.23263391834969	-38.777046965104695	-49.19935597019604	-56.23858212206714	-65.30480725330801	-74.58602711748637	-80.27251423629698	-89.26230858759507	-98.96876257572976	-107.22537695508458	-114.77687361457046	-122.17704805398185	-130.01818660426736	-132.18711010517308	-134.24892655085148	-139.4682085392016	-140.61345261376536	-143.1783945668828	-144.48489408608316
10.85	-19.218925174747163	-28.332633918349693	-38.8770469651047	-49.29935597019604	-56.338582122067145	-65.40480725330801	-74.68602711748636	-80.37251423629698	-89.36230858759507	-99.06876257572975	-107.32537695508458	-114.87687361457046	-122.27704805398184	-130.11818660426735	-132.28711010517307	-134.34892655085147	-139.5682085392016	-140.71345261376536	-143.27839456688278	-144.58489408608315
10.95	-19.318925174747164	-28.432633918349694	-38.9770469651047	-49.39935597019604	-56.438582122067146	-65.504807253308	-74.78602711748636	-80.47251423629697	-89.46230858759506	-99.16876257572974	-107.42537695508457	-114.97687361457045	-122.37704805398184	-130.21818660426734	-132.38711010517306	-134.44892655085147	-139.6682085392016	-140.81345261376535	-143.37839456688278	-144.68489408608315
11.05	-19.418925174747166	-28.532633918349696	-39.0770469651047	-49.49935597019604	-56.53858212206715	-65.604807253308	-74.88602711748635	-80.57251423629697	-89.56230858759506	-99.26876257572974	-107.52537695508457	-115.07687361457045	-122.47704805398183	-130.31818660426734	-132.48711010517306	-134.54892655085146	-139.7682085392016	-140.91345261376534	-143.47839456688277	-144.78489408608314
11.15	-19.518925174747167	-28.632633918349697	-39.1770469651047	-49.599355970196044	-56.63858212206715	-65.70480725330799	-74.98602711748634	-80.67251423629696	-89.66230858759505	-99.36876257572973	-107.62537695508456	-115.17687361457044	-122.57704805398183	-130.41818660426733	-132.58711010517305	-134.64892655085146	-139.8682085392016	-141.01345261376534	-143.57839456688276	-144.88489408608314
11.25	-19.61892517474717	-28.7326339183497	-39.2770469651047	-49.699355970196045	-56.73858212206715	-65.80480725330798	-75.08602711748634	-80.77251423629696	-89.76230858759504	-99.46876257572973	-107.72537695508456	-115.27687361457043	-122.67704805398182	-130.51818660426733	-132.68711010517305	-134.74892655085145	-139.96820853920158	-141.11345261376533	-143.67839456688276	-144.98489408608313
11.35	-19.71892517474717	-28.8326339183497	-39.377046965104704	-49.799355970196046	-56.83858212206715	-65.90480725330798	-75.18602711748633	-80.87251423629695	-89.86230858759504	-99.56876257572972	-107.82537695508455	-115.37687361457043	-122.77704805398182	-130.61818660426732	-132.78711010517304	-134.84892655085144	-140.06820853920158	-141.21345261376533	-143.77839456688275	-145.08489408608312
11.45	-19.81892517474717	-28.9326339183497	-39.477046965104705	-49.89935597019605	-56.93858212206715	-66.00480725330797	-75.28602711748633	-80.97251423629695	-89.96230858759503	-99.66876257572972	-107.92537695508454	-115.47687361457042	-122.87704805398181	-130.71818660426732	-132.88711010517304	-134.94892655085144	-140.16820853920157	-141.31345261376532	-143.87839456688275	-145.18489408608312
11.55	-19.918925174747173	-29.032633918349703	-39.57704696510471	-49.99935597019605	-57.038582122067155	-66.10480725330797	-75.38602711748632	-81.07251423629694	-90.06230858759503	-99.76876257572971	-108.02537695508454	-115.57687361457042	-122.9770480539818	-130.8181866042673	-132.98711010517303	-135.04892655085143	-140.26820853920157	-141.41345261376532	-143.97839456688274	-145.2848940860831
11.65	-20.018925174747174	-29.132633918349704	-39.67704696510471	-50.09935597019605	-57.138582122067156	-66.20480725330796	-75.48602711748632	-81.17251423629693	-90.16230858759502	-99.8687625757297	-108.12537695508453	-115.67687361457041	-123.0770480539818	-130.9181866042673	-133.08711010517302	-135.14892655085143	-140.36820853920156	-141.5134526137653	-144.07839456688274	-145.3848940860831
11.75	-20.118925174747176	-29.232633918349705	-39.77704696510471	-50.19935597019605	-57.23858212206716	-66.30480725330796	-75.58602711748631	-81.27251423629693	-90.26230858759502	-99.9687625757297	-108.22537695508453	-115.7768736145704	-123.17704805398179	-131.0181866042673	-133.18711010517302	-135.24892655085142	-140.46820853920156	-141.6134526137653	-144.17839456688273	-145.4848940860831
11.85	-20.218925174747177	-29.332633918349707	-39.87704696510471	-50.29935597019605	-57.33858212206716	-66.40480725330795	-75.6860271174863	-81.37251423629692	-90.36230858759501	-100.06876257572969	-108.32537695508452	-115.8768736145704	-123.27704805398179	-131.1181866042673	-133.287110105173	-135.34892655085142	-140.56820853920155	-141.7134526137653	-144.27839456688272	-145.5848940860831
11.95	-20.31892517474718	-29.43263391834971	-39.97704696510471	-50.399355970196055	-57.43858212206716	-66.50480725330794	-75.7860271174863	-81.47251423629692	-90.462308587595	-100.16876257572969	-108.42537695508452	-115.9768736145704	-123.37704805398178	-131.2181866042673	-133.387110105173	-135.4489265508514	-140.66820853920154	-141.8134526137653	-144.37839456688272	-145.6848940860831
12.05	-20.41892517474718	-29.53263391834971	-40.077046965104714	-50.499355970196056	-57.53858212206716	-66.60480725330794	-75.8860271174863	-81.57251423629691	-90.562308587595	-100.26876257572968	-108.52537695508451	-116.07687361457039	-123.47704805398178	-131.31818660426728	-133.487110105173	-135.5489265508514	-140.76820853920154	-141.9134526137653	-144.4783945668827	-145.78489408608309
12.15	-20.51892517474718	-29.63263391834971	-40.177046965104715	-50.59935597019606	-57.63858212206716	-66.70480725330793	-75.98602711748629	-81.6725142362969	-90.66230858759499	-100.36876257572968	-108.6253769550845	-116.17687361457038	-123.57704805398177	-131.41818660426728	-133.587110105173	-135.6489265508514	-140.86820853920153	-142.01345261376528	-144.5783945668827	-145.88489408608308
12.25	-20.618925174747183	-29.732633918349713	-40.27704696510472	-50.69935597019606	-57.738582122067164	-66.80480725330793	-76.08602711748628	-81.7725142362969	-90.76230858759499	-100.46876257572967	-108.7253769550845	-116.27687361457038	-123.67704805398176	-131.51818660426727	-133.687110105173	-135.7489265508514	-140.96820853920153	-142.11345261376528	-144.6783945668827	-145.98489408608307
12.35	-20.718925174747184	-29.832633918349714	-40.37704696510472	-50.79935597019606	-57.838582122067166	-66.90480725330792	-76.18602711748628	-81.8725142362969	-90.86230858759498	-100.56876257572966	-108.8253769550845	-116.37687361457037	-123.77704805398176	-131.61818660426727	-133.78711010517299	-135.8489265508514	-141.06820853920152	-142.21345261376527	-144.7783945668827	-146.08489408608307
12.45	-20.818925174747186	-29.932633918349715	-40.47704696510472	-50.89935597019606	-57.93858212206717	-67.00480725330792	-76.28602711748627	-81.97251423629689	-90.96230858759498	-100.66876257572966	-108.92537695508449	-116.47687361457037	-123.87704805398175	-131.71818660426726	-133.88711010517298	-135.94892655085138	-141.16820853920152	-142.31345261376526	-144.8783945668827	-146.18489408608306
12.55	-20.918925174747187	-30.032633918349717	-40.57704696510472	-50.99935597019606	-58.03858212206717	-67.10480725330791	-76.38602711748626	-82.07251423629688	-91.06230858759497	-100.76876257572965	-109.02537695508448	-116.57687361457036	-123.97704805398175	-131.81818660426725	-133.98711010517297	-136.04892655085138	-141.2682085392015	-142.41345261376526	-144.97839456688268	-146.28489408608306
12.65	-21.01892517474719	-30.13263391834972	-40.67704696510472	-51.099355970196065	-58.13858212206717	-67.2048072533079	-76.48602711748626	-82.17251423629688	-91.16230858759496	-100.86876257572965	-109.12537695508448	-116.67687361457035	-124.07704805398174	-131.91818660426725	-134.08711010517297	-136.14892655085137	-141.3682085392015	-142.51345261376525	-145.07839456688268	-146.38489408608305
12.75	-21.11892517474719	-30.23263391834972	-40.777046965104724	-51.199355970196066	-58.23858212206717	-67.3048072533079	-76.58602711748625	-82.27251423629687	-91.26230858759496	-100.96876257572964	-109.22537695508447	-116.77687361457035	-124.17704805398174	-132.01818660426724	-134.18711010517296	-136.24892655085137	-141.4682085392015	-142.61345261376525	-145.17839456688267	-146.48489408608305
12.85	-21.21892517474719	-30.33263391834972	-40.877046965104725	-51.29935597019607	-58.33858212206717	-67.4048072533079	-76.68602711748625	-82.37251423629687	-91.36230858759495	-101.06876257572964	-109.32537695508447	-116.87687361457034	-124.27704805398173	-132.11818660426724	-134.28711010517296	-136.34892655085136	-141.5682085392015	-142.71345261376524	-145.27839456688267	-146.58489408608304
12.95	-21.318925174747193	-30.432633918349723	-40.977046965104726	-51.39935597019607	-58.438582122067174	-67.50480725330789	-76.78602711748624	-82.47251423629686	-91.46230858759495	-101.16876257572963	-109.42537695508446	-116.97687361457034	-124.37704805398172	-132.21818660426723	-134.38711010517295	-136.44892655085135	-141.6682085392015	-142.81345261376524	-145.37839456688266	-146.68489408608303
13.05	-21.418925174747194	-30.532633918349724	-41.07704696510473	-51.49935597019607	-58.538582122067176	-67.60480725330788	-76.88602711748624	-82.57251423629685	-91.56230858759494	-101.26876257572962	-109.52537695508445	-117.07687361457033	-124.47704805398172	-132.31818660426723	-134.48711010517295	-136.54892655085135	-141.76820853920148	-142.91345261376523	-145.47839456688266	-146.78489408608303
13.15	-21.518925174747196	-30.632633918349725	-41.17704696510473	-51.59935597019607	-58.63858212206718	-67.70480725330788	-76.98602711748623	-82.67251423629685	-91.66230858759494	-101.36876257572962	-109.62537695508445	-117.17687361457033	-124.57704805398171	-132.41818660426722	-134.58711010517294	-136.64892655085134	-141.86820853920148	-143.01345261376522	-145.57839456688265	-146.88489408608302
13.25	-21.618925174747197	-30.732633918349727	-41.27704696510473	-51.69935597019607	-58.73858212206718	-67.80480725330787	-77.08602711748622	-82.77251423629684	-91.76230858759493	-101.46876257572961	-109.72537695508444	-117.27687361457032	-124.67704805398171	-132.5181866042672	-134.68711010517293	-136.74892655085134	-141.96820853920147	-143.11345261376522	-145.67839456688264	-146.98489408608302
13.35	-21.7189251747472	-30.832633918349728	-41.37704696510473	-51.799355970196075	-58.83858212206718	-67.90480725330787	-77.18602711748622	-82.87251423629684	-91.86230858759492	-101.56876257572961	-109.82537695508444	-117.37687361457031	-124.7770480539817	-132.6181866042672	-134.78711010517293	-136.84892655085133	-142.06820853920146	-143.2134526137652	-145.77839456688264	-147.084894086083
13.45	-21.8189251747472	-30.93263391834973	-41.47704696510473	-51.899355970196076	-58.93858212206718	-68.00480725330786	-77.28602711748621	-82.97251423629683	-91.96230858759492	-101.6687625757296	-109.92537695508443	-117.47687361457031	-124.8770480539817	-132.7181866042672	-134.88711010517292	-136.94892655085133	-142.16820853920146	-143.3134526137652	-145.87839456688263	-147.184894086083
13.55	-21.9189251747472	-31.03263391834973	-41.577046965104735	-51.99935597019608	-59.03858212206718	-68.10480725330785	-77.38602711748621	-83.07251423629683	-92.06230858759491	-101.7687625757296	-110.02537695508443	-117.5768736145703	-124.97704805398169	-132.8181866042672	-134.98711010517292	-137.04892655085132	-142.26820853920145	-143.4134526137652	-145.97839456688263	-147.284894086083
13.65	-22.018925174747203	-31.132633918349732	-41.677046965104736	-52.09935597019608	-59.138582122067184	-68.20480725330785	-77.4860271174862	-83.17251423629682	-92.16230858759491	-101.86876257572959	-110.12537695508442	-117.6768736145703	-125.07704805398168	-132.9181866042672	-135.0871101051729	-137.14892655085131	-142.36820853920145	-143.5134526137652	-146.07839456688262	-147.384894086083
13.75	-22.118925174747204	-31.232633918349734	-41.77704696510474	-52.19935597019608	-59.238582122067186	-68.30480725330784	-77.5860271174862	-83.27251423629681	-92.2623085875949	-101.96876257572958	-110.22537695508441	-117.77687361457029	-125.17704805398168	-133.01818660426719	-135.1871101051729	-137.2489265508513	-142.46820853920144	-143.6134526137652	-146.17839456688262	-147.484894086083
13.85	-22.218925174747206	-31.332633918349735	-41.87704696510474	-52.29935597019608	-59.33858212206719	-68.40480725330784	-77.68602711748619	-83.37251423629681	-92.3623085875949	-102.06876257572958	-110.32537695508441	-117.87687361457029	-125.27704805398167	-133.11818660426718	-135.2871101051729	-137.3489265508513	-142.56820853920144	-143.71345261376518	-146.2783945668826	-147.58489408608298
13.95	-22.318925174747207	-31.432633918349737	-41.97704696510474	-52.39935597019608	-59.43858212206719	-68.50480725330783	-77.78602711748619	-83.4725142362968	-92.46230858759489	-102.16876257572957	-110.4253769550844	-117.97687361457028	-125.37704805398167	-133.21818660426717	-135.3871101051729	-137.4489265508513	-142.66820853920143	-143.81345261376518	-146.3783945668826	-147.68489408608298
14.05	-22.41892517474721	-31.532633918349738	-42.07704696510474	-52.499355970196085	-59.53858212206719	-68.60480725330783	-77.88602711748618	-83.5725142362968	-92.56230858759488	-102.26876257572957	-110.5253769550844	-118.07687361457027	-125.47704805398166	-133.31818660426717	-135.4871101051729	-137.5489265508513	-142.76820853920142	-143.91345261376517	-146.4783945668826	-147.78489408608297
14.15	-22.51892517474721	-31.63263391834974	-42.17704696510474	-52.599355970196086	-59.63858212206719	-68.70480725330782	-77.98602711748617	-83.67251423629679	-92.66230858759488	-102.36876257572956	-110.62537695508439	-118.17687361457027	-125.57704805398166	-133.41818660426716	-135.58711010517288	-137.6489265508513	-142.86820853920142	-144.01345261376517	-146.5783945668826	-147.88489408608297
14.25	-22.61892517474721	-31.73263391834974	-42.277046965104745	-52.69935597019609	-59.73858212206719	-68.80480725330781	-78.08602711748617	-83.77251423629679	-92.76230858759487	-102.46876257572956	-110.72537695508439	-118.27687361457026	-125.67704805398165	-133.51818660426716	-135.68711010517288	-137.74892655085128	-142.9682085392014	-144.11345261376516	-146.6783945668826	-147.98489408608296
14.35	-22.718925174747213	-31.832633918349742	-42.377046965104746	-52.79935597019609	-59.838582122067194	-68.90480725330781	-78.18602711748616	-83.87251423629678	-92.86230858759487	-102.56876257572955	-110.82537695508438	-118.37687361457026	-125.77704805398164	-133.61818660426715	-135.78711010517287	-137.84892655085127	-143.0682085392014	-144.21345261376516	-146.77839456688258	-148.08489408608295
14.45	-22.818925174747214	-31.932633918349744	-42.47704696510475	-52.89935597019609	-59.938582122067196	-69.0048072533078	-78.28602711748616	-83.97251423629677	-92.96230858759486	-102.66876257572955	-110.92537695508437	-118.47687361457025	-125.87704805398164	-133.71818660426715	-135.88711010517287	-137.94892655085127	-143.1682085392014	-144.31345261376515	-146.87839456688258	-148.18489408608295
14.55	-22.918925174747216	-32.032633918349745	-42.57704696510475	-52.99935597019609	-60.0385821220672	-69.1048072533078	-78.38602711748615	-84.07251423629677	-93.06230858759486	-102.76876257572954	-111.02537695508437	-118.57687361457025	-125.97704805398163	-133.81818660426714	-135.98711010517286	-138.04892655085126	-143.2682085392014	-144.41345261376514	-146.97839456688257	-148.28489408608294
14.65	-23.018925174747217	-32.13263391834975	-42.67704696510475	-53.09935597019609	-60.1385821220672	-69.20480725330779	-78.48602711748615	-84.17251423629676	-93.16230858759485	-102.86876257572953	-111.12537695508436	-118.67687361457024	-126.07704805398163	-133.91818660426713	-136.08711010517285	-138.14892655085126	-143.3682085392014	-144.51345261376514	-147.07839456688257	-148.38489408608294
14.75	-23.11892517474722	-32.23263391834975	-42.77704696510475	-53.199355970196095	-60.2385821220672	-69.30480725330779	-78.58602711748614	-84.27251423629676	-93.26230858759484	-102.96876257572953	-111.22537695508436	-118.77687361457023	-126.17704805398162	-134.01818660426713	-136.18711010517285	-138.24892655085125	-143.46820853920138	-144.61345261376513	-147.17839456688256	-148.48489408608293
14.85	-23.21892517474722	-32.33263391834975	-42.87704696510475	-53.299355970196096	-60.3385821220672	-69.40480725330778	-78.68602711748613	-84.37251423629675	-93.36230858759484	-103.06876257572952	-111.32537695508435	-118.87687361457023	-126.27704805398162	-134.11818660426712	-136.28711010517284	-138.34892655085125	-143.56820853920138	-144.71345261376513	-147.27839456688255	-148.58489408608293
14.95	-23.31892517474722	-32.43263391834975	-42.977046965104755	-53.3993559701961	-60.4385821220672	-69.50480725330777	-78.78602711748613	-84.47251423629675	-93.46230858759483	-103.16876257572952	-111.42537695508435	-118.97687361457022	-126.37704805398161	-134.21818660426712	-136.38711010517284	-138.44892655085124	-143.66820853920137	-144.81345261376512	-147.37839456688255	-148.68489408608292
15.05	-23.418925174747223	-32.53263391834975	-43.077046965104756	-53.4993559701961	-60.538582122067204	-69.60480725330777	-78.88602711748612	-84.57251423629674	-93.56230858759483	-103.26876257572951	-111.52537695508434	-119.07687361457022	-126.4770480539816	-134.3181866042671	-136.48711010517283	-138.54892655085123	-143.76820853920137	-144.91345261376512	-147.47839456688254	-148.78489408608291
15.15	-23.518925174747224	-32.632633918349754	-43.17704696510476	-53.5993559701961	-60.638582122067206	-69.70480725330776	-78.98602711748612	-84.67251423629673	-93.66230858759482	-103.3687625757295	-111.62537695508433	-119.17687361457021	-126.5770480539816	-134.4181866042671	-136.58711010517283	-138.64892655085123	-143.86820853920136	-145.0134526137651	-147.57839456688254	-148.8848940860829
15.25	-23.618925174747226	-32.732633918349755	-43.27704696510476	-53.6993559701961	-60.73858212206721	-69.80480725330776	-79.08602711748611	-84.77251423629673	-93.76230858759482	-103.4687625757295	-111.72537695508433	-119.2768736145702	-126.6770480539816	-134.5181866042671	-136.68711010517282	-138.74892655085122	-143.96820853920136	-145.1134526137651	-147.67839456688253	-148.9848940860829
15.35	-23.718925174747227	-32.83263391834976	-43.37704696510476	-53.7993559701961	-60.83858212206721	-69.90480725330775	-79.1860271174861	-84.87251423629672	-93.86230858759481	-103.5687625757295	-111.82537695508432	-119.3768736145702	-126.77704805398159	-134.6181866042671	-136.78711010517281	-138.84892655085122	-144.06820853920135	-145.2134526137651	-147.77839456688253	-149.0848940860829
15.45	-23.81892517474723	-32.93263391834976	-43.47704696510476	-53.899355970196105	-60.93858212206721	-70.00480725330775	-79.2860271174861	-84.97251423629672	-93.9623085875948	-103.66876257572949	-111.92537695508432	-119.4768736145702	-126.87704805398158	-134.7181866042671	-136.8871101051728	-138.9489265508512	-144.16820853920134	-145.3134526137651	-147.87839456688252	-149.1848940860829
15.55	-23.91892517474723	-33.03263391834976	-43.57704696510476	-53.999355970196106	-61.03858212206721	-70.10480725330774	-79.3860271174861	-85.07251423629671	-94.0623085875948	-103.76876257572948	-112.02537695508431	-119.57687361457019	-126.97704805398158	-134.81818660426708	-136.9871101051728	-139.0489265508512	-144.26820853920134	-145.4134526137651	-147.9783945668825	-149.2848940860829
15.65	-24.01892517474723	-33.13263391834976	-43.677046965104765	-54.09935597019611	-61.13858212206721	-70.20480725330773	-79.48602711748609	-85.1725142362967	-94.1623085875948	-103.86876257572948	-112.1253769550843	-119.67687361457018	-127.07704805398157	-134.91818660426708	-137.0871101051728	-139.1489265508512	-144.36820853920133	-145.51345261376508	-148.0783945668825	-149.38489408608288
15.75	-24.118925174747233	-33.23263391834976	-43.777046965104766	-54.19935597019611	-61.238582122067214	-70.30480725330773	-79.58602711748608	-85.2725142362967	-94.26230858759479	-103.96876257572947	-112.2253769550843	-119.77687361457018	-127.17704805398157	-135.01818660426707	-137.1871101051728	-139.2489265508512	-144.46820853920133	-145.61345261376508	-148.1783945668825	-149.48489408608287
15.85	-24.218925174747234	-33.332633918349764	-43.87704696510477	-54.29935597019611	-61.338582122067216	-70.40480725330772	-79.68602711748608	-85.3725142362967	-94.36230858759478	-104.06876257572947	-112.3253769550843	-119.87687361457017	-127.27704805398156	-135.11818660426707	-137.2871101051728	-139.3489265508512	-144.56820853920132	-145.71345261376507	-148.2783945668825	-149.58489408608287
15.95	-24.318925174747235	-33.432633918349765	-43.97704696510477	-54.39935597019611	-61.43858212206722	-70.50480725330772	-79.78602711748607	-85.47251423629669	-94.46230858759478	-104.16876257572946	-112.42537695508429	-119.97687361457017	-127.37704805398155	-135.21818660426706	-137.38711010517278	-139.44892655085118	-144.66820853920132	-145.81345261376507	-148.3783945668825	-149.68489408608286
