step	xT_b0.0	xT_b3.0	xT_b6.0
1.0	0.9325635547320094	-4.046671128882843	-6.444108943835543
2.0	1.7206105847294642	-3.9071773857771714	-6.5950136028589545
3.0	1.6965402255361037	-3.7070984747591695	-6.328272812967332
4.0	0.9531449247547978	-2.653122964965231	-6.146596347580931
5.0	1.2415054822025775	-2.146256087560234	-5.659158674105159
6.0	1.3060639608741178	-1.8019870182966589	-6.005219725602934
7.0	1.4481959041643204	-2.0653265481105065	-4.84155309956733
8.0	1.4613888936337516	-2.8137161991025805	-4.761173698726438
9.0	-0.15761544674436334	-3.439521332491963	-4.374324587060293
10.0	0.21098029190862777	-3.1836923196177165	-4.616287785112126
11.0	0.46236844833094215	-3.3274102549914137	-4.724598541007259
12.0	0.4010903234433415	-3.1751294399420753	-5.649293190362626
13.0	0.264661404071992	-3.271060984208336	-5.868892705182136
14.0	1.30552135005012	-3.041615974853653	-5.603392511147879
15.0	0.18141726159129717	-2.555656427260887	-5.611052113274785
16.0	-0.29095849525386874	-2.1924956087509986	-5.635853442901402
17.0	0.025933908450929466	-2.3006981250095557	-5.747169224573238
18.0	0.4034581702930362	-1.821331390040825	-5.8106639119970485
19.0	-0.07157778115829105	-1.8388064935482389	-6.196823209829998
20.0	0.5021091832011659	-2.452837789367002	-5.999504557519592
21.0	-0.18909999309345493	-3.1728311318929436	-6.156592187971868
22.0	0.3042247002009933	-2.5759567407276274	-6.57356865372173
23.0	-0.5888233776049719	-1.4243602351906666	-7.41800776089132
24.0	-1.0875795079657224	-1.5848029167534876	-7.5204857510015675
25.0	-0.47536988963449656	-1.2903901713465435	-7.673880865000765
26.0	0.15106737686022154	-2.1365740738717744	-8.188390024341722
27.0	0.053945433965570055	-2.132072838258191	-7.745223999282577
28.0	-1.2570347930387054	-2.282274990478994	-7.647402968244327
29.0	-0.4405110873025512	-2.6986183129289714	-7.653810720261273
30.0	-0.22550347898247103	-1.13093816070133	-7.379440930279424
31.0	0.6922761810796358	-1.3387210072097917	-7.15005600674324
32.0	0.6520191583148939	-1.9973155187990554	-6.770307138683236
33.0	1.4657359797251888	-2.04788402431815	-6.48667707390491
34.0	1.8384838010418574	-1.3826489228423502	-6.636529272281963
35.0	0.9023117731394686	-1.1926032038233156	-7.098024329004144
36.0	0.6788181677207835	-1.0643286768175406	-6.720414781030927
37.0	1.525056805668314	-1.697714988849928	-6.517335314795725
38.0	2.2004294046988373	-1.7922353209649544	-6.3023364930383075
39.0	2.5311314625075116	-2.3608705670975367	-5.869403072939653
40.0	1.444112292913428	-3.9265557638026425	-6.567724749894676
41.0	1.4384937498907127	-3.5641281564581693	-6.752199398265804
42.0	1.0876446062168488	-3.1841223638256824	-6.54771738343293
43.0	0.2580657455413953	-3.1253373557534543	-6.355307568133555
44.0	0.4637963350351151	-3.2124561513796257	-6.297059494908608
45.0	-0.4453381367243886	-3.0416319204134243	-6.623101111641392
46.0	-0.1314972595493512	-3.502670744349198	-7.060673525956985
47.0	-0.7271814522784318	-4.105818123643694	-7.174554964201769
48.0	-0.7879372474879897	-4.439431999206763	-6.832192758536741
49.0	-0.9266616096709595	-3.63607742713206	-6.9894480573638855
50.0	-0.013010580394148485	-3.449703695263098	-7.293699277657549
51.0	-0.0611002106892195	-2.8249489046500558	-7.310529568618323
52.0	0.16510577171427854	-2.9064156748084566	-7.21580176726975
53.0	0.3732710068679838	-2.4921496325228447	-6.946492816420889
54.0	-0.6271750755104726	-2.5060631486908838	-6.601985967624363
55.0	-1.1590293699118899	-3.2143487812223714	-6.746708022674138
56.0	-1.6148150113130453	-1.8806424920692106	-6.550016495316594
57.0	-2.659053194364038	-1.8204636319393628	-7.023873720579053
58.0	-0.675723683697909	-1.2704846710578006	-6.623493976438525
59.0	0.05664075527864593	-1.4735993714056461	-6.556598336144367
60.0	0.9200056967390098	-2.397227985988083	-6.710708582907618
61.0	0.7212515564666676	-1.9963205779528954	-7.286128937619417
62.0	0.018911976032448097	-2.4254127179646083	-7.312282765206255
63.0	0.4141170440674617	-2.5122076836023877	-7.7182499235985444
64.0	-0.31814855276664555	-2.7268221803918324	-7.375652850410557
65.0	-1.0408880541671484	-3.0485059497125895	-7.57624979288913
66.0	-0.6701779962354291	-2.4067328357403177	-6.61106705817402
67.0	-1.5869607235210006	-2.644809367950355	-6.348929087873485
68.0	-1.4400456983110548	-2.689071990702742	-6.774201859525168
69.0	-1.1063292501486384	-2.3818379136427215	-5.868093612057704
70.0	-1.1780433330101852	-3.292275967929635	-5.842514706896499
71.0	-1.8031764526112721	-3.69589489875249	-6.20176068806456
72.0	-0.7875795924839005	-4.160915499325783	-5.902434829992392
73.0	-0.12076749441744439	-4.157242992791813	-6.224261432121547
74.0	-0.02025852060541322	-4.739417556557367	-6.358920384530061
75.0	0.008603064021039553	-4.787977355969598	-6.979391525287751
76.0	-0.19304808860603934	-4.207899783020176	-6.820697634483397
77.0	0.6347103865533626	-3.616257704031603	-7.093992709878853
78.0	1.9138929961073905	-3.795730335536826	-7.110892623637848
79.0	2.410809850765729	-3.5398511852628873	-7.444463684220538
80.0	1.1794671173666496	-4.175046489229653	-7.005445016633775
81.0	1.3140438104701229	-3.2446030174955505	-7.189541864130536
82.0	0.6893123211667505	-3.399749691558612	-6.921940469713198
83.0	0.6740923740041155	-3.2773554808493417	-6.531849410670007
84.0	0.0022432407563766077	-3.1402072175790527	-6.519992137301665
85.0	-0.46016965681347216	-3.2291598471385417	-6.118827763918424
86.0	-1.4846778574470583	-2.949731142628791	-6.519488853917903
87.0	-1.1107529580468796	-2.7161303621282817	-6.160504373191502
88.0	-0.8974646553125034	-2.396849358860834	-5.995616377187666
89.0	-1.293690279257513	-2.8759435212331383	-5.99340964736529
90.0	-1.22675877439124	-3.1138464138964492	-5.6704822027153705
91.0	-1.3053739183237532	-2.3207907599566444	-4.981037123313533
92.0	-1.1235383790457498	-2.3242429118586516	-5.682166340529673
93.0	-1.036446681591205	-1.9713538648104236	-5.637744314355017
94.0	-0.13727374107197188	-2.904906591344467	-5.303570512794379
95.0	0.5822068309853217	-2.849293543848783	-5.110229804029353
96.0	0.0017203751722034977	-2.718647679529692	-4.961118930474332
97.0	0.24054483967164061	-1.970334631525466	-4.685801874813948
98.0	0.02313261979679221	-2.785436311320836	-4.672221160161367
99.0	-0.17124008562144666	-2.7428666826750123	-4.98541462112776
100.0	-0.33171216561657346	-3.2152980962025355	-4.920046119743772
101.0	-0.2557352753711306	-3.293933834898688	-5.314178778069541
102.0	0.17848211065577962	-3.0079728624915187	-5.32827402732243
103.0	-0.1128513448440033	-2.8522078793002517	-5.570031216308589
104.0	0.1460672625288837	-3.124022366713928	-6.0060007015589365
105.0	-0.24333236656525936	-3.1952462471144765	-5.669147406217676
106.0	-1.2346256861598575	-3.5505748180650096	-5.48093109162093
107.0	-0.560651468218347	-3.8504714193672767	-5.645936096634484
108.0	-0.8755208977134679	-4.016308426341884	-5.6352222268838315
109.0	0.07288868809567933	-3.9590032715937133	-4.790002827545636
110.0	-0.27110869751239997	-4.272550352724114	-4.789692856502388
111.0	-0.1437625472715946	-4.249439451647975	-3.7522713408131887
112.0	-0.7667981250538138	-3.398938344023044	-3.701746300516627
113.0	0.20106666328060185	-3.251556217667898	-3.783938394371963
114.0	-0.4154763210496164	-2.700164572038275	-4.39016152986955
115.0	-0.31408364401869815	-3.2252295867941077	-4.414638639026164
116.0	0.4824712528264742	-3.2175701100479	-4.169165444709346
117.0	0.5509660356423868	-2.2301487425207767	-4.516925222346218
118.0	0.5354854443941484	-3.0494912761130513	-4.154816477625244
119.0	0.7286716323302954	-3.4341949790773625	-4.157695284345227
120.0	1.3640967269334079	-3.9972241143829317	-3.8328630818041796
121.0	1.1435550383230892	-4.462380335789121	-3.714807469447601
122.0	1.0490701957144863	-4.601615290736848	-4.076608352917914
123.0	1.532380886409245	-4.191733642421445	-4.033992804813105
124.0	1.3324361308605042	-3.9569138510807527	-4.018448659148496
125.0	1.7947180287155209	-3.918850177619425	-4.544529887044926
126.0	2.138905600558772	-4.922300254510445	-5.240732945231514
127.0	3.0073018484043583	-4.931105516345255	-4.839992947491965
128.0	1.51647083765025	-4.424896033109297	-4.861168451368673
129.0	0.07100588903255528	-4.002599161947516	-5.491660936865244
130.0	0.19094495590572313	-4.2760745601097465	-5.9532898117946615
131.0	0.615712706804179	-4.904424779671929	-6.56571414322294
132.0	0.8857372853676533	-4.8481540629638	-6.853893392581134
133.0	0.640293066504841	-4.699281496246726	-6.5151215034641625
134.0	0.808783217887052	-4.6705032624665614	-6.405257084086881
135.0	0.13342709092876798	-5.541203733872987	-6.080891886796973
136.0	-0.019055617462017616	-5.361947836908551	-6.471512737368198
137.0	0.06854590973852764	-5.562579910749983	-5.7192430251012745
138.0	-0.6792354098602903	-5.662577961218491	-5.447410070917276
139.0	-0.6121894298826283	-5.639384602034047	-5.375148999418225
140.0	-0.9399907941359851	-4.399455039524404	-5.480601701977318
141.0	-0.18847070659292814	-4.395033296649113	-5.528057928176411
142.0	-0.13627187657413836	-4.109605617287563	-5.609396655248451
143.0	-0.3793425606822214	-4.6879412485561796	-5.844027394897556
144.0	-0.412889184117273	-4.916374018711318	-6.594252410764623
145.0	-0.9991197015618652	-4.80022459344076	-6.508692335548917
146.0	-0.8490909561532873	-5.545434900849024	-6.751414959749851
147.0	0.48146172611194255	-5.4512768811626495	-6.628058090096243
148.0	-1.108620455984338	-5.4462604838257285	-6.70378273370962
149.0	-1.6097439047150877	-5.745766309859681	-6.8351916282386505
150.0	-1.6758935109335362	-5.077475600246189	-6.426619261945633
151.0	-1.4081861687343709	-5.055704447244317	-6.456964078828691
152.0	-0.9740945665755222	-4.02170354006097	-6.562142331490833
153.0	-1.476156863911204	-3.980765798157735	-6.184639251786419
154.0	-0.3564004974226648	-4.030100570650977	-5.947172995459705
155.0	-0.6147644692028912	-4.749293688148909	-5.46247833973603
156.0	-0.5835862820265745	-4.828349714969932	-5.681887828936794
157.0	-0.21732528505759147	-5.099427802883468	-5.855554403856574
158.0	0.3941182777503819	-4.77202230947977	-5.990516813994003
159.0	-0.14194671841831785	-4.656460562073646	-6.071090144486156
160.0	0.3758467004188518	-4.386109953921437	-5.449018776521176
161.0	0.7677178960792638	-4.733070460469211	-5.356709145855654
162.0	0.5158027963903515	-3.614602561781805	-4.984545442337
163.0	-0.15030868623584076	-3.007548911649806	-4.70233709668228
164.0	-0.04240656227178896	-3.698285094559398	-5.250516149014941
165.0	-0.7230994195599405	-3.026655818041651	-5.193579282259792
166.0	-0.7834882897944297	-2.8019439563461743	-6.312296993050911
167.0	-0.2504570814403939	-2.525203834902859	-6.20884410794142
168.0	1.3911330506408621	-2.8493498890567603	-6.585837096060323
169.0	0.6483828610004568	-3.0022466863972896	-6.334818603680006
170.0	0.15162917147316168	-3.3897551728659194	-5.906451954104893
171.0	0.19365030321140608	-3.183253560728918	-6.492131353427879
172.0	-0.04726448492734314	-2.854712741005804	-6.126964257298024
173.0	-0.2611708115274983	-4.029848271222772	-5.810163123778548
174.0	-0.534081453594172	-3.908509813061701	-6.095236323907532
175.0	-0.045060990205191775	-5.158175043688863	-6.669148351563219
176.0	0.9339259396416466	-5.275126061306371	-6.866351626621152
177.0	1.2380045321692803	-5.529520053254739	-6.949722563349499
178.0	1.5143187154791091	-5.04563352961381	-6.83054626306023
179.0	0.7765995958361217	-5.00478365665828	-6.231752856177902
180.0	-0.1941100557217541	-4.226842246810497	-6.354609221583193
181.0	-0.010688231218599575	-4.8384452179185455	-6.647675286847192
182.0	-0.4583367389831712	-5.217308127330066	-6.6893043401978955
183.0	-1.192936321277265	-5.500980907241536	-6.977275001440809
184.0	-1.6180179118759037	-4.570962420682583	-7.602819314018392
185.0	-1.65782012594962	-4.448786905404701	-7.611933865985468
186.0	-1.3288537683456951	-3.6433070955987272	-7.5396058515115625
187.0	-1.1968242384808083	-3.474927714658947	-7.486431726190787
188.0	-1.3037382829383848	-3.276994990717573	-7.475873635695179
189.0	-1.5744547272383185	-2.5065750593522083	-7.406562806926115
190.0	-0.5844810710876354	-2.362054105089689	-7.632522583944706
191.0	-0.4591383812172328	-2.5898929352189874	-7.160059095098383
192.0	-0.8546815360401228	-2.550357407901169	-7.308829571953479
193.0	-1.6386308034174746	-2.1442386450611393	-7.322528307584458
194.0	-1.10748352437911	-2.8901972470718458	-6.8856785564463285
195.0	-0.3402494443727661	-3.773186284993826	-7.220340607367742
196.0	-1.4490366767497167	-4.217253006012586	-7.068973766149284
197.0	-1.919612276020727	-4.345536662896308	-7.8618944192584825
198.0	-1.1353972793275804	-5.027802727065599	-8.229505038673086
199.0	-2.3160424477306627	-4.739581645993926	-8.291838720742453
200.0	-2.1633496372851675	-4.483480340536092	-8.451725880618037
201.0	-1.2974109151049604	-4.548409389168982	-8.568334053061472
202.0	-0.5593703071344353	-4.317658990294918	-7.8309990732454855
203.0	0.34614464318351557	-4.736358458530522	-7.976406369698804
204.0	-0.05161254842919072	-4.5946811913748276	-7.680115322133144
205.0	-0.4300687708345037	-5.301586228958515	-6.904408238909557
206.0	-0.5068915815071856	-5.157968157073864	-6.697164015457284
207.0	-1.183757154059438	-4.803828193045584	-6.967832271100999
208.0	-0.6865458508918827	-5.072087683414233	-6.197667636768838
209.0	-0.7569646247456728	-5.316287046186238	-6.332172971431249
210.0	-2.107407312156171	-4.991045933082416	-6.417948982005663
211.0	-1.0412537426174733	-4.244292046098457	-6.562621227824545
212.0	-1.133048775865411	-3.4285489546969066	-6.563548797875774
213.0	0.487531298206385	-4.035292592036444	-6.493987581152693
214.0	0.5944006566646726	-2.6694149518963397	-5.992349661429793
215.0	-0.7881749510046446	-2.3726848623064916	-5.982794345833042
216.0	0.271145811735509	-2.997514018249478	-5.8587091404982115
217.0	0.6944354810703187	-4.184546865633326	-5.581819763793048
218.0	1.4210070884337263	-4.342764629626849	-5.817348801319012
219.0	1.079754766125893	-4.612289246809988	-6.261404777668648
220.0	0.8181219303651432	-4.993920058708784	-6.2130910117020886
221.0	1.663618087277417	-4.768979215351948	-6.0798886802850065
222.0	0.8563375541941841	-4.391521423540951	-5.649494325608203
223.0	-0.6543044564666437	-4.363747579580394	-5.553757955608438
224.0	-0.48104744446636777	-4.135727670560042	-5.2902310017656395
225.0	0.06719522782541817	-3.8604861645523525	-5.728233019858919
226.0	0.8179386107979261	-4.258315805265271	-6.600518174148501
227.0	1.167030907522748	-4.102504390732811	-6.463963056021195
228.0	0.563962928981731	-4.3549137890763046	-6.2658744869516525
229.0	0.13190217860981282	-3.9907202405499747	-6.413510393638811
230.0	-0.23195285236583496	-3.270687439750502	-6.409837610262584
231.0	-0.3981314032292812	-3.0351068410962654	-6.641664167480108
232.0	-0.22505610261674575	-3.2490413128913067	-7.247134019243307
233.0	0.6013235238663881	-3.1393389600049395	-7.547890103033595
234.0	0.34234157601482706	-2.89675260656838	-7.218503520357153
235.0	1.1034275077072722	-2.116995648198054	-6.67370229927236
236.0	0.5930803483547997	-2.2558830294055974	-6.178459209262206
237.0	0.3330633877694494	-2.6690092941618886	-5.401728000888802
238.0	0.13532791213782908	-2.602251939684805	-5.772885931520649
239.0	-0.06774608396731568	-3.0469375963547973	-5.865014329781258
240.0	-0.2409131809688555	-3.6990432061221057	-5.380197337233794
241.0	-0.02224547768430618	-3.1410540992069973	-5.488672941258463
242.0	0.483394043658281	-2.9785225356783016	-5.394202865804106
243.0	0.4658769032009926	-3.227590978370138	-4.903695625671984
244.0	0.21837091521669671	-2.929395958008121	-5.334510511374193
245.0	0.223841257074574	-1.704644938306606	-4.683641092437858
246.0	1.5677408540800322	-1.6258558798069591	-4.866316326169722
247.0	0.9430119134518786	-1.0810110407215596	-4.774158286469172
248.0	0.2551295637601512	-0.7841281085109767	-4.756284464998611
249.0	0.01098457549849094	-0.6451348692373111	-4.531890539062173
250.0	-0.007052556281525679	-1.3251443147017943	-5.203517681520686
251.0	-1.0030409919828187	-1.0280402452025867	-5.09692986862176
252.0	-0.49197080455343295	-0.6472156762300103	-5.119704861478555
253.0	-0.7756970456546886	-1.5338400485200907	-5.658455161732494
254.0	-0.8978684572377663	-1.9113590120486172	-6.235121246621966
255.0	-1.4276858157658063	-1.9314947149368722	-6.440930709135998
256.0	0.04769435121958869	-2.260344632741126	-6.126356073889947
257.0	0.4971082433275972	-3.123405849337396	-6.064941944059234
258.0	0.3903411832866376	-3.880443929066209	-5.981293752519707
259.0	0.5605721444267739	-3.599082903645505	-6.236679638454706
260.0	0.34558944397413977	-3.7126643159384156	-5.739980696827814
261.0	0.21014687317886815	-3.9877408624021817	-4.650583057620756
262.0	0.7907623251510257	-4.184961096932875	-5.485025203768321
263.0	0.6718442556016835	-3.86703441731173	-5.6065913710802135
264.0	0.9520773658975905	-2.917811397534675	-5.901708751525227
265.0	1.7407204834110797	-3.1404859162877243	-6.646995145128164
266.0	1.2753274858404247	-2.606303447493505	-6.783916989100229
267.0	1.3975124300870376	-2.9842156090015206	-6.678885120476892
268.0	1.0807829807308662	-2.916249465343097	-6.542489403405939
269.0	1.0459486360913974	-2.3264668931796217	-6.430471902102712
270.0	1.1859882445207206	-2.278746171503837	-6.029593445047646
271.0	1.3652417508980252	-2.8837269522294324	-6.3109141690539285
272.0	1.2962927077830633	-3.1453227249336355	-6.529751908710185
273.0	1.5198162464897917	-3.260071275549871	-6.909202010069887
274.0	1.7238132314974917	-2.856232938411689	-7.326610493878842
275.0	1.6357136118444866	-2.0235377544693653	-7.018594145727019
276.0	2.788673071913311	-2.0729873123793774	-7.21999486757835
277.0	2.0763627661155883	-2.4796733732119285	-7.499624387868087
278.0	1.9705605235445516	-2.6551610761453173	-7.67806836298708
279.0	2.5648895410730153	-3.25980110343593	-7.447360002485831
280.0	3.317392861586392	-3.0627540098382027	-7.548714517957457
281.0	1.3672700425738435	-2.874101026897435	-7.173578177383353
282.0	0.9127345610893423	-4.066509066217173	-7.016147452710053
283.0	0.8965608968451623	-4.6040855486861245	-7.1969761301395305
284.0	-0.4880146940048292	-4.13430814138539	-7.298003228350419
285.0	0.5197150675798166	-4.601007907558818	-7.471832837700805
286.0	0.8244647304920718	-4.931208740628071	-7.34471840708379
287.0	0.40361223696212944	-4.889053535108055	-6.8278854455369355
288.0	1.062615921259028	-4.694537608657213	-7.076235019500566
289.0	0.7299670593436097	-4.654232668196883	-6.8960801336268425
290.0	0.17786089904898544	-4.418771375372046	-6.559856256884628
291.0	0.03661089646798554	-4.841834256058542	-6.142277780964798
292.0	0.8504227703438645	-3.975620894332014	-6.215629056385566
293.0	1.2024668550956894	-3.491521136864601	-6.206690176548792
294.0	0.12282549215131083	-3.3304730009730372	-6.159433819799438
295.0	-0.2478904666750586	-3.524982967758789	-6.024423069053983
296.0	0.2195034459081476	-3.192868356371573	-5.686327374583314
297.0	0.2979392545333346	-2.8141445177015405	-5.783231168665017
298.0	0.19129928145236402	-2.5936384394707614	-5.616208352591549
299.0	0.4716543514676306	-3.0919975132504574	-5.489576653329963
300.0	-0.5598626873928414	-3.0428495448679733	-5.228038412191387
301.0	-0.12394109623256089	-3.2676284553520145	-5.811318078897616
302.0	0.08797299889823768	-3.1110799568347285	-5.804546215715528
303.0	0.4588565800980906	-3.143620865839181	-6.35167616734719
304.0	0.5342895697418082	-3.389570660392729	-7.146996673314153
305.0	1.0717086540348726	-2.9032303211435266	-6.899098039826874
306.0	0.7322790607043836	-2.534582233282255	-6.598958256885521
307.0	-0.40575888599560483	-3.023432463937011	-6.6327213501825035
308.0	-1.2056640013495772	-3.5341505331733845	-6.262840385859133
309.0	-0.7686798339949171	-2.827192078000448	-5.617271592016651
310.0	-0.45238630034637717	-3.8882148522986597	-5.581079572952075
311.0	-0.15940617198496654	-4.391686425017914	-5.597597423426037
312.0	0.9998612120739955	-3.099908296991954	-5.919710577820292
313.0	0.09319515141778445	-3.2799739671778516	-5.361478827575355
314.0	-0.19895018536703946	-3.140071388712089	-5.447962335821063
315.0	0.03572408922753431	-3.4516779637881494	-5.471120589070141
316.0	0.15058088597462718	-3.60283064456815	-5.529439183435818
317.0	-0.9310723615074604	-3.633743963598775	-5.397532559291722
318.0	-0.6942256484249848	-2.793672208296299	-5.87192522000598
319.0	-0.515937445492339	-3.01821188970709	-6.653239590249942
320.0	-0.08729996682709606	-2.645109771422288	-6.49511563053084
321.0	0.24474919029526848	-2.223380920120681	-6.719058561029589
322.0	0.33910520345168793	-1.797101109583052	-7.3196448440240225
323.0	1.7154743873049472	-1.3054117362975037	-6.934649956689621
324.0	1.5194592545358385	-1.6507893919615573	-7.017954256124166
325.0	0.7486139853425611	-1.338160244440978	-7.0825933685326685
326.0	0.44587020809070377	-1.342712099296293	-6.3076694054145515
327.0	0.39991216760347037	-1.4951433997455033	-6.586235316416019
328.0	0.5202447198812912	-2.5137257132290625	-6.486536217519646
329.0	0.21318162479522984	-1.867819728511659	-6.066264133426332
330.0	-0.22103321356409	-2.1989717473730925	-6.701074016152746
331.0	0.14294897041516663	-2.9633658438042385	-7.040281687429579
332.0	0.5757551753486938	-3.187309565849926	-6.7815784495222875
333.0	0.6575184840583558	-3.5149164905096257	-6.979370049720661
334.0	-0.14666733146400018	-3.3249104672455916	-6.708272499908738
335.0	0.2566224273095947	-3.0759613655018163	-6.541281083889978
336.0	0.07364758174610403	-3.0008113355006825	-6.35022276065429
337.0	-1.1980396654251573	-3.3438293854423695	-6.629258666583641
338.0	-1.4361795504404564	-3.2129525250406026	-6.921501248252985
339.0	-1.1404919114619303	-2.534060710845059	-6.793447042700444
340.0	-1.6448183842339223	-2.4622877542947674	-7.066570088981086
341.0	-1.032583846908643	-2.543390405171667	-6.678800342251854
342.0	-1.383819462552386	-3.4569604332948143	-5.949906757290146
343.0	-2.161551649894063	-3.0775321583499085	-6.197142698569842
344.0	-1.8603778602897079	-2.9440980781875647	-6.218617775816805
345.0	-1.14682962955711	-3.0210162800153757	-6.21158000625556
346.0	0.2883359240615728	-3.060161047086425	-6.256276382407779
347.0	0.6241457786805825	-3.6773902121636137	-6.567608832364761
348.0	0.5710320499177707	-3.716344868376672	-7.003083947615596
349.0	0.3590382113054806	-3.5950682533169207	-8.028663478123187
350.0	0.1866174559860102	-4.039420173092382	-7.938137317561487
351.0	-0.21473089137567025	-4.203835676412592	-7.903482795805772
352.0	0.43951363571369084	-4.006094974949562	-7.484939425836589
353.0	0.4974000397349676	-3.746974390453472	-7.702062236130644
354.0	1.0813032988602393	-3.9382926151674877	-7.532171733514426
355.0	-0.08543998397576258	-4.230711944514343	-7.601943490981748
356.0	0.5097844646136437	-4.724687202715319	-7.594685836458895
357.0	-0.19599881898260585	-5.205479410170485	-7.475214560746695
358.0	-1.169911203289876	-5.083048365416613	-7.177378083252947
359.0	-0.9253648791293185	-5.802724896025017	-7.382405866933977
360.0	0.014668902071941714	-5.192326130976484	-7.70696796920196
361.0	0.1428972713131484	-5.490184415734077	-7.809635648583464
362.0	0.04085370668349819	-4.823277573942985	-8.008972981807469
363.0	-0.27499137324496825	-3.650149739072476	-8.05345101289231
364.0	0.1735304733730169	-2.909920458677954	-8.565803270526962
365.0	0.22861455997139246	-2.4667423391432686	-8.523253308335391
366.0	0.12999593602062734	-2.4366305967326145	-8.47246389637336
367.0	0.2154263961435492	-2.4458386077597507	-8.164689359293591
368.0	1.3712000109707185	-2.62184176511409	-8.102055326251747
369.0	1.1659551768568137	-3.0098408783451363	-8.155387646459701
370.0	0.7088582651194517	-2.8946633684628025	-7.593287603822451
371.0	0.5485800144221462	-2.6826407488291637	-6.880790003276752
372.0	-0.09432549269254897	-2.589346765179473	-6.91690902943307
373.0	-1.2324879888056892	-2.62077959546592	-7.161887267665438
374.0	-1.4511090538919271	-3.1422048769439535	-7.003671541085656
375.0	-0.9397099822173546	-3.330433079888486	-7.624840183831944
376.0	-1.5267772662243555	-4.3456877761944215	-7.383246630129689
377.0	-1.0276951771526353	-4.258557148810683	-7.44163009225395
378.0	-0.898813554259413	-4.193814967277261	-7.409673829735219
379.0	-0.253363206130338	-4.262261650827284	-6.890714299394995
380.0	-0.4855212714847362	-4.044790396294888	-6.954442533774
381.0	0.4311653740312571	-3.9636266992049047	-7.198645139219478
382.0	0.36459567862469283	-4.332199613655055	-7.342397941914388
383.0	0.7561352092213938	-4.422978704565973	-7.294084782491915
384.0	0.641773654169288	-4.420973241637435	-7.021221670490059
385.0	1.9248138192607807	-3.7708617966556335	-6.8539569065394
386.0	1.509694747294977	-3.9401934805509304	-6.821176724294073
387.0	0.3130262913220797	-4.005449220255999	-7.253451650998817
388.0	0.4931994754430238	-3.660347371842343	-6.854714369657939
389.0	0.6818639130916437	-3.259381073702875	-6.748062416951757
390.0	-0.1987601178760844	-3.218596502472213	-6.247816579773666
391.0	-0.23260318875412522	-2.8832074527593594	-5.886251516927813
392.0	0.8613762757475547	-3.4065098968432856	-6.0598320926894775
393.0	0.6753322000038887	-3.8335503734805263	-6.287604138233644
394.0	0.918016846746815	-3.199108666298946	-6.214923567168941
395.0	0.6840124003603474	-3.0242387209322197	-5.776131718094975
396.0	1.2086269231146012	-2.724801856390542	-5.874621493028435
397.0	0.34469748968166947	-1.606350291892229	-5.914251908214744
398.0	0.35973348738350375	-0.8138149467098739	-5.733958858906559
399.0	0.08899433997619288	-1.1613926923427735	-5.558085587699912
400.0	0.5928783495635652	-1.2407839040841118	-5.4606682755158324
401.0	0.3408597816368255	-2.378233327797791	-5.999140834272748
402.0	0.7793615997297532	-2.2469455972699794	-5.583073607749634
403.0	1.1756291374389765	-2.1314449172271215	-5.705477663331665
404.0	1.676459463532863	-2.4584743228704857	-6.06576543855217
405.0	1.4681784017083972	-2.405960927954925	-5.7532482723441545
406.0	1.5051479407147554	-2.582343476554578	-5.665713849496366
407.0	1.2546335142258083	-1.9430130231927527	-5.678644127733843
408.0	0.22341037284023657	-2.151435333989716	-6.042443813577665
409.0	1.346464169322183	-2.498508888457303	-6.050491700734049
410.0	0.7785598181564698	-2.3420388098947855	-6.034959135194003
411.0	0.9770677722988357	-2.779381119418858	-6.032858738100242
412.0	0.5184746836567237	-2.6282328624523026	-6.514890026591577
413.0	0.914437507886607	-3.2000121544332027	-6.724834164428305
414.0	0.35086237430884637	-4.195486444680854	-7.419596085689401
415.0	-0.08326022867339578	-3.290623351976202	-7.059909405821811
416.0	-0.006268682960077765	-2.6404914894687117	-6.8301959017661655
417.0	2.0418716188762867	-2.4437344094818374	-6.883537266600703
418.0	1.8688443288348242	-2.774555681511859	-6.451911711504513
419.0	1.910963969222585	-2.6196573659486324	-6.451787418073507
420.0	0.12165088567302684	-2.955170210504028	-6.374053366884681
421.0	1.3278972026775797	-2.762273018075174	-6.313507574855436
422.0	1.2019096469473074	-2.8141131868050167	-5.9150687067359
423.0	1.3522540267888465	-2.559379906696676	-5.559304724966173
424.0	0.5521917517209115	-2.343016855110832	-5.64927405119848
425.0	0.7313876259849166	-2.3269577577809684	-5.7419888500207525
426.0	0.19864339086028293	-1.4320203846767616	-6.321951227977356
427.0	0.2886922282350455	-1.0663010770130226	-6.448103389934621
428.0	0.09594176905049057	-1.2669709262019622	-6.184472044867583
429.0	-0.7802962308322503	-2.3318904411315846	-6.537090243366102
430.0	-0.6300405519609114	-1.91752439437929	-6.71418031762312
431.0	0.20356901067734245	-1.7967058480098732	-7.062473012229632
432.0	0.3995839047752489	-1.7183105211436718	-7.41935107060826
433.0	-0.10225806134834514	-2.6697306161259524	-6.8746465453817045
434.0	-0.031623148744051005	-2.938736266076036	-6.710183672707185
435.0	-0.5064917479950338	-3.428530506800064	-6.598118520518295
436.0	-0.6484196318570113	-3.269690065194901	-6.882034776020715
437.0	-0.9232446022144504	-3.3585918460739412	-6.420544803158672
438.0	-1.029301266116178	-2.537451923127291	-5.9365547353830275
439.0	-0.3443902373139658	-2.7364191708815007	-6.149332364470254
440.0	0.8345992840851257	-2.645664126945735	-6.015756198785256
441.0	0.42506152539082753	-2.770750237314783	-6.023410467238783
442.0	0.5468939450480526	-3.026234269964731	-6.027759010810755
443.0	-0.41181512550001004	-2.7870757320396002	-5.199669839632682
444.0	-0.08209645630625378	-2.270975381634675	-5.196083836111484
445.0	-0.539959850276206	-2.5240270570858074	-5.447849490872087
446.0	-0.6992864020616305	-2.496364466974708	-5.650963747523804
447.0	-0.9644026841846131	-2.1394865168587245	-5.932644270485836
448.0	-0.5586996133259101	-3.4432647240669545	-5.238385281673564
449.0	0.03854461519885122	-3.2777716578673792	-5.5264142083422145
450.0	-0.9118833976809887	-3.9018070647823064	-6.299403547943408
451.0	-1.0871424731769936	-3.538127799101155	-6.312892380050553
452.0	-0.9535911273369807	-3.654082012086597	-6.091152608268788
453.0	-0.8765791217611374	-4.030656085691431	-6.90685825918391
454.0	-0.4068641635465895	-4.0803422377773035	-6.5502063474002385
455.0	0.30856941004542215	-4.26547773581982	-6.581394655512977
456.0	-0.319649397454081	-4.285967127638221	-6.461345613912877
457.0	-0.48522828186020267	-4.445522381296048	-7.016755989953598
458.0	-0.08904983728070504	-3.5107204180556852	-6.46132321183253
459.0	0.24703593606609942	-3.442742674108953	-6.319973420476515
460.0	1.3489318319931245	-3.002441478943538	-6.676155752426
461.0	0.44298278029822746	-2.905125828378621	-7.028230348353122
462.0	0.30660683791637444	-3.0730062612808218	-7.160410968575622
463.0	1.3397999649315468	-3.345563256088614	-6.462529810498504
464.0	1.4789667034727867	-2.921411853637647	-6.61024203389366
465.0	1.0597232098186422	-2.4105367667700706	-6.309328557958447
466.0	1.131363551760651	-2.309821902920249	-6.241517996466045
467.0	0.4303642017150183	-2.364236992748057	-5.755787159190721
468.0	0.15364277505024648	-2.5759903491877307	-5.776274176203256
469.0	-0.5789808990668323	-2.9168139381752294	-5.079160539685793
470.0	-0.36298260321376635	-2.4109100639890544	-5.006329944520924
471.0	0.3189504807763657	-2.5955330961462657	-4.753775299280956
472.0	0.4207309718691946	-2.7228434931127485	-4.688276049012544
473.0	-0.5508665639717454	-3.0048699392230516	-5.825892706334988
474.0	-0.872664367429963	-2.3947062427962136	-5.532622781053704
475.0	0.20912530234358678	-2.315888229408167	-5.929977948898598
476.0	-0.694308731846231	-2.8828569710726564	-5.783652498268793
477.0	-1.3896293324032158	-3.132907725451767	-5.703959193890152
478.0	-0.9466758554916153	-2.8820530122508807	-5.39963296641137
479.0	-1.0573393322179725	-2.4838118368168813	-5.3110483261742285
480.0	-1.5578819171825347	-2.6945614826773774	-5.601807801550953
481.0	-2.3588003952855923	-3.0553863917570885	-5.747531709339986
482.0	-2.502791324128751	-3.0222639224811307	-5.865055484627527
483.0	-1.964788878980977	-2.2757293295070524	-5.670983674411619
484.0	-0.8733861845465095	-1.5415954286642028	-5.391718886006628
485.0	-1.859465134413175	-1.6236422265386254	-5.240991954354161
486.0	-1.9341933402051024	-1.8327123071365208	-5.668443169242874
487.0	-1.6888219071522008	-2.2001825712151493	-5.7267717737667265
488.0	-1.4618410103300015	-2.5816659500581407	-6.149153687262356
489.0	-1.5616965654262966	-2.4718731216890744	-6.2900392289258775
490.0	-1.1439245403240585	-3.0709416346034426	-5.939805016541809
491.0	-0.9995846278175773	-3.781397570249659	-6.258122437643126
492.0	-0.3152024122034952	-3.233857443731422	-6.0152058790496215
493.0	-0.4278660924131842	-3.556917237217945	-5.979435809379543
494.0	-0.19541769502620543	-3.0232929162700093	-6.322560919648541
495.0	-0.5863075049736979	-3.2490493812291117	-6.058692979566197
496.0	-0.7633793895523958	-3.984765057309898	-5.271112526627918
497.0	-1.1083834694614456	-3.777125021654732	-5.729393438294401
498.0	-1.8070114220609126	-4.217529153802114	-6.022225415567043
499.0	-0.550167815515837	-4.373370999812564	-5.707347322095878
500.0	-0.6466463717706047	-4.362442394687612	-5.942700636665631
501.0	-0.058986965642807976	-3.1425083834166063	-5.952482749322132
502.0	-1.0803234301717537	-3.1265690279004055	-6.513483921725324
503.0	-0.292272352414463	-3.6021774667546214	-6.532506013486383
504.0	0.385243543564195	-3.7753844475488916	-6.204442067140894
505.0	0.2457615521917763	-3.5137147686984207	-6.752677862160475
506.0	0.4916746033337639	-4.0131826749996025	-6.872135742426023
507.0	0.00037898600653463177	-4.0485725609850975	-6.293126582619699
508.0	0.6177406710561658	-5.165415004590367	-6.468760297785975
509.0	1.1117116515653238	-4.891201480905648	-6.063799743946314
510.0	0.7178226174044418	-4.34724138767729	-6.235539693783999
511.0	0.4956453848186755	-3.931657118693388	-6.046419123169358
512.0	-0.1738331800680742	-4.267304681187563	-5.247981457982736
513.0	-0.7938548559129628	-3.348736007561137	-4.660954280385621
514.0	-0.37150223744928523	-2.9683243591403428	-4.72018005437555
515.0	-0.007166665672671782	-3.006943420602945	-4.9214847392358525
516.0	0.1399007424461423	-3.524042989355405	-4.8132920170040485
517.0	-0.6826552117212911	-3.9124515535323203	-4.735793614806873
518.0	-1.3892552460763867	-3.2919478819888783	-4.910442989526043
519.0	-1.0588229204015773	-3.869515592152615	-4.5165618150111815
520.0	-0.052800227386292004	-3.881032908322506	-5.582491360113447
521.0	-0.6606498294519292	-2.5199859298154577	-5.802505356629576
522.0	-0.5263279354588847	-2.5430827695346476	-5.314656119314822
523.0	0.3861895558609255	-1.9278171472132828	-5.317396412255554
524.0	0.4526856025637138	-1.8275714823510665	-5.434279486275043
525.0	0.015293316926184686	-2.1648976347178635	-5.9925943395345
526.0	1.013489953840195	-2.280564260744284	-5.818343665989167
527.0	0.6761228478938508	-3.314713751945439	-6.206459536142165
528.0	0.42262617787811607	-3.027563951997153	-6.124031510871741
529.0	0.7466820180073763	-3.211915673695161	-6.24099171714135
530.0	-0.35977372147769787	-2.9275443870816	-6.278865731039485
531.0	-0.06323627059444706	-2.93122441809925	-5.943289785038607
532.0	0.8479555511116135	-2.4358568031457843	-5.945259127206944
533.0	1.5833005702619685	-3.000898286286777	-6.112849735779294
534.0	1.3639672410309287	-3.6049573992488515	-5.738957368861415
535.0	0.778219717320735	-2.3712379517566293	-5.573399159474847
536.0	0.8721114527607421	-1.6031899480327367	-5.915201189324821
537.0	1.74549015028608	-1.584918308884004	-5.787145978509303
538.0	0.28727796052672017	-1.9823738950585073	-5.53070503593003
539.0	-0.16167432226375655	-1.9651869134311024	-5.113728835083207
540.0	-1.1285201562116012	-2.5741366222668502	-4.740031122936371
541.0	-0.43695701374625506	-1.7906853603902095	-4.699215376323843
542.0	-0.023719828135220555	-1.9820358437756567	-5.462395991934817
543.0	0.5587107781426123	-1.5699367810129834	-5.52420633427806
544.0	0.979027823061652	-1.8423290878135898	-6.480178032779004
545.0	0.9221976822424195	-1.7319922691670866	-6.481381421039452
546.0	0.4698936547849923	-1.712932756273733	-6.740579714120351
547.0	1.0297750725753387	-1.8081529404278565	-6.800149570784258
548.0	1.064456470958918	-2.0894395237510555	-6.828962074733715
549.0	2.28893962899671	-2.928332102386412	-6.919917392415268
550.0	1.7226512947124577	-1.785804458111081	-6.769599857259878
551.0	1.9303968451633358	-1.9082669967718928	-6.761486605871902
552.0	0.9310049925035238	-1.9679983367861602	-7.0725138696952845
553.0	0.9752556307634846	-2.4506963819054692	-6.926026500512403
554.0	-0.4021736389269767	-3.253471803999684	-6.95630564981098
555.0	-0.5204839880974957	-3.5800801128352067	-6.433561700059977
556.0	-0.06625665227423044	-3.671344681642932	-6.608672263599276
557.0	-0.4496290377282076	-3.000093908239315	-6.710000896324704
558.0	0.22250086769085362	-2.9533756652488625	-6.281574768426863
559.0	0.4565934343681436	-3.243917310285223	-6.306680452273004
560.0	0.48409245689805064	-3.000098208859179	-6.326575045387816
561.0	1.1080592442964294	-3.09677156030273	-7.010024933670842
562.0	1.1416489236745897	-2.828327979217919	-7.405002545631519
563.0	1.1052672752536714	-2.85456320218757	-6.732378553553889
564.0	0.5702475149060136	-3.6203895121155014	-6.055564194256768
565.0	0.6615745928705842	-3.4796222712960776	-6.225135434591849
566.0	1.2728846902971844	-2.9267076524205984	-6.7192769287426914
567.0	0.9281544646418427	-2.9306455991885767	-6.388990138270402
568.0	0.744234416875412	-2.890360270320544	-6.885935643366726
569.0	0.5042619876798428	-2.407160730397346	-6.987412349997691
570.0	-0.1616073070399316	-3.030808301992755	-7.011303209011411
571.0	-0.7124218680893482	-3.42565653611192	-7.932451709423138
572.0	-0.5281329703041455	-3.253683675617132	-7.701020953737414
573.0	0.3180568306062266	-3.198071825348726	-7.454477471961082
574.0	0.6494770070464435	-2.8377752037078166	-7.526928735365164
575.0	1.307172605358946	-3.375765744114151	-7.502216404760667
576.0	1.8108062200972765	-4.0360409515905715	-7.2024126969513045
577.0	1.5502896854012729	-3.8824243938804672	-6.934988329695283
578.0	1.5985845416834181	-3.1960052039931326	-7.032680890330292
579.0	1.3703563812894881	-2.331956173055938	-6.688939295456213
580.0	0.79109356198781	-2.3805542625547256	-6.64279438821438
581.0	0.22043290701947232	-2.9600020182680815	-6.151906409989621
582.0	-0.4597657310083775	-3.4455358077803555	-6.229703743956411
583.0	-0.7909011903509175	-3.0366973130126325	-5.697713499365017
584.0	-1.8580228944534016	-3.393027557579315	-5.31205194239922
585.0	-1.9677902507211793	-3.009968697619775	-5.244422347703877
586.0	-0.5963361660487605	-3.128638157702546	-5.12854996961529
587.0	-1.182049026995425	-2.941617729202605	-5.162528298677559
588.0	-1.3981624822590317	-2.186301309978575	-5.220926355319164
589.0	-1.2992581196363613	-2.4083785028091063	-5.171257235309654
590.0	-1.208061905280928	-2.6256641638504106	-5.260437210604388
591.0	-0.624911368728088	-2.793361688869218	-5.295692400133056
592.0	-0.4961342809912812	-2.2654806498417446	-5.125095060739491
593.0	-0.12363332333149912	-2.9100399880659396	-5.308768207875167
594.0	0.0467718163579518	-2.9885088370127297	-5.475450595168557
595.0	0.5399472097001519	-3.26043352563755	-4.986272203542971
596.0	-0.486047810698049	-3.442088850781457	-5.344418106519839
597.0	-0.18379126893042508	-3.1109330559720334	-4.711748946981132
598.0	-0.7079562331288796	-3.1009333259428065	-4.841336726998618
599.0	-1.8528780194484584	-2.626916582047613	-5.273259592715056
600.0	-2.7869335506809323	-2.2351651897782867	-5.510898440088662
601.0	-2.0541110854443265	-1.9715093312305845	-5.723110637792682
602.0	-1.7751584933572726	-2.3929459994474938	-5.89734913731047
603.0	-1.3145060235649941	-2.912136676688166	-5.874827749657035
604.0	-1.8277790027606464	-3.0052351024195945	-5.91144266016868
605.0	-1.882902930771421	-1.8491781333748556	-6.240398462905189
606.0	-0.8666206447419862	-1.8940071212236753	-6.4552426032366625
607.0	-1.1701634455419982	-1.9988073305497265	-6.309690655450691
608.0	-0.8321265729038171	-2.0102397157625864	-6.361365070630377
609.0	-0.9517927870218772	-2.1943970711813834	-6.5857132213530525
610.0	-0.8257641375609576	-1.9176331444070485	-6.693182094344088
611.0	-1.013329712986337	-1.671014976131909	-6.436857443302408
612.0	-0.603632378782357	-1.006890778218485	-6.342694607421723
613.0	-0.47017340986078726	-1.1604443184459823	-6.592043204068751
614.0	-0.2350676548795363	-1.8942459865099004	-6.7365599686147615
615.0	0.0004989112822009895	-1.3391502409002962	-7.123443994313221
616.0	-0.5622966769841116	-2.282147576210035	-6.981797545016881
617.0	-1.0213555298079147	-2.6070426543711496	-7.497699046292316
618.0	-0.5809927402582764	-2.1682891831705886	-7.7070144844186785
619.0	-0.7631781119435235	-2.7028320130783423	-7.429674104126733
620.0	-0.44234245646879977	-3.0334098902094073	-7.119111600466679
621.0	-0.9088777711779538	-3.1112387815381695	-6.996891886072933
622.0	-0.2211568768566199	-2.73287239187064	-7.1245892141210705
623.0	-0.7620462751780841	-3.3028388974221174	-6.494486513778737
624.0	-0.6943705212236934	-3.3106327524621895	-6.3638716306734615
625.0	-0.6349915784531619	-2.720814458840965	-6.138594305148662
626.0	-0.09519736753139196	-2.5408864516653304	-6.000126346118932
627.0	0.01004240784982291	-2.8043880533197245	-5.9592448684104395
628.0	-0.17533899367655142	-3.298148318681445	-6.277728181926046
629.0	0.22888977634284635	-3.672692889407462	-5.963628771576073
630.0	-0.7780912023459887	-3.5281187554869247	-6.082410214765244
631.0	-1.1103815978620792	-3.3531846669028917	-5.983391811706331
632.0	-1.3584915143893523	-3.393486568300028	-5.475207740703954
633.0	-0.705218486070897	-3.064005814012782	-5.494818063935398
634.0	0.5819575591615336	-2.32548878045163	-5.6343421766993504
635.0	0.033774594487438525	-1.576390428270696	-5.570730053437076
636.0	-0.1099859582729606	-1.4140687675511363	-5.364545142793061
637.0	0.6707314542294048	-1.4238343741002546	-5.420281603484023
638.0	0.9683036814957664	-2.0141751519683524	-5.372591889918438
639.0	0.854120880543615	-1.5735562653989945	-5.486496728870179
640.0	1.1853373257943003	-1.719525405171327	-4.932048844063914
641.0	0.5686510870829568	-1.7420486913191369	-4.970425333257604
642.0	-0.17823080019985243	-2.4318332395615494	-5.343573427374395
643.0	0.10072113779797431	-3.2842868101104075	-5.095441166271013
644.0	-0.492666838387384	-3.1383858841950834	-4.732224200428853
645.0	-0.3448766730071957	-3.5461575573630184	-4.870878523309738
646.0	0.22497017684468157	-2.712001201553742	-4.785490963189945
647.0	-0.12131022051378848	-2.824779232855533	-5.079925488543129
648.0	-0.30665152965693776	-2.673688997861518	-4.619534956476009
649.0	0.05738930854273949	-2.7447964773945457	-4.392567546472831
650.0	-0.4839177518376868	-3.1271408777595098	-4.2777591454369635
651.0	-0.5424105946234781	-3.467766597186346	-4.505771104834661
652.0	-0.37857474853453055	-3.6897369330595122	-4.045641613501994
653.0	0.1197188105826128	-3.0511882142954114	-4.308260441427131
654.0	-0.3628089256806889	-2.1169478377044832	-4.114759236305537
655.0	-0.28930083567574827	-2.560446210938246	-4.431739055050754
656.0	-0.9530253404614739	-2.683276515265484	-4.9634841340597475
657.0	-1.2782133590425506	-3.0916738996188555	-5.450402861015988
658.0	-0.5197668655989418	-3.71510846718647	-5.434704031770408
659.0	-0.7977241126698904	-3.7498428124527696	-5.620604085939465
660.0	-0.40176081438250955	-3.7029980449052333	-5.916298006442564
661.0	0.22411557220621492	-2.7341906054331666	-5.821272198181683
662.0	0.5515771818041516	-2.0475170051205716	-5.652325299155628
663.0	0.9292184647104165	-3.1040882590844467	-5.752137254841676
664.0	0.2649018341995952	-3.6398934367094125	-4.8402069259352025
665.0	0.3974090655350953	-4.5131259291063826	-5.140497068415421
666.0	0.9482681939664472	-4.277934206682282	-5.652910274689956
667.0	-0.29118319488123856	-4.551076663294166	-6.279834862633667
668.0	0.33487589413178137	-4.76063942828449	-6.275402627444912
669.0	-0.06352773537852224	-5.086825116589161	-5.919670842523992
670.0	0.3017343242303005	-4.521194154636839	-5.875316310993584
671.0	0.3403234595500454	-3.757293886173531	-5.901602755683229
672.0	-0.6596330206048535	-3.9044751538804863	-6.619330086185874
673.0	-0.017382044810447084	-4.692917181016466	-6.595739579861941
674.0	-0.3880984829258555	-4.813116485521626	-6.371360418978419
675.0	-0.3709999420482784	-4.034287782676993	-6.71504074361808
676.0	-0.5376394876757691	-3.8647557746983607	-6.924527865662564
677.0	-0.610494977696282	-3.5108944317774364	-7.372199563926131
678.0	-1.2477347800555814	-3.3080726570608214	-7.310635760666923
679.0	-0.7129238053604499	-3.3063379079158532	-7.224753613684037
680.0	-0.7018004403898295	-2.7902486537866533	-7.030903009248026
681.0	-1.0460075699442253	-2.3935682438314494	-7.2478360551575856
682.0	0.2193688802933031	-2.0567926197083404	-7.051891698553277
683.0	-1.0530092744073802	-2.0458506927351596	-7.145908858227336
684.0	-1.4012590882122398	-2.456103916534091	-7.2184238495580475
685.0	-1.499834113139737	-2.7636408943405586	-7.426095220851538
686.0	-0.18740144610030815	-2.1426153701799717	-7.422452802236692
687.0	-0.3359691146092864	-2.3815856126135913	-7.210945425096809
688.0	0.16878242341532562	-2.1065693892171984	-6.7308248407526285
689.0	1.4722436584118441	-1.9627241363566121	-6.685283472247985
690.0	1.1201053570746016	-2.7667995538544967	-6.192326406278263
691.0	0.02982307801896668	-1.7631177904193525	-6.49470499975883
692.0	-1.1775268248743824	-2.461319527463123	-7.038873236750805
693.0	-1.1611628994510075	-2.824838230741765	-6.983858987961324
694.0	-0.4921110980510613	-3.5201975366818457	-6.452855242542128
695.0	-0.6240365853087583	-3.18289916302094	-6.372529795305557
696.0	-0.7038386415187525	-2.764150456933347	-6.504385213161396
697.0	-0.7629199896054821	-3.351403753082943	-6.293287113014642
698.0	-1.5296198850102014	-4.262675332445823	-5.921766027922508
699.0	-0.14894398669417844	-4.560609383473384	-5.905644410942172
700.0	-1.3563276124923196	-4.614254741112328	-5.747408618692903
701.0	-0.5183062326612682	-3.82778159971927	-5.763725028563726
702.0	-0.32324475461881624	-4.183480783773354	-5.413159751915451
703.0	-0.23897363250085135	-4.250237834216601	-4.804489627957366
704.0	0.057660446774731144	-3.5554563908430277	-4.150181039353078
705.0	0.40152682714293064	-2.664119063114844	-3.764389960070432
706.0	0.39797733834255805	-2.9065732245774294	-4.042474116598456
707.0	0.3520143841042101	-2.327057735694499	-4.810838065695794
708.0	-0.08759901263334369	-2.132154596178578	-4.909063412623241
709.0	0.23213244857486853	-2.0262960921748414	-5.149799143147518
710.0	1.1491782715668362	-2.1711190961497557	-5.217968400478117
711.0	1.464900756598973	-2.2012580129098063	-5.111013210245531
712.0	2.031612118253292	-2.9142583630111725	-5.967895648722344
713.0	0.28469930822797684	-3.014255244742726	-6.2368675419449096
714.0	-0.3220892262465316	-3.747778049334589	-5.5622108165358455
715.0	-1.615108196646461	-3.4055055607234	-6.032571269784983
716.0	-1.8293219034821089	-3.7327602976887198	-6.319439790683725
717.0	-1.2526178667764933	-3.356206158845142	-6.279047908462502
718.0	-0.7143030238448089	-3.774110531451033	-6.5887067472492635
719.0	-0.47676412734156254	-3.3061585964984994	-6.401124747982488
720.0	-1.0668558902509773	-3.1868219950483083	-6.015158454878507
721.0	0.4253147896981024	-3.2065680386404396	-5.462143544244476
722.0	0.704555169852589	-4.236350700539405	-5.565652535277809
723.0	-0.7175911148260263	-4.397073708266014	-6.2162262041622
724.0	-0.5597115876015437	-4.740030879890947	-5.859565778436071
725.0	0.1498307540001596	-5.038438508728667	-5.376539775569307
726.0	1.0551861567146628	-5.125117611869466	-5.156244025153237
727.0	1.45112700305922	-4.918885602871703	-5.2688928944098485
728.0	1.3599658433295516	-4.465906749019675	-5.716280115671249
729.0	1.4854094957004425	-3.146090953499354	-5.824210774583243
730.0	0.9465746454240902	-3.882615772478462	-5.773943604806759
731.0	1.3082149575518978	-2.9658235423781116	-6.137207289618848
732.0	1.6839478112042836	-3.01666379913329	-6.191043746208613
733.0	0.4097086026261417	-3.2382851079179926	-5.720833834978518
734.0	0.24418412179836232	-3.1127062294872636	-5.908676482018578
735.0	0.745010035713507	-2.8197389557960264	-6.225672736631104
736.0	0.36414301350369943	-1.9257978952338926	-6.381142881587955
737.0	0.6140855199956197	-2.1182561642015276	-6.78650341276122
738.0	0.43991111359546753	-1.7940819924915787	-6.713653679499799
739.0	1.2429654920645257	-1.4062450812640346	-6.63222115168347
740.0	1.3989464056878569	-2.0130633111964067	-6.24293526727872
741.0	1.8084558091217484	-1.8453662581203216	-5.688361870990466
742.0	1.7348529503563583	-2.6618913763579504	-6.094558634559406
743.0	1.612133108015531	-3.282978975154121	-5.303815236000203
744.0	1.4730801786165761	-4.451512135792206	-5.060363294161817
745.0	1.3692397264647016	-5.577366158497629	-4.767379725329427
746.0	0.9141119281225354	-3.616299165945813	-4.836628625851514
747.0	0.289623890029454	-2.8654148141699487	-4.595202486315691
748.0	0.3569973050708999	-2.8117798698570584	-4.303057291773933
749.0	-0.34659576102482403	-3.75446366586519	-5.395377712383194
750.0	0.536214403147	-3.817599102397323	-5.630150436519301
751.0	0.631596336360305	-4.178706678904467	-5.157747273868968
752.0	0.13096871122439652	-4.973876366819301	-5.082283117481032
753.0	-0.1607813445898137	-4.364508081163095	-5.305885524374516
754.0	-0.025279860579602464	-4.312763371610339	-5.46130742482626
755.0	-0.11144512739104229	-3.2532577154721496	-5.03830713695794
756.0	-0.9821260124187492	-3.0094214752681414	-5.142102502300363
757.0	-0.09125527319061377	-3.0686975106962526	-5.3248565916434405
758.0	0.21512211186224342	-3.3490213426431836	-6.10679219346946
759.0	-0.22000042977761486	-3.4855271989750944	-6.18834632100255
760.0	-1.121942057941944	-2.8642546290211857	-6.3445546564227895
761.0	-1.6553497844054852	-2.636618636927965	-6.370615984649146
762.0	-1.1882548921910365	-3.390016544868898	-6.315067831842311
763.0	-1.021136524578496	-3.071863901737002	-5.711845974928615
764.0	-1.7620960218788497	-2.2309653803659018	-5.735321840486646
765.0	-2.231884190233716	-1.6319556460924467	-5.322586227509425
766.0	-1.4278460803204782	-1.343559670890238	-5.149046814127903
767.0	-1.771992696595191	-1.6652339848186979	-5.479885699783113
768.0	-2.020959045610161	-1.4038971448825581	-5.437895060479219
769.0	-1.2551667855713435	-1.4704264784833463	-5.7622503264459635
770.0	-0.28717166822545026	-2.21356566244438	-5.862726549489199
771.0	-0.8258534161351028	-2.6469300425935227	-5.692559479871392
772.0	-0.37498259796154126	-2.011745747610046	-5.6447021419473264
773.0	-0.49254786133421097	-2.122949022368145	-5.887145250219991
774.0	-0.6384455582594741	-2.4899066701499795	-5.671934240150241
775.0	-1.4529877935011573	-2.9677810417748236	-5.609206382003784
776.0	0.1745356521637059	-2.676585533180689	-5.966585339623506
777.0	-0.1731991238172402	-2.6830756910499036	-5.769277714684616
778.0	0.37734349458785466	-2.5129306830773386	-5.80458895067912
779.0	0.306715042408476	-2.1151009680500055	-6.205090294506908
780.0	-0.10013116962651	-2.46253171534471	-6.395733998535425
781.0	0.2803216325556497	-2.9332816035575506	-6.033700221702701
782.0	0.25408798858625137	-3.3313942940347814	-5.75492756140246
783.0	0.6991351862922535	-3.380568104791685	-5.85347308689567
784.0	0.9724967853121226	-3.72577272586261	-5.894355245522091
785.0	0.6039221623410725	-4.294159769920281	-6.348837928486575
786.0	0.4154659902298168	-4.484044829692231	-6.278750299753676
787.0	0.5696496688531123	-4.772491490650979	-6.103752418356308
788.0	0.08781963395612616	-4.405849408891275	-6.259638602483462
789.0	0.33543603070380135	-4.456674911891605	-6.494450262262016
790.0	0.2198862604022157	-4.869960841590686	-6.954332758730067
791.0	-0.7355329135724027	-3.9616046464340573	-7.372368130618757
792.0	-1.120867228892517	-3.9542385411386416	-6.773782470425312
793.0	-0.718664610385326	-4.130287632889082	-6.813480367387651
794.0	-1.842455612163177	-3.865408124409802	-6.341768653980779
795.0	-1.4677519149209666	-4.085547996268117	-6.1159317051378395
796.0	-1.7564109011093383	-3.4427892394232	-5.763499570343169
797.0	-0.7228054358437801	-3.2036708562320433	-5.7878317433881215
798.0	-1.0473161542424303	-2.7204803419045014	-5.722370299064053
799.0	-1.576415981203483	-2.0116474803433917	-5.541431652552655
800.0	-0.301278738937044	-2.138090647960821	-4.9998264212331796
801.0	-0.573007730908318	-2.7490090145534145	-5.704821122594064
802.0	-0.7408942061262804	-2.797361348574996	-5.911588122834693
803.0	-0.11541415041758497	-3.259510913576941	-6.131761513850265
804.0	0.40661394849022214	-3.3352156007267	-6.391894937888739
805.0	1.1606680120271498	-3.4771483375527183	-6.044800802170179
806.0	1.9917707373813947	-3.706715956826586	-6.15843893234416
807.0	0.5630155857227801	-2.877497182697756	-5.988290471635873
808.0	-1.1070577278439153	-2.148784883516914	-6.364451818889843
809.0	-0.6063350990498921	-2.4102652323914224	-6.731224415438286
810.0	0.023249035460065404	-2.7320656728209776	-6.430353217934958
811.0	-0.68691323380436	-2.6583918611862245	-5.796785736062565
812.0	0.6908525566254418	-2.54785483909591	-5.853204683228939
813.0	0.6875648907295617	-3.420927385449996	-5.87119035064043
814.0	0.00630637952166423	-3.329005530917466	-5.530452757422933
815.0	0.38372647521332	-2.902528230695853	-5.341555497816012
816.0	0.3127656324224849	-3.075919651853801	-5.42399197998375
817.0	0.06978718193494671	-2.9395397162391936	-5.442742634346208
818.0	-0.4888985848151181	-3.0432014814258763	-5.472420611033897
819.0	-0.10004491366049173	-3.23953738159894	-5.384357522957705
820.0	-0.2435101478733614	-3.1886620269486023	-5.381970940845651
821.0	-0.0966274119842015	-2.908332435793386	-5.509482837767898
822.0	-0.8989638987015669	-2.5126828875302354	-6.318606662849045
823.0	-1.1496735014931652	-2.7358642177593064	-6.239781510175749
824.0	-0.2642184578983484	-3.115801812320413	-6.970710470159396
825.0	-0.2939683612749394	-3.279673164143976	-6.924374291825077
826.0	-0.5586957011663163	-2.5350381773350223	-7.301167337929316
827.0	-0.4609037764117734	-2.7532431911200597	-6.910549808119103
828.0	0.029363909181491343	-3.5283357686879167	-7.26772446728056
829.0	0.12727958168697584	-4.086845979810628	-6.802404180642973
830.0	1.0019104078284218	-3.6967254452086733	-6.682370568672605
831.0	0.3277034223986952	-4.401010871738799	-6.559013281713264
832.0	-0.005593126157987745	-4.006729856203595	-6.718786861169391
833.0	-0.21894415584834842	-3.441068182326416	-6.844550610667991
834.0	-1.4411920639010054	-4.035750017011274	-7.049456566370058
835.0	-1.9418056961273187	-4.266340554749168	-6.81340394670709
836.0	-1.6018650667257988	-4.686927969750785	-6.8165683004391795
837.0	-0.7553299475745477	-3.8598242077000964	-6.503230026674228
838.0	-0.6995008836435983	-3.9594620569145036	-7.121550989386629
839.0	-0.3269537142858842	-4.532326978485257	-7.2927355185664835
840.0	-0.10693560075058928	-4.409838537454878	-7.27903105955412
841.0	0.2971422998542879	-4.706277359986974	-7.603807899503915
842.0	0.8074017825123081	-4.904101276813878	-7.218048231306224
843.0	0.18478921648641156	-4.395770844638727	-7.118679868615403
844.0	0.6016698993018871	-4.42037092921005	-6.698011214597562
845.0	0.1879564391397275	-4.2289491107515005	-6.655394564331105
846.0	-0.40795174510960386	-3.8236946289303244	-6.7420158719432735
847.0	-0.5268723465634562	-3.939004279034109	-6.37909285345137
848.0	0.9855070785376079	-3.9798625140449424	-6.340265056174706
849.0	1.4680759107040264	-3.3295471093485762	-6.2931292761951765
850.0	1.706181925951682	-3.466631530450802	-6.55213863059539
851.0	0.691445167250712	-3.85396670418777	-6.13648832795496
852.0	0.19673393845646414	-3.6806603832471576	-6.709141794210335
853.0	0.7849841226252485	-3.594339100533142	-6.757630157076891
854.0	0.4693359249685727	-3.608320803789738	-6.901026556037847
855.0	0.47033132292602875	-3.838020113754232	-6.393946231179405
856.0	-0.0653537113406033	-3.981950310974717	-5.775214276229052
857.0	0.42532428914921494	-3.73859806079637	-5.554359573327172
858.0	0.9895792442266697	-3.7303160075262367	-5.71019595273105
859.0	1.693339055150876	-3.773378907551084	-5.927330422677589
860.0	1.4303248025802762	-4.26190384289728	-6.3700885860493575
861.0	1.0809369242146858	-4.121901179442047	-6.461880996821227
862.0	0.7734440962793405	-3.3193081363896484	-6.888605104702306
863.0	0.059557613875488254	-3.6159849442050866	-7.049519496991026
864.0	-0.29453253740680374	-3.6726711589291328	-7.407940281134138
865.0	-1.5836732469502497	-3.1110008786319883	-7.876263201945613
866.0	-1.3375356917317485	-4.119211654067776	-8.033405813052578
867.0	-0.965371270917311	-5.443334584495207	-7.966006653481019
868.0	-1.514548297585302	-4.912714952019704	-8.198049603337221
869.0	-2.0973627101356307	-5.204105345142094	-8.257753449047286
870.0	-1.4427340645210005	-4.892688063891744	-8.270580406850979
871.0	-1.4451667956455818	-5.879070205372718	-8.555589819907489
872.0	-1.4022316777770376	-5.223314039072263	-7.922793244052159
873.0	-0.8514224048172652	-5.297429361250713	-8.255705618996167
874.0	-0.7401446020343903	-4.898753433457845	-7.400957371848965
875.0	-0.22125776164567112	-5.147858969589838	-7.325350245873207
876.0	-0.18741085530754623	-5.221312763610814	-7.028070909307732
877.0	0.35225345373275796	-5.226599815398931	-7.001508999525261
878.0	0.9956781262438366	-3.9063335215026105	-6.802531235812012
879.0	0.710704575819811	-4.324187030681617	-6.590500998491687
880.0	0.2856436665503489	-4.241794557793225	-6.711958985879928
881.0	-0.3812257674036982	-4.398048964845709	-6.846251622210923
882.0	-0.14081917374308373	-3.5447814498053702	-6.859728019924726
883.0	0.5179753216766182	-3.3614694340562927	-6.626070078541958
884.0	1.185160649559609	-2.930447651414368	-6.090620255110636
885.0	1.115437223102283	-3.6992360861496483	-5.799857996034446
886.0	-0.27896085636705764	-3.7256147112860862	-5.86122088858946
887.0	-0.8216042054626597	-3.908569264713614	-4.935767644641576
888.0	-1.4054251596600809	-4.641581438218988	-4.647145173969381
889.0	-0.8129175452476715	-4.131789367277344	-5.052521142717129
890.0	-0.8105470603428175	-3.4643398912771524	-4.837969069076362
891.0	-0.5539392641674354	-3.7942140391710693	-4.5822057087955645
892.0	0.3344975524531456	-3.74903406905426	-4.769188925158883
893.0	-0.2854595897616805	-3.89061614417668	-4.773617199967572
894.0	-0.8660928430891979	-3.22511687512518	-5.154247083036254
895.0	-0.4845684412115211	-3.765577307449046	-5.5355802217952155
896.0	-0.18002603896631125	-4.13829673539159	-5.522930789345724
897.0	0.17180538000724865	-3.757214988212185	-5.614020509572781
898.0	1.2135695848893049	-3.55252920549899	-5.641686771121213
899.0	0.7164690689473062	-3.9733394298844793	-5.571662847203553
900.0	-0.11899192346205434	-3.779400804621454	-5.273175297312006
901.0	-0.7821647317068434	-3.607208011647083	-5.273513900164398
902.0	-1.435359622499392	-2.849241811178963	-5.917691728411007
903.0	-0.9132797140830033	-3.0032128211902167	-5.576429100364862
904.0	-0.5126126453561477	-2.9870023917101087	-5.28735385648076
905.0	-0.28941614078909955	-3.705280948509686	-5.583411082148067
906.0	0.17063463455018132	-2.8166610563237433	-5.497394392976775
907.0	-0.3853864104618433	-2.7334527975445693	-5.713766597202612
908.0	-1.0295723774784444	-3.3022475591909997	-6.087176983368893
909.0	-0.3654457836980431	-3.3211601042620016	-6.224755959284562
910.0	0.10663402299793856	-2.538230346263153	-5.959836699608736
911.0	0.2180782979038044	-3.3006317982456723	-6.09419951472562
912.0	-0.6832691015891409	-3.9592618451842245	-6.102993225957537
913.0	-0.2092844856809539	-3.973759151449439	-5.794417731919749
914.0	-0.011573161503006801	-3.7458656064219644	-5.668697685922854
915.0	-0.5221487914228284	-3.1278174744647864	-6.056555687919772
916.0	-0.9430179887639425	-2.4098777561472025	-5.927614821914834
917.0	-0.6164578909781536	-3.0442388645542247	-4.990390504798096
918.0	-0.929011952950713	-2.4909798009503406	-4.962559700888185
919.0	-1.429710679928472	-2.7689979264182525	-4.88049980472451
920.0	0.023399701719020227	-3.021374431611462	-4.25666941543493
921.0	-0.7443630723688468	-2.7414045873024993	-4.056131101693134
922.0	-0.3267718017690283	-2.9394042563611777	-3.4238057613087745
923.0	0.8872547173462303	-3.047429964004248	-3.838951375982478
924.0	0.8255139339839543	-2.669390961093743	-3.8290328803219618
925.0	-0.4996739388774875	-2.275626452085105	-3.8265827133777437
926.0	-0.7751285167461093	-2.435685373590911	-3.7005072380097284
927.0	-0.7015179821211595	-2.06921126874117	-4.163255419946892
928.0	-0.47755271067701954	-2.185151790474537	-3.865598659501281
929.0	0.3164267102421372	-2.326110587711687	-3.7356215299414295
930.0	-0.27229882929915183	-2.5403254418125534	-4.1936896640811545
931.0	0.9622104312305136	-2.823203022296987	-4.3674811112623715
932.0	-0.2322254452702748	-3.2293444830265186	-4.54536215669245
933.0	-0.09827393868240625	-2.709666035128288	-5.418698635787265
934.0	0.45278136227248245	-2.7033784699993153	-5.359016785770425
935.0	0.6346778979693897	-2.7447922360716994	-5.111492487811179
936.0	-1.085425421536543	-2.639074686296491	-5.319248163551418
937.0	-0.14295086193410525	-3.3426521332001657	-5.33702281542058
938.0	-0.1168564016948096	-2.869341015033492	-5.893732762771143
939.0	-0.07256233453385708	-3.3624043834051514	-5.69914087744949
940.0	-1.069496118040101	-2.9265010138237373	-5.491213611366174
941.0	-0.2840944914380318	-3.624426947114854	-5.761597465046953
942.0	0.2533881646472318	-3.1713986856831307	-5.693800324085932
943.0	0.16423775338319468	-2.4092897921176837	-5.4827329783562915
944.0	1.0609061009276433	-2.6219732985756012	-5.4018292867883355
945.0	0.7091130930867577	-2.745585779453329	-5.229690283947107
946.0	1.1824901395089484	-3.130179243529148	-5.565236573659849
947.0	0.5974322366833064	-3.102463617231008	-5.868906535591103
948.0	0.7811905761553039	-2.5496927817438584	-5.7732762927914125
949.0	1.0634467282747373	-2.6738172603531436	-6.139692868998965
950.0	0.2730666202170632	-2.907585988431355	-6.348195720750832
951.0	-0.04561782485557906	-2.8206050682780544	-6.286300026666164
952.0	-0.025235181392004258	-2.6748404686334193	-5.819076277153729
953.0	-0.15819592359193832	-2.9633421672414006	-5.827432839701078
954.0	-0.6571601489550782	-2.3043703178397217	-6.014655079114966
955.0	0.5642436678899602	-2.1491489576061857	-5.562186468516088
956.0	-0.12473565777707296	-2.4570257468305083	-5.546303425157067
957.0	0.29861780955250583	-2.3137672716672775	-6.048099684188153
958.0	0.2777274307227961	-2.2597716988657233	-6.005090602679186
959.0	0.14454681970587577	-2.1903498021135137	-5.777246761926311
960.0	0.37263061232251116	-1.6773068039554806	-6.453856253138305
961.0	1.205001935721004	-2.493493129832773	-6.431149094793209
962.0	1.1237675917814143	-3.0300009592715824	-6.173066666723154
963.0	1.0335334094871707	-3.632610844469321	-6.058824527209547
964.0	0.5026183579584249	-3.93057419418051	-5.312686221222691
965.0	0.8928025220664856	-3.6476679434096804	-5.714936913720163
966.0	1.8592445157817137	-4.496626007123883	-5.59426014257524
967.0	1.4775179055042398	-4.472035899249116	-5.470261509339407
968.0	1.5489921756895284	-4.838496160330504	-6.607712265774669
969.0	2.108367511420798	-5.214265283581701	-7.152122778974224
970.0	1.1929109635610422	-4.943068807320035	-7.003713280379595
971.0	1.5285288570608646	-5.014258802719947	-7.139804560517245
972.0	0.9319126142718965	-4.017530397445652	-6.865118184620881
973.0	0.2820120131271251	-3.9127510468406124	-6.639043540209705
974.0	-1.2478654699844793	-3.6915962571600334	-6.448769847432578
975.0	-1.2425103045237667	-3.590639155425025	-6.688215224459395
976.0	-0.9991126867227571	-4.113948911881263	-6.707449634227663
977.0	-1.8071272344404514	-3.9479650107198223	-7.058355338811638
978.0	-1.0494034587591377	-4.2326428561129825	-6.895184691934907
979.0	-0.7625529610413962	-3.6724622068415327	-7.066777440654112
980.0	-0.3256113320672415	-4.273408216788005	-6.41056538964358
981.0	-1.0063422145672474	-3.356456453598836	-6.723081228734923
982.0	-1.140501400140705	-3.8277066469864027	-7.081041915050759
983.0	-0.7707602768525192	-3.7717884693922357	-7.157994405130777
984.0	-0.7331827810626137	-4.35959397267333	-7.333798860413973
985.0	-0.4049820477330616	-4.320241997359239	-6.930245915803403
986.0	-0.8515797570462971	-3.6993633093852782	-7.44022483827868
987.0	-0.21860849187903852	-3.950761195971993	-7.112606005823256
988.0	-0.02403199268164047	-3.6963581834020354	-6.79572590322537
989.0	0.15741617671024422	-3.9132031371427987	-6.136486173148461
990.0	0.6273262327615046	-3.8791706881710026	-6.874338701620431
991.0	0.4373916515705937	-4.303351557474487	-7.058178362870701
992.0	-0.31914272734088694	-3.9965785284861055	-6.629482556919362
993.0	-0.4624483201653469	-4.025029853331572	-7.39770529137622
994.0	-0.06556371203325762	-3.323042028246764	-6.46478371314695
995.0	0.17484707638303554	-2.8955124375879864	-6.244975872780784
996.0	0.6605728708540886	-2.7598020902060054	-5.956207377045413
997.0	0.8898786955116493	-2.628107341211458	-7.376485378569461
998.0	1.478142912697648	-3.2409746793750953	-6.9797545170588595
999.0	0.4312193114909634	-2.97020121246568	-7.76958644121333
1000.0	0.4551567119077581	-2.9862930706134705	-7.916241094751696
1001.0	-0.18864928007191722	-1.5541617155862495	-7.706442865241975
1002.0	-0.43771334301182874	-1.0906958760020382	-7.319222710470633
1003.0	-0.31156092242252614	-1.702863126208027	-7.815826825240468
1004.0	-1.2855266393378904	-1.9533454521694986	-7.72002287672967
1005.0	-2.079555763095523	-2.4422529934121497	-7.78813047272371
1006.0	-2.008739803974958	-2.5745497208548183	-8.305184869944071
1007.0	-1.4318712565957352	-2.0573057734210662	-7.777113738632582
1008.0	-0.7377139691795672	-3.146189352957404	-7.199877383322125
1009.0	-0.797466220041597	-3.5497703057886167	-7.27687238419003
1010.0	-0.31038733394196294	-3.5527609884225746	-6.855209729791594
1011.0	0.001294270630027572	-3.572762598245098	-6.490149232600758
1012.0	-0.127516720913746	-3.227739432815499	-6.6264556488832715
1013.0	-0.9334770507295123	-3.5418078096972003	-6.489026731373771
1014.0	-0.9512039209811206	-3.679788462677924	-6.744250069872103
1015.0	-1.6277203150871415	-4.438250644928395	-6.839751331456044
1016.0	-0.7064608840985307	-4.190064683856975	-6.6270806480926545
1017.0	-0.5002188020750437	-4.33006591944358	-6.327169831461623
1018.0	-0.16630271829241028	-4.585102402474293	-6.294229930669085
1019.0	-0.3891443029673439	-4.732250163048479	-5.765492595915168
1020.0	-1.6895871038469255	-5.318263614017459	-5.9467308342264795
1021.0	-1.7856191845939846	-5.422653494112174	-5.606486603793944
1022.0	-2.161450219856814	-5.470852378838156	-5.656020082103634
1023.0	-1.6767583896435492	-5.191219787895335	-5.954725828589061
1024.0	-0.6390537946240259	-4.60202099797282	-6.243889416404844
1025.0	-0.19424011031198657	-4.522975507053964	-6.51243988834389
1026.0	0.581783398042365	-4.5639565275001335	-6.381385563976755
1027.0	2.08241268100022	-4.732948495643347	-6.367119571526094
1028.0	1.1463798633764328	-4.5690350763944085	-6.31547388327685
1029.0	1.355016252866856	-4.103531662069621	-6.02980841165085
1030.0	0.7756974394555113	-4.6024050794400875	-5.969269669460676
1031.0	0.4996766433153379	-4.2529393543615	-5.183750394433591
1032.0	0.5699166493355546	-4.329859903742961	-5.0403946306533545
1033.0	1.0134062282344185	-4.01656264035027	-5.330595578829169
1034.0	0.5791371110126521	-3.581127039882328	-5.458608577545519
1035.0	-0.11679471652473072	-3.216453100406343	-5.571448668246291
1036.0	-0.8654428205335869	-2.798620719246539	-5.638684205380527
1037.0	-0.6193999115930904	-2.0903031527712312	-5.518488852455981
1038.0	-0.8788424781850424	-2.0385653210948704	-5.639604473867251
1039.0	-1.090194572983001	-2.2297473383590782	-5.77976202582067
1040.0	-0.08055784169715313	-1.8711329622864734	-6.414538988445503
1041.0	-0.7129675962108747	-1.173484408062847	-6.315087107771191
1042.0	-0.6776965244872518	-2.0303552298529803	-5.851690886178288
1043.0	-1.4037011411534306	-2.4575379650943625	-5.7823704351299865
1044.0	-1.758575573087674	-2.4271766183242276	-5.663591242739345
1045.0	-1.6039190450897742	-2.273494067243377	-5.446822344811418
1046.0	-0.6938807498704829	-2.2225594396473687	-5.3939265366088724
1047.0	-0.4138583654415996	-2.0054752336521187	-5.5616719718396475
1048.0	-0.533808466606995	-1.1679743091352197	-5.873415002924572
1049.0	-0.23088819101474334	-1.731226432439466	-5.8677468481433195
1050.0	-1.3272361719056798	-2.0859387806461123	-5.253427831074415
1051.0	-1.5761055183736399	-1.7720915127277104	-5.53384314390612
1052.0	-1.5441231527739454	-1.5792727228495258	-4.859120717031711
1053.0	-1.2405987856492824	-1.3324783484775822	-4.84948118192092
1054.0	-1.360546777767832	-0.9975633135190374	-5.027801787902468
1055.0	-1.4305601352987702	-1.2107386373589626	-5.331604364263054
1056.0	-0.9822067092113251	-1.159322759493072	-5.120967893079532
1057.0	-1.3173857401966114	-1.7098684329516025	-5.185018819699871
1058.0	-1.299311369991186	-1.7884687924826799	-5.615349251786773
1059.0	-0.5596937691125622	-2.198298678326816	-6.068364355037067
1060.0	-0.9156954954529452	-3.089361903877251	-6.385308594132516
1061.0	-1.2048602117416967	-2.4724662936786768	-5.693891406448043
1062.0	-1.9758832965656965	-2.838703641719225	-6.162692000449326
1063.0	-1.3673683458289145	-3.273615937954921	-5.932140458918152
1064.0	-0.2945731800286424	-4.411085817746576	-6.362428364711328
1065.0	0.05500082265406625	-4.037313543589454	-6.042356265279361
1066.0	-0.0028782987494617718	-3.925834422903156	-5.9360995351343115
1067.0	0.1961679844625162	-4.889883796051096	-6.197619362597172
1068.0	-0.16255581257084428	-4.985175507569499	-6.055459795774315
1069.0	-0.1546436664243339	-4.593189445328107	-5.92236507185551
1070.0	0.4079220279220921	-5.073647776006518	-6.1711141618899825
1071.0	0.7489937806625576	-5.097280160476694	-6.642678327301821
1072.0	1.8617428832886258	-5.42106257644639	-6.828120721991411
1073.0	1.9808692419929659	-5.46797391325271	-6.383309455561665
1074.0	2.387300989395827	-5.088407499414345	-6.844820169636442
1075.0	1.8979235921627229	-4.9123093806194165	-6.71565740915027
1076.0	1.9012916157409916	-5.074656545121155	-6.826323173957889
1077.0	1.7024117020011933	-5.415072933586752	-6.312258794688314
1078.0	1.122306235345804	-4.998772533394926	-6.28197704536942
1079.0	0.980439959879528	-4.641547823064345	-6.194023656248674
1080.0	2.101540811731468	-4.890742812168856	-6.824317972135373
1081.0	2.532037088518484	-5.02953808607499	-7.0729171595712605
1082.0	2.5639694547241243	-4.835805583746461	-7.270510045236309
1083.0	2.672507490637765	-4.685651516469206	-7.260729374748043
1084.0	2.171868345758689	-4.914366495528802	-7.387096995319223
1085.0	1.550954349843947	-5.497826385963988	-7.441175655844887
1086.0	1.4282328275848961	-6.062774842773665	-6.638110749496279
1087.0	1.2379025241677883	-6.3301139166334535	-6.983657288876661
1088.0	0.15677230541513154	-6.602367884321318	-7.409058564457219
1089.0	0.5698900918253662	-6.60756290463368	-7.230054811285849
1090.0	1.119819895818442	-6.6414087476292245	-7.502890499938933
1091.0	1.061931435462407	-6.641336094746347	-7.791090259941696
1092.0	1.1827007268527763	-6.738693294009341	-7.846979874619458
1093.0	1.2576019501367728	-6.844604844601433	-7.845978757212574
1094.0	-0.07973041314262463	-6.482798154658063	-8.0006566702187
1095.0	-0.48719460774582624	-5.702791768274882	-8.12027403437653
1096.0	-0.6382522736506276	-5.578212269243778	-8.03098990763843
1097.0	-0.5624530457708254	-5.051113565623857	-8.418953682154127
1098.0	-0.4681371721169759	-4.635612428045078	-8.389674559023232
1099.0	0.6982683748575357	-4.759365552342262	-8.122532694828564
1100.0	1.084686319741213	-5.268134442976591	-8.511665947103149
1101.0	1.0715582579904326	-4.893601099477723	-8.344506177520756
1102.0	0.4006299282133178	-5.019712218540718	-8.022538978244032
1103.0	-0.1474817449387995	-5.2395149753236625	-8.247358024873083
1104.0	0.23989564162177573	-5.1383129767397175	-8.258719396297135
1105.0	0.49892574030973974	-5.411058892205289	-8.469486770375502
1106.0	0.49606640624875764	-4.627056772753357	-7.826462627528759
1107.0	0.4471819749529435	-4.448020235533388	-7.223318568574524
1108.0	0.391576166703564	-4.158175688396174	-6.9992352318213875
1109.0	0.2656600962288708	-4.915239391122799	-6.067956088973158
1110.0	-0.23195990964075763	-5.062686762831553	-6.421665307399873
1111.0	0.11350161599767883	-4.832480995579522	-6.462668346811379
1112.0	0.8412202766679795	-3.9837346917852834	-6.033940589643448
1113.0	1.4055040139337682	-3.830130750909015	-5.980901642168193
1114.0	2.5428035109852054	-4.20502989026015	-6.0630665131416865
1115.0	2.639005845112553	-4.26154430879067	-5.734925472495638
1116.0	2.747964901482474	-4.224574406582327	-5.744787563111125
1117.0	2.40845463940728	-4.211862381464256	-6.3027861048921805
1118.0	2.3061503260317697	-4.437809742196279	-5.812131179517705
1119.0	1.2328928341831842	-3.8031501385510533	-6.084531846958977
1120.0	0.644870033905754	-2.7421233142047403	-5.548937843208134
1121.0	2.5488712361933823	-4.015966748233982	-4.995305329894035
1122.0	2.042295602848636	-3.6353795643768434	-4.812267108213715
1123.0	1.8195143114142398	-2.8142170192255684	-4.908535859742157
1124.0	1.7204094757413806	-3.439478241542703	-4.808515902917385
1125.0	1.0969830527543913	-3.1496520065935174	-5.335798864404118
1126.0	0.8579345418155633	-2.7007684494553494	-5.521508566884125
1127.0	1.8357221591557658	-2.510773631560183	-6.283472877960838
1128.0	1.599191173484201	-2.84793126923193	-6.520432325609557
1129.0	0.5772721257772415	-2.8342294649873523	-6.233220149416405
1130.0	0.1968260028291986	-2.7330187397282284	-6.207365679160489
1131.0	0.8147376986286622	-2.548868156651868	-6.041628823683608
1132.0	0.5238372640591314	-3.0399332226942697	-5.886512324347524
1133.0	1.2594365172523274	-2.934956196735848	-5.740137891592593
1134.0	0.7121986650084566	-3.108565276571316	-5.7143659686457005
1135.0	-0.1736932292120748	-2.4133060535564557	-5.184377643379695
1136.0	0.5435451971535441	-2.6113596803204264	-5.3469761212692335
1137.0	1.1425764926538449	-2.831150502660174	-5.8318130323834065
1138.0	0.757521407751643	-3.016736704308645	-5.847414721659764
1139.0	1.2927989451524315	-2.598320157897539	-6.259983580675254
1140.0	0.5411404060656524	-2.8329841833571248	-6.443850606533182
1141.0	0.5331743193437986	-2.568945478914854	-7.073930930989644
1142.0	0.09638917621645282	-2.688488165317687	-7.220386616163934
1143.0	-0.5950929096387116	-2.5905733844561527	-7.310741876273782
1144.0	-0.04898370630840684	-2.435662452441237	-6.885202094937679
1145.0	0.3455977713977214	-2.7773376977527096	-6.9453827335083655
1146.0	1.0156422279936677	-2.566519270450473	-7.1099695354091645
1147.0	0.5737622326145496	-2.6796811044683686	-6.6213907484297785
1148.0	0.1800714177516165	-1.753350196666778	-6.817282785389002
1149.0	0.05825791240878231	-1.5313044732429	-7.569859821448488
1150.0	1.4560562645398054	-1.6104790004785876	-7.953004508695934
1151.0	2.174457129739378	-1.4850760803378207	-7.818931802681709
1152.0	1.1258289006873623	-1.8355795326234157	-7.384869089995715
1153.0	0.36571772260835184	-1.6659486128753243	-8.061000523159995
1154.0	-0.07366657091018888	-1.751970684938967	-7.81984229178192
1155.0	-1.1025446861133061	-1.7639600457459492	-7.608874431608135
1156.0	-1.0938123123358665	-2.2335974443197886	-7.905406970975773
1157.0	-1.4030324532007519	-2.246248694088205	-7.940204707443463
1158.0	-1.4460200059260875	-2.7176796443478772	-7.886985150774486
1159.0	-0.14817247192440428	-2.311745438629096	-8.24049715299554
1160.0	0.5493721312944225	-2.009799840512874	-8.155014971148134
1161.0	-0.2383095581992388	-2.027204480385448	-7.8073610845430235
1162.0	0.574891576882507	-2.572363516423421	-7.1807519213210105
1163.0	0.5754941498710653	-3.05623264652587	-6.751507402118592
1164.0	0.6137017228642597	-2.7309521384979067	-6.7045348075946745
1165.0	0.6870455428323023	-1.834558937005211	-6.370292336199871
1166.0	0.5316277656730457	-2.2595515319952195	-6.9325264644321845
1167.0	0.7439082724326864	-1.9971215208033701	-6.857505819657477
1168.0	0.2347329179107313	-2.3901940434224156	-6.339784482355899
1169.0	-1.8207642571216738	-2.51093636782351	-6.512549749072626
1170.0	-1.6220195063578369	-3.2760565399018695	-5.927188502565491
1171.0	-1.3801838024112907	-2.986516463572744	-5.651133202464996
1172.0	-1.4920291911341403	-3.1258638455421868	-5.557433107932988
1173.0	-1.773579285378971	-3.357638315012028	-5.7532144570689745
1174.0	-1.7172455814628949	-3.683693442428434	-6.002767621290165
1175.0	-2.062741813925436	-3.345617569304251	-6.179861858326417
1176.0	-1.4087416892548996	-3.3768150111309665	-6.717264733771681
1177.0	-0.5385852066003524	-3.3751417441273435	-6.906497877504901
1178.0	-0.07121656752311264	-3.1923233356515963	-6.4713811998965785
1179.0	0.16950192527253283	-2.6802140522600957	-6.346570440437401
1180.0	0.07693611850697352	-2.482717117050348	-6.087296360770716
1181.0	0.0803410428162524	-2.400648634827568	-6.143984183534857
1182.0	0.08702114354154233	-2.437896423460873	-6.382322349939406
1183.0	0.27254594615042593	-2.5997997392693746	-5.688324248801712
1184.0	0.6648199683080478	-3.1211691583763765	-5.96744478713841
1185.0	-0.4188026339030331	-2.9205056729761605	-5.818674112503418
1186.0	-1.2133322873694092	-3.1771899770212135	-5.780853601001394
1187.0	-1.695143299426125	-3.438223382462832	-6.059483430197436
1188.0	-1.6556543326049917	-3.1426814529570106	-6.180467681095676
1189.0	-1.8942143898247357	-3.40103831077843	-6.165158394949097
1190.0	-2.1257368831606582	-4.712837649167494	-6.143521440797819
1191.0	-2.6024038275151957	-4.473355063716807	-6.3865781690546575
1192.0	-2.217379127172572	-4.726022451467973	-6.427393998977088
1193.0	-2.3469392945521808	-4.4413600943202045	-6.3316329734885874
1194.0	-2.4617562257148946	-4.590083845456574	-6.2613638199559105
1195.0	-2.6001524238642615	-3.1597976133156545	-5.847845029004944
1196.0	-1.9484233731787781	-2.4258189596433555	-6.643214244989764
1197.0	-2.325472439876874	-3.222684444307114	-6.586535796857543
1198.0	-2.1856406444865644	-4.048242528631173	-6.406228159493709
1199.0	-1.39742201010302	-4.738153544025056	-6.595735661805536
1200.0	-0.7325844125586336	-4.612656190615909	-6.715249441923897
1201.0	-0.4481304207285624	-4.757471846636416	-6.834352791835575
1202.0	-0.2709138644402324	-4.6653165593475485	-6.5333028732940015
1203.0	-0.39406628488288276	-4.607455291193719	-6.643999342332042
1204.0	-0.4464406300578906	-4.65676551551132	-6.8160506168017765
1205.0	-1.365089156490219	-5.0663312051224505	-6.890253172969662
1206.0	-1.3539247906764516	-4.2424731969198035	-7.148619228588581
1207.0	-1.3178662335013338	-3.9320104991894023	-7.46462007962487
1208.0	-0.0986064799403607	-3.4263517725265573	-7.6889302453758175
1209.0	0.49784323736255776	-3.8491572084540753	-8.378988851567897
1210.0	0.5637500139260874	-4.26645763307771	-8.286557342342482
1211.0	1.3886015353337606	-3.9393008730230092	-7.636295996874573
1212.0	1.6084273412344534	-4.110369994286087	-7.469274434884557
1213.0	1.5454630216945635	-4.133743538611927	-7.470926158748014
1214.0	1.4592942648595115	-4.2191345246414045	-7.312620205567638
1215.0	1.9088641907699997	-3.124429094525761	-6.445022627814922
1216.0	2.1184316696286056	-2.969615035600659	-6.601938519786963
1217.0	1.8307719142994026	-2.9742738724480366	-6.135096755536332
1218.0	1.5373735969466555	-2.3843081436065536	-5.551038557794346
1219.0	0.8798169092450161	-2.4710343436631743	-5.625905777121591
1220.0	0.672885111280074	-2.6430792795859936	-5.745678895096231
1221.0	0.3160623160019054	-2.183725025770602	-6.290188596112754
1222.0	0.6554430773252068	-1.7105409170817385	-6.134507121123467
1223.0	0.27208592469020954	-2.081073975524511	-5.984974045348062
1224.0	-0.24170173306296366	-1.0734073306836005	-5.87046703651828
1225.0	-0.04784143264262852	-1.843066957465517	-5.590482916867762
1226.0	-0.3642313042266228	-1.7861679307782916	-5.960994990332317
1227.0	-0.29693200736094033	-2.287131650407862	-6.290925422496739
1228.0	0.5159834210416918	-2.3278034740834244	-6.638852955686961
1229.0	-0.4230651188285616	-2.3926568817374454	-6.441502856821653
1230.0	-0.46521781475862906	-1.4054335618343654	-6.366399260226176
1231.0	-0.21814413961726592	-0.8599122837040816	-6.4284245728652865
1232.0	-0.6916400505681165	-1.103203398521236	-6.542274665574531
1233.0	0.539125004109425	-1.4360193991043264	-6.636830825268646
1234.0	0.9395460908058568	-1.4488284339029112	-6.995502778524673
1235.0	0.9334987892688478	-1.2568762601745918	-6.5231512185444
1236.0	0.6171129182664445	-0.47217048552344887	-6.60884171314614
1237.0	2.037597554210551	0.5136756204369544	-6.587894531235533
1238.0	0.8844717385375438	0.09420380150361463	-6.299885141204806
1239.0	0.9976827631309932	-0.8640225176676087	-5.877757260600635
1240.0	0.8650710501522345	-2.2301360229318323	-5.679116685538202
1241.0	-0.20274468248283184	-2.938578928244564	-5.561068776437333
1242.0	-0.08849312928505948	-2.8714882912079576	-5.60069765641567
1243.0	0.08737510446411167	-3.337591024823942	-5.3792909143259
1244.0	0.6368514946152126	-3.2638199315122733	-5.964011699029271
1245.0	0.47461762213760117	-3.056172076740607	-6.128508761116067
1246.0	0.564109659667707	-3.19411139464722	-6.0749717173042885
1247.0	0.9346178500216793	-3.9139525834564277	-5.641385540364788
1248.0	1.0576113665961362	-3.225461901784186	-5.4949288547133435
1249.0	1.0526956812939803	-3.7121169854615323	-5.5690618780379
1250.0	-0.05884714178694894	-3.069213661285604	-5.645321579669204
1251.0	-0.13885597153092405	-2.5415907749696953	-6.583815410554661
1252.0	-0.24925424374663643	-2.626903061425013	-6.114173016277563
1253.0	0.5078269404116297	-2.535104760532109	-6.312338377862733
1254.0	-0.08065673830302805	-2.0744038364150135	-6.8571047728592385
1255.0	-0.6981046195788716	-1.29594177000526	-6.809113866205708
1256.0	-0.9198803364537744	-1.074559830210832	-6.986417248902768
1257.0	-1.2071751886154511	-1.0570805206339091	-7.455819994509696
1258.0	-0.5482628729828165	-0.9080102844434562	-7.6854251076978635
1259.0	-0.34947481994836016	-1.2736592288563253	-7.431623833484656
1260.0	-0.8085898640942052	-1.2718902502119454	-7.813697324133891
1261.0	0.3033814545392648	-1.0568476002923124	-8.051924512921444
1262.0	0.35708343992062824	-1.4650819869085137	-8.381660540290634
1263.0	0.6972201859624124	-1.2600816271649244	-8.276950371959476
1264.0	0.5477311821566232	-1.8175139367880098	-7.5652245873302295
1265.0	0.6992372606619466	-0.9978958263924624	-7.431583677946313
1266.0	0.6818838618640115	-1.0334585977888517	-7.714883076963236
1267.0	1.729884401451592	-1.2830545048771973	-7.441429634218215
1268.0	2.1836214200025674	-1.1516912421975847	-7.147369721910855
1269.0	1.5158352994813478	-0.6079178897614235	-6.782677237779388
1270.0	1.8434552027465774	-0.9163962632535885	-6.705339542853345
1271.0	1.8134842594928244	-1.4164819479881963	-6.540680169842532
1272.0	2.268281690818254	-1.914601339839847	-6.635392241128737
1273.0	1.9466026087469415	-2.1405626819438477	-6.481197082506509
1274.0	2.449373194866032	-2.5419325897645497	-6.047082252218238
1275.0	2.160506509885588	-1.5608224580023986	-6.238003096384667
1276.0	1.861415393577863	-1.6258006735467225	-6.51565936713486
1277.0	1.274516637655595	-1.3956655718616078	-6.608438017930389
1278.0	1.2997965229522852	-1.1994888805967814	-6.411888437337926
1279.0	0.34886667069491895	-1.5106342885255128	-6.615769752031087
1280.0	-0.3271785005657551	-1.1606340599826794	-6.3183613296472565
1281.0	0.05073403899890597	-1.7041812047353848	-6.193335322088339
1282.0	0.12965203368678024	-1.437918842877489	-5.595664956355779
1283.0	-0.7379854716206927	-1.8478011955714095	-5.809401632403913
1284.0	-0.08723028431191365	-2.2782211831886583	-6.099434613485584
1285.0	-0.5606280817293265	-1.8900393529604511	-6.168760568339281
1286.0	-0.4028206007421228	-2.0478505725596365	-6.200992987902223
1287.0	0.4198581630328229	-1.8058262072262987	-6.431014857506235
1288.0	-0.09265529926185173	-2.092348191221993	-6.988141207402677
1289.0	0.6109513858582213	-2.475344312634188	-6.67755120555584
1290.0	0.2569038594438951	-2.8820961565038883	-6.888762536945601
1291.0	-0.17028267659179558	-3.078539940878135	-6.764754002191607
1292.0	-0.6379427805104179	-3.275717095999173	-6.324119869704834
1293.0	-0.5037511679093337	-3.1946906758624123	-5.8873369161429006
1294.0	-0.2234451310162168	-2.957191314580958	-5.908210313489513
1295.0	0.5051705873409833	-2.1958675955291778	-5.47079470905672
1296.0	0.7315015498472421	-2.62089489113079	-5.621765144591043
1297.0	1.3604635343260483	-2.5471867810767224	-5.536646280656172
1298.0	1.0579059673436912	-3.2423624044129897	-5.553635305012505
1299.0	1.1600790449826863	-4.2717270437006345	-5.826081481418996
1300.0	0.07344114383787759	-4.4693833973383	-5.6290727741464375
1301.0	0.9782394841939375	-4.542040047257071	-5.108676011190213
1302.0	1.1236010302235382	-4.166658463116999	-4.462915907449876
1303.0	1.4573492870300249	-4.1423241272383	-5.537791900567326
1304.0	1.8759215073985946	-4.545436339917555	-5.8260728674296995
1305.0	-0.7298787645123848	-4.434679600593976	-5.635845722097688
1306.0	-0.550063741932333	-4.217276840101619	-5.732009924186652
1307.0	-0.3791124752083747	-3.2414354111911967	-6.092383134923429
1308.0	0.14408058810688185	-2.9023768233942038	-5.616752279106414
1309.0	0.2967253831888843	-2.80087577513163	-6.220434427769159
1310.0	-0.5115923463540573	-3.092325767848127	-6.503741942630609
1311.0	-0.34830036834959444	-3.557437551260543	-6.457099762241744
1312.0	-0.04976939124637464	-2.895788523097393	-6.3466144960350395
1313.0	0.7953211280041516	-2.438570531321775	-6.1591335849081315
1314.0	0.9110514070224618	-2.820594915228868	-6.32865035346461
1315.0	0.5299881896054042	-2.078019338012994	-6.934842977344727
1316.0	0.6418080159883838	-2.9071451719870836	-7.263269750531352
1317.0	0.10361672872556227	-3.2710995489470616	-7.187852054983047
1318.0	0.24619650748890015	-3.104529382015831	-7.979578139298535
1319.0	0.6780150738007352	-2.848684916793337	-7.536348515004981
1320.0	0.053368193851074774	-3.2871088042583154	-7.762635825364278
1321.0	-0.20017731059883048	-3.800640873911929	-7.971631005151343
1322.0	-0.20707091394072938	-4.494281441101349	-8.040052496623598
1323.0	0.24584132042996043	-4.137896280329803	-8.044247334442035
1324.0	0.6224088186987335	-3.527923470072805	-8.124498093965189
1325.0	0.23472381160122655	-3.993354737526367	-8.374931508534372
1326.0	-0.5657104381987654	-3.921746141980302	-8.414587348614221
1327.0	-0.6587402521267415	-3.6059278331619993	-8.272966727561014
1328.0	0.6016102549458453	-4.137813685912298	-8.12048572252031
1329.0	0.25707514674393617	-4.346489005032436	-8.24296683511591
1330.0	0.30136921628152236	-3.986935621810921	-8.104650833407517
1331.0	1.3405374469173854	-4.194586092792673	-8.154293114710697
1332.0	0.6503531970136394	-4.099724279807134	-8.265318001522788
1333.0	0.6457634119980266	-3.7759117201606394	-8.023246906957821
1334.0	-0.36480546785935025	-4.085847558142156	-7.974616103424909
1335.0	-0.6258534662421291	-4.747131796553772	-7.713348090939491
1336.0	-0.23284710081569968	-5.378896388553077	-7.93145403695743
1337.0	-0.6457159337177845	-5.104099159531268	-7.890430950834288
1338.0	-0.5291382491516315	-4.972442538375166	-7.314157005328346
1339.0	-0.7988997654717046	-4.596230983880454	-7.189211138686019
1340.0	1.0402584965086885	-4.144973887671972	-7.864555245600431
1341.0	0.69679509412586	-4.480248419839501	-7.647127628405887
1342.0	0.35366055776886207	-3.7892543700178525	-8.028083016333353
1343.0	0.9532116115959923	-4.124871749080651	-7.952367537808894
1344.0	1.9263294596648803	-3.0511541608693076	-8.113005395638385
1345.0	2.1756855142383826	-2.939579638907442	-8.325137886692238
1346.0	0.7628411309751646	-3.022063949991386	-7.709884055333707
1347.0	0.5368032944542733	-3.51141125837794	-7.549823318317231
1348.0	0.45654074566095415	-3.79840054084571	-7.633181830018953
1349.0	0.1327157000569909	-4.15193567256548	-7.870785064657315
1350.0	-0.11880587817560517	-4.118493817240809	-7.37683938838865
1351.0	-0.45743900188001624	-3.2251165397455175	-7.306769267622412
1352.0	-0.34683832479272836	-3.4383995721168623	-7.236262504724135
1353.0	0.13272360421088153	-4.220506145577043	-7.3565729889893525
1354.0	-0.8245311977330156	-3.956380397646093	-7.94479042571171
1355.0	-0.6129826592065453	-3.284345497359696	-8.421082984934083
1356.0	-0.890413530003556	-2.715792907489018	-8.760453519402809
1357.0	-0.8350098786854623	-2.46637557981755	-8.546809048542874
1358.0	-1.070093383142273	-2.9373010402073763	-8.695085545787979
1359.0	-0.20637708266191168	-2.9810956561490416	-9.03829682570601
1360.0	-1.2661340126559635	-2.517900942649345	-9.593247342488135
1361.0	-1.7899731108605486	-2.7066872938022906	-9.508833060997663
1362.0	-1.9869722361742714	-2.966888067814498	-8.842320720455884
1363.0	-1.977729326753324	-2.639753617335665	-8.5875271193069
1364.0	-0.9560549942916088	-2.6475301155151962	-8.194593669812527
1365.0	-0.36738563794935475	-2.831986849232764	-8.796297939034016
1366.0	-0.796687897027993	-2.997381985886518	-8.160767704908515
1367.0	0.47933041300122525	-3.2174968217237003	-7.650362633726682
1368.0	0.35946074474765743	-3.724184001276676	-7.3421359183367265
1369.0	-0.10030787339073977	-4.248018869118779	-7.744520762203113
1370.0	0.5136849453057049	-4.297348382641657	-7.7280019918279885
1371.0	-0.015273205594454248	-4.261327737597379	-8.37542611681705
1372.0	-0.43725884146212163	-4.736309312278483	-8.4011509970879
1373.0	0.2806469716084652	-4.639429679284991	-7.565232886511688
1374.0	-0.5181016143982705	-5.033755120501347	-8.053634198845508
1375.0	-0.36398017305006647	-4.814720236226256	-7.919023930550569
1376.0	-0.2274749800519189	-5.118974179449647	-7.796131959992308
1377.0	-0.6192579657568924	-5.298071200024831	-7.475945317178029
1378.0	-0.2161952486351049	-4.9447516590487	-7.529429261632889
1379.0	-0.3110888514453056	-5.402992634202023	-7.7451251889398485
1380.0	-0.37765246498271293	-5.5014356375275835	-8.097590100708796
1381.0	-1.1655499948797898	-5.321726407887981	-8.398660585115353
1382.0	-1.2452226405259048	-5.444195584616618	-8.027827199274903
1383.0	-0.8823076100170574	-4.876672404955279	-8.282115558579935
1384.0	0.10405673949806532	-4.434787007448509	-8.40671682493109
1385.0	0.6548545384448445	-4.563066094513248	-7.466291944410026
1386.0	0.8702027411074569	-4.683190390605741	-7.313032973335202
1387.0	1.177774214350901	-4.305337258980613	-7.138331794454466
1388.0	1.0241860318862395	-4.496359650334894	-7.294840333718335
1389.0	0.12875015881247437	-4.194848726962272	-7.281409897855349
1390.0	0.9108874682011179	-3.9705450491190155	-7.892656381116785
1391.0	0.3801273914865162	-4.60745984364578	-7.876372258843492
1392.0	1.0282434274835757	-4.449954613750022	-7.741129629991356
1393.0	1.0771616338178436	-3.603722673776063	-7.688206132438575
1394.0	1.021768936778353	-2.9814342790989334	-7.578257261543072
1395.0	0.011627903564048248	-2.6894495625736083	-7.469156451794218
1396.0	0.8744012483741431	-2.2430211124730084	-8.010484135570126
1397.0	0.8370804431083853	-2.7394360234784014	-7.968169120932038
1398.0	-1.0453909394346352	-2.6947564024366333	-8.473239637504669
1399.0	-1.0838142414509015	-1.949375809693737	-8.456175475194538
1400.0	-0.32408646114805745	-2.070906911879025	-8.050158031554263
1401.0	-0.6327365946315633	-2.5649771801798504	-7.779056901655831
1402.0	-1.0380814953937005	-2.7571636174110834	-7.823717924929063
1403.0	-2.9396960708934587	-3.4816960002839967	-7.295197205076364
1404.0	-2.65203017564642	-3.5910685007658385	-7.74207948422943
1405.0	-3.292304330568291	-3.209781559791561	-7.810504583313722
1406.0	-3.6988763983815725	-2.9099251492702654	-6.897499715253204
1407.0	-3.5394135923260692	-3.598861230741899	-6.931789167000935
1408.0	-3.030206811673508	-3.449864333618522	-6.90169727554614
1409.0	-3.2556409767347017	-3.6374738631322514	-6.722288114297866
1410.0	-2.539757220870088	-2.615631990658253	-6.4381422658778416
1411.0	-0.7192570780187968	-2.4619838796140403	-6.372387619296478
1412.0	-0.3545682125427405	-2.258208080628964	-6.17048654718913
1413.0	0.38745959135018937	-2.3288153833285374	-6.080502182006241
1414.0	0.03586626271662996	-3.321115763457554	-6.101158683792299
1415.0	-0.2610830448263739	-3.3596958599425277	-6.462453138273277
1416.0	0.08322345058611702	-3.565810019391496	-6.777917900607158
1417.0	-0.29928706409312344	-2.9456470768447605	-6.738643136649136
1418.0	0.9464428812180082	-2.967217695132726	-6.991674873062964
1419.0	0.9205401057289538	-3.025226404186459	-6.974687915003952
1420.0	0.010542940789857236	-2.666700915977984	-7.730872394801192
1421.0	0.11068119479921311	-2.2274592269993025	-6.775929357593752
1422.0	1.0504572863527502	-3.0550328818855443	-7.217131851368426
1423.0	0.13395235213199416	-2.9741180913740286	-7.513266700016708
1424.0	-0.1429159142535858	-3.906718617503902	-7.632289606389758
1425.0	1.0658302079738409	-3.9948400542638005	-7.563321697543767
1426.0	1.0101470760599902	-3.787442485861102	-8.258152980328006
1427.0	1.3301863201513076	-3.4262761166435673	-7.768236991572418
1428.0	1.9709400681023008	-3.4328265984092083	-7.6889992188804435
1429.0	2.3281210953167863	-3.1188649343510884	-8.005647122205502
1430.0	1.8626525730512602	-2.9868069298975364	-8.131249214473886
1431.0	1.457664225601469	-2.799154799874416	-7.676835582598854
1432.0	0.9256193392868204	-2.9962296283098535	-7.680580459823255
1433.0	1.6653069744414246	-2.8581875391131035	-6.623353729320575
1434.0	1.5332334813388604	-2.855318577282681	-6.710526633760807
1435.0	0.9149022280959325	-3.286420054752174	-5.620804241124198
1436.0	1.0994711123435055	-3.346522551870088	-5.393015667641244
1437.0	0.11504950542139225	-2.6245028738666814	-5.983795608885234
1438.0	0.048091220750203556	-3.324630075361088	-6.2035735052069025
1439.0	-0.17370010307594685	-3.880173754897614	-6.366099114623344
1440.0	0.9094774804672806	-3.664686919336127	-6.611894440990881
1441.0	-0.6738788006641137	-4.180311164956471	-7.062141666037526
1442.0	-1.4119731263900328	-3.3940768810307937	-7.048067725212048
1443.0	-0.9597156503057629	-3.5552171290816617	-7.669109425420791
1444.0	-0.8465122789437292	-3.3678688309878435	-7.653743349743195
1445.0	-0.21642516911722917	-3.0527038848204557	-7.999135221320807
1446.0	-0.5166196036457662	-3.3815690101385663	-7.451216402846512
1447.0	-1.0842328479283918	-3.457205547942501	-7.7807514544536875
1448.0	-0.9529310512541027	-3.7570179539195325	-7.935711481846768
1449.0	-1.1450634859220261	-4.598773541535918	-8.11227388104953
1450.0	-1.4516733823343293	-3.724160057964978	-8.144429901394135
1451.0	-0.6443218515408833	-3.847807952601066	-7.993616317567371
1452.0	-0.5875670231312238	-3.889502715583127	-7.511631853385128
1453.0	-0.08562890548694613	-3.7806669565790907	-7.025393127871459
1454.0	0.14003292004466472	-3.335282410734034	-6.870545646310056
1455.0	0.6041548577715706	-3.3664519274608775	-7.311965216840038
1456.0	0.7685945508531385	-2.650830656192069	-6.869329416667732
1457.0	1.0637806489278294	-2.2803472664062028	-6.716909667755836
1458.0	0.7850436167971521	-1.9866850127218445	-7.380799391775905
1459.0	1.8751180515704018	-2.7246126827376944	-7.829170567523043
1460.0	2.5228327195708946	-1.617532933410842	-7.798261267239777
1461.0	2.0936234459003877	-2.1700713901717363	-7.896690236176331
1462.0	1.2404325900285884	-1.8495866403504562	-8.206909207857983
1463.0	1.495532346908208	-2.0903949838050404	-7.871670428897822
1464.0	1.453655231215404	-2.806262140703496	-7.974996121019839
1465.0	1.1937231721085944	-2.2645012625153575	-7.5001730241900555
1466.0	1.280704797532404	-2.351064250019138	-7.496398050825206
1467.0	0.16911069310077056	-1.9162120987983724	-7.572244284455526
1468.0	-0.4541728920246973	-1.498566988459968	-7.77034216469669
1469.0	0.4989610671226662	-1.8502712562825874	-7.826879370245222
1470.0	-1.034294532064151	-1.755955663920318	-7.732068084380712
1471.0	-2.4295893108726605	-1.9762816521619437	-7.277767161901805
1472.0	-1.0029124194582903	-2.4852587992801123	-7.5420906958405025
1473.0	0.38011226762151795	-2.956777808896489	-7.7240361037077285
1474.0	0.5287807347454533	-3.7081631769849643	-8.02251956860904
1475.0	0.8039418357778928	-2.61693505557237	-8.024552115392096
1476.0	0.12142377622631528	-1.9472849139281134	-7.000515839473932
1477.0	-0.5019559951645329	-2.811951762178873	-6.932426850651077
1478.0	-0.7499998783103203	-2.4203707757519894	-6.686335934938527
1479.0	-0.7281256078209334	-2.3119264764360072	-6.766362037608236
1480.0	-0.39617088747655316	-2.362867094012037	-7.26432383275097
1481.0	0.19351546510636983	-2.752803404532549	-6.786249724190564
1482.0	-1.2322618345279137	-2.357775551401502	-6.4088269837857945
1483.0	0.17501802469792893	-2.471459777044807	-6.718286296208845
1484.0	-0.5173922304678789	-2.4635061124713924	-6.993949051298367
1485.0	-1.1686233864173456	-2.449033472766087	-7.1080145131681025
1486.0	-0.1681213611963378	-2.634780422968142	-7.200771123384565
1487.0	-0.05834143431272973	-2.81760330883816	-6.9647617649226845
1488.0	0.09321657105609987	-2.90133553667765	-6.895885158744813
1489.0	0.048411989049685855	-3.0396699530087514	-6.741151128528605
1490.0	-0.6319135992441451	-2.2567026995019557	-6.481755358707657
1491.0	-0.5543531895143877	-2.7850153364383337	-6.377238836800198
1492.0	-1.546252057372895	-2.8177398607751307	-6.2215547547714145
1493.0	-2.2198903571852475	-2.0325648371262792	-6.232045546275237
1494.0	-1.3925309635399343	-2.6437995373300884	-6.009804123744643
1495.0	-0.6436475831921764	-2.403484984312077	-6.465654693702619
1496.0	-1.4762495094756916	-2.3576434237759054	-6.821568533706604
1497.0	-1.5107495514606162	-2.118386761357147	-6.8298350926212485
1498.0	-1.9492280392159915	-2.092366682887669	-7.124517466658819
1499.0	-0.885618145552	-2.013241235050059	-7.3616001358499386
1500.0	-0.6534758019900548	-2.4694888428005672	-6.996419642206531
1501.0	-1.555136416248016	-2.40679126690244	-6.979155565463627
1502.0	-1.078346775148367	-3.03144523358709	-6.377439295719755
1503.0	-0.8641933058164227	-2.4147782312641053	-6.282735153195628
1504.0	-0.9573581445830235	-2.423306252360704	-6.542127655241204
1505.0	-0.7963780033561184	-2.3210809738024656	-6.299584885418377
1506.0	-0.3789284907786947	-1.955643548557242	-6.738616015714716
1507.0	-0.004984583527075814	-2.1410133233433912	-6.772856607946874
1508.0	0.35805089840699217	-2.5088230206111923	-6.754116032009615
1509.0	0.3842361446835139	-1.5913275804635516	-6.769318002580173
1510.0	-0.009918912561995695	-1.539029798045735	-6.855464612819104
1511.0	-0.848779759384249	-1.7440517061300385	-6.885568249754366
1512.0	-0.502699970430439	-1.6975158580208778	-7.095897714460145
1513.0	-0.45171358201638023	-1.7491933782151756	-6.696553603346669
1514.0	-1.0525605391146033	-2.0711291009045754	-6.526010659927017
1515.0	-1.4198594126906172	-2.558864740501183	-6.513002014114816
1516.0	-1.6057988409864656	-3.586493958785437	-6.506527437717022
1517.0	-1.1776749007359268	-3.6752618147474205	-6.0564876606329205
1518.0	-1.1918736622838177	-3.4769297705021422	-5.870882470717794
1519.0	-0.787785734463175	-3.3621253875044457	-5.889872490600237
1520.0	-0.4997552714666948	-3.8829022233744745	-6.0641593351277105
1521.0	-0.09124338187341957	-4.200967253670766	-5.304002966673253
1522.0	0.12187962129087238	-3.0285677253262095	-5.322489098444558
1523.0	-0.9230866248559026	-3.735427638481828	-5.3258295922499395
1524.0	-1.3891464088519772	-3.6054337115129913	-5.909594799285901
1525.0	-1.30553675825744	-3.323241478981809	-6.2596394009963365
1526.0	-1.2896122358997233	-3.722583752698171	-6.457588274817911
1527.0	-1.0458205559700369	-3.8565964631571554	-6.407938225764158
1528.0	-1.6755760445863612	-3.5174762542887414	-6.630596117003841
1529.0	-0.561994104051161	-3.2979239611381685	-6.413708775835518
1530.0	-0.16419182058262843	-3.6380957523976156	-6.347140605071314
1531.0	1.4067199892454016	-2.6786578146032793	-6.971001475618003
1532.0	1.631926196871967	-2.244805439058274	-6.877968137599513
1533.0	1.037100220049417	-2.653333834223442	-6.808644815402079
1534.0	0.0761300704883116	-3.0083030165583033	-7.11620868768953
1535.0	-1.0716304519081863	-2.696041399200676	-7.609870133291457
1536.0	-0.4982255231820869	-2.7856422267061225	-7.37071945012044
1537.0	-1.3914976880838466	-1.690340215507588	-7.37699668315279
1538.0	0.15208349910498714	-1.3952813649769191	-7.6790310024664885
1539.0	-0.03690791513778173	-1.308756769550501	-7.756053772221725
1540.0	-0.6461151172067209	-0.5351370412259637	-7.569492577656557
1541.0	0.8293877642500156	-0.5419308519229569	-6.976463978440539
1542.0	1.494916576674607	-1.6784563841384543	-7.014830228799016
1543.0	0.8860536785731954	-2.088152219850745	-7.1431758857202645
1544.0	0.6723214362015243	-2.4938097656770806	-6.853992673442282
1545.0	0.5576550238289608	-2.560227860885157	-6.845465798829113
1546.0	0.36361133840483095	-2.4207300358177233	-6.425244134089224
1547.0	0.20064663412228634	-3.016204024770723	-6.651444991377684
1548.0	0.9189001853916653	-3.0342125418498336	-6.8610267697418275
1549.0	1.6285470768907526	-3.057853531758315	-7.101820049113168
1550.0	1.5628597208712023	-3.560397903761736	-7.417352740128348
1551.0	1.9572760149101294	-3.6574366557302	-7.324280469062797
1552.0	1.837612825152339	-3.6060988383179224	-8.022282129940036
1553.0	2.033059627275728	-3.570245386495577	-8.076892557415492
1554.0	0.9746719901816863	-4.543924096105678	-7.970427945332244
1555.0	0.18035240274153957	-4.378895364512343	-7.466707076919102
1556.0	2.13519389420111	-4.49271907409371	-6.901083380259125
1557.0	1.0951203537313694	-4.08618485741631	-6.638137981323171
1558.0	1.3615404863111022	-3.7584085249942083	-6.331983507496679
1559.0	0.9180393666261203	-3.487488200366083	-6.333170942230253
1560.0	1.0687052800387227	-3.787356921118984	-6.770263793259546
1561.0	0.7606355115048591	-3.762578871936954	-6.566212414129659
1562.0	0.42411770974245133	-3.6295771488666855	-6.395987398102072
1563.0	0.6854024298825157	-3.67477936254564	-5.853570567507996
1564.0	0.6882826147318585	-3.8277200944546093	-6.102765667766012
1565.0	-0.31049571951363053	-4.391943784520426	-6.445720943216324
1566.0	0.26942851483359753	-3.835667799524795	-6.1576281959536985
1567.0	1.0905571249429113	-4.657141054737524	-5.843578606009005
1568.0	-0.22388470504624114	-4.720446974456585	-5.341245969384456
1569.0	0.9425307005919196	-3.3039579229458402	-5.327464850108596
1570.0	0.7268356191573766	-3.2527771262508236	-6.058998237367866
1571.0	1.3240760922779014	-3.9539475788900287	-5.799300711488483
1572.0	0.34484364837143827	-4.066089080705601	-5.574181279039156
1573.0	0.10127263206715409	-4.0329991871536635	-5.441211069200856
1574.0	0.5540889195905296	-3.566187876656109	-6.217055517983224
1575.0	0.7802700143166157	-3.1833758014460223	-6.938174851202053
1576.0	0.48746266433971935	-2.827968514071456	-6.128540396050599
1577.0	0.272817923619465	-2.9107736892775335	-5.960618744860262
1578.0	-0.3279817002626593	-3.9818019484976297	-6.173283913870812
1579.0	-0.15579691038626003	-4.247873586110895	-6.262861134427523
1580.0	-0.15640907099592805	-3.9671617388849123	-5.984915298846737
1581.0	-0.771139215923422	-4.755389778375356	-6.086894302274429
1582.0	-0.5673196867568269	-4.121428696353992	-5.8342265059949625
1583.0	-0.7634280074666048	-4.76740916891675	-5.812737551667107
1584.0	-0.5985542458193905	-4.384878675389769	-5.647540208090332
1585.0	0.390411370081731	-4.464111888189796	-6.030511427607438
1586.0	0.5314510397624749	-4.488359296399031	-6.35246380151901
1587.0	1.4163851645786845	-4.542552535844684	-6.224800262750485
1588.0	0.1175282654594555	-5.075052322317456	-6.357718826934646
1589.0	0.9896146949304824	-5.1656494114497775	-6.393400841363444
1590.0	0.5408583743883293	-5.113403477624423	-6.270901690791392
1591.0	0.4380772917816917	-5.2085327108068045	-6.099155710919703
1592.0	-0.7028201488822468	-5.205935925021259	-6.028461294914373
1593.0	-0.5734748124042258	-5.322608922122535	-5.775707742211532
1594.0	-0.42756066203774007	-4.731389617517406	-6.06636889294274
1595.0	0.10461288286455883	-3.834266475818799	-6.108976940127544
1596.0	1.1175454568617615	-4.251646516510608	-5.799013908817268
1597.0	-0.3729906898139422	-3.7781429605485433	-5.872134914482066
1598.0	-1.0784975885039347	-3.083987946118944	-5.965150064398697
1599.0	-0.5178656068466039	-2.682398576928783	-6.391855598996453
1600.0	-0.5808985743731427	-2.076586128495493	-6.636265261216398
1601.0	-0.9249891832036848	-2.8730313531933676	-6.61238856098206
1602.0	-1.248419502330473	-1.9874658839052963	-6.528247751054155
1603.0	-1.1233272810078785	-2.9386504393890323	-6.553458701731037
1604.0	0.18421176110119708	-3.7495799120744513	-6.273672381732188
1605.0	0.3391935391653029	-3.5964779164187197	-6.055209731836286
1606.0	0.35283938142521837	-3.4003721085052345	-5.3768429766993515
1607.0	-1.3482003322911142	-2.2721087111232916	-4.780950089835283
1608.0	-0.9636405332059341	-3.170579346901605	-5.277287846413009
1609.0	-1.0981654304057757	-3.408146746129048	-5.230342454494629
1610.0	-1.5469646481939336	-4.096474499317981	-5.011452261725945
1611.0	-0.30720083849928537	-3.4888788547561624	-5.132492296610013
1612.0	0.09059425239707669	-4.3972873590265875	-5.684446825663285
1613.0	-1.37987019109176	-4.259398708153185	-6.569086669914284
1614.0	-0.8874564939984262	-4.057407414916672	-6.594809724018579
1615.0	-0.8472646139858393	-4.33117772658995	-6.67074196954345
1616.0	-1.4182615379781494	-3.4312516148242427	-6.418341840709306
1617.0	-1.5540708412021074	-3.9571156771299107	-5.301265451099752
1618.0	-2.0530337786745525	-3.4191419793309406	-5.477542806515015
1619.0	-1.910357086363772	-3.410649616800591	-5.903322203927667
1620.0	-1.045003420698226	-4.110747618686339	-6.416041183141039
1621.0	-1.5843859148500288	-3.283486236694667	-6.473369549138314
1622.0	-0.5725907522277511	-3.6954702336082015	-6.816436073039943
1623.0	0.21561855472540437	-3.5568702859614674	-6.491091954506469
1624.0	-0.4907173056347134	-3.2966242360743596	-6.640718179367761
1625.0	0.5158865475959178	-2.514218686352343	-6.324243329381683
1626.0	-0.678898784985272	-1.8647988910428117	-6.462260422575367
1627.0	0.5082642935748286	-2.526962326600331	-7.039094868946516
1628.0	1.3123656748348544	-3.009074173055961	-6.713926247345206
1629.0	0.02856194751667704	-3.26312859988367	-6.719666087395458
1630.0	0.05855642359046867	-2.555941607243144	-7.366276384136271
1631.0	0.6981956421749269	-2.404237087802886	-7.523130206167124
1632.0	0.6013917249249763	-2.6137064386828053	-7.63832019216016
1633.0	0.32458670921780197	-2.2523426171164598	-7.826125845969864
1634.0	-0.31497313061505594	-2.8728520854963193	-8.550841156927952
1635.0	0.09724172242262452	-2.873233110672945	-8.137086115298787
1636.0	-0.2890530369026513	-3.159332900866332	-7.966312802072137
1637.0	-0.5671619589676062	-3.0877425849154196	-8.404949970838702
1638.0	0.674337028668497	-4.113553363082964	-8.142692855434815
1639.0	0.9617717470143587	-4.833849412888232	-8.103274592619911
1640.0	1.25064696305016	-4.753947873137401	-8.018804162257071
1641.0	0.30668206961672173	-4.580571173068045	-8.15801267517136
1642.0	0.7182951615572537	-4.235339875628383	-8.3185419338654
1643.0	-0.09536342828339786	-4.767513309187424	-8.12024025987558
1644.0	-0.2571843734303645	-4.911619026731683	-8.10038394537099
1645.0	0.43342645471980445	-4.597612678132935	-8.28958678297306
1646.0	-0.39516391424824576	-3.7278953091308997	-7.7697570628357555
1647.0	-0.42803724004175714	-3.928337273626901	-7.707246791234455
1648.0	-0.20704972805778046	-3.8090016187380793	-7.723559514208208
1649.0	0.3287537608251303	-3.473421696202486	-8.285805212140618
1650.0	1.517785030230441	-3.304749440753823	-7.978123743486213
1651.0	2.049906846567469	-3.8728821839735152	-7.794341406951356
1652.0	1.3841141511428046	-3.8430152972131424	-7.425193519346849
1653.0	1.3209425839678062	-4.059601696466412	-7.588738196973301
1654.0	1.5261577048216548	-4.305019656558804	-7.125950599660755
1655.0	0.6649886093163355	-4.834660551171885	-7.537655727476226
1656.0	0.5800964913341531	-5.579978452343397	-7.606179876298554
1657.0	1.7137677281353991	-5.349128107752222	-6.989411581375058
1658.0	1.3047693631830661	-4.82025645060499	-6.998297926827673
1659.0	-0.2071320468726739	-5.503492125756178	-6.958658367762583
1660.0	-0.8762881936397549	-5.282534267161328	-6.538113707943159
1661.0	-0.374633514111846	-5.41578019466856	-6.488630533638614
1662.0	-0.13883571091413557	-5.596263800613244	-6.263174126142981
1663.0	-1.1823894155365433	-5.220721499609293	-6.686558211320419
1664.0	-1.4259297738268455	-5.470853195258703	-6.606381144329655
1665.0	-1.2791893231383429	-5.184438184094198	-7.005167479242614
1666.0	-0.5627747397984982	-4.53716258479911	-7.035237012705634
1667.0	-0.11949118115732138	-4.5083252154687425	-7.113250848017857
1668.0	-0.5984920320481847	-4.148408406488635	-6.831832443216122
1669.0	-1.4498069554577429	-4.192858199944314	-6.988038591909817
1670.0	-0.9865209390433527	-4.194885779173368	-5.919035318223742
1671.0	-0.4910838794559719	-4.801609142676621	-5.945608345763089
1672.0	0.13924478732205692	-4.6238337895076365	-6.26122523314559
1673.0	0.08505820005654503	-4.748970926176362	-6.795643439619199
1674.0	-0.044067484554809674	-4.295654632245789	-6.479377287618846
1675.0	-1.279528682473437	-4.269111576568587	-6.164286078518646
1676.0	-0.9992163844098233	-4.119719043895558	-6.1162094536593035
1677.0	-1.7048853522797796	-3.529547958984431	-6.2173373242726395
1678.0	-1.0823069623275547	-3.693065290893729	-6.068078209799274
1679.0	-0.16863423408113942	-3.555258626503523	-5.626828798628898
1680.0	-0.6397824891223356	-3.821391189577588	-4.997059088412807
1681.0	-0.18923229599841201	-3.985468251774535	-4.786425070762471
1682.0	-1.7852205387794045	-3.2915013013029437	-5.1496625252012524
1683.0	-1.4678928651451126	-2.436967154300871	-4.531925482266579
1684.0	-0.8266514488275756	-2.864036974185538	-4.646949445313602
1685.0	0.506281634534816	-3.365263458752775	-4.56668715549868
1686.0	0.5935682399447881	-3.359431504490561	-4.3312911469072235
1687.0	0.6937213626674824	-3.4916952427839645	-4.447261331844858
1688.0	-0.16314798123062868	-3.372809778654216	-4.687246435544109
1689.0	0.38927933876112364	-3.5186856423545985	-4.407082860493347
1690.0	0.7120025965150896	-3.3187540012546193	-4.187443614763191
1691.0	0.3675432175997839	-3.068519000884097	-3.985709967633971
1692.0	-0.4572309716722129	-3.4676791168284966	-4.738629038330565
1693.0	0.6343527805675172	-3.226913955808013	-4.127017522061494
1694.0	0.5022779849447023	-3.8501654085494126	-4.06755869500264
1695.0	1.0106548853174997	-4.4568292148108295	-4.5224165370552
1696.0	1.3873164814353582	-4.6254854516707615	-4.778530345824201
1697.0	-0.16842333379159402	-3.7729345810740953	-5.22139572373291
1698.0	0.5336935146565431	-4.133902587170946	-5.383667596856518
1699.0	0.8780353388437927	-3.552766460381376	-6.03945463217906
1700.0	1.1351468401148908	-3.074043597583896	-6.001338012862865
1701.0	0.9435325057130728	-3.7942144914949494	-6.001430408866325
1702.0	0.315314460045279	-4.948719905976533	-6.532298514155874
1703.0	0.1014563628838619	-4.831451689959492	-6.653189812677471
1704.0	-0.36191772173527187	-5.4233220362746914	-6.201195419149136
1705.0	-0.6622108017389104	-4.546042801149513	-6.5830948114406915
1706.0	-0.25826775564242394	-4.474682334758295	-6.488559629169968
1707.0	-0.6673961659714146	-3.3269962638915445	-6.4773972897539815
1708.0	-1.4079398984801477	-4.359721493818688	-6.993347756397363
1709.0	-1.8499989999983386	-4.895492473731883	-7.598735770778982
1710.0	-1.757285636911481	-4.665466255499969	-7.731679023635752
1711.0	-1.1285524094844208	-5.413408374942515	-7.409999084452872
1712.0	-0.5290862719085676	-5.366539615367519	-7.815245855187727
1713.0	-0.3419796311055585	-5.559186367545986	-8.064111019925699
1714.0	-0.035118277860333114	-5.565676870777102	-7.875979989722452
1715.0	0.1291783123428676	-5.055084310868872	-7.623760048252326
1716.0	-0.01140045959823377	-5.113058095504364	-7.660641319589515
1717.0	-0.6853137491043985	-5.454921285925035	-7.4791253570202585
1718.0	0.050390938821507844	-5.4263936884427855	-7.49650759144812
1719.0	-0.031210214875962317	-4.66796197541983	-7.81387535881422
1720.0	-0.4152303854520383	-5.010163857386369	-7.262376374836539
1721.0	-0.7420931199421523	-4.992373518315942	-7.06097866084961
1722.0	0.13101071464622882	-5.2462685664437965	-6.696444530603355
1723.0	0.3201087446082762	-5.168590320370765	-6.753076525469124
1724.0	-0.862614218957636	-4.234685435826218	-6.458247803683615
1725.0	0.5675435712583682	-5.119790987547956	-6.723692376606435
1726.0	0.2235615526817032	-4.885349893275315	-6.479307418057889
1727.0	-0.37416508847238156	-5.02865925669643	-6.59707305854048
1728.0	-0.8231673618719096	-4.996530564358093	-5.827106879685189
1729.0	-0.9694715717242086	-5.125992002951381	-6.304994149460156
1730.0	-1.0642745389133614	-4.750500588010942	-6.714321418037256
1731.0	-1.6624317067489647	-4.06425429356085	-6.224400822237149
1732.0	-0.9249002571974446	-3.894940156063268	-6.658377146507431
1733.0	-1.1074507011035575	-3.8222631321016554	-6.666369030280758
1734.0	-0.5337439727068467	-3.3943931346748863	-6.892468529126733
1735.0	-0.11259756484886008	-2.3094004622884894	-6.034698198220474
1736.0	0.17029129352821937	-2.821899724124814	-6.423699744509903
1737.0	-0.06973370061940576	-3.4262600665289082	-6.707000337801623
1738.0	0.598814990398433	-3.117854826609028	-7.226254662362785
1739.0	1.3736576002642575	-3.0548380625217604	-6.924753339010325
1740.0	0.7503656606474782	-3.2641441851984467	-7.092768369087086
1741.0	2.0133505922850237	-2.541666238553825	-7.796232348054429
1742.0	1.8971746291505402	-2.478978622824505	-7.926097904309053
1743.0	0.32892711677056563	-2.561880773031772	-7.8849117465346215
1744.0	0.24396124171519007	-2.2119120239614247	-7.652979967322243
1745.0	0.11378687325686634	-1.4796783082965281	-7.8372798397206225
1746.0	0.3491840322492862	-2.0293986560437705	-7.633953298615865
1747.0	0.2472005575222904	-1.5091184134324123	-7.610354197027056
1748.0	-0.24332940847023582	-1.1442212794155684	-8.102439951369476
1749.0	-0.08264072616358681	-2.052688791559855	-8.359148780457813
1750.0	-0.5608798125935461	-2.444243092884997	-8.060645951626023
1751.0	-0.8605089819179851	-2.892524180759486	-7.4572437156415585
1752.0	0.14970926909987398	-2.7956925001721706	-6.852537865639751
1753.0	-0.44573917625623455	-2.4139937027952327	-7.262708636622905
1754.0	-0.5731476023414528	-2.4666326393866154	-7.25666648418546
1755.0	-0.1841538963730881	-1.50982915354464	-7.072456943384163
1756.0	0.3673522599238702	-1.6603761245952229	-6.940673374271491
1757.0	-0.9232451205166847	-2.147707548605908	-7.040732731804706
1758.0	0.2936132789760155	-1.889614678646711	-6.753074210039131
1759.0	-0.24882774631753876	-1.5493148842617397	-6.02691399080921
1760.0	0.3469712568840843	-1.9002483344492895	-6.3846761432695756
1761.0	0.591205455279168	-1.4131663311270524	-6.470386612861125
1762.0	1.0499974330610649	-1.7628214376509115	-6.367139481302129
1763.0	1.5768634732899551	-1.8365932413737363	-6.1114536646972795
1764.0	1.2334378200218081	-1.5432530348535418	-5.918623975026902
1765.0	0.4611255907341144	-1.9262789980992099	-6.5079387151230375
1766.0	-0.38492713154764163	-3.116691888558407	-6.559629321033623
1767.0	-1.4894972645513405	-3.7140792482577076	-6.480175659096163
1768.0	-1.7426561041280495	-3.5921835550575993	-6.9915458057385935
1769.0	-1.916774747496843	-3.7917529266395467	-6.566326394541899
1770.0	-0.8417163347309222	-4.046659990031641	-6.707245914061279
1771.0	-1.035546095866681	-4.414507478641507	-6.730967591489094
1772.0	-1.300958917848489	-4.02917396042726	-6.876895177836085
1773.0	-1.0016529891394996	-4.336550722745827	-7.2204690411598795
1774.0	0.22053589857259864	-4.389105571434701	-7.134797500902626
1775.0	0.14027378344362051	-3.969146071780728	-7.278527531787109
1776.0	0.29741119303095087	-3.990840912086817	-7.39336405020012
1777.0	-0.38828959716588496	-3.581725260438164	-7.77063574100681
1778.0	-0.38984128372369437	-3.3289511837122707	-7.2953995228889505
1779.0	-1.1694219837589666	-3.573899330027179	-7.342753384805519
1780.0	-0.31252794500436804	-3.4074683267572423	-7.056747672100768
1781.0	0.7320206142090382	-2.7385397678172776	-7.59909366571714
1782.0	0.4563463743502635	-1.939728118983115	-7.636600996494648
1783.0	1.2879947580048456	-2.450777290496942	-7.672770031875234
1784.0	0.33783728646348865	-2.3669210958012186	-7.662330290656599
1785.0	-0.8294521603352718	-2.451926076596387	-7.505979210437055
1786.0	-0.4891682604816889	-2.475198331027223	-7.266319532644057
1787.0	-0.25424700351134805	-2.752508517873409	-7.064712546174299
1788.0	0.27289376975009216	-3.132855894202019	-7.213406011691181
1789.0	-0.6197845714058797	-3.5101570620090885	-7.201824362619443
1790.0	-0.14262919747335423	-3.2847495030133937	-7.427913265397427
1791.0	1.253849171946153	-3.159855745094834	-7.5014277238588996
1792.0	1.5107335786432594	-3.5450423609277455	-7.621961260261666
1793.0	1.5236216682025314	-3.2661941789800997	-7.2474702128791275
1794.0	0.4556675373882136	-2.6182912636310745	-6.827799352437784
1795.0	0.12935846138000429	-2.6656979352810777	-6.9642317541827
1796.0	0.32854711959274707	-2.814622848078381	-7.517671451744478
1797.0	1.226464989978326	-3.0315423072531957	-7.17230254703148
1798.0	-0.4451533892687518	-3.1176899643107223	-7.016454769371257
1799.0	0.19416126308148524	-3.647384400427242	-7.176544613643548
1800.0	0.7940331760698168	-4.2931793321740175	-7.544200756670627
1801.0	0.7206923910044093	-4.0068100569392175	-7.20580134180874
1802.0	0.34288254793348816	-4.19647127322025	-7.534352912563217
1803.0	0.6739773298018876	-3.727029649720032	-7.497407450966421
1804.0	0.25712081102746454	-4.532304489086385	-7.310039248079435
1805.0	-0.10428086113037932	-4.538484585161208	-7.144118845178729
1806.0	-0.7638989948107829	-4.13019430192041	-6.835600351133641
1807.0	-1.6943046658742476	-3.9934414430614438	-6.137399181532774
1808.0	-0.7712620237158707	-3.980603720741122	-6.170684576839636
1809.0	0.13838134826799642	-3.605655265066941	-6.381862710074588
1810.0	0.6883427554491699	-3.6656503717708375	-6.304911532241902
1811.0	-0.6888872493417098	-4.169868684864755	-6.745769833076565
1812.0	-1.7792401622600147	-4.045476134958874	-6.647334004027247
1813.0	-1.4289793486082039	-4.564174403793633	-6.800902324940395
1814.0	-0.5047422157770676	-3.847487886267537	-6.4528219859442455
1815.0	0.1906213631509499	-4.055414013763182	-6.720294981202153
1816.0	-1.4544940419983912	-4.291707913762289	-6.469616126308782
1817.0	-0.1963298744184113	-3.63157834623788	-6.688812268426144
1818.0	-0.21542710341532167	-3.647229838831666	-7.582884261622308
1819.0	-0.6909881645823276	-3.74768411647806	-7.503099330066869
1820.0	0.47172571774090977	-3.494986643084174	-7.318719055250645
1821.0	0.04551028858793088	-3.7402227289406875	-7.465806468197584
1822.0	-0.22049094308825729	-4.7350763289404	-6.8726711785684405
1823.0	-0.046489549657847296	-4.305295017172985	-6.735846755591038
1824.0	-0.18881339801438363	-3.462646239211113	-6.508268492708461
1825.0	-0.1649605374833525	-3.8032891966943327	-6.423359037487365
1826.0	0.47160402593360007	-3.270082353868407	-6.519963960418146
1827.0	-0.1827462237242718	-2.607660035762139	-6.792857426179101
1828.0	-0.343776431625986	-2.7005984167612556	-6.340196169251929
1829.0	-0.2187804185611288	-2.4506777763134053	-6.807454571854734
1830.0	-1.1226068740553936	-2.4340034917797584	-6.861429101604657
1831.0	-0.021299990407692426	-2.395413756956549	-6.230326782420771
1832.0	-0.1736596180247238	-3.104521672644329	-5.842356868115113
1833.0	-0.27233715932789654	-2.9603953517320702	-6.050570711612183
1834.0	-0.37653190498964906	-3.2747045473117296	-5.955616912565162
1835.0	-0.6869221201569543	-3.3852382561496333	-5.493401831781875
1836.0	-0.5347332836794234	-3.386664620184358	-4.864742315233965
1837.0	-1.8198543755386338	-2.66094361997081	-5.441845588886995
1838.0	-0.46544921035689435	-2.905820048438478	-4.970556542630296
1839.0	-0.2527968104495977	-2.7250091214130796	-5.566604961730917
1840.0	0.03847705293200809	-2.5769402780281276	-5.5371146686046915
1841.0	1.2843393729266175	-3.2141966752483895	-5.784724267854773
1842.0	1.0742954015154258	-3.5015348715099126	-5.317903624479808
1843.0	0.7385023501336778	-3.7683664282864937	-5.576421709121798
1844.0	1.0919327194095658	-3.6168188489293276	-5.507284718376264
1845.0	0.5749736741001487	-3.7166254952653945	-5.094507614675121
1846.0	0.10901527176773373	-3.49325551678129	-5.893520123675393
1847.0	0.056555671405889574	-2.7787370301922483	-6.160239179066129
1848.0	0.8515079164124271	-2.7856451901701984	-5.500473585432973
1849.0	1.8701327303298652	-2.684873692361302	-5.346612125493477
1850.0	1.5258820609971986	-2.5125386235822837	-5.0684739200283335
1851.0	1.1329119596456458	-3.1528687788841006	-5.492215272052162
1852.0	0.9015585436086437	-2.7667801876499873	-5.629143237952387
1853.0	2.301895072883152	-3.128944590147448	-5.583462074403583
1854.0	2.1779511519158263	-3.22594090991511	-5.7176668452238175
1855.0	0.5038864050067691	-1.9609318974293526	-5.780902372981058
1856.0	0.60871426270009	-1.9411297678837502	-5.976468921994025
1857.0	1.3209239678257663	-1.5159857557217973	-5.576959371407638
1858.0	0.5007459755691563	-1.8016787881966863	-5.3512476798848505
1859.0	0.3623998456313564	-0.8674610070969364	-5.629691540570806
1860.0	0.08844529123709666	-1.3648014319064248	-5.684714904884891
1861.0	-0.16654282246234198	-1.3492624542132061	-5.1123452413065875
1862.0	0.24491683337846015	-1.1987209627307127	-4.971671061252731
1863.0	0.20466909493100605	-1.8805025684497951	-5.239956462216714
1864.0	-0.4110114059616443	-1.7641129073553339	-5.168461687809144
1865.0	-0.3348891624369482	-2.0605177846894627	-4.770297640913699
1866.0	0.25210480711432187	-1.9775899799547383	-4.823494430842546
1867.0	1.4173625405502084	-1.6221883819343434	-4.405798168530625
1868.0	1.586419787341312	-1.6818652851482307	-4.817653852743701
1869.0	1.0159140485336517	-0.8694061515139313	-4.876208262430289
1870.0	1.3303351155649228	-0.8256266664819768	-4.519591003964938
1871.0	0.9291782152848548	-0.5391820650747419	-4.229329640917758
1872.0	2.202952519473496	-0.6224928081694123	-4.506134585741886
1873.0	1.4249059305069345	-0.9039314605957047	-4.3536847620135735
1874.0	1.250499842042386	-1.674162158052264	-4.432247409199339
1875.0	1.4152747331058078	-2.1625831751338573	-4.780638077932982
1876.0	0.8029307457983154	-1.8986988963335516	-5.633563406433253
1877.0	1.6790831116036382	-2.4687263392809338	-5.681905668288433
1878.0	1.0588734524117955	-2.6551908686745884	-5.145322394189309
1879.0	0.46204002836875935	-2.8890761762097115	-5.027440966030212
1880.0	-0.25516506993047405	-3.062473007053118	-5.474081558512001
1881.0	-0.03716848655996552	-3.6363838036450886	-5.020408442778437
1882.0	-0.1351467637801116	-3.119165376296393	-5.259516823929937
1883.0	-0.8674124954848637	-3.365879348842352	-6.683313435649362
1884.0	-0.42302331677795146	-3.2785896264718692	-6.6185918095364755
1885.0	-0.6160461153269428	-3.617705100499425	-6.2153514787098825
1886.0	0.16210891208538414	-3.4715437193134218	-6.223843230349397
1887.0	-0.18495358969818193	-3.733070030761251	-6.091540156585108
1888.0	-1.2242189612828762	-3.6373403317783253	-5.3700637131500555
1889.0	-0.9952876080869177	-3.5218426302732033	-5.468063891346997
1890.0	-0.052879217416296864	-3.107632723048137	-5.56689660162432
1891.0	0.5270068241458811	-3.541535161613794	-5.618403872163761
1892.0	-0.2965680022164234	-3.5158003574725436	-5.691059333823153
1893.0	-0.6728311849399009	-4.267302300054748	-5.871576655465102
1894.0	-1.9227657471870465	-4.111127249146404	-5.936210924082374
1895.0	-1.1204240687103781	-4.236160843917833	-6.139030436309171
1896.0	-1.3376794863476285	-4.325800787848723	-5.598177152609075
1897.0	-0.40383691073957095	-3.34446008940116	-6.328670048388572
1898.0	-0.4589446549534367	-3.60746845869982	-6.288303612850132
1899.0	-0.29761816898155735	-3.70984789003034	-5.953266095757067
1900.0	0.593598522264229	-4.1890521003637105	-5.905660334706668
1901.0	-0.4972365335653199	-4.064984332100911	-5.487586964942131
1902.0	-0.2757856999264467	-4.06170801100243	-5.65328460777042
1903.0	0.03924046455336473	-4.064322521877884	-5.594079604038057
1904.0	-0.7947217520118193	-3.5151488399357413	-6.171484405905233
1905.0	-0.21280686472585603	-2.692759316566177	-5.311960822727447
1906.0	0.49101217446180945	-3.3322786692912936	-4.852107789924198
1907.0	1.4576879677225492	-3.6115390860549783	-4.805962889275403
1908.0	1.3069419796565431	-3.41060371128932	-4.755676441891557
1909.0	1.4777440037990561	-3.4018058895845216	-4.618815145677511
1910.0	1.8912270960333029	-3.5530647460389533	-5.379651477184055
1911.0	1.2530160629001426	-3.236328983690764	-5.414503902194971
1912.0	0.7365413743505141	-3.679562802808553	-5.10118079492003
1913.0	0.2725440016603761	-3.7231067071205395	-5.837019746737068
1914.0	0.013888984978237207	-3.9792518912445827	-6.122997151082559
1915.0	0.16175819429997063	-4.580165528716149	-6.594839917145641
1916.0	0.23892571861500972	-4.576329910535387	-6.427784421310759
1917.0	-0.5107669806305806	-4.273671034106868	-5.566595330008463
1918.0	-0.9833773425585208	-4.18107991133862	-5.354133071411261
1919.0	-0.8402698783463607	-4.183570054959618	-5.246581554240111
1920.0	-1.7022784354046951	-3.828045239995482	-5.646985120480242
1921.0	-1.6519311967250787	-4.066141459671226	-5.637471763246378
1922.0	-0.44168256464735395	-4.28117904108876	-5.3692308414180205
1923.0	-0.37664311208370677	-4.240687039356671	-5.656443815521337
1924.0	-0.668818828126892	-4.131616829912435	-5.272304945914813
1925.0	-0.1644269528003432	-4.436896037024779	-5.332755448041574
1926.0	-1.231319818800224	-4.041484013711611	-5.704350642308883
1927.0	-1.6291508757494926	-3.6780290908751105	-5.975025191737053
1928.0	-1.3276515538251625	-2.946874797142918	-6.30729105258132
1929.0	-2.0117214805035175	-2.677560800150362	-6.278007024943049
1930.0	-1.509537201596627	-1.7952301360802527	-6.172067453031598
1931.0	-1.87995655667219	-2.430309152110581	-6.1404880429384345
1932.0	-1.4076659297826	-2.9409826357443363	-5.869818870435433
1933.0	-1.7743211271067691	-2.688884884297376	-6.252934196145033
1934.0	-1.9072797082305435	-3.1035061576035528	-5.814678390559722
1935.0	-2.4349865953384735	-1.7821902567502284	-5.85203780879974
1936.0	-1.937755723730992	-2.729541251311759	-5.247565680092128
1937.0	-1.5604249523398495	-3.221521586392494	-5.182666292997938
1938.0	-1.5814906529266821	-2.955789914225447	-5.16090502541149
1939.0	-0.890249943552365	-2.6735054943089622	-4.999667697750256
1940.0	-0.6531103696710239	-3.145139112559545	-5.172399276684476
1941.0	-0.5354439228908634	-3.457187590416017	-4.8177723683747455
1942.0	-1.3204315675944862	-3.227228983266244	-4.622613976333562
1943.0	-0.1894275628482276	-3.311884143314681	-4.804095519046671
1944.0	1.3424712223090083	-4.006157820471397	-5.123082191463059
1945.0	0.5691323422319288	-3.8593220082107496	-5.31806852338126
1946.0	-0.3122201118312715	-3.7282594810324516	-4.968512152011453
1947.0	1.1824609732034976	-3.588144647373417	-4.750060199980198
1948.0	0.3769346567673437	-4.134138890628485	-5.25563540714541
1949.0	0.6385393138281551	-3.2266866308889406	-5.523622838763699
1950.0	-0.04991727463314244	-2.5066278252532666	-5.137370275675135
1951.0	-0.5648868321564038	-3.250645125175328	-4.718094956633109
1952.0	-0.06960389113309962	-2.741135098607787	-4.962182748869128
1953.0	-0.7907162638982901	-2.127735987360043	-4.783906598585899
1954.0	-0.8050303662493081	-2.3561007182866875	-4.8754725505377
1955.0	-0.4737186024055804	-2.5514440005005934	-5.038907629558894
1956.0	-0.38414975596465895	-2.540280597201397	-4.71316952500875
1957.0	-0.7452337961822026	-2.1385208397187774	-5.056134743896071
1958.0	-2.668762177056214	-2.1185505227651733	-5.516580946919254
1959.0	-1.7128944580554994	-2.3321743154132673	-5.532312060205615
1960.0	-1.0441672948872736	-1.979861131785479	-5.415449536487895
1961.0	-0.4230611723148545	-2.1869070936964086	-6.275032885761176
1962.0	-0.6597476973024027	-1.9953019354482757	-5.515515020207814
1963.0	0.1615814433472066	-2.276217057662408	-5.6783397460190725
1964.0	-0.312960949397063	-2.403062082565783	-5.845335134375076
1965.0	-0.9355353519625617	-2.230212548254288	-6.311944438985204
1966.0	-0.8972493160363242	-1.6561675440494907	-6.6030190507755515
1967.0	-0.9676076064397192	-2.455448289257787	-5.939171206712657
1968.0	-0.2304712112291563	-2.784818025579027	-5.722240169859288
1969.0	0.6144895708775258	-2.3612260718829203	-5.808459090126754
1970.0	-0.19931156857808421	-2.605278286662564	-6.275917999515564
1971.0	-0.1815879459048909	-3.0172241965798623	-6.698166051430099
1972.0	-0.9345340916953916	-3.494565927786468	-6.892718135110329
1973.0	-0.8258985785081222	-2.5788838928109614	-6.929470230880416
1974.0	-2.0731672253562916	-2.4797478027008166	-6.925794763081145
1975.0	-1.2334192609033403	-2.9430120585768487	-6.883990894733936
1976.0	-0.9012312448236681	-2.786862902317414	-6.701155114256466
1977.0	-0.09937354132277523	-3.24958811711437	-6.928340102229088
1978.0	0.02309479321880739	-3.3145746405233014	-7.098667930746916
1979.0	0.42897618120157033	-3.615758706960246	-6.912259245162068
1980.0	-0.3141045905036697	-4.2049622491827705	-7.492876963280519
1981.0	-0.6931783765769086	-3.3379612223925452	-7.440360986111841
1982.0	0.48215403558240644	-3.6062034625264356	-7.429077488014724
1983.0	0.29337798699690315	-3.409048225715065	-7.2991485774439955
1984.0	0.4194228281226689	-2.947258583759576	-7.64115027565685
1985.0	0.0856095363464292	-3.0871209791207384	-7.6642635719407775
1986.0	0.19993347832260328	-2.782223684866426	-7.8143065844866495
1987.0	-0.9356365738172201	-3.114433470861951	-7.634654419167182
1988.0	-0.35316977521773607	-3.3456429918263595	-8.131335347019935
1989.0	0.27933534969464624	-3.3807813656534913	-7.83220345768667
1990.0	1.256065073958189	-4.8122471283653905	-7.785926938810525
1991.0	1.0216919832392408	-5.001404493941009	-7.863274051796847
1992.0	1.7355898691213292	-4.3898635220794295	-7.55243730616015
1993.0	1.2187164187912134	-4.360092089928877	-7.562390368141348
1994.0	0.3104196543201325	-4.170727551520208	-7.418067715845104
1995.0	-0.4554392988389303	-3.938506357099022	-7.9329500990583846
1996.0	1.3885081812553137	-4.370457661992183	-7.960763612512288
1997.0	0.8560815068372836	-4.463897969202279	-8.676214304310118
1998.0	1.5211655938090176	-4.111915519408797	-8.618748849576999
1999.0	2.8242129489185217	-3.5557448401111627	-8.635766860289188
2000.0	1.7072156226178663	-3.2305529116919165	-8.744921717561821
2001.0	1.253942968107511	-3.23672895946713	-8.772903270821688
2002.0	1.387394887710427	-3.357029396103521	-8.569450083003275
2003.0	-0.002677034032263048	-3.3796234577665896	-8.13660158582921
2004.0	-0.5202656754414212	-3.2764897532832045	-8.392030106831694
2005.0	-0.22486529019098322	-2.808132896159447	-8.246024852891676
2006.0	-0.42170052440032013	-2.419839213679231	-8.556371764893516
2007.0	-0.5527179686263137	-3.6413455278456532	-8.591943197061983
2008.0	-0.7168485896524082	-3.6242892226397387	-8.470426494575202
2009.0	-0.5855504496922098	-4.0999147074607025	-8.263162484216666
2010.0	0.3702412496387163	-4.66938666651266	-8.5707250134575
2011.0	-0.8015171653361023	-3.8356801065854085	-8.704371438109302
2012.0	-1.121483000463701	-3.8448991494802254	-8.424961588440109
2013.0	-1.5918999911304126	-3.358529558517099	-7.952695066328138
2014.0	-1.8825181935800712	-2.910467060418796	-7.918249515772481
2015.0	-1.738817107209436	-2.607391897206595	-8.212099592336347
2016.0	-1.5045232539321292	-2.6324065059141204	-8.311826781315988
2017.0	-1.5216437402471685	-3.252273221323258	-8.157713209180221
2018.0	-0.9899290374337419	-3.3340579195858355	-8.484389922623802
2019.0	-1.961231973759618	-3.6208807783406964	-8.659048483907656
2020.0	-1.234942765024281	-4.147119718304445	-8.732401821763021
2021.0	-0.9667569756080939	-4.746126311324428	-8.403849081773934
2022.0	-1.0412897305627737	-4.428592754347454	-8.561911765013523
2023.0	-0.9894597087225393	-4.208324694342451	-8.289506790896972
2024.0	-0.3265695047450163	-4.036302050488193	-8.110152156970823
2025.0	-0.7592185109540424	-4.54326820690353	-8.327032687736157
2026.0	-0.6925149979800725	-4.344426069623953	-8.625683498047508
2027.0	-0.18068984937989252	-4.747553483919696	-9.131295369100746
2028.0	0.6197491776101621	-4.735691306867535	-9.226585335231317
2029.0	0.22066996854731058	-4.877240733954023	-9.372602293249559
2030.0	-0.2834194302177101	-5.148634922670523	-9.135438034689976
2031.0	0.43439656616316935	-4.578329826718538	-8.976354536296572
2032.0	0.6387249127174546	-3.9682762949494266	-8.857434211609348
2033.0	-0.866530593158277	-4.323370673840461	-9.042945944804895
2034.0	-0.6750843489363126	-4.150508363551303	-9.384504504365415
2035.0	0.05965174582491356	-4.059943844396344	-9.123709922147793
2036.0	0.5456685120415828	-3.615381396233053	-8.892313113224999
2037.0	0.3042576876364471	-4.14792916911989	-9.126894594327696
2038.0	-0.8512446222697143	-4.333190268664274	-8.636333415576164
2039.0	-0.7855920625617822	-4.075220267839734	-8.199084453726222
2040.0	0.20022281296148203	-3.5447972237055008	-8.523391389620027
2041.0	-0.9891806356830258	-3.7126823142261025	-8.220917559216568
2042.0	-1.0580304177978375	-3.7003704525927863	-7.413301568557838
2043.0	-0.8179100971004117	-3.991180526677824	-7.706382063834811
2044.0	-0.4561957981598197	-3.883636130069248	-7.467501020177286
2045.0	-0.5045790858898387	-3.870979350709657	-7.173904451773719
2046.0	-0.3904223530456638	-3.5538919366335193	-6.7428714360952124
2047.0	-1.308238011629508	-3.396715089006809	-6.381108606313015
2048.0	0.044266479247550616	-3.776086484821676	-6.522925557862187
2049.0	-0.6131856018976186	-3.9365359473543595	-6.156188241897306
2050.0	1.2621893751578046	-3.9060152964502874	-6.681234443225137
2051.0	1.4217462275407713	-4.511802301374905	-7.06962845714815
2052.0	1.5412341312497335	-4.238683920253578	-7.186128800285939
2053.0	-0.014264927288828777	-3.672259324766149	-7.258488164987274
2054.0	0.5972512820228714	-3.2691939870104965	-6.700813435423814
2055.0	0.11444562731257958	-3.9892569986241493	-7.138436709919731
2056.0	-0.1477826040704272	-4.5608666624045835	-7.020510675477375
2057.0	0.10838771883858911	-3.821703240801387	-6.9902063162783525
2058.0	-1.7153666124850813	-4.278293193639369	-7.08645115076924
2059.0	-1.3301311073819853	-4.42197960878264	-6.389615156970921
2060.0	-1.302059397396731	-4.301672724314692	-6.390587392711059
2061.0	-0.610711184783623	-4.353122691707531	-6.325320206090999
2062.0	-0.5394501967948246	-4.035982588458191	-6.137895236361296
2063.0	-0.05775365632826868	-3.8034560116200375	-6.12819051305067
2064.0	-1.6538979189068945	-4.178290631269689	-5.883273682990822
2065.0	-1.429890081587292	-4.015042675588428	-5.676357716924099
2066.0	-1.1482932681570839	-4.552294612765674	-5.388241410801862
2067.0	-0.6360827802609543	-3.828531637170778	-5.337323522162392
2068.0	-1.6864221858913915	-4.554634287584999	-5.753941359309265
2069.0	-0.4263491691535517	-4.168512034872255	-5.534781291058242
2070.0	-0.6337442197759878	-3.875045262385564	-5.14264303105138
2071.0	-0.05115809839329927	-4.155669583722444	-5.271418059498883
2072.0	-0.08398428024473636	-5.207053980697048	-4.631877274977365
2073.0	0.0069661581471227585	-4.838141267862669	-4.691301452613921
2074.0	0.4804089690235207	-4.708285234268371	-5.401439671179382
2075.0	0.567649687071788	-4.616202455883687	-6.140519522094199
2076.0	0.49488309198699265	-4.1655891283944815	-7.687524736532014
2077.0	0.47842404823380036	-4.47886871578407	-7.4981831800126235
2078.0	0.5257064825984937	-4.341816211383604	-7.486409728632096
2079.0	0.4480958621299424	-4.402622468491738	-7.063578608247139
2080.0	-0.19768492842115962	-4.23567963683611	-6.77480581235559
2081.0	-0.04614362667363012	-4.884258719009431	-7.584068974158307
2082.0	0.23765154616505138	-4.223945299984685	-7.558964973811884
2083.0	0.16235764657398133	-4.2543660920325195	-7.664520579719203
2084.0	-0.5287259959519301	-4.746696939505453	-7.9631781321723425
2085.0	-0.35763496482255763	-4.951906615015128	-7.36828043586587
2086.0	0.03486436311174047	-5.471435066595751	-8.324228965303302
2087.0	-0.361374105794766	-4.964555708797148	-8.688978391016533
2088.0	-0.9878721769785905	-4.566431086570099	-8.500594423996683
2089.0	-1.4130697864128678	-4.438840039944986	-8.434683238721506
2090.0	-2.5206548971793508	-5.0494710800360645	-7.470627196846998
2091.0	-2.312509753793028	-4.818710072034954	-7.682157861536693
2092.0	-2.6799286036405134	-4.5469586834970075	-7.654309962070561
2093.0	-2.653437960796726	-4.477457975497564	-7.705946762444171
2094.0	-3.324419355063993	-4.476466519581374	-7.9065948350152
2095.0	-2.9226435400893056	-4.527604539060027	-8.123861409004187
2096.0	-3.027941750553132	-4.049943157383889	-7.871549587201933
2097.0	-2.7719322568037086	-3.906053594013974	-7.848477491081939
2098.0	-2.7985334417928054	-2.9249054224440485	-7.527198438027662
2099.0	-2.463869474839826	-3.644643115122826	-7.268214283961246
2100.0	-2.6165622657377825	-3.7898507685264926	-7.442024769386984
2101.0	-2.217887403843387	-3.732861241083787	-7.415327795024803
2102.0	-1.272187689646405	-2.7593171774358978	-6.568833765789486
2103.0	-1.5283018123186687	-3.113548666782759	-5.996472947255497
2104.0	-1.2369538733118304	-2.577715993528323	-5.9022481717770265
2105.0	-1.5294869198151215	-2.368472911807834	-6.135516098146238
2106.0	-1.1100023416935885	-2.2046026104888097	-5.619563212815366
2107.0	-1.326977931939076	-2.0261242860012922	-5.906293911659885
2108.0	-1.0497253522714696	-2.2904425453221755	-6.229923091008316
2109.0	-0.6838200939703593	-2.8852882558341952	-5.6918126514797835
2110.0	-0.8726686806858268	-2.3473307636466103	-5.461806838048696
2111.0	-1.1483256244481526	-2.94898313497231	-5.843862368200524
2112.0	-1.0478708893777922	-3.2455000467948523	-5.5150321292962285
2113.0	-0.7062931983400202	-3.6693984547644622	-5.580259004852456
2114.0	-1.6705408015221217	-3.838761867943638	-5.806563639595747
2115.0	-0.5946693616709751	-3.867774234873557	-6.1925677440219
2116.0	0.13889970882318314	-3.830927985859246	-6.715393146680667
2117.0	-0.06691988538536409	-3.5354545392426973	-6.708333333049085
2118.0	-0.13342721082819564	-3.432820389359261	-6.722275103206462
2119.0	0.6051227393616351	-3.702476209273502	-6.469334424838119
2120.0	2.212153882994234	-3.2424726061763005	-6.2717154914352395
2121.0	2.0733040397215516	-3.3773012841883707	-5.959945494804232
2122.0	1.949038692500923	-3.360233645588383	-5.854233431792084
2123.0	2.318284390770437	-3.199444520567784	-5.620814736227619
2124.0	0.992806141844139	-2.639139704654616	-5.66165511301849
2125.0	1.2116208533085229	-2.979852285022497	-5.695004625623105
2126.0	0.22475508311408063	-2.5659353042218274	-6.4493598988236105
2127.0	0.13018622384688816	-3.2105092298191122	-5.921390186167212
2128.0	0.34093840601359915	-3.029961702633932	-6.2686697164320755
2129.0	0.25832812498941043	-3.412957422405904	-6.127445404510852
2130.0	-0.3881313862623348	-3.2630821673381063	-6.324179316637186
2131.0	-0.3654540829591671	-3.469813490673753	-5.9292275818382665
2132.0	-0.10784833834036772	-3.3410572690973965	-5.7685242291651
2133.0	-0.5582381424654651	-3.6064166478085253	-5.409989406995352
2134.0	0.9204619791298261	-3.6565133260800153	-5.522753655177763
2135.0	0.8405762630451372	-3.43264270173281	-5.726239184941687
2136.0	0.20096810086246508	-3.220840253034839	-5.792476026991838
2137.0	-0.06148792570420902	-3.5175494190943715	-5.592825518638037
2138.0	0.359856978395223	-3.486943380210902	-5.540211478798556
2139.0	-0.011681389518709229	-3.3802650110201524	-5.246556776442381
2140.0	0.6743597020363611	-3.1737536522211944	-5.142340317326569
2141.0	0.923268478507989	-3.6828532034121984	-5.21566729378001
2142.0	-0.5571341438887215	-4.140965002027596	-5.500615570402467
2143.0	-0.7729174619196018	-4.283890970885686	-5.54431818974607
2144.0	-1.1063910275811262	-4.121637774399419	-5.730827528241436
2145.0	-1.234237664792298	-4.122166688641539	-6.114198624110684
2146.0	-1.40688164345735	-4.043946945877473	-6.1208128753029944
2147.0	-1.0416415717344818	-3.9700256592013505	-6.398162541085929
2148.0	-0.4287532985218424	-4.31838530986323	-6.227664649009508
2149.0	-0.5904250542310838	-3.6080255811855464	-6.191236500162222
2150.0	-1.4102780101920183	-3.211311468709349	-6.912463327618546
2151.0	-1.108771711909581	-3.132877548415216	-7.055014963923855
2152.0	-1.540756087938453	-3.3552885408769506	-6.890651485265234
2153.0	-1.5737554405576821	-3.562341173154074	-6.794593227624081
2154.0	-1.7049285946152708	-3.8141590346469947	-7.0404915515298345
2155.0	-1.246178714041823	-2.915932489499019	-6.9018783978017755
2156.0	-0.5707409423187146	-2.910027313253846	-7.036208166229317
2157.0	1.0048122279953358	-3.133855016459963	-6.976769251283164
2158.0	-0.4053381127621028	-3.1042659944832307	-6.678754620099775
2159.0	-0.12335658814200351	-3.4071457620903276	-6.515398844192328
2160.0	-0.024267164771311633	-3.5252910045199237	-6.737627454568621
2161.0	0.6421817445340563	-4.013518355037933	-6.820300787250487
2162.0	0.25455253421610946	-3.9381967691514967	-6.641259177778029
2163.0	-0.5283013828994176	-4.272010248962641	-6.081922782417859
2164.0	-0.7139470463688904	-4.641194247077558	-6.169180431244479
2165.0	-0.7596133006814203	-4.855328303239141	-6.027962858264035
2166.0	0.48699847396930485	-5.1579918982958	-5.6725573141248145
2167.0	0.44886978914271075	-4.320485288760167	-5.409196476294663
2168.0	0.0017149373413919144	-3.877952914940997	-5.807307307501716
2169.0	0.2103078323110486	-3.3460947861366206	-6.14549082355221
2170.0	0.05575270778871194	-3.098828255092374	-6.269890669961951
2171.0	-0.5103156659681835	-2.7211365933627927	-6.163053322451195
2172.0	-0.5226940498493783	-3.228767644757236	-6.131606474036397
2173.0	-0.6301098947323495	-2.7725282938916447	-5.948206306453732
2174.0	-0.3723795313228147	-2.951362044406928	-6.058866005355384
2175.0	-0.20216370051156274	-2.9218565499103635	-6.279279399780904
2176.0	0.5086554798894003	-2.266764349364979	-6.523143142356857
2177.0	1.1800250851640142	-2.0689588020664402	-6.433800792500597
2178.0	0.2964652954834524	-2.305534171346677	-5.549541206142473
2179.0	-0.4778496287548839	-2.8325303290920965	-5.467838993535643
2180.0	-0.6340144903662099	-2.784131849014206	-5.450023511849819
2181.0	-0.6144654049522528	-2.2960665360278116	-5.731143302872031
2182.0	-0.11182690642938953	-1.5647360064998221	-5.880049737619475
2183.0	-1.2229649711300623	-2.0800751207765877	-6.239391628932272
2184.0	-0.9692116921398704	-1.9130458420502947	-6.415751519998734
2185.0	-1.5449225992752065	-1.2146731053778361	-6.502479569689012
2186.0	-0.8425018340374474	-0.8261966979455254	-6.627303905882871
2187.0	-0.7788397109500613	-0.773359126377656	-6.782326687583996
2188.0	-0.2942419690220631	-0.4776190714563175	-6.801743028983384
2189.0	0.25051909963522284	-0.19036937312427787	-7.1499899889287555
2190.0	1.3736439159176832	-0.876662801113769	-7.0020559840180185
2191.0	1.0638410928458577	-1.0060025759966786	-7.332670524529411
2192.0	0.7521193961481498	-2.7453848938360297	-7.442062150906223
2193.0	1.0984090217442144	-2.4520397128607136	-6.360960263402541
2194.0	1.0496588488579943	-3.0609975108823946	-6.992762432293026
2195.0	1.0813390345819367	-3.3709228282912314	-6.769771932662987
2196.0	1.336839846012226	-3.0992086542763366	-7.121806909725317
2197.0	1.1710582982248026	-2.748675944642611	-7.1925590837883036
2198.0	0.6386799825495368	-2.625540482618203	-6.780400207591157
2199.0	1.0801968586209765	-1.9119494117683296	-7.064500912914488
2200.0	2.151904387489335	-2.6546511725163637	-6.573224784940361
2201.0	1.5147845234205541	-3.653256748202671	-6.725703773661898
2202.0	-0.15952838979195438	-3.9129309648566903	-6.6869508197759995
2203.0	0.42504444859777946	-4.281090116391773	-6.998741756426434
2204.0	1.605633568942976	-4.106016248673121	-7.103578102351011
2205.0	0.11669792800425782	-4.579406603038174	-6.9850805709717
2206.0	0.4726711821784254	-3.5418721096353583	-6.589186515759159
2207.0	1.1554262085162348	-4.1033212155191	-6.661398527286863
2208.0	0.5988992512906988	-3.770808453414127	-6.788941363192437
2209.0	0.9921907801194807	-3.353894581506129	-6.758612256121871
2210.0	1.3164908038691503	-2.566606873986427	-6.375121986909178
2211.0	1.9050040550314016	-3.0040169492497397	-6.731471263702272
2212.0	0.6346593682603432	-3.481995302653114	-6.585952072830482
2213.0	0.7069894256476179	-3.036998928066573	-6.3970343318435035
2214.0	1.7041550033533512	-3.060128579566025	-6.314370542917498
2215.0	0.46454359946941515	-3.3547028386104523	-6.931223684120298
2216.0	0.566402147637853	-3.8750692091293817	-6.214338278939691
2217.0	0.1857507649198642	-3.6244236949153965	-6.2861725981422145
2218.0	-0.032898332419377674	-3.737976201195583	-6.724004522918525
2219.0	-0.5259466192668951	-3.6390246348846653	-6.97168264933952
2220.0	-0.12757120592682802	-4.11514637174831	-6.595532204623892
2221.0	-0.9020848410169645	-3.787232315044747	-8.062660284967363
2222.0	-0.7081596435608076	-3.4570028630893477	-8.042164578582122
2223.0	-0.85510782288032	-3.646487025004381	-8.117680742022113
2224.0	-0.056880848621609026	-3.9875118714489743	-7.523519575721404
2225.0	0.061328121012908465	-3.9355510855455784	-7.763887185683839
2226.0	0.9861092577379975	-4.084328349629349	-7.6021767349327085
2227.0	1.3792843252818248	-4.435239593601844	-7.918314139673418
2228.0	0.30987508249097145	-4.359189247876271	-7.7893619666396905
2229.0	0.5827262109790919	-4.446479545529305	-7.982688377948984
2230.0	1.32720312968388	-4.103419738910706	-7.931125069702383
2231.0	0.6931454810675611	-3.7394460582459037	-8.422778266158229
2232.0	1.0903386422598238	-3.5117273508459688	-8.372760265472898
2233.0	0.7126257050946898	-4.22316744067897	-8.3224690680987
2234.0	-0.40725401739897615	-4.425378527055687	-8.264805426441539
2235.0	-0.5984594709590147	-4.860493633868833	-7.934682888248727
2236.0	-0.42811295938524724	-5.540278873744585	-7.20692847676671
2237.0	0.3495320977817373	-5.710282571777488	-7.438735364063198
2238.0	-0.47267902456391475	-5.698009165189605	-7.165949580057427
2239.0	0.2193879261869245	-5.02563134245033	-6.78924938521031
2240.0	1.6852290358079103	-4.445851642935108	-5.884199538013833
2241.0	1.892775366070738	-5.266012450891294	-6.001843968422125
2242.0	1.7404530123368545	-4.584157077122947	-5.821770386749275
2243.0	2.209246701271867	-5.240263853343928	-5.704239285374324
2244.0	2.199547588233112	-5.07082624535536	-5.794990924231072
2245.0	2.198066939344525	-5.006966204838758	-5.814907513356868
2246.0	1.8029380168502813	-4.954970828417414	-6.266666297160875
2247.0	1.092231823286763	-5.067802359342501	-6.446984503300726
2248.0	1.3342487072009397	-4.629262162021782	-6.33121265289244
2249.0	0.4574899030880928	-3.7803922702495596	-6.222546455572934
2250.0	0.9037159991777375	-3.6280660521097654	-6.292947261294257
2251.0	1.1251185281447347	-3.843579520822781	-6.171304310252148
2252.0	0.6633946933634655	-3.690197699948395	-6.07232874266414
2253.0	-0.12097244104465812	-4.202228289112176	-6.500824564531374
2254.0	-0.46923359903500317	-3.7994107789003717	-6.897512859653271
2255.0	0.2201575685396147	-3.136398708074695	-6.601505153542895
2256.0	-0.1634086964956222	-3.473062071665909	-7.237380121178599
2257.0	-0.7399373990044881	-4.038905293104237	-7.077202877050496
2258.0	-1.7239966158199753	-4.059178114721575	-6.648725439414301
2259.0	-1.444672081853066	-3.544058479831128	-6.8307408125273685
2260.0	-1.2687239038525775	-3.525640694881235	-6.7734798307282595
2261.0	-0.6419467029823945	-3.5328082425128424	-6.221420884304256
2262.0	-0.40412148981196366	-2.580769332259903	-6.5094008053382435
2263.0	-0.2660320490630803	-3.710101480060309	-6.265037746195679
2264.0	-0.22447274650208388	-3.13205983213256	-6.310253686391947
2265.0	-1.0159161778132033	-2.602948472476198	-6.078591508825667
2266.0	-0.9586647161127448	-2.3240502477340006	-5.697384122440538
2267.0	-0.7253300688030782	-1.8591523502722072	-5.606514163707436
2268.0	-0.11066356438954594	-1.6864517792715954	-5.855467616130524
2269.0	0.3840462765710591	-1.449507903937788	-5.610985508232625
2270.0	0.5036816257358104	-2.218630605941872	-5.789128662893743
2271.0	-0.6347414933774291	-2.672981945885619	-6.101450102358224
2272.0	0.8061303452155055	-2.9313487271210903	-5.88473598043649
2273.0	0.3371766780123431	-3.1146482936257303	-5.821120276246447
2274.0	0.5791381514558975	-3.805142578203639	-5.589568437406681
2275.0	0.8888685294223152	-4.423210186034262	-5.8497247051308054
2276.0	1.9359003802424404	-3.79955432980628	-5.8715264053480976
2277.0	1.6341601650697135	-3.5860403136085157	-5.921506809133901
2278.0	0.43673534851222084	-2.653255513866137	-5.970242417210613
2279.0	0.28502913439897626	-2.0577142974479194	-5.870434620586823
2280.0	0.27405054271693374	-2.273994641431238	-5.757372200968191
2281.0	0.04057525938969142	-3.117961412747218	-5.358029051994112
2282.0	-0.4299202913949798	-3.3468626827646926	-5.500975731357993
2283.0	0.6964468108641848	-3.2860147050978377	-5.156340731966699
2284.0	0.810869559143714	-2.732600292086137	-4.757701523834976
2285.0	0.9312070228544489	-2.975981020161985	-5.071586098886408
2286.0	0.17756573511221965	-2.7905173574939184	-4.866023194924599
2287.0	0.4825045991250161	-2.9206156527534968	-5.245754606234044
2288.0	0.16013220433007644	-2.7117423980003457	-5.7929302097254025
2289.0	-0.4469948066428	-2.721004765629687	-5.717275028493359
2290.0	0.22735403414217725	-3.8356295398686737	-5.366107794709912
2291.0	0.3986622412161189	-3.9635213504838047	-5.313431464421381
2292.0	0.3357146631731422	-4.040155324176938	-5.543911382321694
2293.0	0.9351236936112193	-3.898809652403099	-5.356270032937279
2294.0	1.0376250096697295	-3.712970264583327	-5.255295705609273
2295.0	0.781629045448603	-3.7292928085292516	-4.934048452655025
2296.0	1.7176404825804013	-2.7828786590465597	-5.185975296213005
2297.0	0.9785415623510112	-3.1515722585315413	-5.591626093073909
2298.0	0.6592989303548236	-3.1999177632009688	-5.838312754258479
2299.0	0.6767812227642165	-3.308934299529489	-5.767709967874805
2300.0	1.1212669140132183	-3.2040926680544386	-5.26883412527249
2301.0	0.15966028865640025	-2.695509156226472	-4.940502890193203
2302.0	0.26928225806959905	-2.8286515888214483	-4.8592331865090514
2303.0	0.41859208237876433	-2.795218125956052	-5.016010839287118
2304.0	-0.1380486044263607	-3.6305404913310255	-5.480527174540132
2305.0	-0.28335658674364994	-4.1044070334402205	-4.756704286442229
2306.0	-1.2098266517010778	-5.3843809785075845	-3.9069003760711443
2307.0	-0.8684274513769107	-5.164995736149312	-3.7943478346808233
2308.0	-0.6156560633680941	-5.40620006651319	-3.1314947437717136
2309.0	-0.5263739107273686	-5.687394954478782	-3.7266284926481035
2310.0	0.4526011974159636	-5.090306799343849	-3.3891323618029476
2311.0	-0.46766739500804416	-5.0853962829898895	-3.8669096903072164
2312.0	-0.464042236370796	-5.105080712375873	-3.636946730459247
2313.0	-1.0458833728814585	-4.035580726556082	-4.258487582043963
2314.0	-0.9749305245707501	-3.6081294444889846	-4.567570452465565
2315.0	-1.5805082474670908	-4.704063682186396	-4.619661687539705
2316.0	-1.5107917431507174	-4.3708314669681485	-4.475226368833881
2317.0	-1.0935891485102203	-4.451408420523275	-5.129455512037798
2318.0	-1.0412516229350188	-4.773834360393494	-4.608173493361196
2319.0	-0.4827489417518753	-4.5375644719419785	-4.965599575173057
2320.0	0.4169251023391492	-3.7540160424086046	-5.5292402836262715
2321.0	0.20230830687685486	-3.5071716740076098	-5.382753879998748
2322.0	0.21871432348772535	-3.9326302581965473	-5.396718334521501
2323.0	-0.05633749830972212	-3.528225492900792	-5.504369480816616
2324.0	-0.4963988930051041	-4.288107120793098	-5.821403052317428
2325.0	0.7135522095718067	-4.857509331433199	-5.535213183871143
2326.0	0.6502358538187409	-4.071040907847039	-5.644110112088314
2327.0	0.16250200093313188	-4.163652826361747	-5.712701438856266
2328.0	1.0965709341279313	-3.8025218493399846	-6.043719261097459
2329.0	0.38761144492912325	-3.4070346449500257	-5.526130305712158
2330.0	0.81684221984647	-3.3371058748688225	-5.690553452825814
2331.0	-0.4720244523173963	-4.373086630450339	-6.283774815864226
2332.0	0.12886050196913112	-4.801852208550852	-5.646079405590682
2333.0	-0.21329835626813934	-4.659065983158335	-6.339549182930582
2334.0	0.24000964696644528	-4.061477455804433	-6.093427527353796
2335.0	-0.5398992176094312	-4.221235189288715	-6.1179944320801924
2336.0	-1.2393870315656694	-4.011284546855096	-5.70654665991894
2337.0	-1.7096559198372963	-4.2258530672569234	-6.040910202516536
2338.0	-1.5442742533722467	-4.844261292147317	-6.096111262229303
2339.0	-1.0922141098254432	-4.839900411236065	-5.172314929124798
2340.0	-0.48797821067801506	-4.9066353672672065	-5.597095224886481
2341.0	0.3572278033458859	-4.538751880968786	-4.85370209256348
2342.0	-0.41139623479456455	-4.611258050609786	-5.033637012615736
2343.0	0.46608011800184934	-3.9921497830263024	-4.971783361648734
2344.0	0.9867428608179312	-3.600360075198356	-4.987471937547136
2345.0	0.3316677961410227	-2.8812935368908628	-5.521569859836949
2346.0	-0.2691345941820299	-2.7664192565100287	-5.362278007719329
2347.0	-0.3309341147538275	-2.8884813126486133	-4.402036029775324
2348.0	-0.4943812308702751	-2.5544983530166676	-4.055518921794235
2349.0	0.6332379738373074	-2.3408017089536606	-3.7856032037021627
2350.0	0.6714138297294769	-1.9646983421229347	-3.666243636432144
2351.0	1.5304275116269368	-2.6778663908289113	-4.014427337099788
2352.0	0.8713836382384632	-2.1266973658120443	-3.857209533693877
2353.0	0.7045363060092631	-2.080021962241642	-3.9346195598133953
2354.0	0.3694533084257755	-2.5780844058480614	-4.922094456884598
2355.0	-0.5865391580509258	-3.0469465470061863	-5.516757137257952
2356.0	-0.044987035101236805	-3.993222742723074	-5.5352205187539285
2357.0	-0.13290573978580222	-3.569889250047126	-5.732495433966795
2358.0	-0.18545867204663635	-4.123550300538847	-5.773379842212733
2359.0	0.059000778942621845	-4.173822294321215	-5.759440262404276
2360.0	-0.9574574842307648	-3.5312263984391534	-6.01957266906786
2361.0	-1.001833229855552	-2.5937524620578967	-6.080796781985509
2362.0	-0.6426363570936793	-3.1247986999327915	-6.377417996945419
2363.0	-0.3940237127341918	-3.001954589494552	-6.766974921069735
2364.0	-0.4673498733484926	-3.1824932780083346	-6.768615846393758
2365.0	-0.6218634632851351	-3.0202454276037063	-6.68247686651313
2366.0	-0.42692189818307347	-2.74789282641024	-6.503022869737038
2367.0	-0.5051926324508361	-3.188418352833313	-6.807199258994395
2368.0	-1.5093376730985841	-3.557117599006949	-7.0583259037163355
2369.0	-0.7399507465409669	-3.144002418379733	-6.638730961891056
2370.0	0.9930045127959275	-3.2791453340921564	-6.631992041293801
2371.0	0.027524038350802138	-2.905127624612732	-6.460661529949255
2372.0	0.020580250499188518	-2.3037100854873414	-6.3158468719461505
2373.0	0.3305984215473562	-2.970795193886748	-6.026210523733991
2374.0	1.532227256212232	-2.880552124497596	-6.914651114344346
2375.0	-0.09961208876341032	-2.8762937059302818	-7.4041022924567
2376.0	0.03357636963898736	-2.656586970414678	-7.360605119815291
2377.0	0.8579367011358772	-2.7977430837155906	-7.700060004760845
2378.0	0.26591151189056084	-4.1904336860252736	-7.737782783329093
2379.0	0.7295288758300932	-4.1744971057541305	-7.425096013159533
2380.0	0.0408001404778901	-4.335538641152064	-7.318372993102856
2381.0	-0.13603356606215597	-3.9926321968334477	-7.035556608098216
2382.0	0.8178268797832556	-4.572325846652786	-7.011957694622617
2383.0	0.849268701787276	-4.164493189225155	-7.222304748717023
2384.0	1.0200547455096647	-3.6119439944419254	-6.974477768275522
2385.0	0.458102719636693	-3.7442705077831704	-6.990329334470652
2386.0	0.30741786846874425	-3.3825442019584906	-7.21777261454108
2387.0	-0.33645719349919145	-3.630398183499237	-7.352495054030287
2388.0	-1.0609658057808509	-3.742910842398944	-7.552622614225328
2389.0	0.42095641616821755	-3.4435737943734805	-7.405083253255736
2390.0	-1.4718375608092693	-3.8855771235751444	-7.318568981363274
2391.0	-2.049543625605177	-3.5967023516439753	-6.668660667083428
2392.0	-1.458058057816534	-3.4228554110181917	-6.189136619954727
2393.0	-1.8274350137351174	-3.8424401438243345	-7.118957782917355
2394.0	-2.118919958317512	-3.425740957927045	-6.965660429845972
2395.0	-2.4266799487949866	-2.864609280210381	-7.003641842676067
2396.0	-1.864260912705921	-2.230247394814737	-7.015145130465774
2397.0	-2.5621037643017477	-2.952146738376617	-6.5548850023336085
2398.0	-2.498132641767735	-3.311521274323876	-6.40065004584133
2399.0	-1.816809902773319	-2.972097727146051	-6.2666086324902155
2400.0	-0.8728772765461008	-2.929303709603071	-6.40139956808019
2401.0	-0.23727961397701403	-3.6871240896345707	-6.176347308190822
2402.0	-0.11013901863019748	-3.4335330308989045	-6.881831687134195
2403.0	-0.12370215458979344	-2.8582717330222107	-7.139578788480691
2404.0	-0.20711761002325685	-2.8087598930216284	-7.164049596941101
2405.0	-1.090652500104325	-2.904844544412988	-7.259835321553574
2406.0	-1.2032632399177203	-3.4718325817701166	-7.437041886275936
2407.0	-0.29073217310975386	-3.4157532786603664	-8.040872152473444
2408.0	-0.32378555013996313	-3.08544837825613	-7.470947668118322
2409.0	-0.7433127463598805	-2.71896706880994	-7.436875254217858
2410.0	-0.4773505310207976	-2.206453188451373	-7.659290030563347
2411.0	-0.09252806734294561	-2.7494535775619298	-7.868778107234322
2412.0	0.15376849026849287	-3.3923997810118856	-7.5139928551190955
2413.0	0.2595251369292971	-3.982569118729424	-7.073600431299223
2414.0	-0.05645178637482595	-4.570544176780565	-6.376754439792766
2415.0	-0.35999975415316715	-4.309547179473335	-6.244215873585554
2416.0	0.42035147469166506	-5.3306703824588455	-5.956762616004899
2417.0	0.5487197098185074	-5.740896261048613	-5.559191330334666
2418.0	0.8281668562317578	-5.078346057207925	-5.314100837463799
2419.0	0.957494016082082	-5.471869225583277	-5.849407339541407
2420.0	0.3880703072393853	-5.181319224696501	-6.11138256933587
2421.0	-0.5971483159275768	-5.144110803974667	-6.378272008288199
2422.0	-0.4597010865640132	-4.770457358112758	-6.169485794085349
2423.0	0.5213703609113615	-3.6642695481901466	-5.850340914236292
2424.0	1.0266124746532186	-3.1254524636029317	-6.078763718828416
2425.0	1.474655804085696	-3.0359561259382413	-6.192803186635577
2426.0	1.2187974686287266	-2.1385059225205136	-6.562399155137192
2427.0	1.0312875633044756	-2.224052964234189	-6.611749193246777
2428.0	1.261362562557261	-1.9982322714065095	-6.16081464960091
2429.0	1.040268740919419	-1.982354150882779	-6.204407421433986
2430.0	1.2023591894542986	-1.6829687608645472	-6.484743917997836
2431.0	1.5976946229418616	-1.1550136802160567	-6.727038941108346
2432.0	1.2347414347765286	-0.39045458116294884	-6.368416648154461
2433.0	1.0737710165353997	-1.0927557617605301	-6.95180517540877
2434.0	0.20534699500119769	-0.95214155609684	-6.653989586547852
2435.0	-0.5433919331663986	-1.6725173330821321	-6.828676947217179
2436.0	-0.4506173975491144	-2.2287039133386513	-6.967188790394012
2437.0	-0.2727956094125703	-2.3266752821531274	-7.294186366417027
2438.0	0.47173202557323257	-2.919426007363422	-6.7228473906018795
2439.0	0.9542442615453902	-2.6971276495826553	-6.740021000453421
2440.0	0.9128595116626895	-3.1956041119799634	-6.540669372928083
2441.0	1.243277308149833	-3.3309045988997052	-5.8293940312082215
2442.0	1.0943619483008884	-3.789614016907803	-5.829795639108817
2443.0	1.5071074280771062	-3.754374488150776	-5.922047402876586
2444.0	0.9853164487731485	-3.1871547489141148	-4.7323490927531795
2445.0	1.0398012517995878	-3.4663713508173384	-4.596022386177913
2446.0	0.4470377806705137	-3.034619489777552	-5.056107980775245
2447.0	0.4768714573469872	-3.046078973326229	-4.7728940999895375
2448.0	0.7111542880083651	-3.8485569022593116	-5.255045865321126
2449.0	0.9619082859781067	-4.310126265270109	-5.252154780723071
2450.0	-0.14016646345890185	-3.9759244516198287	-5.387671833618649
2451.0	-0.21844896369182565	-3.9289854802008435	-6.321131390444235
2452.0	0.004009479955334405	-4.649483302561684	-5.863812639749395
2453.0	0.8964056355334539	-4.066361051155196	-5.915768168460077
2454.0	1.2503512972093918	-4.28425594398907	-5.87466963107366
2455.0	0.3202621997036633	-4.195053069974417	-5.392832978256974
2456.0	0.7615923517103848	-3.754355102490397	-6.080338572608561
2457.0	-0.4134831714502407	-3.9036414133967825	-6.0350602164805025
2458.0	-1.0581832707988061	-4.368087822004271	-6.232943953760106
2459.0	-1.5727307160656512	-4.27693684643238	-6.3522434260343035
2460.0	-1.060962626998494	-3.925489202355873	-6.420695137443139
2461.0	0.7897088593192871	-4.71180134360501	-6.64640131671768
2462.0	1.3581152112130308	-4.849563333816015	-6.643821057229131
2463.0	0.16948263667978808	-5.36218672601739	-6.540657021114277
2464.0	-0.5936659588688455	-5.761883284045108	-6.4464957000265475
2465.0	0.5910702377353275	-4.995786832517497	-6.146443672780071
2466.0	0.9336614399849099	-5.146756477596789	-6.268535870015409
2467.0	1.2609251921942306	-4.679435049510452	-6.363417288849995
2468.0	2.4373394333016494	-4.4564427815699075	-6.115369539347681
2469.0	1.8427938708492846	-4.340080122112967	-6.443396728228573
2470.0	1.7764262569724838	-4.453220057377638	-6.08830415288229
2471.0	1.8205242961462353	-4.191947487331699	-6.0908622700132975
2472.0	1.7589592018932418	-2.9638512135602073	-6.038681821160849
2473.0	1.480897677597281	-2.1190562831436837	-5.667154683242646
2474.0	1.214027601828153	-3.272818708335025	-5.676631500740709
2475.0	0.7483066515707056	-3.299966536929298	-6.142756488918424
2476.0	1.7615415551880547	-3.288737625527933	-6.256570781115683
2477.0	1.317975183508721	-3.5867900551930205	-6.23025808047721
2478.0	0.7323591801656825	-3.2157856965817717	-6.586371580017839
2479.0	1.7248932112382445	-3.1378164828838484	-6.339452167434364
2480.0	2.5982804148286536	-2.7871342320627743	-6.119212150514443
2481.0	3.2363227476226544	-2.668746808184855	-5.862266507349933
2482.0	2.44117026688278	-2.8281763707853678	-5.870895046419639
2483.0	1.901393428475923	-2.449005915190065	-5.9389278585052425
2484.0	1.481806988132451	-2.609397778003502	-5.867210427249439
2485.0	1.771482133863344	-2.947811394251444	-6.16937236256537
2486.0	2.316155412021769	-3.105661637098651	-6.253168589482932
2487.0	1.1491025747401025	-3.134168209116295	-6.220571503595537
2488.0	0.1530596497823331	-1.9450348532039285	-6.099049682606568
2489.0	0.20009121499094495	-1.9232876103035428	-5.74026877516601
2490.0	1.9482264199986385	-2.4660125534281643	-5.055089337000837
2491.0	0.5887270113942145	-1.7006589757245654	-5.187473345797301
2492.0	-0.12521006255948408	-1.7590078268014646	-4.99193139932254
2493.0	-0.7364126479648755	-2.5640501725797833	-4.918574471496542
2494.0	-0.5303044349425615	-2.513576857349999	-5.0660443778725135
2495.0	0.3172673676765577	-1.8578981494404498	-5.160857460033481
2496.0	-1.010327139721653	-2.2050498213688625	-5.168681505658997
2497.0	-0.9904246559461665	-2.6800358901910846	-5.214760755948975
2498.0	-0.6785176863161113	-2.371677001632183	-5.621927466746201
2499.0	-0.4590529738794293	-2.1350864776757104	-5.969037030104846
2500.0	-2.000742548361783	-2.361357752824405	-6.218543644783822
2501.0	-1.8054994439258367	-1.9513973822823079	-6.346292968995357
2502.0	0.4192463113645485	-2.0232372076478042	-6.267422890261667
2503.0	-0.6220685521851629	-1.0924563549562851	-6.3210962146359995
2504.0	-0.6789567017491736	-1.398534195888256	-6.110511483240411
2505.0	-0.6168925201471744	-2.483977673464629	-6.148625245822727
2506.0	0.2862042906666852	-2.1067850773428556	-6.6320561593257485
2507.0	-0.035089003348780734	-2.482382747207031	-6.39870768137739
2508.0	-0.28319607821225334	-2.0230554623028185	-7.113535108749866
2509.0	0.775279606523803	-2.5121619489009768	-7.619863749372335
2510.0	1.1737719964764721	-3.095357376608561	-7.9304637672519736
2511.0	1.2968372032510709	-3.352679837434746	-7.586302944592374
2512.0	1.3816613325441294	-3.619453682740389	-7.837773057813847
2513.0	0.9449493045657362	-3.803570328847551	-7.795603303343832
2514.0	0.6675041306799196	-4.360659651394877	-8.233474365651931
2515.0	-0.20090850791981046	-4.620182371136307	-8.407102692501718
2516.0	-0.505695401915739	-4.618735738298976	-8.572731524802142
2517.0	-0.33914424198776133	-3.903911915095052	-8.755452051646445
2518.0	-1.0636704368719012	-3.347135438129223	-8.775209158612505
2519.0	-0.8379992767234907	-3.491614461013719	-8.84588490303825
2520.0	-1.1136399948534739	-3.5243778531516856	-8.74320047002251
2521.0	-0.5192815922088451	-3.5362325771590806	-8.120047908491639
2522.0	-0.07683183883425737	-3.13544799184494	-8.432844994928656
2523.0	0.20222588896503307	-2.6935173562872343	-8.035424266620177
2524.0	0.28037281154837057	-2.8232735676643137	-7.849420238874288
2525.0	-0.09610338019013603	-2.3765779722204874	-7.426954646565677
2526.0	0.1883205799655781	-2.5040978690713063	-6.977255142689914
2527.0	0.2509705100639797	-2.2476911952880947	-7.208082394768489
2528.0	-0.42543625749291575	-3.00934162493824	-7.32480697431225
2529.0	-1.8080781462377975	-3.2795544356238664	-7.275250143520262
2530.0	-0.8825324816721641	-3.3062257290418713	-7.274195274427828
2531.0	-2.694116562019244	-3.7750174186206786	-7.198644646767545
2532.0	-0.1199107644155124	-3.8482548289165215	-6.995568489013687
2533.0	0.09193271964146821	-4.262138105095873	-7.364691902852646
2534.0	-0.41567625649678364	-4.370388921879927	-6.7493351606096725
2535.0	-0.6517902166350537	-4.844159082077796	-7.534408084621143
2536.0	-1.199128417202859	-4.667982392277449	-7.811937522055896
2537.0	-1.462180574109202	-4.50924497095414	-7.985354702990999
2538.0	-1.3937168458904172	-4.152604302236327	-7.467358260095033
2539.0	-1.8629456817741756	-3.159833354290121	-7.5000555049309785
2540.0	-1.1065605976591777	-3.432919949952384	-7.6124383052128
2541.0	-0.9933192787124758	-3.6566733451415403	-7.035554229700521
2542.0	-0.9619288706168261	-3.2547891684615413	-6.71364341676919
2543.0	-1.6414867678628622	-3.6640427352696037	-6.69310506375812
2544.0	-0.590018262446846	-3.397006734952121	-7.009225000033971
2545.0	-0.8797563237589042	-2.264518404833886	-6.866167731716734
2546.0	-1.040379584798988	-1.6370894267705223	-7.053804036286107
2547.0	-0.25561794074340166	-1.867918370691375	-6.952663418034507
2548.0	0.09820449121678668	-1.599956511867406	-6.547589035626823
2549.0	0.06411303954239886	-2.2547646208922347	-6.197630796288476
2550.0	0.5421429164394658	-2.2241715530313164	-6.215882584874597
2551.0	0.3171806543242043	-3.0987129128419513	-5.857203616600819
2552.0	0.40447875655777066	-2.4426162632356228	-5.375588805359764
2553.0	-0.607870320024333	-3.0228416113622885	-5.55029484497707
2554.0	0.040539515446032626	-2.8666224358521997	-5.746774916803307
2555.0	-0.19627239914836672	-2.1688778967592524	-5.905716128572629
2556.0	0.1258146902474595	-2.13921838278997	-6.060568128011696
2557.0	-0.8234133295696626	-1.5073816901523194	-6.760763045073504
2558.0	0.15547595054803034	-0.9276738743748022	-6.538760338765217
2559.0	-0.06645088738221558	-1.0888191470014497	-6.575869112586334
2560.0	0.5503004561974802	-1.3955340816636743	-6.411282695833573
2561.0	-0.6807635464562375	-1.1303261600820345	-6.510999086285308
2562.0	-0.32554736020911607	-1.0186869648968613	-6.508634661796699
2563.0	-0.5420551286301951	-0.8982667533625316	-5.43201908599684
2564.0	-0.9762486530398937	-0.6445892619025365	-5.827759231197273
2565.0	-1.0402574246578062	-1.008101972115199	-5.583521719422676
2566.0	0.4563617133163765	-0.9171659188510564	-5.504908545055615
2567.0	0.47814176328694885	-1.246853844177245	-6.185106067598159
2568.0	0.220193518421281	-1.4979421906759327	-5.462140780890605
2569.0	-0.6469595755583268	-1.6689085055334396	-5.078102331226814
2570.0	-0.6281714462791749	-2.145272904525119	-4.961329370534819
2571.0	0.7211462789705229	-2.9918017493193036	-5.469881640818845
2572.0	1.014541881547903	-3.104261271478622	-5.421890143461153
2573.0	0.17568057529501968	-2.8692396774209565	-5.618912995452616
2574.0	1.250530270043022	-2.6975498320825966	-5.464199397428035
2575.0	0.784681917068153	-2.8297467907562135	-5.850766059368209
2576.0	-0.041155547053474906	-2.387598819157581	-5.86979302276185
2577.0	0.32931431052649063	-2.0880583129804893	-5.816339876678532
2578.0	0.3230462668531635	-1.9580445837856622	-5.8108106406712245
2579.0	0.8432143707616999	-2.5212230316569104	-5.733317874176442
2580.0	-0.000576794123523636	-2.8992817179112764	-5.216930009224505
2581.0	-0.28477627136478717	-2.55881024116952	-6.113097811824186
2582.0	-0.1353153688709694	-2.4696441155220907	-6.241609601392171
2583.0	0.07392425911475103	-2.3481331979665625	-6.13708437773273
2584.0	0.04146675076735129	-1.7691751902814432	-5.671921376483003
2585.0	0.8871075180049558	-1.2516374609065484	-5.684911586346701
2586.0	0.20495276919957234	-1.1583895493381997	-5.481967180747881
2587.0	0.05634234144068828	-1.309973828010631	-5.191508206589047
2588.0	0.7278230572834727	-2.163890578677421	-5.6016372603158135
2589.0	0.257818626970061	-2.4521420666155596	-4.855128287443932
2590.0	-0.5083469008411795	-2.388607043221662	-4.537716265343096
2591.0	-0.5305279250559826	-1.8804426851076153	-4.580372288050424
2592.0	0.07259295367713958	-1.872772214648207	-3.772520067820721
2593.0	1.1321469797946455	-2.0856790786675528	-4.367954420940053
2594.0	1.119003887506185	-1.7059115167440848	-4.537090866229188
2595.0	0.5054546112060687	-2.026733538156743	-5.041024058855163
2596.0	0.5280403399310105	-1.3420153210782588	-5.318757265482042
2597.0	-0.533670536324786	-1.535853708629273	-5.124062893985486
2598.0	0.08330072090056939	-1.873592240172251	-5.766452436285366
2599.0	0.6505876542506738	-1.7531738838071114	-5.086404818398215
2600.0	-0.5782681485147314	-1.843177052942066	-5.185037486238949
2601.0	-1.2233344184509445	-2.675126221303562	-5.580195729270036
2602.0	-0.8199945194617083	-3.0424068269657587	-5.581091570245756
2603.0	-1.1371967982056126	-3.7819485094106273	-5.584530475208465
2604.0	-1.153910247648251	-2.429861519082937	-5.332092599622678
2605.0	-0.38665569395781996	-2.1053089745557827	-5.399606771845815
2606.0	-0.17047489869805404	-2.335951476760824	-5.636281789316827
2607.0	-0.7839005090235025	-2.483461832109399	-5.803072134013306
2608.0	-0.04252395398596165	-2.751817381805228	-6.347451365901632
2609.0	1.5753994989262348	-2.130486395565574	-6.298796555949921
2610.0	1.3978807650630345	-1.8139247506300236	-6.538447649657121
2611.0	0.46772415928105016	-1.9032651567685106	-6.25251957299622
2612.0	0.6020447628604362	-2.250212650521064	-6.614410752914375
2613.0	0.18959348250696517	-3.0134368986909124	-6.2940504013931164
2614.0	0.17128763890349952	-2.959095495109954	-6.734589668199999
2615.0	-0.12908716945973753	-3.6403229968611983	-7.072858865546316
2616.0	-0.01633923545942595	-3.4922546410768374	-6.853609857343457
2617.0	0.0491035885127703	-3.8585326128909987	-6.238617834123869
2618.0	0.8305751894252416	-3.5943060041733714	-6.249491886786352
2619.0	1.2691729349580332	-3.901661989273311	-6.871848563604297
2620.0	1.0591518512741482	-3.2304636874579975	-6.984153488997212
2621.0	0.7286111008231573	-2.997984185168478	-6.498726883653757
2622.0	0.6468053759286976	-3.1377218316918736	-6.558515329773956
2623.0	0.9191833257859117	-3.6082071181000908	-6.933061038619314
2624.0	0.5865439563467019	-3.6734575881816998	-7.111583609950732
2625.0	0.7210554799029041	-3.284312219294739	-6.494832521889455
2626.0	-0.8391955657966312	-2.6987916015911564	-6.990996547957754
2627.0	-0.635196420891295	-2.303515768396622	-6.920566330687882
2628.0	-0.9620308489395675	-1.6946598743161667	-6.754909135650166
2629.0	-1.2755021198418726	-0.959946665429771	-6.498454353326538
2630.0	-0.3501785816714107	-1.0594047168904903	-5.70343810934017
2631.0	-0.1647208798713804	-2.2205589033044455	-6.36513410962549
2632.0	-1.4222033691037237	-2.893948566950349	-6.298817730093243
2633.0	-0.4635395959624861	-3.0486240008630485	-5.973167622390834
2634.0	0.26233556647193906	-3.1154809412217657	-6.046669174822528
2635.0	0.40457763416508896	-3.4409004924005444	-5.909680631766381
2636.0	-0.33381037211197123	-3.612056971025579	-6.447459320148242
2637.0	0.6503195637669366	-3.342809465999719	-7.25002040985014
2638.0	0.5298300237163193	-3.8325434600066215	-7.228351949529326
2639.0	-0.7634065518096497	-4.212074375969276	-7.639353597852828
2640.0	-0.8217479722377327	-4.940994250954606	-8.03190133586087
2641.0	0.385793069811165	-3.983400235700906	-8.216856402285739
2642.0	0.7717491384910942	-3.9391401651187152	-7.36237111415389
2643.0	0.5557876728263471	-4.366237039930636	-7.532347776336722
2644.0	1.1171082939304258	-4.483695606861966	-7.129041173367589
2645.0	0.5919861712682392	-4.4754769535518975	-7.206485865529793
2646.0	0.5930800000474592	-3.7569343991468482	-7.415550080458262
2647.0	0.38038058534556785	-4.040804022274409	-7.2451147056376755
2648.0	-0.8877838199597028	-3.2620531319763617	-7.059701714113869
2649.0	-0.03291058555807069	-3.249358959541212	-7.357456661761206
2650.0	-0.3088182502658193	-2.9200183062663454	-6.9388102300084284
2651.0	-0.5973228711568948	-2.6887295607340285	-6.332472424658166
2652.0	-1.1012510469691383	-3.3454440004591146	-6.807590508862294
2653.0	-1.5639134477043346	-3.93950592836669	-6.531352007508877
2654.0	-1.502708182368372	-4.623917697119556	-5.759213200179068
2655.0	-1.0019455709289504	-3.7749877799851372	-6.0127533095642
2656.0	-0.33400071682436117	-3.0637727268769015	-6.862203348088531
2657.0	-0.1450246130453231	-2.893523793480765	-6.359999147366108
2658.0	-0.19707711125756738	-4.0047292397932	-6.106578432948254
2659.0	-0.2499366455538632	-4.025349918492717	-6.135490983408777
2660.0	-0.10783513429309483	-3.816736346678307	-6.592581504639881
2661.0	-0.24471642903445423	-4.124348870917185	-6.696939857258501
2662.0	0.4349162995868874	-4.14606762052732	-6.5856152771157745
2663.0	1.069126659113645	-4.4168325286378245	-6.912011458238386
2664.0	0.4573607956370729	-4.431605126090923	-7.163490712564717
2665.0	-0.13459414705037623	-3.963423313468124	-7.40058547162651
2666.0	0.575347878790919	-4.228731944203594	-7.06518537443139
2667.0	1.225275301063896	-4.963320017641407	-7.122786923321334
2668.0	0.20413353842029913	-4.99093515255001	-6.375986606500194
2669.0	0.6769718295206837	-4.302132636750182	-5.962471872984315
2670.0	0.5540599933100733	-4.813786306716869	-6.462695664475218
2671.0	0.008323957086583927	-4.859118970012061	-5.754312125739374
2672.0	0.31059312338098566	-5.282778842053864	-5.911490925959487
2673.0	0.2930832957853371	-5.4017361479906505	-6.154138751344472
2674.0	0.6619218484092513	-4.977588149017327	-6.464339966285191
2675.0	-0.4317761013737922	-4.792358675940988	-6.4040000374205555
2676.0	0.19344629021770648	-3.917831288399629	-5.793421542329386
2677.0	0.16246733507898697	-3.96288170589602	-5.8118703227824025
2678.0	0.3960760740428831	-4.20603157854788	-5.337295523900518
2679.0	0.11840570108586493	-4.317600639276944	-5.7440384029109115
2680.0	-0.2991800085395179	-4.293945436564469	-5.427746784460546
2681.0	1.1649280494958305	-4.938934420111398	-6.011198630881867
2682.0	0.022515719223430652	-4.314938324236236	-6.0171669414951525
2683.0	-0.37284981779249915	-3.6740967535373743	-5.858883096352258
2684.0	-0.49746672699666433	-3.3730031812910766	-5.388669117397612
2685.0	-1.5614713148011286	-3.6324775603209623	-5.416129368043141
2686.0	-1.3884155252660235	-2.800012252176146	-5.343800804338739
2687.0	-1.160224904509157	-3.061777763156706	-5.248711726714712
2688.0	-1.0372269887022278	-2.2059483121195083	-5.451128692682483
2689.0	-0.16227085091493332	-2.6104897766257644	-5.206495820082554
2690.0	-0.11285743216773036	-2.435526212893645	-5.261814498997274
2691.0	-0.6185714168785739	-1.680615842165043	-5.5621983193365905
2692.0	-0.028221445747982465	-1.8208573592433739	-5.64686900689842
2693.0	1.2039363703374908	-2.429811587980633	-5.487059232263942
2694.0	0.4672886205204592	-2.392036214591139	-5.29240905387465
2695.0	-0.8414251540537394	-1.785346861970418	-5.363982526287831
2696.0	-1.4389174299313852	-2.137139566898288	-5.040873597396056
2697.0	-0.5463073784696576	-2.0743309991998027	-4.730234369731269
2698.0	-0.5775068428643708	-2.599489838721748	-4.6444264504394255
2699.0	-0.3798940274218358	-3.0159997218868306	-4.818466326268784
2700.0	-0.29748943029877817	-3.659779856290047	-5.455949988119713
2701.0	-0.7817291573419791	-3.863053248121088	-5.3520078326248255
2702.0	-1.4784324614660276	-4.228754028829174	-5.606277406580427
2703.0	-0.12079385149239019	-2.3247510414039487	-5.791014620111545
2704.0	-1.1963935437783464	-2.3516546427987537	-5.77898141955702
2705.0	-0.5070880453140159	-2.935738994770737	-5.82769992598473
2706.0	0.24321734284249025	-3.707145411708341	-6.199898723472414
2707.0	-0.015525970531415412	-3.5096063735298433	-6.2758702860753495
2708.0	-0.02579463593055939	-3.953432207154794	-5.884404843922142
2709.0	0.033310591252150634	-4.040462601802808	-5.723309058343821
2710.0	0.5845474698053628	-3.40526658560041	-5.986175742716679
2711.0	-0.6124033338275736	-2.5744895564837913	-6.196841093498545
2712.0	-0.4898713429683064	-2.803309565233633	-6.092918916207503
2713.0	-0.6075693550415959	-2.6410523574843574	-5.761456997257386
2714.0	0.31372150546739375	-2.4975850385932334	-5.507051504274489
2715.0	0.6280809061213951	-2.891140279464677	-5.440911542823728
2716.0	0.47460193120972105	-3.5170466795861746	-4.925756544832806
2717.0	-0.09010529394861944	-3.3835797441366817	-4.915876594793188
2718.0	-0.1471889628803843	-3.7101712459135485	-5.198322715348793
2719.0	-0.18015882550348117	-4.179968120804038	-5.102819589681582
2720.0	0.1620643196428675	-4.481965293472025	-5.270143124485301
2721.0	0.41039221952814553	-5.047189102576913	-4.820329592151647
2722.0	0.22114032750565116	-4.539845721237276	-4.9629497655494195
2723.0	0.2412006582972025	-4.803918914890639	-4.939013731050807
2724.0	0.1407906372270361	-4.816779092733037	-5.9702736348416074
2725.0	0.27788248744838695	-5.15453247472564	-6.193759963910269
2726.0	0.49607662639623484	-5.389136938224979	-6.111504844727347
2727.0	1.587750510731486	-4.951542474014407	-5.95553729271629
2728.0	0.7551937013488608	-5.152550527006115	-6.00226353987958
2729.0	0.7286360863799695	-4.483506373728245	-5.631759805046104
2730.0	1.7869525687957721	-4.813688966495058	-5.641834663113867
2731.0	1.4741197791833913	-4.616408336684952	-5.526017658461307
2732.0	0.735168435844853	-4.141425103938626	-5.165759200449286
2733.0	0.9489763769929315	-3.656694729135115	-5.075630004307415
2734.0	1.139914148401405	-3.8543930908626365	-4.9625465523735475
2735.0	0.6543733366666465	-4.227863282609258	-4.613673461672132
2736.0	1.0821752627438022	-4.279224049214393	-4.114238946007397
2737.0	1.489333067091253	-4.2527490360918225	-4.5992510885393365
2738.0	1.1711565477527852	-4.369709319692452	-4.987246272153065
2739.0	1.0100445533624034	-4.685031412619171	-5.086954015545402
2740.0	2.1145773963926353	-4.700129996358744	-4.80307785417233
2741.0	1.9808321979045953	-3.820959639643905	-5.510760528026138
2742.0	1.444789087147386	-3.8109539014012963	-5.297647845302232
2743.0	0.6963088173287275	-4.507443933837403	-4.556043156284123
2744.0	-0.419424602015203	-4.4751922895041885	-4.294501951690069
2745.0	-0.874256838829636	-4.83878519115111	-4.083973478625547
2746.0	0.3283288905609282	-4.785982621130051	-4.4954205200227815
2747.0	-0.23710867337337654	-3.640908386695428	-4.59219062111568
2748.0	0.20668468315864819	-3.319403408941262	-4.983068342696985
2749.0	-0.13697661989276977	-3.7982245533583527	-5.060159370536526
2750.0	-0.27945607047219845	-3.448004735961869	-4.917761400886837
2751.0	0.75620847911642	-4.109347949152621	-4.66717412330074
2752.0	1.2843347165652408	-4.393247407144925	-4.856142272254513
2753.0	-0.48877015933404566	-4.356705210850132	-4.618011629437838
2754.0	-0.577575171789489	-4.734538039540163	-5.047187232393268
2755.0	-0.3960844507318551	-5.29752233660344	-5.232790268192513
2756.0	0.6003103559588203	-5.380782217890199	-5.058194541263537
2757.0	0.6766012870577613	-5.974219745842898	-5.516866729046294
2758.0	0.7111528197432977	-5.360906060256212	-5.392316214237704
2759.0	1.1221352713425423	-5.022422139472567	-5.4482134725413855
2760.0	0.5929406507315329	-4.450648267935119	-6.657285849608506
2761.0	0.29244392678694087	-4.476432489485761	-6.433033257616336
2762.0	1.1302738997850161	-4.958707378857536	-6.462497311660594
2763.0	-0.2235387907881303	-4.6840041424455094	-6.903491142899394
2764.0	0.9453055059207673	-3.860740238359226	-7.180502730393909
2765.0	1.307461935647269	-5.155749212035598	-6.977412870267716
2766.0	0.5887609040063166	-4.995697963355553	-6.740930063468526
2767.0	0.5067845680583486	-4.581867997511598	-7.221410201093853
2768.0	1.9107781599829738	-4.400456048026377	-7.3939320602714576
2769.0	1.8742008898943538	-4.396089684265548	-7.191933425448857
2770.0	1.1707392656539033	-3.9393941743106637	-6.733352290983783
2771.0	1.2656948318815742	-3.545331811969761	-6.881660238284529
2772.0	1.1818649238793564	-3.4980675042212486	-7.199321542822586
2773.0	1.163633938546442	-3.0426787201301035	-6.624414224602972
2774.0	1.7393119476835233	-3.437831001278516	-6.910582787463552
2775.0	0.9851547706431583	-2.173462656919128	-6.8932542240918115
2776.0	1.944555283041806	-2.9734695256500747	-6.719066629320827
2777.0	1.58753391268873	-2.9610744737670496	-6.488480370689946
2778.0	1.7273744777257563	-1.889366257362656	-5.787038751327468
2779.0	1.8480218576733136	-3.1576239605601457	-5.874609421491037
2780.0	0.9988342070827105	-3.3144795843427426	-5.960415536604481
2781.0	1.1178688342901872	-2.5892843536509282	-6.095744364670159
2782.0	1.671804675944166	-2.7066479424217103	-6.0864954815972565
2783.0	1.9552905335512372	-3.1967145900023604	-6.146109645891874
2784.0	1.762644558195083	-3.441083979438767	-5.760699051701402
2785.0	0.556623443286537	-3.131561254796691	-5.699247418230822
2786.0	0.500422930853288	-3.2483661965927784	-5.3427119873200235
2787.0	0.15240635909005798	-3.35873820436229	-5.477811459598842
2788.0	1.010178948544804	-2.7959337074469337	-5.8866221994532095
2789.0	0.1892104143547124	-2.2292964058875286	-5.947928822155854
2790.0	-0.32125718774779105	-2.341537444623496	-6.1497891782150536
2791.0	-0.9794063960032448	-1.278682575253103	-6.118290462431874
2792.0	-0.05441749399133666	-1.7822400992084209	-5.962858683536696
2793.0	0.7350849969423725	-2.172841769810345	-6.146802007132491
2794.0	0.3526354517073851	-1.4475611885156812	-6.2623028154601865
2795.0	0.3288780340726618	-1.2369720847652408	-6.475119643659731
2796.0	0.29726128914290056	-1.8486648948517859	-7.1323467618763665
2797.0	0.018039076970672023	-1.0725326726242177	-6.8627811021012155
2798.0	-1.2516545529941816	0.05933267578023993	-6.615690259891735
2799.0	-1.4313011325217797	-0.45236440616369755	-6.168510681486521
2800.0	-1.1945483827018577	-0.20870969991462296	-5.862432937648345
2801.0	-1.1741807189258728	-0.5330266157579999	-6.293493100605334
2802.0	-1.5224307838494384	-2.256054845791384	-6.482392296972904
2803.0	-1.160692883877648	-1.7404242240579437	-6.766475343795219
2804.0	-0.9154720677279332	-1.1241783323229275	-6.787938790788704
2805.0	-0.8787815815004917	-1.5605447320196382	-6.795867733211143
2806.0	-1.508568789911569	-1.6944509115811872	-6.72071783314848
2807.0	-1.8599373824751866	-2.3551612517591187	-6.832649179519882
2808.0	-0.7119273446901412	-2.4586642044923828	-6.922021918545186
2809.0	-0.11918388847527178	-2.468629849346896	-7.059448978891131
2810.0	-0.5491144737404927	-2.179876230330024	-7.234410689043131
2811.0	-0.32876060019603226	-1.8526652277551248	-6.7791549189550295
2812.0	0.013189317412849483	-2.022314796972883	-6.793857345939584
2813.0	-0.10493388269481022	-2.5120370167230277	-6.390971701651555
2814.0	-0.8802537752858498	-3.2222939543323124	-6.426981758352212
2815.0	-1.5598844747712042	-3.4242668622159727	-6.784233161093532
2816.0	-2.0576079400249494	-3.6089618142254483	-5.713483436610592
2817.0	-1.2778486129575748	-3.597865799819079	-5.760132719032661
2818.0	-0.762076191184577	-4.028738038827413	-5.340450274964636
2819.0	1.2522027110310296	-4.298511901893837	-4.548946264414745
2820.0	0.6941818543349685	-4.456191699738108	-4.611525620519771
2821.0	1.0684968116005802	-4.072015432454395	-4.852138668897164
2822.0	1.9614161611318566	-3.536207827789919	-5.0016851230533215
2823.0	2.3440411869533286	-3.84083778135188	-5.0009171296344315
2824.0	0.9719957310788457	-4.334614847119814	-5.071566269598554
2825.0	0.9064288354410456	-4.0452816290840845	-5.107469412514227
2826.0	0.01813942524431679	-4.052467976860561	-5.182404188586723
2827.0	0.9883174498736556	-3.410237302989101	-5.59578413663179
2828.0	0.6749160213559671	-3.1188088165598105	-5.7370167110634
2829.0	1.009964058069101	-3.292885132671292	-5.876719224070635
2830.0	0.41449186253107634	-3.386064239245086	-6.055395790898
2831.0	0.5204738050622375	-3.0833067651182673	-6.301118735357312
2832.0	-0.031197052341808085	-3.1076467656572953	-6.581981167811885
2833.0	-0.40935229014788765	-3.1276747679206935	-7.127545476833786
2834.0	0.40947063098312864	-2.7845621772010984	-6.703118399727278
2835.0	0.021980501162970567	-2.4954605453796965	-6.977448967662242
2836.0	-0.1954692069598235	-1.8994710055014692	-7.121247317367855
2837.0	-0.3598688101717398	-1.9571754052850698	-7.11673875759373
2838.0	-0.6138728801772139	-2.378522868083226	-6.7664619186855335
2839.0	-0.8400930595260367	-2.6038028024347004	-6.718739931935666
2840.0	-0.3270182035798046	-3.107733126631984	-6.4668798633581694
2841.0	0.21601950759503652	-2.4581276245183035	-6.290034404392864
2842.0	0.4608990468621427	-1.981782338181986	-6.478845712116483
2843.0	0.6428713921381658	-2.114020512892579	-6.801735900681854
2844.0	0.06488393376295659	-1.6368799131401262	-7.196572833611187
2845.0	-0.6157444470754364	-1.0767085998946484	-7.211990942226668
2846.0	-1.4819549306120048	-1.111122407438554	-7.164465199651409
2847.0	-1.8048839671953698	-0.7790602846826029	-6.4764027171037535
2848.0	-1.0322358380079109	-0.7116328223588901	-6.042654965655514
2849.0	-1.6518324073609465	-1.6287097542946347	-5.830007519402382
2850.0	-2.0621713474293966	-1.1944052170641064	-5.353487426043673
2851.0	-1.6618177026982697	-1.3679676249261878	-5.3340652108668705
2852.0	-0.4553129611989204	-1.4659965444094656	-5.458693505185123
2853.0	-0.44030092790724207	-1.433687010124351	-5.885148554071508
2854.0	0.17682022337257752	-1.435356720439755	-6.410520974590833
2855.0	1.4136345081212127	-1.782406411054375	-6.36149992063952
2856.0	2.0052136325552206	-1.7922764412353853	-7.049665864022959
2857.0	2.5466690693251235	-1.7815933487021491	-7.023510912627139
2858.0	1.8743666423447674	-1.3553874300474915	-7.096034960257503
2859.0	1.1579281997250068	-1.0827904394445167	-6.5866249235493575
2860.0	0.7391886682142461	-1.093240239176446	-6.6712337346218735
2861.0	0.11346504801661705	-1.441507392510337	-6.199621972676372
2862.0	0.26707079256253097	-2.7956833572840156	-6.070953098635301
2863.0	0.16425397527013252	-2.262040883457735	-6.245406850296623
2864.0	-0.25562701285386763	-2.6017644178424515	-5.586771794757989
2865.0	0.32458325486978684	-2.0411114002745796	-5.877798007637264
2866.0	-0.33281029706259724	-2.7245391627114772	-5.586754357146683
2867.0	-0.5781428571771012	-2.2539891546279187	-5.873224987407092
2868.0	-2.249053606139645	-2.644422652236815	-6.067332186967715
2869.0	-1.8245444003723652	-2.5171517916575636	-5.0430457479874695
2870.0	-0.9703826039829322	-2.6103456715831017	-5.164710093123133
2871.0	-1.2877471740258453	-2.9571255911462586	-5.961678727738765
2872.0	-1.7001664127738645	-3.0502727059537094	-5.982237720023764
2873.0	-1.2508776173295646	-2.788155691826123	-5.807940578538119
2874.0	-0.7007082931711106	-3.3529342073294877	-5.964706571195457
2875.0	0.529908148244047	-3.9455804110830144	-5.8970603205875465
2876.0	0.5915640636435958	-3.6448780117044017	-5.955337240106262
2877.0	1.043471632485795	-3.2265541891795633	-5.986526029516834
2878.0	1.777929523996686	-2.560486269843567	-5.861227237815373
2879.0	1.3278932253702505	-2.601503162686002	-6.520236156239955
2880.0	1.376610513306911	-2.953707522512628	-6.145805161073687
2881.0	0.8092756156812164	-2.3711967879751725	-6.180279470682859
2882.0	0.6341624109814575	-2.294067643908699	-6.18000228291815
2883.0	1.6850272746061987	-1.981198883480836	-5.1818815997134715
2884.0	2.5634480426924324	-2.1005977892931815	-5.052210653054518
2885.0	1.3044426637965392	-2.227172567620008	-5.093723318825831
2886.0	1.7443224977734535	-2.77190754357255	-4.728693704831282
2887.0	0.8635744990585463	-3.344390533924296	-4.660756866282292
2888.0	0.852986644887993	-3.552907434490168	-4.400629060472779
2889.0	0.9961857466802486	-3.9863343650639456	-4.394125894968541
2890.0	0.9448536800301899	-3.0881650045028217	-4.325497688277187
2891.0	1.2864244678002297	-3.597050676695457	-4.547712918618332
2892.0	2.07374825671212	-3.5816611628426447	-4.336298993025159
2893.0	0.0964140024756851	-3.7095495481653824	-4.2142550845811835
2894.0	-0.10027016409343159	-3.638388899292464	-4.37387483127142
2895.0	-0.9387161233702049	-3.9030794950452057	-4.588883533157255
2896.0	-0.3266722854175992	-3.8682711317113023	-5.436149697529579
2897.0	-0.15201814356583865	-4.256434653014628	-5.362616543632602
2898.0	0.9022298860263914	-4.662284899828766	-5.130497265871477
2899.0	0.9045117056079335	-5.2140904546928	-5.26305327927773
2900.0	0.13505184998825925	-4.751816204830143	-5.290121608557519
2901.0	0.4998113990712181	-4.9515061499926345	-5.7866288071301994
2902.0	-0.4604046919007675	-4.694597868118721	-6.086050202819877
2903.0	-0.6196077979759611	-3.4776753601698442	-6.184377853349284
2904.0	0.1408796499964174	-3.3612913234794206	-6.418527372929958
2905.0	-1.1219910510378375	-3.7025495268500257	-5.641431312631623
2906.0	-0.4557348057875599	-3.879101251638982	-5.8072181868019355
2907.0	-0.07510925634430615	-3.644379979008451	-5.755016014199466
2908.0	-0.4035518617148845	-3.3484824927877193	-5.90212543124704
2909.0	0.2294314853913864	-3.324534134391875	-5.607522220007762
2910.0	1.0111327330233568	-1.9500496875738023	-5.616200089425115
2911.0	0.34565921249741816	-1.8142226037770928	-5.757957222261052
2912.0	0.8238302985120496	-2.9097384219138096	-5.3635326527325065
2913.0	0.7404454799949822	-3.0705307068062817	-5.260458910857028
2914.0	-0.5669967243318131	-2.655455870826487	-5.573699764978949
2915.0	0.06440246831308431	-1.9898520442027179	-5.984412221637158
2916.0	1.0821219745821737	-1.716475593454279	-5.58138307003926
2917.0	0.9075972429850216	-1.1428125900317676	-5.331109734452757
2918.0	1.7747752797626437	-1.4712146669658415	-5.272626971399315
2919.0	1.736524047840434	-1.617096966407535	-5.494837710604782
2920.0	0.2392635224811256	-1.6531246351444695	-5.466648023351053
2921.0	0.17029382671999124	-1.8629899529166651	-6.044930348459614
2922.0	-0.6488232925471975	-1.9725673336246223	-5.889860181478377
2923.0	-1.1801670373662505	-1.4073320362092807	-5.805103661763538
2924.0	-0.3822989420973663	-1.9886342158687564	-5.937550401753217
2925.0	-0.005443115615409	-1.979463844939275	-5.6388607795492565
2926.0	-0.6113555623115252	-2.480541549888962	-5.386654928276604
2927.0	-0.2692284066625619	-3.0522029787354783	-5.96821252731002
2928.0	0.37261141971479084	-3.0072681594325905	-5.9668432277862085
2929.0	0.08936443934896551	-3.8070963221468466	-6.253973898785524
2930.0	-0.5212258551552155	-3.933239386000964	-7.213635166341998
2931.0	-1.5045081271502068	-3.836672235922781	-7.221866598865374
2932.0	-1.1649406184587878	-3.139769921091015	-7.403443208305006
2933.0	-1.4285235977596882	-3.386793926866509	-7.564579904416956
2934.0	-2.4805602075979687	-4.096156988263934	-7.926019092183842
2935.0	-2.303321718516344	-3.8910196792446774	-8.051181937810332
2936.0	-2.1482127154106565	-3.5918774634782054	-8.40255139494711
2937.0	-2.357803548351663	-3.1859700295313362	-8.00728674707108
2938.0	-1.91302220882749	-3.1265063217249587	-8.10695352108322
2939.0	-1.289189778792571	-3.2563967470525834	-7.651600722767673
2940.0	-1.6284700888569337	-2.910432123325058	-7.575304174196455
2941.0	-0.9637360187344594	-2.7548013340520385	-7.453075894512613
2942.0	-0.7859698401906096	-2.621485617729232	-7.35670643865324
2943.0	-0.8742587435281022	-2.997797901898549	-7.24580815034286
2944.0	-0.9738584954998519	-2.243333491952576	-7.04742868341878
2945.0	-0.6153580465638324	-2.285546831425551	-7.011616142034361
2946.0	-0.06725858306531687	-2.847743038795253	-7.6218819946020515
2947.0	1.0151306560822715	-2.622714644706506	-7.226916641415066
2948.0	0.9409321583235544	-2.071914051486772	-7.451549115327676
2949.0	1.0672563203737095	-2.207022156152868	-7.642968859387193
2950.0	1.968556789619594	-1.8812785429554633	-7.915789562625038
2951.0	1.1758117269847053	-1.9074280373028638	-7.6933971718008465
2952.0	-0.2530363014349101	-2.766291550255179	-6.981069417097306
2953.0	-0.5120967247272235	-2.0363450464801396	-6.895558431099465
2954.0	0.9163263255443265	-2.4825974500486723	-6.4814605028753505
2955.0	1.283417555227882	-1.9354923289874821	-6.442582846077833
2956.0	1.43783735251279	-2.4119863657532683	-6.5034239370935465
2957.0	0.17699959179124647	-2.648819899889129	-6.406406862812611
2958.0	-0.6258332421695513	-2.8719204091176334	-6.748489143656431
2959.0	-0.4470883530549518	-2.2359313892902897	-6.746191437651502
2960.0	-1.6035679928955426	-2.5682102214544384	-7.349926892606746
2961.0	-0.5515031511688437	-2.5524917412685317	-7.109052208165326
2962.0	0.09915194286390491	-2.3011368376290267	-7.227788168577724
2963.0	0.41758748828412173	-3.0155058544057693	-6.743331435661169
2964.0	0.4870552632526872	-2.570559855840969	-6.606025133601889
2965.0	0.18737142805300083	-2.6621982817384415	-6.785966516375405
2966.0	-0.33611224190892103	-2.515070215929649	-6.453027990608328
2967.0	-0.4001300362152145	-2.891595166895617	-6.189898899136744
2968.0	-1.0966661223775627	-3.310896975726528	-5.758641895070811
2969.0	-0.706178439225569	-3.195254461845728	-5.522921560858646
2970.0	-0.11262707731585464	-3.9067927105728684	-4.76572117617653
2971.0	0.26367097416959334	-3.3551770194694175	-5.427488677875247
2972.0	0.11254656811951858	-2.8484363868382223	-6.123510486686937
2973.0	-0.38677797778305545	-3.1489828919508986	-6.391789978479067
2974.0	-0.6673229904791556	-2.788659570910601	-6.331747006834835
2975.0	-1.1876517120599575	-2.6819091649130815	-6.701230446911145
2976.0	-1.033446554958306	-3.3040547965164486	-6.573065056842848
2977.0	-0.543132849001515	-3.434927205904069	-6.0780885272594904
2978.0	0.2360162408153743	-3.599742825891438	-6.222271149551137
2979.0	0.06641033763831877	-4.126888236929411	-6.347815086246156
2980.0	0.8510987742372966	-3.688197984713829	-6.516430556405476
2981.0	1.3368630909253372	-4.1295359511082985	-6.479880327846455
2982.0	1.0913796090855217	-3.962563657805214	-6.451880114105689
2983.0	0.2663455661242168	-4.780209795099431	-6.860483381625876
2984.0	-1.2576899553734	-4.290161758614122	-7.174150083498337
2985.0	-0.3480869096891731	-4.1821964946140096	-7.0159051518399735
2986.0	-1.1012675738829727	-4.236639782514154	-6.60449273490266
2987.0	-0.20644043226602132	-3.8250401072517937	-6.392342013331276
2988.0	0.47227387842762414	-3.3319425521016752	-5.791857613545617
2989.0	0.2131897532776525	-2.55050682084836	-5.670095692100707
2990.0	-0.603214738823107	-2.0547897491346085	-6.0481832552004775
2991.0	0.021853350186434306	-2.096763046264642	-5.920478436141119
2992.0	0.1931739893617092	-2.178948219543149	-5.140752707797297
2993.0	-0.552720197586994	-2.7087178287810185	-5.19002044334561
2994.0	-0.9847847582512342	-1.999836057473129	-5.466531156849433
2995.0	-1.1984430676347755	-1.557430458757703	-5.350950625233926
2996.0	-0.2933807370804947	-2.2885520845715672	-5.40049505760748
2997.0	0.6591735617294876	-2.6845847974110617	-5.373728183147907
2998.0	-0.8482598857087227	-2.805468782098245	-5.312773628988452
2999.0	-0.2608232955464629	-2.6557041900008613	-5.373411928076685
3000.0	-0.6708426590035085	-2.4079067409260873	-5.599053323928512
3001.0	-0.9088019378546099	-1.9411679773334458	-6.07449905437158
3002.0	-0.3936987097330805	-1.6308556138275332	-5.769762069003127
3003.0	-0.1783271928291923	-2.3744391377513128	-5.791272953842598
3004.0	1.0210260223066205	-2.583396888003491	-6.278620418305259
3005.0	1.3607655052584557	-2.5411138634187544	-6.203652114723699
3006.0	0.3165166781254257	-3.3968238822887598	-5.833400458309369
3007.0	-0.15717437437095835	-3.8945947275049972	-5.4970436544623595
3008.0	-0.8457179637873246	-3.3997060823186205	-5.779734549657358
3009.0	-1.5576098847507889	-3.644185665194768	-6.390935817619937
3010.0	-0.7729451961805655	-3.9279314461138934	-6.858047193328865
3011.0	-0.5577007207191855	-3.793375956556484	-6.56444539368743
3012.0	-0.7865398636651488	-3.4922211845137037	-6.738415932685086
3013.0	-0.11912987617291482	-3.1603172745995414	-6.7445797294220435
3014.0	0.22089813992776797	-4.2805022044987675	-6.528054020003754
3015.0	0.8678541711617938	-3.9247396224662543	-6.548383149928302
3016.0	0.4827439988436386	-3.357068120803227	-6.117662883286015
3017.0	1.034807330951796	-3.3147977183626858	-6.228636633019812
3018.0	0.3886137521621714	-2.8337836393398237	-6.462424307499337
3019.0	0.689650202232383	-2.811324127102486	-6.138337979022717
3020.0	1.1357927365328715	-3.1205264012273157	-6.343938001224832
3021.0	0.7130843561381066	-2.509335908185178	-6.378998182229029
3022.0	0.2027694549436459	-2.318766485681186	-5.859033416262244
3023.0	0.9038944020273089	-2.3052222930207678	-5.8086324969920415
3024.0	-0.15942164335207964	-2.125159427386998	-5.602055737518488
3025.0	-0.0196530284299124	-2.92877428453834	-5.401279511645648
3026.0	-0.011096880087311523	-2.9955788699594357	-5.474578690419363
3027.0	0.48293959978908374	-2.0339830572389146	-5.826618198535476
3028.0	0.24536298239990495	-1.7134280408186586	-6.2011105243188185
3029.0	-0.005062594394003306	-1.8336761972412259	-6.140734029374602
3030.0	1.4189857005781308	-2.810831413389044	-6.197058527535997
3031.0	0.6051637707663102	-3.0299118304303487	-6.266329359841823
3032.0	0.010568571112090697	-3.2189887950725704	-6.758636271373633
3033.0	0.44904829562616594	-2.788140076291749	-7.090303753001396
3034.0	0.5225483358621055	-2.780828429659651	-6.922151080958758
3035.0	0.7803286004542749	-3.165284340899551	-6.912162127723388
3036.0	0.8535809722263977	-3.4858297368231734	-7.149870190980071
3037.0	-0.3386899563829925	-3.1386771259946094	-6.818424853953606
3038.0	-1.018627672862345	-3.857992294224861	-6.994695361612263
3039.0	-0.4331659561239771	-3.6632381762266353	-7.108592043044979
3040.0	-0.9625127149197267	-3.1927063709443737	-7.3463194742950195
3041.0	-1.094562471052754	-3.0311282115678595	-7.769234498688844
3042.0	-0.8650674128802983	-3.151770343751104	-7.831391101904689
3043.0	-0.9414473860825394	-4.028409181189894	-7.549924809626795
3044.0	-1.622793294356537	-4.0779581568821595	-7.32079357739849
3045.0	-1.1813519482790413	-4.41014349859798	-7.346970039178853
3046.0	-1.2444787064242424	-2.5235678449987233	-6.917528804540786
3047.0	-0.46949351768353675	-2.363830558595456	-6.499948327212017
3048.0	-0.40192449636135386	-2.3437530104634603	-6.826608833430107
3049.0	-0.2713757047366505	-1.558939103123423	-7.159395008678037
3050.0	0.9637451907738546	-1.8952885078360648	-7.135529148453298
3051.0	0.6905295451148211	-2.374798248676455	-6.945679058826816
3052.0	0.22464265575319106	-2.8303817703369294	-6.980689720195951
3053.0	-0.20222085600271933	-2.530639610596171	-6.670696915213841
3054.0	0.17645901941903613	-3.0662652092045812	-7.062446622636306
3055.0	-0.05322163955995257	-3.491773672184441	-7.303791811291951
3056.0	-0.790921493706993	-3.35863873235945	-7.541861165353733
3057.0	-0.07766642099652327	-3.6132181519343676	-7.574840527889606
3058.0	0.4837855307285161	-3.8533467252839118	-7.758994377169177
3059.0	-0.04819641125752899	-3.5914438039829126	-7.653829707224613
3060.0	-0.20941684573823388	-2.374732470757644	-7.40135335747338
3061.0	0.38998426715083373	-2.5928431879653333	-6.980408213695777
3062.0	0.9266536004865976	-2.955823590923531	-6.854689305516381
3063.0	-0.1835467512350233	-2.635185287735089	-7.104716017394248
3064.0	-0.9469734845841796	-2.593900234998355	-6.440404464674092
3065.0	-0.6665671242774764	-2.5181595215177746	-5.976895715823301
3066.0	-0.5975654136639528	-3.304833727018303	-6.423783846211787
3067.0	-0.11187951135788263	-3.3338454288898403	-6.316325677522259
3068.0	-0.057322715276222944	-3.975350876025041	-6.531738580752856
3069.0	-0.8113505677541135	-4.432820362922687	-6.911941058312353
3070.0	-0.47615300097720203	-4.57985592087312	-6.9284359849045085
3071.0	0.018971273401156508	-4.767642704497572	-7.170641675223507
3072.0	-0.6261933221703324	-5.202517720407204	-7.186531110069185
3073.0	-1.1329983514340263	-5.187180014131221	-7.593858134328462
3074.0	-0.3648871321227971	-5.1511902577706365	-7.2703340589177925
3075.0	-0.010974958912798927	-4.672545940879018	-7.210740240703111
3076.0	-0.08091426072257907	-5.220347502856162	-7.092949177286172
3077.0	-0.25326237981512617	-5.054768771090269	-7.290538947818704
3078.0	0.05187030881351003	-4.400557939055544	-7.04803843964584
3079.0	0.3099516046254994	-3.0742312267252516	-7.125852117508756
3080.0	-0.495482840496256	-3.133988729149901	-6.616409196785645
3081.0	-0.7887841960881942	-2.216886743496295	-6.180131987990533
3082.0	-1.8388321850085305	-1.754980216170276	-6.386997825980306
3083.0	-0.7624943727830146	-1.5606008139958787	-6.067734087642086
3084.0	-0.5743798257992101	-0.8096752341435218	-5.717184725505192
3085.0	-1.3194482958861822	-0.6798507184322372	-6.058188704060569
3086.0	-1.0404997122430546	-0.37613893017429645	-6.287802693976595
3087.0	-0.4956454201212556	-1.227223003263015	-6.165685737100429
3088.0	1.5077558561531113	-1.2935827075931476	-5.847627413151225
3089.0	1.6028551624019738	-2.4457038994744784	-6.0367444518554505
3090.0	1.438263458692107	-1.8357661872118123	-6.4110685842089135
3091.0	1.4387362941793744	-3.159185412889845	-6.496613211441076
3092.0	1.3623332506699448	-3.7670509505242085	-6.347351751978842
3093.0	0.9075484893575154	-3.6548955285222187	-6.784262812575243
3094.0	0.7796664363773375	-3.421149023390392	-6.969939935151043
3095.0	1.3154983411383352	-3.4947267033427836	-7.002649094084755
3096.0	1.7663542363861628	-3.067896948710965	-7.463447366555135
3097.0	0.9286536255823515	-2.8879414484951624	-7.194549521076748
3098.0	0.8923472241483094	-3.1216469813396186	-7.176720701867673
3099.0	-1.2105547544852875	-2.818395972286396	-7.300051545784148
3100.0	-0.5480463040827395	-2.7408025419613815	-7.077178918140288
3101.0	-1.1102781410552494	-2.212492117953458	-7.357126085089889
3102.0	-0.8553481499680673	-1.9277877207602547	-6.848352331264322
3103.0	-0.04451918214165397	-2.3647644833955535	-6.424548939476393
3104.0	0.11417885552240914	-2.487223079596989	-6.728294958122614
3105.0	0.26098138646955876	-2.7240733403381263	-6.554180364306836
3106.0	0.6268364350482801	-3.2515629395379655	-6.505933043457988
3107.0	0.39244285921638433	-3.591849445456293	-6.39036182101294
3108.0	1.2557860225763657	-2.9340436988060787	-6.5720202361665345
3109.0	1.3820074351306024	-2.451113549647343	-7.129397190562131
3110.0	0.8473553095132882	-2.3049611952980205	-7.412363004120232
3111.0	0.7130935844613754	-2.5851064676529485	-7.407350022495635
3112.0	0.7229620852060742	-2.22293290765729	-7.301134648329314
3113.0	0.3050617832533721	-2.3965079019829703	-7.177927274548717
3114.0	0.5607822296490129	-2.7574916531938394	-7.150495096951968
3115.0	0.5247273486750954	-3.386942989103432	-7.19876938884935
3116.0	0.9456848985024329	-3.7436856459826497	-7.68217459563656
3117.0	1.5523313928362925	-4.038953492673005	-8.224713681335013
3118.0	1.8400726353718615	-4.260412091906007	-7.91366789774406
3119.0	2.8961327056809845	-4.339175212054343	-7.887563342708086
3120.0	1.663866923413075	-4.097585142816258	-7.508783422463677
3121.0	1.4532824355696465	-5.315185044508644	-7.1029472092096135
3122.0	0.6652013399615417	-5.5636170325979215	-7.29499308848705
3123.0	0.7964943131660647	-4.246896334827683	-7.232883498312669
3124.0	-0.3197824698395233	-4.894457890685594	-7.562117922273611
3125.0	-0.9893433080598352	-4.880394349737436	-7.874724532115007
3126.0	-1.4062802009257391	-4.746139570729399	-8.201949056787688
3127.0	-1.7132755987306125	-4.340938783190451	-7.833377960941844
3128.0	-0.8269820701030486	-3.5052108381339298	-7.563866350373121
3129.0	-1.211014756210488	-3.481028559641412	-7.2135569686830685
3130.0	-0.7058729296327961	-3.0769763298935824	-7.840916740014512
3131.0	-1.0704041036072276	-3.6122654746432215	-7.366532606725426
3132.0	-0.4109203283053793	-3.6508923505002313	-7.216866314034082
3133.0	-1.1292901969011475	-4.023884366785448	-7.313711545031969
3134.0	-1.356997658449526	-3.6859143192670043	-7.194361763394301
3135.0	-0.6498442712448746	-3.8712250712281278	-7.053724740455458
3136.0	-0.5416721690758954	-4.288105950190768	-7.295249837885644
3137.0	-0.6652760031252272	-4.219324620394386	-6.957705124468815
3138.0	-0.3928079704567174	-3.036086871341519	-6.773191575707361
3139.0	-0.2306433029106233	-2.8160197265628284	-6.5768576293487815
3140.0	-0.32948014398194825	-3.2333746597950763	-6.803490665219803
3141.0	0.8983139302150722	-2.8977575153545683	-6.646950954015713
3142.0	0.8618732389461968	-3.1442516029158036	-6.447323595104056
3143.0	0.3993763160616013	-3.1618772585740027	-6.7123042088149445
3144.0	0.858105760505079	-4.304738789294875	-7.299974374429352
3145.0	1.1105687001321498	-4.423495288286696	-6.846671859780282
3146.0	-0.1301859525572837	-3.744525646444156	-7.075391189232643
3147.0	-0.10619780896595388	-3.9227014021443236	-6.9170971761367825
3148.0	-0.30042425431330955	-3.5002207689722624	-6.593057736358006
3149.0	0.7972267660771033	-3.1337961115034525	-6.735153537463873
3150.0	0.5140918901281193	-3.574695837907665	-6.801272723656716
3151.0	0.2612552068515453	-3.6518568141785948	-6.753635558153586
3152.0	-0.1048070092261096	-3.847914591764565	-6.3185163684965895
3153.0	1.8068709898522248	-4.2727354349564175	-6.582017817326983
3154.0	2.305019704354788	-4.415426398922545	-6.261321441132843
3155.0	2.04751816887867	-4.5944735018061085	-6.2354390143421945
3156.0	0.38046779166203404	-4.641789098996201	-6.806156181353469
3157.0	0.974039069914459	-5.02287594718053	-6.8092029143745405
3158.0	0.11025232118153805	-4.846595267058273	-6.604000651599205
3159.0	0.2645960877546313	-5.261593135136335	-6.470158106607212
3160.0	0.6980439580448736	-5.450366576064736	-6.0974900804382886
3161.0	-0.4946819836938057	-5.056257531709873	-6.767519927079031
3162.0	-0.06905991710815285	-5.2525132153027965	-7.051126582740676
3163.0	-0.1725996687436756	-5.052234885462378	-7.070863477414345
3164.0	-0.049928759617851315	-4.905964595301826	-7.403036194459355
3165.0	-0.31325933064878564	-5.602655421629707	-7.183216343299887
3166.0	-0.027002517845731933	-5.400792193267653	-7.258718158146949
3167.0	-1.686116977900265	-4.34628624588223	-7.402071395996565
3168.0	-1.130505611109319	-3.957560023669947	-7.046093315468363
3169.0	-1.0690902297380496	-3.4299334559205437	-7.355659559647185
3170.0	-0.9444048862233045	-4.210965990714868	-7.190692199850455
3171.0	-1.2421993278326509	-3.9485316003538338	-7.345529393357598
3172.0	-1.035782126997886	-3.2193531229754773	-7.261035614244765
3173.0	-0.38528208514080264	-2.593939314546459	-7.6149009678047515
3174.0	0.5810852974816534	-2.4379802754004607	-7.431636902345471
3175.0	1.230863366218246	-1.8608128342924652	-7.890679459360247
3176.0	0.826287352200132	-1.924283910093841	-7.392613508710025
3177.0	0.832983010597227	-2.2950919283925555	-7.450183553461422
3178.0	-0.22072617256997923	-2.432664143922084	-7.121226738395997
3179.0	-0.7102850175633822	-2.566463864624343	-6.877957566187696
3180.0	-0.812178581281727	-2.902974840956152	-6.942408447264271
3181.0	-0.9775935003109477	-3.0394187823379766	-6.394080877439485
3182.0	-1.9461739268139153	-2.640143226632812	-6.5142226420369935
3183.0	-1.6160253778167681	-2.599539433081998	-7.100000324245123
3184.0	-0.9294013913069654	-2.787934842038116	-6.926386062923705
3185.0	-0.8940879616335283	-3.1473081600482713	-6.949815933247458
3186.0	-1.0022834744415154	-3.9973630722759834	-6.708187944630419
3187.0	-0.5524823605354245	-3.534006482972141	-6.837942943033843
3188.0	0.3709813628335189	-4.408611333995643	-6.8742361269887935
3189.0	0.885676735233903	-4.832248977875133	-7.0212078553519435
3190.0	0.4025551503853355	-4.224456198847481	-7.471093207562225
3191.0	0.5931960271281875	-4.391794705487219	-7.647678018039041
3192.0	-0.473613946240526	-4.115308925229951	-7.823139101386977
3193.0	-0.17681800890086652	-4.502764004749074	-8.064898775234653
3194.0	0.3072995653138244	-4.859982847438722	-8.205285853164089
3195.0	0.9720593794231167	-4.938663253267556	-8.214113433404284
3196.0	0.5919867531025929	-4.768947050766281	-7.788667692206559
3197.0	1.4364085145587855	-4.546893972397335	-7.723025177715816
3198.0	2.139071545950722	-4.3846042828972855	-7.6533641278472
3199.0	1.3720009299731952	-5.061048234705408	-7.477867916975986
3200.0	1.3931002228148877	-4.936368853186263	-7.858430163635555
3201.0	1.3946464569787256	-4.819976813745201	-7.663437318030602
3202.0	1.3482479583014642	-5.177142475353628	-7.332586397465873
3203.0	2.1235820413460935	-4.850231354792805	-7.005617084551098
3204.0	1.1751333501365648	-4.023761252572562	-6.665788346344269
3205.0	1.7832982864565148	-3.6246162753893123	-6.6051726299550175
3206.0	1.8699219360858002	-4.551226299649243	-6.163353090166578
3207.0	1.7415795211085552	-4.483447170020037	-5.764812903429197
3208.0	1.2548119751678155	-4.480609224085878	-5.4630654504172735
3209.0	1.300518414926605	-4.135031031022411	-5.530533982209863
3210.0	0.5154319495970998	-4.362035906259811	-5.30550499510786
3211.0	0.6231640230688309	-4.6876486082695425	-5.305138593539898
3212.0	1.2973026576923694	-4.929180740117908	-5.224374818177435
3213.0	0.6805004894766686	-4.762507817522828	-4.98344020912469
3214.0	1.2894517481060621	-4.673017547900467	-5.444886392724006
3215.0	1.7469973392458071	-3.986532721450468	-4.724371219707967
3216.0	1.717023378233428	-4.276110629223043	-5.534076212461564
3217.0	1.7003856046740085	-3.99788250403111	-5.336552285833543
3218.0	0.7866003335657346	-4.302293978796108	-5.449877860575
3219.0	-0.2054080424134104	-3.7850291504711846	-5.389124877626867
3220.0	-0.5388840639365854	-3.43378800999579	-4.974053731962428
3221.0	-0.524950463198848	-4.217489330117383	-4.969520835598347
3222.0	-0.8400267116157216	-3.7947422763057617	-5.144928591188036
3223.0	-0.647480118541635	-4.005433460094101	-5.232766404414119
3224.0	-0.9633987444550915	-4.496934309074674	-5.250882903438205
3225.0	-0.6408652815093505	-4.650437401355086	-5.633392685615431
3226.0	0.8902002084910142	-4.3741540201675795	-5.652192817192519
3227.0	0.9055044745238547	-4.217801947259511	-5.732315337954734
3228.0	1.251225887553414	-3.48626934618522	-5.120743110224445
3229.0	0.8424230645382853	-3.835078576699881	-5.390444751676033
3230.0	1.0228873667269869	-4.009037379687719	-5.24049844365554
3231.0	1.213945673171547	-3.3022781943122856	-5.197695481854788
3232.0	1.3672727098512398	-2.844010786786617	-5.659690925922291
3233.0	1.6333074180591116	-4.675819635247482	-6.055078461208902
3234.0	1.809642619781763	-3.9812334299641066	-5.8179415157634375
3235.0	1.093219448973712	-3.9998931004926193	-5.689622294995186
3236.0	1.2482880474674447	-3.885838686638925	-5.805212436173985
3237.0	1.6958404119747357	-3.17433098361317	-5.749456256238692
3238.0	1.740152565560181	-2.1961120721784657	-5.64818129169593
3239.0	1.403896351219442	-2.1911648349155572	-5.8797800545792445
3240.0	0.5187374923052452	-2.4619676092386453	-5.940242177673011
3241.0	-0.04603491055894693	-2.0022749012700727	-5.225218215804031
3242.0	-0.9046435207570571	-1.7948159155609122	-5.192149344758468
3243.0	0.014822762268761724	-2.3977363270525087	-5.749396242815407
3244.0	0.24665670397871797	-2.1699391608111673	-6.550295689271571
3245.0	0.22847563459870712	-2.133289454762635	-6.341309014345574
3246.0	0.4843826608801731	-1.5880798699522052	-6.645970062401924
3247.0	0.1656641550317643	-1.7325476588100694	-6.66119073469214
3248.0	0.5004557571952062	-2.1937589499613277	-6.50724634735833
3249.0	-0.882671799175567	-1.7614559947624384	-6.34958179092714
3250.0	-0.9504702775717688	-1.7527426550905272	-6.651039369881736
3251.0	-0.6101216512778862	-1.6517106367918752	-6.411575896166114
3252.0	-0.8924790250971406	-2.0060963949810153	-6.351886954040163
3253.0	-0.8836670163346507	-2.438439915174845	-6.303183594938834
3254.0	-0.9826076191427886	-1.8384223249966967	-6.006022743028002
3255.0	-1.209780631554529	-1.5973465914699667	-5.373614841570889
3256.0	-0.7889387043708579	-2.6998076786721885	-5.302539428782202
3257.0	-0.9214242670214952	-1.8312028080986278	-4.958806136954383
3258.0	-1.384556870823325	-1.8201746539031092	-5.600639180596525
3259.0	-0.5898624911005086	-2.0071741540930326	-5.5554197635372855
3260.0	-0.7888324060395748	-1.697217767760617	-5.775158939957092
3261.0	-1.183617233065537	-1.4311977460865677	-5.531673463617273
3262.0	-0.3992701411072689	-1.6972867033352381	-5.059689471913765
3263.0	-0.747136344318329	-2.2377382748975765	-4.572273852072488
3264.0	-0.29175061769800187	-1.6676984035788902	-4.892582922972262
3265.0	0.428421492340856	-2.3024133978898496	-4.779778988990235
3266.0	0.4082027935942708	-2.5441703474320225	-5.616811987443991
3267.0	0.17286371140656479	-2.739832359696867	-5.495492200433951
3268.0	1.3154251178197318	-3.3340253249139016	-5.915948064028115
3269.0	0.7828672124238796	-2.938720481027256	-6.737070058522193
3270.0	0.19822924896985558	-3.2630697577500873	-6.643421551307366
3271.0	0.15728553674989887	-3.177538221028447	-6.5531658095615395
3272.0	0.7709146499051875	-2.755350092841703	-6.840476979550639
3273.0	-0.3759874700103033	-2.591505609221327	-7.134223303816464
3274.0	0.11390995973156293	-2.847745497898491	-6.967461930120165
3275.0	-0.9255932028575024	-2.125591170370349	-7.051392845238663
3276.0	-1.1654766443453777	-1.6838983759651875	-6.833545930267856
3277.0	-1.3549733716211212	-1.609335110649638	-6.981432485854725
3278.0	-1.3860375145268982	-1.9781545669926306	-7.259532216924521
3279.0	-0.3607266016079337	-1.5794744655331994	-7.6017163729833825
3280.0	-0.25925382805155395	-2.2694302103185096	-7.6010411790225145
3281.0	-0.9049817547859883	-2.4874700752680723	-7.802435203595367
3282.0	0.21513338284303812	-2.2270468695954073	-8.084762945454415
3283.0	0.2633026450267899	-2.1445406360156003	-8.334949745679268
3284.0	0.291031435566734	-3.2405342035781377	-8.60470705670687
3285.0	0.15384253400017944	-3.2810090250550745	-8.051754191533416
3286.0	0.21536292813343016	-3.414834307346025	-7.546117295895357
3287.0	-0.6291742970426517	-3.533918867641526	-7.769311369207774
3288.0	-0.26775245892506083	-3.5038533396340856	-7.430265421335523
3289.0	-0.6608975610440464	-3.576500953812803	-7.277494213494428
3290.0	0.017071247750664764	-2.8639562562114813	-7.635716316225844
3291.0	0.8293188269982337	-3.6198792642186857	-7.6841094063113236
3292.0	0.6045942137704504	-3.7052081402370143	-7.568224557338105
3293.0	-0.040208685149030754	-3.8274128716272324	-7.70877126926849
3294.0	-0.14231020057697208	-2.7260282948762904	-7.653307491987064
3295.0	-0.5226806132466945	-2.983695638674619	-7.831952338255929
3296.0	-1.112444856952555	-3.3307046088568764	-7.235402172453899
3297.0	-1.837032645341448	-3.5934808984595437	-6.775054446748795
3298.0	-1.1664989011766835	-4.2158324148168225	-6.5841069620188115
3299.0	-1.2115332944013781	-3.978104074937667	-5.771915274477589
3300.0	-1.9786289826706667	-4.512149455935965	-6.239698209365479
3301.0	-1.4937104504109913	-4.9244354818189775	-6.280681736559968
3302.0	-1.0402472559072278	-4.862983882186151	-6.52249477510064
3303.0	-0.5503002023920168	-5.35225506839037	-5.997464056731365
3304.0	-0.5068955229299678	-5.879587644189645	-6.012094932884194
3305.0	0.34428225237576143	-5.036711736925962	-6.638553583718311
3306.0	1.3562062908068735	-4.850570713719733	-7.338549022948618
3307.0	0.9860152062472048	-5.1395403658472105	-7.849775651722467
3308.0	0.9576156392416455	-5.2930439932954005	-8.650532615657006
3309.0	1.1314990862187142	-4.080343839245439	-8.036153594508836
3310.0	0.6576909003852556	-4.247879154446218	-7.90838177843091
3311.0	0.33713621142679906	-4.0355542989094735	-8.170985107144896
3312.0	0.7933193197687622	-3.858834825830701	-7.934886194893308
3313.0	0.8457223228562134	-4.758359534075993	-8.013793685847713
3314.0	0.6051715193655567	-4.532541349031973	-8.083798983578957
3315.0	0.4273309907514832	-4.557577131607184	-8.601156486000878
3316.0	1.343871192919179	-4.469846197230859	-8.575455733949907
3317.0	1.5583224927655581	-4.240656152302317	-8.248179697457022
3318.0	-0.11764851798512238	-4.393737238391125	-8.455718910804032
3319.0	0.7118495307628606	-3.8062128679093137	-7.955035470405887
3320.0	0.4484035283331554	-4.005742967975045	-8.008614546323821
3321.0	-0.5823609844558723	-3.1360011001487123	-8.12882804437498
3322.0	0.7074753614449949	-2.4039033852216813	-7.988425143519798
3323.0	-1.005437800923266	-2.331802805329659	-7.857778349142904
3324.0	-1.659200131801763	-2.7166148244125825	-7.026232635173499
3325.0	-0.8878421960507374	-2.4061058216957454	-7.111341940847058
3326.0	-0.23807022137508466	-1.9127220007621673	-7.4580646724441575
3327.0	0.6413910338361554	-1.861136802522996	-7.409902492527954
3328.0	1.9440555714841707	-2.321408054408816	-6.989301434592014
3329.0	1.6359842593322753	-2.1529561790241063	-7.1873396734440025
3330.0	2.1564653055144163	-1.986971939464908	-6.790548156561643
3331.0	1.7013801819482794	-2.0301375809643045	-7.367824890963818
3332.0	0.9156290735407074	-2.338668447402205	-7.0012236700458015
3333.0	-0.23718234733916327	-2.252044720915546	-7.295988131187261
3334.0	0.580243394755493	-1.416312829783024	-7.6298971618200175
3335.0	0.4522517543531973	-1.9693869920364124	-7.482881424526654
3336.0	0.5165349724026426	-2.9751876048572106	-7.622730607054655
3337.0	0.8185676758884873	-3.3337163198358866	-7.473530660650155
3338.0	0.702828747462054	-3.757294526367419	-7.251684901227107
3339.0	0.3113043805084502	-3.329268036031742	-7.689293717692184
3340.0	-0.2019234448211194	-2.8623126328687443	-7.349653228505008
3341.0	-0.6630190088372565	-3.002344082472914	-7.699597203513759
3342.0	-0.5587627371824219	-2.8047600294844894	-7.3769719641190115
3343.0	-0.6743475933895833	-2.6326961410508565	-7.753731346200558
3344.0	0.5144341764252137	-1.6660518895878735	-7.673797425605698
3345.0	0.5872778445096644	-2.0398263679917363	-7.744158043643486
3346.0	0.6469555753400658	-2.21727106239043	-7.46927514490799
3347.0	0.740043802476893	-2.2274742608852325	-7.936297647217398
3348.0	-0.054719964870353244	-1.9712678910429524	-7.8560783481200875
3349.0	0.37837286970946815	-2.753887977023742	-8.080536024239596
3350.0	0.2845516087597688	-2.738922795019705	-7.926895173744795
3351.0	-0.31665167500057534	-2.8559013061656593	-7.954177700368639
3352.0	-1.0309466901465107	-3.688101773487985	-7.99256770686734
3353.0	-2.469578313893865	-4.012471974893323	-7.991489062179941
3354.0	-2.1335265007607895	-4.13018529914148	-8.316191093967802
3355.0	-2.2148243171787683	-3.9285198542341373	-8.365762196813082
3356.0	-1.1370951756636365	-3.4769603191553253	-8.359302277777557
3357.0	0.6417424309385156	-3.8257456284215166	-8.180580140833117
3358.0	-0.4502677420505303	-3.8191052471953313	-7.538616494967421
3359.0	-0.5268575919315134	-3.6230597154509065	-7.896629882264692
3360.0	0.08489125381400338	-3.3708843838974274	-7.433346511451724
3361.0	0.19479679621076995	-3.523782050362071	-7.451487373861422
3362.0	0.4434218305864429	-3.5036184088240345	-7.529480831069746
3363.0	0.13026491960676267	-3.021133537558728	-7.195597946366309
3364.0	1.1513983288144267	-2.989667392803471	-7.18792216958032
3365.0	1.0243075727369373	-2.849167215091812	-7.212191529199462
3366.0	1.2003465649464735	-3.3971472670608387	-7.162996930282241
3367.0	1.0805565697265154	-3.2515576364614764	-7.211857255694327
3368.0	0.6732229448478132	-4.233155946876822	-7.282449541949168
3369.0	1.0667632808731948	-4.8383795418802835	-7.184248857903095
3370.0	0.1533893157894457	-3.7461913589805365	-7.940219261855933
3371.0	1.500097710313846	-3.839057314683024	-8.225982786983531
3372.0	1.361797276753483	-3.109642538253152	-8.614591466859505
3373.0	2.274940639636106	-3.7444841616803672	-8.61015071219449
3374.0	0.7751082652376617	-4.07069751079376	-8.286708440063295
3375.0	0.41511441816017675	-3.8147787337527492	-8.069947265774278
3376.0	0.6594018630196883	-3.527998397760742	-7.992319935484555
3377.0	0.7678125257587237	-3.7319830071284086	-8.275914039244396
3378.0	0.6430797775308152	-3.5375560951999447	-8.490735228381496
3379.0	0.0007974335477281547	-3.4479794491009317	-8.424478683105836
3380.0	1.7072558671260114	-2.823238801727684	-7.930918195468265
3381.0	1.7659626738121426	-2.700298525629066	-7.924562586125888
3382.0	1.2583750099900046	-2.645526462528604	-7.993900891334974
3383.0	1.6428061378581693	-3.0126006292830008	-8.105318072739381
3384.0	0.8904434578717964	-3.0617043127414147	-8.06923385991976
3385.0	1.6068840819352137	-3.095637988031723	-8.426805586988367
3386.0	1.3683019446833566	-2.896567462494209	-8.211531220478367
3387.0	0.21448648146577687	-3.5652340093030928	-7.5009912048917045
3388.0	-0.8103052074997416	-3.424746744830944	-7.165147989889454
3389.0	0.2599098767737594	-3.1670698745225874	-6.975675536179153
3390.0	0.6086421237151394	-2.960684976532357	-6.945863228471028
3391.0	0.1489379414969893	-3.5419747043476484	-7.0947987898019305
3392.0	-0.816408359536059	-3.8654266439192444	-7.533376240635506
3393.0	-0.45728689885147233	-4.281771816335999	-7.438749237868498
3394.0	1.3974134360359631	-4.534127498612634	-7.329946912227884
3395.0	1.3329084230683572	-4.82881260517299	-7.393064795086202
3396.0	0.8154327291736289	-4.702155225647997	-7.280070742557545
3397.0	-0.1916668569232301	-4.366009980956682	-7.594353130446133
3398.0	0.41083439152480494	-4.3976410357838125	-7.430044562777542
3399.0	0.10266328498186104	-4.051161348740917	-7.399675866245203
3400.0	-0.8081026336550247	-4.514149097931172	-6.79513610967834
3401.0	-1.4082419986236066	-4.750311079679678	-6.771466864138752
3402.0	-1.565123673734844	-4.644196941191134	-6.1912069719913365
3403.0	-1.5531963924944419	-4.386363905765069	-6.211627713661959
3404.0	-1.729206308071928	-4.619782025903041	-6.179148105291604
3405.0	-0.9299633585414986	-4.362400548991597	-6.383238315969107
3406.0	-2.0827203028833328	-4.769951301141903	-6.509453523447392
3407.0	-1.4641246742986298	-4.502396955786617	-5.835406798890508
3408.0	-1.1293354121324164	-4.318193132138143	-5.681042249411852
3409.0	-1.7615913919099768	-4.1754291271375275	-5.492525898359625
3410.0	-0.25630345398312426	-3.870129860372281	-5.32570035271262
3411.0	-0.11819967075709514	-3.6288277937682976	-6.126424143915884
3412.0	0.42831582536689794	-3.8088264591020566	-6.3168363358821935
3413.0	-0.3488050623848677	-2.898359714200271	-6.101094755208422
3414.0	-0.42602675555542996	-3.084017466645171	-5.94001758769972
3415.0	-0.2887960520977255	-2.872627117149028	-6.055388967639712
3416.0	0.484531024952107	-3.083959247204996	-6.219856486380209
3417.0	0.2684306693352203	-3.009379781534817	-6.4964211503348395
3418.0	1.4464205886399744	-2.40293821193824	-6.387331435596362
3419.0	0.20545623657547551	-2.7177281195811815	-6.394573183389309
3420.0	0.29518005168553274	-2.674151933689775	-6.27896705167479
3421.0	-0.39897070221094877	-2.568439883357536	-6.398532667715743
3422.0	1.0801182143345045	-1.9658839064210096	-5.481057792450741
3423.0	0.481173720930939	-2.599756374303627	-5.529015629253849
3424.0	0.35150829303009645	-2.64532705865475	-6.16493479829208
3425.0	-0.0260404456187842	-3.2214929625437314	-5.8157878831139715
3426.0	0.695182335718624	-3.1950532882255147	-5.396958878333028
3427.0	0.9785884352521091	-2.2871334326223147	-5.924857163919563
3428.0	0.7667218954481914	-3.1885657239719936	-6.0121049286312696
3429.0	-0.9728296977065166	-2.1286559290945024	-5.6891462179914285
3430.0	-1.4258919839544655	-2.1328433305407977	-5.873705234139392
3431.0	-0.9134600627719316	-0.8570493003419942	-6.393592999274963
3432.0	-0.6874629482683574	-1.404362713495084	-6.597529170942628
3433.0	0.06060637709058836	-1.8795642057304909	-6.621087259526868
3434.0	0.33195930346659774	-3.3551828829442383	-6.892747118235671
3435.0	0.5359717683679046	-3.323591501643022	-6.428654133893257
3436.0	0.7511097231306008	-3.3892457527604343	-5.8879176672226485
3437.0	0.8009341691357449	-3.177132956743062	-6.313729510549908
3438.0	0.22374828788239332	-2.5028517372973482	-6.24021341679252
3439.0	0.9836623860063969	-2.7935690191522546	-6.216403916129965
3440.0	0.9059098908472303	-2.4597733084298623	-6.375981909682962
3441.0	0.783209343530229	-2.114837359733102	-6.484812939881305
3442.0	0.8426185979992694	-1.8862622966095017	-6.033761530462645
3443.0	-0.07072539309112075	-2.277763906731454	-6.090214126125021
3444.0	-0.7540453639973954	-1.823192001850779	-6.489374616407419
3445.0	-1.360549822851005	-2.191806169438727	-5.8214089941152185
3446.0	-1.1079130262594263	-1.8744556241639998	-5.872587533614287
3447.0	-0.1061488589306398	-2.5373681897633342	-5.909560030943668
3448.0	-0.009110934999428777	-2.93021166041648	-5.878335092570332
3449.0	-0.41638285331948843	-2.513177367444481	-5.789432953296357
3450.0	1.042819845992083	-2.547206047958615	-5.821637622543419
3451.0	1.158275324385227	-3.077008251847214	-6.123120530146496
3452.0	1.6448528322749243	-3.137796181931291	-6.447433746843455
3453.0	1.3806798950487364	-3.441103223165139	-7.017874425896218
3454.0	1.087900217573834	-3.146438071912349	-7.213756183387893
3455.0	0.7277464211855974	-3.682359517386249	-6.643285058894318
3456.0	1.1499651089015444	-3.52851552430553	-6.561930073926909
3457.0	1.9702763620996264	-3.7213520996956655	-6.662901997004804
3458.0	1.5529850244483394	-3.187404448161497	-5.871643255252335
3459.0	1.7717061801693998	-3.7729417803414163	-5.379184042474084
3460.0	1.5596324532555688	-3.791538125935869	-5.3278134724505914
3461.0	1.6900259931694706	-4.214492846731483	-5.248811148388067
3462.0	1.7655468875867966	-4.605127528230103	-6.274626349514099
3463.0	1.7647395489765247	-4.87605573151742	-6.353464793865709
3464.0	2.568312803784946	-4.900622394160929	-6.208297163324946
3465.0	1.7593034121692326	-5.549496559141922	-5.909958169380215
3466.0	0.4317035573577139	-6.158434565680322	-6.320927572382597
3467.0	-0.20607952321712197	-6.173460421384815	-6.064298744211009
3468.0	-0.33117088222725255	-5.861576280814455	-6.292552643996385
3469.0	-1.3001820088416498	-6.318695256735035	-5.319849012020951
3470.0	-1.7076628280589035	-6.295492351427404	-5.236365017537602
3471.0	-0.6087172245390081	-5.889023643070716	-5.1515554808783905
3472.0	-0.1867038577740806	-6.4337969620690325	-5.168764423793781
3473.0	-0.288274503050845	-5.354758672657443	-5.426595310905839
3474.0	0.331223991540083	-4.4660268957402325	-5.535015400985506
3475.0	0.7506106142808878	-3.875937424618731	-5.91277682338997
3476.0	0.29187838584411413	-4.462546411483247	-5.515847441588343
3477.0	-0.06351367537540631	-5.090743773844025	-5.052746371101142
3478.0	0.9780445147951253	-4.914301829883181	-4.674344769960561
3479.0	0.48014457885386086	-4.536620895347545	-4.9119124366320275
3480.0	0.10081844284638392	-3.6103157786986784	-5.229849591189833
3481.0	-0.31492146021485246	-3.3543910787369966	-5.2943588151826635
3482.0	1.3329653497354608	-3.376659314956072	-5.388694102572289
3483.0	1.6902212279048296	-3.805367422655317	-5.783770419321815
3484.0	0.5642800118733063	-3.526919557719573	-5.869494620218633
3485.0	-0.41853760021882874	-3.848418808904108	-5.793483037713058
3486.0	-0.2734054815405934	-3.951703301212264	-6.454230935060316
3487.0	0.5572417541379907	-3.3806570549789146	-6.915327617355112
3488.0	1.580837501357415	-3.597270410525292	-6.638307991842098
3489.0	1.0955491870717295	-3.3709160297948237	-7.052997219677568
3490.0	1.213142991693488	-3.3033783689320186	-6.732017347240552
3491.0	1.8663894584981588	-4.0887104725607895	-6.750464974931274
3492.0	1.8932717314139125	-4.191639132741663	-6.8451386039481195
3493.0	1.8717827366432056	-4.1603322540320695	-6.960857523298704
3494.0	1.2050046086710362	-4.494407597593074	-7.45925059145968
3495.0	1.0529912327020594	-4.6734844725491484	-7.961148087372296
3496.0	0.40905625338037543	-4.818900386327449	-7.716826636085313
3497.0	0.15002891573938584	-4.158394494771094	-7.492071934555218
3498.0	0.5158164399450889	-4.229581910529479	-7.519857496294342
3499.0	1.739200682311271	-4.072315502903104	-7.454634922107265
3500.0	2.161557440542524	-3.833891199534917	-7.998199636246614
3501.0	1.5977438743195231	-3.97451307130926	-6.829305128639314
3502.0	1.6686986948762155	-4.66379349778851	-6.174066359864588
3503.0	1.1299949706426147	-5.554377968090516	-5.902251560618591
3504.0	0.5689334231579135	-4.911557190052851	-6.137641049532402
3505.0	-0.35589547485883494	-4.334525910247021	-6.109305971156972
3506.0	-0.09833221498879909	-4.260665683503234	-6.184102005245516
3507.0	0.3088742551376411	-4.610902743016552	-7.040225571621765
3508.0	0.4129174523207434	-4.353080401094394	-7.160188144908886
3509.0	0.7347395015249227	-4.570203971480511	-6.580761389081247
3510.0	1.4201583721997155	-4.650272936624706	-6.516937189905561
3511.0	-1.3901599378405836	-4.9646055510268985	-6.401683895465223
3512.0	-1.5785300303486511	-4.8893818347718785	-6.250036154481416
3513.0	-1.5254261491247711	-5.072707239625179	-6.3656412984898125
3514.0	-0.335709015453387	-4.373243305312252	-6.0933392565181075
3515.0	0.49345267001399057	-4.7823800372048915	-6.427196616991668
3516.0	1.1890122197668571	-5.0472781353931655	-6.202442451589253
3517.0	1.41032133141386	-4.472944740373153	-6.277094395425855
3518.0	0.4946433061861107	-4.930474679140912	-6.914181071810464
3519.0	-0.11975100218467599	-5.2426963009688645	-7.06193682736215
3520.0	0.1383217966970321	-4.906328513529176	-7.470858177644508
3521.0	1.4153965356370812	-5.1883080766132785	-7.404119864147542
3522.0	1.111204310823802	-5.162232270434803	-6.82859910973425
3523.0	0.4105295561906892	-4.780396981907282	-7.257585955448088
3524.0	0.5867431335732224	-5.008746297515964	-7.345999306921796
3525.0	0.6211894725623728	-4.1295411426493125	-7.144553464585108
3526.0	0.7876774883294206	-4.658395068384883	-7.674040273568359
3527.0	0.7974471272241143	-4.697094973852285	-7.605930093080268
3528.0	1.0974542319725704	-4.027402110268365	-7.131318539218325
3529.0	-0.015836993008363442	-2.9930730330002504	-7.942147945634348
3530.0	0.21289738980236528	-3.2686249112649435	-7.788592909979187
3531.0	-0.13997480632890003	-3.460648717316113	-7.425893125110448
3532.0	-0.44788398644080035	-3.536692641387613	-7.0649423557515405
3533.0	-0.1667647683834954	-3.688482944901092	-6.951030146642186
3534.0	-0.06696736449890808	-4.101636822624433	-6.717444448583587
3535.0	-0.1623940439237433	-4.204544142096591	-7.578274313819618
3536.0	-0.22937788040788087	-4.179136036366158	-7.585519033287002
3537.0	-0.41584434256685265	-3.5506925466198944	-7.784254778219035
3538.0	-0.36079506368674236	-4.179352321414675	-7.810913219609292
3539.0	-0.020874969018166045	-4.368460252259728	-8.122029918328964
3540.0	-0.18723096631267205	-3.5522761348799703	-8.08214205901708
3541.0	-0.41538560745476455	-3.7314503112975665	-7.778471135160637
3542.0	-0.33215465228975993	-4.24234571069634	-7.895998610729637
3543.0	-1.183892533384535	-4.312113529713057	-8.108306012781595
3544.0	-0.47430498537103427	-4.110811058681515	-7.998482886205229
3545.0	-0.3824801555189281	-4.380989082447581	-7.4319928159842314
3546.0	-0.21601888702384775	-4.344702717379894	-7.349584494956714
3547.0	-1.1142732207938344	-3.4477611987445433	-7.223373787555415
3548.0	-0.6357235130305117	-3.711059728483514	-7.2186357861533565
3549.0	0.17606575578347328	-3.776315119470675	-7.273783907013495
3550.0	-0.14554399794158404	-3.1428058938297965	-7.1552716980176445
3551.0	-0.8229768961674683	-2.712711365981365	-7.402368686763449
3552.0	-1.1200704508837827	-2.371249489595767	-7.0704610993642
3553.0	-0.7338804762063009	-1.9395415181503268	-7.06206344228033
3554.0	-1.1695244818272117	-1.3095328212146047	-7.045657402215531
3555.0	0.08060768920554273	-1.0341051420119265	-6.98011409415785
3556.0	0.27303245679930876	-1.5571153381703637	-6.865922561690226
3557.0	-0.22590067741201544	-1.2748036270857142	-6.81545890233277
3558.0	-0.41015050325777924	-1.0945803343443883	-6.970852539550739
3559.0	-0.9820061009406222	-1.5663022260298984	-7.277826725922173
3560.0	-0.754132449724379	-1.5059603649358748	-7.057853946625929
3561.0	-1.0167974891623537	-1.0738657417948656	-7.055995658887869
3562.0	-0.07911870831819884	-0.682266358140471	-7.1411305745097255
3563.0	-0.49466967152512314	-1.0814579785766563	-7.784373936256092
3564.0	-0.6657009553974311	-2.062693511054923	-7.745979624870033
3565.0	-1.2362209410702254	-2.715527656502167	-7.000405352780884
3566.0	-0.8609079107433983	-2.854621527455844	-7.184586541914946
3567.0	-1.9598780691343225	-2.9140053034001405	-7.613110474308912
3568.0	-1.22395186442668	-2.7813576178587893	-8.29716920771223
3569.0	-1.321676730275362	-2.7533607707333068	-8.171709696209785
3570.0	-0.9021561221381548	-2.8261942322575573	-7.813883720557234
3571.0	-0.5915454161219335	-2.8483601410518467	-8.32421392476408
3572.0	-0.5538411104061883	-2.0241391267910425	-8.219421724623588
3573.0	-0.034682246843408815	-2.803869151459613	-8.515556610199747
3574.0	-0.5549230311088483	-2.7180424543798924	-8.292811428080332
3575.0	-0.5413238021287538	-2.7125396677380182	-8.085057757000246
3576.0	-1.1005436708051748	-2.7616449639595273	-8.407080284728734
3577.0	-0.4050334803567847	-2.827522933268755	-7.883279481584656
3578.0	0.10758291504498482	-2.682322728048632	-7.440114100441563
3579.0	-0.2534303734823829	-2.5502589922195966	-6.796716502129733
3580.0	0.049672092498367446	-2.508457867614194	-6.566025327496394
3581.0	0.749129404438022	-2.3801746428797914	-6.585040326138714
3582.0	0.3648020928012861	-2.794708579777816	-6.611553067088407
3583.0	0.4850790938264999	-3.1750640638015746	-7.135919771525421
3584.0	0.17304638998122435	-2.7004475521476863	-7.486817836429884
3585.0	-0.032088718800332594	-3.2441016143457904	-7.328476798175044
3586.0	0.45960461182805035	-2.425180024278806	-7.176759728633192
3587.0	-0.049663548274857736	-3.2250230819898746	-7.32666604064064
3588.0	-0.4805803171620745	-3.3301193851330484	-7.38911992247401
3589.0	-1.9268159048800102	-3.3714487817026457	-6.802030168473746
3590.0	-1.9016118461465479	-3.7091335460239816	-6.640610477725391
3591.0	-2.143724844384071	-3.4939229241968084	-6.384670603724147
3592.0	-1.2590628833878186	-4.445221345421212	-6.335899713385746
3593.0	-0.9745290131201039	-3.6948232294867287	-6.175366635598116
3594.0	-0.10105042198373404	-4.040461191303735	-6.1797718287570165
3595.0	0.25505419997768813	-3.912243496631159	-5.843516454241655
3596.0	0.03334929210876164	-3.742846251846343	-6.484205639335347
3597.0	-0.0846125575892614	-3.6451089031493735	-6.772385799821923
3598.0	-0.4338471391840474	-3.361487552476316	-7.140811597106898
3599.0	-0.2100882193020296	-3.6324481650882547	-6.707445164867347
3600.0	-1.2966186265925026	-4.165183159732098	-7.09190114047378
3601.0	-1.5759340879001573	-4.114151408724765	-7.007862598756996
3602.0	-1.2997554215887608	-3.349923963369719	-7.540597851943619
3603.0	-1.1822407334173926	-3.9818570423159576	-7.390581287127027
3604.0	-1.7110026586678018	-3.480690657518741	-7.9014437314768795
3605.0	-1.8436779693188583	-4.584770396893552	-8.127535331114894
3606.0	-1.7064220156843852	-4.777615624598378	-7.376454472745048
3607.0	-0.7938290773609512	-4.491298271733556	-6.832550129920238
3608.0	0.007264338599195397	-4.226446927477072	-6.595166042678409
3609.0	0.1541526962544884	-4.209047052630988	-7.049084052801582
3610.0	0.9050179381902749	-3.9764702634396984	-6.43757533876515
3611.0	0.49528887709359937	-3.7237938717597294	-6.7118220926946925
3612.0	0.004639227401756596	-3.886998995175696	-6.854342616342551
3613.0	-0.5811799246785547	-3.609906942341354	-6.771807794367643
3614.0	-0.7211701708490158	-3.972782781275037	-6.4684697785539225
3615.0	-1.2708746853716106	-3.8626869672734516	-6.513352152299566
3616.0	-1.3197117606231095	-4.227788993087121	-6.57825306723277
3617.0	-1.323799979439067	-4.258211154031364	-6.397800873851032
3618.0	-1.2901292536588165	-3.940869181256437	-6.6339047698595355
3619.0	-1.0779374388545109	-4.381236535221277	-5.880513765561664
3620.0	-1.0424249912679988	-3.7320803188461062	-5.756049329594194
3621.0	-0.9033516266083744	-4.127761709981431	-5.665493265170202
3622.0	-0.34917142848185145	-3.8975517524175123	-5.935706367290662
3623.0	-1.365992857595744	-3.663428926537178	-6.303648963128221
3624.0	-0.9994821931025295	-3.44169302995459	-5.911924439996083
3625.0	-1.0972290186952942	-3.22544062128264	-5.988041947099622
3626.0	0.0679918344112902	-2.62545399026892	-5.936712109359011
3627.0	0.5749467395964971	-2.7587918830864924	-6.182598041042182
3628.0	0.6236615238839003	-3.763020301500191	-6.4622914540197245
3629.0	0.5850451088305002	-4.3362909089961015	-6.331001675365907
3630.0	0.5798070312297912	-2.7760016215114276	-6.056644569285713
3631.0	0.21970357876378557	-2.743208413878353	-6.062895581395157
3632.0	0.27681931694254247	-3.193860459944898	-6.482154250700229
3633.0	0.5945931961665988	-3.2946557571266135	-6.135812024741697
3634.0	-0.3326099303555828	-3.2431137714814313	-6.06194553887444
3635.0	-0.8949003098870894	-2.854387075135266	-6.277703427327044
3636.0	-0.30219994037657383	-2.810947033584959	-6.266086789396043
3637.0	0.27804131410383875	-2.973405236486242	-6.172423476014309
3638.0	-0.5536618087273604	-2.7888858870474547	-6.327724455334895
3639.0	0.17961282779450766	-2.7785101904468243	-6.21905893817794
3640.0	1.2924617735293629	-2.299163444047343	-6.485091388126628
3641.0	1.1014923481327075	-2.4802299091129862	-6.258329054766046
3642.0	0.7590970271150631	-2.918035546121815	-6.597051179825147
3643.0	-0.2507776466957137	-3.532458159298308	-6.0472840326888875
3644.0	-0.8814254203324317	-3.3124320768653392	-6.265575290363929
3645.0	-0.5948486424445165	-2.778588933468132	-6.00226561734796
3646.0	0.729324981504903	-3.0380033417828916	-5.8516231445597295
3647.0	1.988422757840142	-2.588435603812159	-5.282175238191419
3648.0	0.8752216537578151	-2.7649324618368754	-5.798784771048147
3649.0	0.9193903250038269	-2.4323544448124204	-5.566491784741811
3650.0	0.029329043848752123	-1.8877565481252236	-6.206799019774929
3651.0	1.122363801781171	-1.4973994769853154	-6.324629055391426
3652.0	0.7915850995464676	-1.5265338880381762	-6.241627935404692
3653.0	0.41451342933136126	-1.7299110213355633	-6.001829480645864
3654.0	1.0588196268968788	-0.64658562868792	-6.029461428519593
3655.0	-0.14005772244706619	-0.1931490784871699	-5.78197615846661
3656.0	-0.840590954642084	-0.6715671371973898	-6.063204435311228
3657.0	-1.0882007188186102	-1.1446179695134127	-5.394429352064559
3658.0	-0.34567871707892595	-1.2151735192092892	-5.1897572097451325
3659.0	0.05317325827490893	-1.164730975379125	-4.797118815002715
3660.0	-0.1816312748703095	-0.9843135928678801	-4.409860223854319
3661.0	-0.2509439804701822	-0.5067572306743415	-4.483956161630404
3662.0	0.34488544014041955	-1.097058515650712	-5.205414570713893
3663.0	0.4062757879921824	-1.029658817092893	-4.822151767788462
3664.0	0.14329482677810162	-1.4802873074520135	-5.050246224905795
3665.0	-0.0055226784829005005	-0.03328545632309721	-5.616932062571339
3666.0	-0.4143316959916358	0.01826280676540759	-6.029336723805196
3667.0	-0.553109400033623	-0.7311141957361691	-6.052804782739852
3668.0	-0.12207981093676509	-1.4669861680420588	-6.148815885497974
3669.0	-0.010629435830039863	-2.757398556953974	-6.217138299020391
3670.0	0.04325407941526832	-2.498484221602923	-5.797649903748524
3671.0	-0.6213258047790269	-2.7270224986529614	-5.1115174482562455
3672.0	-0.9190585963770995	-3.0123194598015828	-5.178260843657092
3673.0	-0.49777975315218925	-2.2484114822535286	-4.894366431770888
3674.0	0.7842341245778262	-2.597632543940173	-5.046287946161754
3675.0	-0.2515672594662521	-2.703765224016606	-5.17034142884993
3676.0	-0.6108441972643184	-2.4095196838539934	-5.265407208663563
3677.0	1.1694839560069605	-2.503507411213587	-5.2857841078642
3678.0	0.5417318339523419	-1.34995388730793	-5.420052872949759
3679.0	0.6037186904242272	-1.2543450447762658	-5.554919646596035
3680.0	0.9447885432501595	-1.5752441353730635	-5.094671251517651
3681.0	2.251234463091764	-2.013203252861085	-5.330447163187185
3682.0	0.3344927505643437	-1.2779292537995708	-4.995600229785932
3683.0	-0.43103339376310634	-1.2904882007968024	-4.860444969969514
3684.0	-0.43521511139397395	-1.5255399557128662	-5.208302794947141
3685.0	0.6835174000404094	-0.9789868718630322	-5.09177640396443
3686.0	0.9274117389449626	-1.1162628900860894	-5.123018844831394
3687.0	0.5683794144327882	-2.162359614102986	-5.149426759831701
3688.0	1.4290178107125424	-2.5913865149726276	-5.221957102167741
3689.0	1.1339565802997182	-2.252876676360165	-5.799994815126163
3690.0	-0.06558830919085823	-2.613813664732997	-5.79099286446978
3691.0	0.3008169756331742	-3.3187733192476605	-5.723343770506157
3692.0	1.6398210040225225	-3.826713117408016	-5.003449881545367
3693.0	2.1931750089955857	-2.605235265445118	-5.045948558387692
3694.0	0.9566569270695914	-2.6100109287669206	-4.586986731885016
3695.0	0.7262501679248861	-2.8732617642882556	-4.907112856495399
3696.0	1.2501082766527374	-2.5081110581412878	-5.104026933933586
3697.0	1.2219327926894628	-2.3860460815188254	-5.415465072075726
3698.0	1.1945550186705316	-3.183567587686079	-5.331358245273308
3699.0	0.9950640507462623	-2.2161072659464693	-4.938772261378345
3700.0	1.2539721849443404	-1.9076617811598826	-5.145421007257884
3701.0	1.2235411630813018	-1.9931664969908396	-5.296368732208876
3702.0	1.0076915023083328	-1.8963456708664572	-5.411963776304419
3703.0	0.7525276681897981	-1.2697393436631994	-5.626974006097404
3704.0	0.8627988342591945	-1.7989392511330269	-5.724662623743402
3705.0	-0.3055830603495916	-0.8988140575561636	-5.921001460845069
3706.0	0.09106631260926734	-0.2617122099295324	-5.750354862347442
3707.0	-0.0956571716678937	-0.8986368168837151	-6.135338979460143
3708.0	0.40742330755652856	-0.9914077606105794	-5.789736595191781
3709.0	0.7657600604563406	-1.357287737637376	-5.490963696606472
3710.0	0.8411833170979515	-1.3330384164267788	-5.7274324788932045
3711.0	-0.007716141446625302	-2.0702625958397483	-5.4879748108709805
3712.0	0.6333765180135056	-2.4559270762618786	-5.318562319676849
3713.0	0.7194664139754725	-2.171227225886594	-4.958783472683754
3714.0	0.37785646313874166	-2.221593926196374	-5.382932743366709
3715.0	0.4840311611357567	-1.8813363654732624	-5.57357761888625
3716.0	0.573053329314708	-2.381429005233968	-5.201648504082502
3717.0	0.8266319258733246	-2.8296584921960726	-5.24420477496947
3718.0	0.3113633607007741	-2.158502195489193	-5.013186924863162
3719.0	-0.36999390176458036	-2.954005149127411	-5.469806035036799
3720.0	-0.084626745229811	-3.327361573526883	-5.638993386687645
3721.0	-0.4808391758552085	-2.970882513327545	-5.346125310389197
3722.0	-0.430258274879639	-3.3598334022130403	-6.808401679099758
3723.0	-0.7484969442074967	-3.5384446892253956	-6.375238698823596
3724.0	-0.1905511977963087	-3.2423933350683187	-6.414331692647248
3725.0	0.3724356331934871	-3.0791171708468745	-6.921421927965205
3726.0	-0.09708760210247903	-2.4415833429940776	-6.470055925149443
3727.0	0.17280151521070924	-2.027164864148998	-6.734524479712428
3728.0	0.5521154602584167	-2.594905916554436	-6.691955571345767
3729.0	-0.1321991637359483	-2.7487143839510075	-6.431278447747303
3730.0	-0.0675709196850453	-2.346406190980015	-6.1170358966507505
3731.0	-0.05280292143885479	-2.7714087959775995	-5.78955907341364
3732.0	1.112867469464856	-3.4024019043327955	-6.141841087077516
3733.0	1.0188548728024258	-3.3690152247931833	-6.214757582356492
3734.0	1.0472747842757466	-3.05760528890191	-6.135997394993427
3735.0	0.153032416172302	-3.246832833219557	-6.362070890349159
3736.0	0.4021167984926999	-3.149822659944006	-5.445766313134881
3737.0	-0.7676076177302039	-3.03786002675956	-5.28482898359597
3738.0	-1.635806612382035	-3.012483560179714	-5.03264781340887
3739.0	-1.089621070718491	-3.8108116901304596	-5.335612843552986
3740.0	-0.9194429690079438	-4.191425962629866	-5.157285173183325
3741.0	-1.6837361724698212	-4.756245668653603	-4.643875211255677
3742.0	-0.5203601998186214	-4.073347733309576	-4.415137076400226
3743.0	-0.7478618784318467	-4.458741683580768	-4.580525421055809
3744.0	-0.8728042094645393	-4.602573663588053	-4.462958366158167
3745.0	-1.451981550348728	-4.408688901489799	-4.750823998666495
3746.0	-0.811350457228291	-4.446433094931738	-5.140643375885666
3747.0	-1.0956179236189096	-4.432689168574055	-5.53592093992633
3748.0	0.41643730462996675	-3.6945907919095915	-5.359791974667362
3749.0	-0.011176160033218224	-3.54914047586579	-5.645229373479372
3750.0	-0.09944304976816096	-4.046299792589632	-5.700404820156221
3751.0	0.5559035743896154	-3.3052384577888594	-6.005902753094521
3752.0	0.4451661941159355	-3.918354375251525	-5.7483415165967795
3753.0	0.2963673228229392	-3.9861470401811783	-5.970365103704214
3754.0	0.4528440813933733	-4.5990598117053665	-5.94166588493935
3755.0	0.5758371426405753	-4.5271396924707465	-6.079630407762664
3756.0	1.2543396139911045	-4.900303579038721	-5.991851174117583
3757.0	1.6533022542468363	-4.990551350496187	-5.786852397423177
3758.0	0.9493920078315041	-4.263582617515775	-5.167536291953769
3759.0	0.9298396186260587	-3.853952450096322	-4.913957822589504
3760.0	1.0538707947260049	-3.7346155595874504	-5.056810399941092
3761.0	0.28156177536145693	-3.371463361979501	-4.964674069332073
3762.0	-0.10280682051886439	-4.288530934967487	-4.911280174430323
3763.0	0.5165072512096904	-4.557851723159187	-5.117345035909079
3764.0	0.47406412969254486	-4.255152354638867	-4.8141722952745445
3765.0	0.5836237176460202	-4.565585850566437	-4.803561225269355
3766.0	0.1211533885674223	-4.586555676496208	-5.121748330593868
3767.0	0.5739039765774855	-4.509450083034871	-5.319117533955202
3768.0	0.01728209674127884	-4.560222099031789	-5.404527625593593
3769.0	-0.38536913316542465	-4.663541366323399	-5.6977078931732805
3770.0	-0.6194838451209068	-4.707945913916248	-5.237529143110402
3771.0	0.322682811473151	-4.267695514122435	-5.395980616553528
3772.0	0.9827891676182605	-3.7573787701085197	-5.718967390382212
3773.0	-0.24515826623101353	-4.264872969771507	-5.775120915171421
3774.0	-0.4244062858254518	-4.217693671431009	-6.212113960236615
3775.0	0.8418777546558966	-3.9496588892588713	-6.335932070399325
3776.0	0.8370526453197455	-3.953414252581925	-6.780724277452608
3777.0	0.2644216203966311	-3.455937336625862	-6.572866685022613
3778.0	0.8001272702524882	-3.604480934138768	-6.434426436454654
3779.0	1.0254740087576344	-3.8836971653154935	-6.668852368482675
3780.0	0.5534758293559099	-4.27097049602718	-7.076871464201029
3781.0	0.22741347046000765	-3.9799570107798283	-6.6648596415937185
3782.0	0.16370322089126588	-4.351404242164698	-6.637003102865717
3783.0	-0.16983832512751446	-3.622392268365923	-6.849381187710677
3784.0	-0.004068412205654182	-3.679494830551737	-6.318851819868289
3785.0	-0.5525078768126587	-3.7102215277749573	-6.54418950568484
3786.0	0.2393347186273972	-3.838106716977715	-6.216449765382597
3787.0	0.7716030005423924	-3.523602790073783	-6.244906779571683
3788.0	0.08985210683865935	-3.2265577683927584	-5.704421259857387
3789.0	-0.6499487892995508	-3.1237034446501015	-5.285430529378219
3790.0	-1.045910522381897	-2.9182401631771713	-4.6875631396259925
3791.0	-0.40018972310277834	-3.0156970008938817	-5.257972687703177
3792.0	-0.6440182713494504	-3.3117768768868676	-4.907879118013185
3793.0	-0.899158488087376	-3.4447034388507545	-5.009054782275859
3794.0	-1.5223602899046143	-3.879135988475328	-4.933741809323156
3795.0	-0.4130548743722572	-3.589956303391295	-4.682435845321984
3796.0	-0.5499741937224921	-3.6989990184125725	-5.044220110717893
3797.0	-0.6233621718236243	-3.3046533836029117	-4.23803529358155
3798.0	-0.3092246690745255	-3.6444734587077505	-3.8555197562269483
3799.0	0.03282119648487658	-3.281613116064626	-4.164370045248175
3800.0	0.6808155830404148	-3.8874101528597125	-4.258112713300934
3801.0	1.3930207378500106	-3.4780065912943217	-4.907529075517406
3802.0	1.3967617021344292	-3.8560653928461814	-4.266226179382126
3803.0	1.8914864669149396	-3.514872442231987	-4.015774138833692
3804.0	2.443370046426501	-3.9504464151606196	-3.251615155746582
3805.0	1.4751178500221749	-3.805345029096181	-2.9300474996864807
3806.0	0.9326943981230331	-4.0236856776933845	-3.02460370411473
3807.0	0.9686904300563195	-3.8756099263151915	-3.2609865054237157
3808.0	1.4389946945655174	-3.9924365952881975	-3.5395918167366753
3809.0	0.39467036854253557	-3.3642979078321673	-3.694834946578855
3810.0	-0.02501516329297948	-2.9868906315147434	-3.5699311912206455
3811.0	-0.6108458024447985	-3.5835520139827106	-3.9360881982756855
3812.0	-0.22770525092313	-3.8978918144584798	-4.189699526054877
3813.0	-0.20254405997962782	-3.9843210497254136	-4.722208658706327
3814.0	1.3242884748949006	-4.095741651557401	-4.765238039511998
3815.0	0.5278048907482962	-4.969816750255515	-4.74441121211478
3816.0	-0.04049184840631509	-4.6999357908552435	-4.85741827226958
3817.0	-0.6742414977828857	-4.789577356267885	-4.731665247962482
3818.0	-0.8410962056705169	-4.9698195810075205	-4.92698273340275
3819.0	-0.332691881977618	-4.82476291975482	-4.841669263527535
3820.0	0.015268489904264701	-4.686251052617644	-5.097527811271388
3821.0	-0.8153713978715627	-4.219912233932249	-5.528545283972798
3822.0	-0.733934271531347	-4.387443150881377	-5.675783902304469
3823.0	-1.378570034707615	-4.13168824780465	-5.889563307578979
3824.0	-1.4317061515659946	-3.192792219111378	-5.498323213780875
3825.0	-1.5322142376492267	-2.035857949953069	-5.8382784589689605
3826.0	-1.1815291167117334	-1.6495134346120515	-5.672504203961022
3827.0	-0.4155263837212885	-2.400299664212939	-5.688444178414743
3828.0	-0.36694386660701417	-1.7149731385395395	-5.520577145699477
3829.0	0.21932901689343953	-1.239627938872819	-6.1081054092531195
3830.0	-0.2850755775219488	-1.1174919123293354	-6.0089470746539515
3831.0	-1.0453484590638764	-1.6593598623466517	-6.436267561064408
3832.0	-0.3016380905762699	-1.7281078749585335	-5.318313943928748
3833.0	-1.5203655974003265	-1.8722907839241918	-4.946853696283139
3834.0	-1.309671578289107	-1.7045456189101313	-5.249384520139631
3835.0	-1.248850819957193	-2.3057353021466604	-5.156762421904938
3836.0	-1.5464085906819236	-2.2682300391632877	-5.482917254271994
3837.0	-2.4225671029899285	-1.8482372961898228	-5.6622854891803165
3838.0	-1.4600561896986235	-2.10294709414172	-5.709811515286942
3839.0	-1.1344737667045401	-2.0013088823152163	-5.859713016636527
3840.0	-0.2053163280601408	-2.320181574047404	-5.67330395052955
3841.0	-0.1823829625345282	-2.5029306914722937	-5.510902547319602
3842.0	-0.8341287495481752	-2.2148005151802144	-5.462309573633283
3843.0	-1.7866244665602165	-2.473042444943946	-5.580681693419718
3844.0	-1.4461080158473258	-3.0011976289623292	-5.9687400251920355
3845.0	-0.8347154040255993	-4.021621142278885	-5.929539077007497
3846.0	-0.5264779929050872	-4.140861494198161	-5.4164744883037415
3847.0	0.1584652119232657	-4.27558363333695	-5.514639178334643
3848.0	0.3232609104223455	-4.561299186025776	-5.122195206396507
3849.0	0.9133984266917223	-3.806663263505209	-5.159328649647057
3850.0	1.6436794798036671	-4.473466307942993	-5.49838136070256
3851.0	1.221298063075709	-3.707502062440344	-5.721678540129581
3852.0	1.4824792609802984	-2.7348247309581195	-5.859783089395928
3853.0	0.6495295479015816	-3.116446358483885	-5.645631874846124
3854.0	0.42367815613132	-2.238657104684031	-5.9068420507320045
3855.0	-0.8146943935940376	-2.017870371726145	-6.223072907959633
3856.0	-0.34673349218243243	-1.984268216229874	-6.10058641874143
3857.0	-0.07941421818741762	-2.4118244905975548	-5.817472917609356
3858.0	-0.25484030605001584	-2.5424421151276313	-5.706606665549318
3859.0	-0.7121699933763002	-1.2977155966776577	-4.8936978244132465
3860.0	-0.7530630825684503	-1.4957710827325326	-4.736127175928645
3861.0	-1.4404362654682548	-1.7240451456341708	-5.172821975621489
3862.0	-1.2285172134547249	-2.239374532297915	-5.254637533276171
3863.0	-0.5704395918393907	-2.3822658377664645	-5.524177281707585
3864.0	-0.8936705795134172	-3.3924624091655793	-5.795300970742185
3865.0	-0.7343386283857389	-3.0654076938716717	-5.967303853836054
3866.0	-1.1486597632974331	-2.8417108985604735	-6.201556805684918
3867.0	-0.5567492106706915	-3.694596335888555	-5.916253309473277
3868.0	-0.47131440050705536	-4.408478199254847	-5.721574247126325
3869.0	0.12415907481827054	-3.3999319699067856	-5.709976026015264
3870.0	0.1474697329303164	-3.9279146896775976	-5.84903897188016
3871.0	-0.46134283810610727	-3.882249045167114	-6.03705392036815
3872.0	-0.22225070961879673	-4.01740413610874	-5.8426014187925945
3873.0	0.2332442588429139	-4.105772148173756	-5.494104416910895
3874.0	0.053921284063871866	-4.5199243244225356	-5.678798188180103
3875.0	0.034137537510635196	-4.996215243389798	-5.581795170052904
3876.0	0.6162883258963712	-5.074468356612214	-6.706963380007884
3877.0	0.6212455070945505	-4.272620199256271	-6.813321557910866
3878.0	0.3085088366355311	-3.991488114159274	-6.877146062715825
3879.0	0.6062276266172528	-4.008028255003216	-6.870506439854489
3880.0	0.05467885679878859	-4.452602441245437	-6.858683926483458
3881.0	-0.028719719508779246	-4.3628224181574575	-7.0972814520168725
3882.0	-0.7686956033555051	-4.8628368137630735	-7.188739804691807
3883.0	-0.6938680306045989	-4.703053840390143	-6.929850279458648
3884.0	0.2039872926065932	-4.524564346518198	-6.790173383389483
3885.0	1.0768465901193718	-4.400315415760365	-6.463705149918923
3886.0	2.0998664531702116	-3.9482221020987014	-6.130524388219739
3887.0	1.0318673867063075	-3.4068034053489202	-6.067422645033852
3888.0	1.3692804444580897	-3.738675106958294	-6.204553817425272
3889.0	1.3943719356208637	-3.9295493531239827	-6.3388858122455725
3890.0	1.0105375348289298	-4.429613934638208	-6.645596077083695
3891.0	1.7877410325155587	-4.1526260295999045	-7.31676407680247
3892.0	2.0332960513998843	-4.331754738817603	-6.409415906652663
3893.0	1.7156367763851104	-4.515111310213125	-6.314257778351157
3894.0	1.969529128547245	-3.9218563090194802	-6.562219681416967
3895.0	0.12417354767119185	-3.5883357854844005	-6.363231509348648
3896.0	0.6441462432155913	-3.4136331044496377	-6.0576180031776445
3897.0	-0.27312036506917714	-3.550673538905455	-6.06910187294499
3898.0	-0.08022198460606089	-3.6019604945272174	-6.263734039165979
3899.0	0.3549177560811212	-3.7491316975434374	-6.364476151627498
3900.0	-0.06043981834056111	-3.440909489814521	-6.158347080571015
3901.0	0.7460205816876807	-2.895872497093713	-6.809271920165088
3902.0	0.9998540129272715	-2.2398365910443134	-6.655326910880513
3903.0	0.33417003718585725	-2.770185906744611	-6.481074935628386
3904.0	-0.6902991384470151	-1.6797130546856094	-5.893243405944658
3905.0	-0.4943989408265225	-1.597163932994895	-5.664006698684642
3906.0	-0.7446362434317092	-1.5942896919040999	-6.011683441781727
3907.0	-0.4432691517370478	-2.2926571814628547	-5.398378903598842
3908.0	0.019796550306735716	-1.7593835897951478	-5.799673569990463
3909.0	0.6364966151268958	-2.052332345164814	-5.385208111685669
3910.0	1.3153233253436611	-2.9754440030452582	-5.352346985129475
3911.0	1.1567812252178264	-2.1040255820522082	-6.223965972134961
3912.0	1.2187208174405275	-1.620820695114809	-7.012676794551674
3913.0	1.3717574413336138	-2.813074771936476	-6.8236897474883325
3914.0	0.8580806695652472	-2.5293507782753712	-6.936116915919181
3915.0	0.8846468665602087	-2.81637023727848	-7.0472874236665675
3916.0	0.49060706395411957	-3.6974728792878957	-6.600261307612605
3917.0	0.07856181544227758	-2.4446953575498993	-6.056292821619882
3918.0	-1.6820102472959315	-2.790124396862882	-6.172834041270568
3919.0	-1.3067697268426683	-2.437541845394871	-6.074621208189177
3920.0	-1.4202474000622567	-2.193571957755578	-6.266445074071985
3921.0	-1.7000338690110959	-2.538478887723823	-6.537983643161869
3922.0	-1.468510583261247	-2.344699972188436	-6.040056389467578
3923.0	-1.8190041900546405	-2.017978474526425	-5.920814328366946
3924.0	-1.7389157284913304	-1.284427223343525	-6.089858451226999
3925.0	-1.1270385793027973	-1.2968787438336595	-5.616260974359237
3926.0	-0.8349961139129327	-1.6890872727519484	-5.996589506547568
3927.0	0.5521923231719511	-1.6776008713187955	-5.314004993394813
3928.0	0.9565870196324777	-2.1330150609305862	-5.465522320259144
3929.0	0.31243173869141133	-2.3225319790395997	-5.910462563916608
3930.0	0.3325944381596536	-2.839760603152442	-5.84449840667015
3931.0	0.766167513844273	-2.1029860035682826	-5.020712597731109
3932.0	0.6423491588449181	-1.946781232374648	-4.850882985979359
3933.0	-0.6181420204406604	-1.930350079817588	-5.303474644963355
3934.0	-0.9681627700268354	-2.2825329714469533	-5.640109988072877
3935.0	-1.342149638223446	-2.8002707139751917	-5.679690009030062
3936.0	-1.0727543848125674	-1.7274706024789164	-4.541717231460122
3937.0	-1.0583226832540789	-1.2805067862615198	-5.048192254939853
3938.0	-0.5996122988239678	-1.0569374198430301	-4.729645056582641
3939.0	-0.590079190078553	-1.6791364206956971	-5.383196064040586
3940.0	-0.07829792565432105	-1.9328677068929694	-5.246002036296256
3941.0	-0.12952070256578896	-1.6785393099849637	-5.236139027881283
3942.0	-0.5768674894927447	-1.3057496809923312	-4.69198678571213
3943.0	-1.3832887187246774	-2.077847762892291	-4.57569424151457
3944.0	-0.7344754259493674	-2.463926598501806	-4.130175956735435
3945.0	-0.31288929177020885	-2.5778489432921217	-4.744631320567305
3946.0	-0.03126596678665128	-1.9783475515780027	-4.258492799292201
3947.0	0.542776073343025	-2.0023157332356876	-4.644014413403897
3948.0	0.8938157464752553	-3.2899045232374307	-4.414412556377159
3949.0	0.6762403185049304	-2.941376467484481	-4.331710465900314
3950.0	0.9602032306404721	-3.578133220292152	-4.376242821060124
3951.0	0.7985086957784534	-3.4329291481948974	-3.8223240571001953
3952.0	0.7981259721849885	-2.106974280219206	-3.7797183795311935
3953.0	0.3094101772253231	-2.919565108598049	-4.31801908476611
3954.0	0.6082815055909658	-3.5180839383739952	-3.446810663194169
3955.0	0.0027621690485628014	-3.7358689137084955	-4.202269235403928
3956.0	0.8198076926023239	-3.4185199758147022	-4.567755481297963
3957.0	-0.34395911206940966	-2.7410739667360624	-4.352129766980537
3958.0	-0.02375372422525701	-4.304990077391682	-4.234422370048495
3959.0	-0.05602177054055979	-4.158359074179031	-4.732370104302629
3960.0	-0.7527985573542193	-4.300571450096758	-4.87719825667406
3961.0	-0.20453333131081664	-4.603767076672593	-4.517123088317984
3962.0	0.4489726432319207	-4.794356200661622	-4.788496618518501
3963.0	1.3841734433493929	-4.667272857090864	-5.209162657524534
3964.0	-0.179684723941189	-3.8237719473400587	-5.4858167199995815
3965.0	-0.595144019337201	-3.906516029677971	-5.678863207496601
3966.0	0.31944102115894724	-3.8350442740113957	-7.220520346032569
3967.0	-0.07412516612640062	-3.6584825395685354	-7.084825498880393
3968.0	-0.3862704806250395	-3.297439887054334	-6.9912884792444565
3969.0	-0.18772752475472432	-3.306955099737837	-6.948960769884543
3970.0	0.5404057980499026	-2.8726595979606238	-6.614103727405872
3971.0	0.4057965055270281	-2.6803225945885547	-6.745898317440487
3972.0	0.5035441148537887	-2.7258410815114633	-6.937107384791538
3973.0	0.22584289765335203	-2.93331727014284	-6.576551276296445
3974.0	0.1417751996393255	-3.319762788288311	-6.674661847188864
3975.0	0.5588393919391859	-3.643789495993314	-6.521476937851477
3976.0	0.8552789105125225	-3.7052749724201135	-6.901176559709833
3977.0	0.7376131627781463	-3.3143241947686155	-7.27080737016538
3978.0	0.8637835468077125	-3.4797540383263637	-7.436738278683816
3979.0	0.15968246097647965	-3.747804206833466	-7.555747321358991
3980.0	-0.4268645169983798	-4.61934088678788	-7.5366745240572115
3981.0	0.5270767310458014	-4.77783068288016	-7.31036057636855
3982.0	0.6214220216149079	-5.048407936240954	-7.57554072790195
3983.0	0.9850259624987148	-4.847721470835679	-7.648827670070456
3984.0	0.3794554696200959	-4.613637837561104	-7.214536358710765
3985.0	0.8413788952963486	-4.0757625657031165	-6.844643434311892
3986.0	1.10029145632706	-3.6523579465434928	-6.825896373189895
3987.0	1.8113826238259387	-3.416178316097592	-7.5894837746726225
3988.0	1.3471549065478898	-4.147744368505397	-7.191445409251828
3989.0	1.0403999763963618	-4.273671514569606	-6.7247369928019705
3990.0	1.262666169429076	-4.174592456311494	-6.097886715636811
3991.0	0.7494653474470184	-3.8086231020525037	-6.59657039932944
3992.0	-1.0706435738733793	-3.320867683758341	-6.578144917248027
3993.0	-0.5284857739998201	-3.4494181586703867	-6.977980114495757
3994.0	0.255954254067672	-2.6551650267409004	-6.634075011702422
3995.0	-0.005610684135404165	-2.8222103486731522	-6.485357726826225
3996.0	2.0115278431650445	-2.091576443923292	-6.571840850349509
3997.0	1.9705603587396847	-2.5580806805345935	-6.901800523922819
3998.0	1.1214746142472174	-2.9318080644466544	-7.153049565144976
3999.0	1.770288017001166	-2.01651233874125	-7.120544211706079
4000.0	1.9294512474056316	-2.648141838680945	-7.55394706891822
4001.0	2.443827489010173	-2.576120209124568	-7.232531446177558
4002.0	2.2138685548453747	-3.1635188810459796	-6.700713288517933
4003.0	3.152914893135105	-3.189566804583679	-6.576283486070401
4004.0	2.7782734520731687	-2.756155936635361	-6.201677275967814
4005.0	2.082175779543141	-2.4765773230305816	-6.480286595473755
4006.0	1.2616104764808431	-2.595417876548737	-6.552961177307837
4007.0	-0.2941736445304474	-2.2781508133336748	-6.5314052764355095
4008.0	-0.39176093320090255	-3.543825619398407	-6.673182099853006
4009.0	-0.7857170170423846	-4.1591621939946	-7.022544597827037
4010.0	-0.041277636428992404	-4.335273258029962	-6.579240440675939
4011.0	-0.27107003610527525	-4.4449340778137945	-6.651155120982806
4012.0	-0.0006857917736414754	-4.405659076590468	-6.892027574376813
4013.0	0.30217184350428294	-3.6980219288485605	-6.984934314255407
4014.0	0.45265489986769925	-3.8733490626062412	-6.698764716978935
4015.0	0.9596597347093045	-3.8186570973179084	-6.735343502890997
4016.0	1.027060615227217	-3.962120112054586	-6.608767324128676
4017.0	0.5777454339286467	-3.853992972534834	-6.246688345798062
4018.0	0.766870592760356	-4.6793330930272115	-6.694139386880021
4019.0	0.31745921854993625	-4.649252755502548	-6.09313201531989
4020.0	-0.8403296070829269	-4.329616194107277	-6.485607657274199
4021.0	-0.594124941637566	-4.650915834826415	-6.671439523772256
4022.0	0.6515416192303187	-3.5426352875255698	-6.689880314947942
4023.0	-0.1327270466770904	-4.221203180196012	-6.663345595746272
4024.0	0.9259408085402417	-3.655894206471098	-6.9420737701505475
4025.0	1.3333125609780314	-3.497922433908406	-6.666343639886616
4026.0	0.14006666728866513	-3.199787626150053	-6.692517699806915
4027.0	-0.21013002884743603	-3.627008376609696	-6.460820077137938
4028.0	1.0920847553018298	-4.316126300984488	-6.046444601859017
4029.0	0.6997703192023668	-4.546342819457277	-6.126142104821671
4030.0	0.5175739447631601	-4.062682940796825	-5.959787876293416
4031.0	-0.33819930434080314	-3.9909640224533844	-5.368011432979771
4032.0	-0.924621584604297	-4.429925255301529	-5.220886434490362
4033.0	-0.9225469934755332	-4.206060953781167	-4.927027874240143
4034.0	0.4237315288354392	-4.204112188408214	-4.6028937757864625
4035.0	0.4512510702195905	-3.5449039567233123	-5.125211342292503
4036.0	0.23819050520287235	-3.7817315161474143	-5.402268233568065
4037.0	-0.6930051900496679	-4.024891092217269	-5.063362627071
4038.0	-0.9783145395217718	-2.933506798555965	-4.812469237849242
4039.0	-1.611774506400666	-3.029412916101248	-5.148384129900803
4040.0	-1.9013511456961145	-3.090511243161789	-5.642205217428875
4041.0	-0.20781000720301412	-2.621688288587338	-5.451583649358206
4042.0	-0.22774955559292387	-3.2477569165194105	-5.892949536977868
4043.0	-0.5205454446549873	-3.068676420583569	-5.791965231161779
4044.0	-0.9733937864538822	-3.6128105723922657	-5.949853815192355
4045.0	-0.02079077252935868	-3.6181670562851087	-6.26198297190496
4046.0	-0.4282362971650818	-4.011877224533732	-6.159732229733281
4047.0	-0.8535783113220294	-4.461540231091764	-5.900685732669478
4048.0	-0.4392811487626961	-4.678515901025544	-5.866904558714453
4049.0	-1.2511152989564593	-4.241252107666133	-5.028786357871231
4050.0	-1.8442995379058187	-3.1400102130811103	-5.2658604954217765
4051.0	-2.1447186324258176	-2.1195750146385426	-5.438863151706401
4052.0	-0.5693060034413766	-3.376282603038555	-5.013175671942038
4053.0	-0.7927571481355681	-3.903053211591579	-5.236280355286744
4054.0	-1.1472553498987004	-4.05928964484667	-5.237284038565496
4055.0	-0.28149507131775153	-4.389952723082159	-6.102440298930658
4056.0	-0.6662570789625588	-5.0828863009302685	-6.341999497265851
4057.0	-0.6129667672427062	-5.13290420894112	-5.9219576333569615
4058.0	0.3552737309608204	-5.204180911318284	-5.989820483426886
4059.0	0.32610404375212043	-4.631284308572042	-5.897987205873601
4060.0	1.478239664093267	-5.110435559715297	-5.936465408733565
4061.0	1.3273770519895072	-5.5711837972771105	-5.9892394453587
4062.0	0.07118835170498661	-4.866122978877976	-7.835594832926248
4063.0	0.6850254212970894	-5.179158703808518	-7.732331426371167
4064.0	-0.7173023043394976	-4.924131696637343	-7.376479089024994
4065.0	-0.9417229761864704	-4.544278282713675	-7.2036264869647235
4066.0	-1.1424736459182028	-4.371140912160188	-6.8487826582000535
4067.0	-0.9733459555052615	-3.717352192228606	-6.608258813328238
4068.0	-0.4301652872954432	-4.175548711877784	-7.401458311173467
4069.0	-0.66181768102386	-3.8596865533956812	-7.400877891465168
4070.0	-0.9956880041219969	-3.340156008639677	-7.166579901078116
4071.0	-1.0027662838691116	-3.685403024140963	-7.4538414442348015
4072.0	-0.42709112000878313	-4.084607163667666	-7.428831373083151
4073.0	0.5455925737604078	-3.618324419979569	-7.404310207768537
4074.0	-0.07687630189106424	-4.269249894707123	-7.6674554654090965
4075.0	-0.3012395430920096	-3.8916442301747534	-7.677554981368952
4076.0	-0.811583588565866	-3.4439861033559165	-7.6109576445072085
4077.0	-0.5599805794975209	-3.6214612620712794	-7.385591235654797
4078.0	-1.8999674975078913	-3.7948751607235955	-7.507530168137159
4079.0	-1.8047471504507602	-3.494889834144216	-7.939866042723741
4080.0	-0.8599472201525759	-3.116465255226039	-7.538394159469915
4081.0	-1.5322957155485533	-3.885892017160504	-7.312256740176683
4082.0	-0.8675008199812402	-3.5481082519894658	-7.158355694404529
4083.0	-1.2019580468457116	-3.2347209960449295	-6.2980269674096565
4084.0	-1.3872773009664157	-2.8529927541035747	-6.471011700164167
4085.0	-0.35195928798232873	-3.0439454695129617	-6.354739429362381
4086.0	-0.021343752579525643	-2.8058360121597428	-5.724952457555425
4087.0	-0.4396615098962651	-2.126026934649977	-5.827943484205958
4088.0	-0.5144000146197929	-2.189119163919476	-5.671471618625805
4089.0	-0.6113803854246715	-2.1930062303352824	-5.517539839047579
4090.0	-1.1882411398690955	-1.8097006602239123	-5.29636887410703
4091.0	0.03237829354729893	-1.9739291426637873	-5.7339888260189085
4092.0	-0.2505494443810612	-2.6565208296309892	-5.799748298381548
4093.0	-0.1707057275549152	-2.57348368632083	-5.850413844420951
4094.0	-0.029239327864926445	-2.4838370070965743	-6.404505433325657
4095.0	-0.15489471852187503	-2.9909476058577864	-6.729765732542369
4096.0	-1.0593595728090894	-1.6496569989512937	-5.909083664641698
4097.0	-0.982412136515636	-1.9022784648978783	-6.322970974734865
4098.0	-1.144102795012528	-1.9394131131436405	-6.051020103358655
4099.0	-0.06436116450592108	-1.5140046554124647	-6.215796187293135
4100.0	-1.1061079349549316	-1.5572745049780468	-6.734565633343422
4101.0	-0.5376534301697798	-1.405699216532589	-6.3209492411845725
4102.0	-1.0394691292012084	-0.6169483829096357	-6.308373085332368
4103.0	-0.2624780691819001	-0.8987898897011887	-6.219536853781574
4104.0	-0.32124299337297735	-0.6607094235989087	-6.456036098778876
4105.0	0.34684737710581903	-1.189601673412555	-6.903740345862042
4106.0	0.2985228455047929	-1.325311605952531	-7.034088634753365
4107.0	0.605268861716561	-2.8668441657836223	-7.167774902892608
4108.0	0.6562137251629887	-3.2850499020872594	-7.595376381192789
4109.0	-0.6422617454273671	-3.178632560175637	-7.3619454689291715
4110.0	0.03105775725989493	-2.8260950165808	-7.520122185632665
4111.0	-0.3446919113207041	-2.610403883103173	-7.632195519851056
4112.0	-0.30984494172761634	-2.496750496893699	-7.529974119489584
4113.0	-1.0754565756548315	-2.439069533745279	-7.405996221683825
4114.0	-0.5180211240225377	-2.658586063240186	-7.048746824704012
4115.0	0.23600966697803888	-2.5821148157244806	-7.466124212566164
4116.0	-0.48555811298088386	-3.0804820790779477	-7.777931458005986
4117.0	-0.4572244924008013	-2.7191272481194173	-6.972906416816984
4118.0	-0.8710153822589007	-3.0049820483642837	-7.599129418124678
4119.0	-0.5043114434035492	-3.3209724619737964	-7.652770886463921
4120.0	-0.4975612115579614	-3.7174203405073016	-7.712792146718627
4121.0	-0.5167145482318884	-3.3113748782849335	-7.5193076064839595
4122.0	-0.1400314606029864	-2.9425849746948147	-6.820465326842318
4123.0	0.4236435858203289	-2.6107153747125773	-6.786353075823262
4124.0	1.1099515496358352	-2.622581701309615	-6.484873685193531
4125.0	0.2852671135764863	-2.348190291612081	-6.484972217732771
4126.0	0.813745788759853	-2.6926645847144854	-6.330941391715698
4127.0	1.1118870421417315	-1.8618344405766638	-6.472876246838866
4128.0	1.705198321294843	-2.338518056831599	-7.439447753497929
4129.0	1.4043261382914576	-2.312418297900338	-7.4978628110563825
4130.0	0.22736194391078696	-3.140995583656974	-7.458546515015006
4131.0	-0.22318216709267896	-3.3676945361728534	-7.569984914345534
4132.0	0.11607983205879269	-3.227385841315166	-7.193290026889051
4133.0	-0.3436576946269818	-3.1038359412044034	-6.739751275540635
4134.0	-0.7011542993806065	-2.816195323055656	-6.738568463532766
4135.0	-0.4462024581735854	-2.506410810493299	-6.9737789928783736
4136.0	-0.3782248758431992	-1.843298658180844	-7.431901174540679
4137.0	-1.3001873035011164	-2.1990179633452605	-6.351024789328409
4138.0	-0.7788429478292906	-2.510792460705248	-6.7216939728402805
4139.0	-1.0308124545903146	-2.8299337949879906	-6.93596786656799
4140.0	-1.1089410795483792	-2.6612642524107324	-6.372352721020506
4141.0	-0.9363059979478623	-2.4840220025427127	-5.912420225634998
4142.0	-0.8973589966398534	-3.1987957797411726	-5.537901259669388
4143.0	-0.32075709291691984	-2.8212774693302647	-5.487664717912249
4144.0	0.21885815333877162	-3.0275005925326286	-5.590242563831874
4145.0	0.1652466726952324	-3.4100727603016625	-6.191819518823347
4146.0	0.6182743555578174	-1.9169516249465102	-5.911291242089917
4147.0	-0.020204574789085973	-3.363313044439094	-6.085181388490333
4148.0	0.4228235229827898	-2.9695644242821664	-5.314280508724481
4149.0	0.21455331808081438	-2.985852931286611	-5.327892763341745
4150.0	-0.6093256937892331	-3.5585140779463718	-6.025723148335791
4151.0	0.3059687215337301	-3.9865183077773763	-5.920343538849961
4152.0	0.7770539165390407	-4.554292504007502	-5.868970608589977
4153.0	1.0390505298318353	-5.459704441265174	-5.9993280896395165
4154.0	0.6507781726334587	-5.855881164738522	-6.045306814593003
4155.0	1.1289513641987254	-5.831171782971152	-6.200299793192644
4156.0	1.2052187456410839	-5.46902912475021	-5.844074544567633
4157.0	1.4087802771865623	-5.21202805449873	-6.177651338400238
4158.0	1.067332889053766	-4.843571885562503	-6.359179326181839
4159.0	0.12546437298942986	-4.33276161429196	-6.212010527633475
4160.0	0.37305617280054243	-3.7013545923291824	-6.533889989386445
4161.0	0.5447182098486142	-4.536044653925039	-6.687095741146061
4162.0	0.7334097523635561	-4.356840611893164	-6.509700494396101
4163.0	-0.3421146419838943	-4.312826547848872	-6.562419332395372
4164.0	-0.4740049056256529	-4.695381214149591	-6.413328475116732
4165.0	-0.3434898013085063	-4.6859327212474255	-6.757072418387918
4166.0	-1.1765329830122466	-4.946091644500625	-6.967604045831542
4167.0	-1.2722054797621256	-5.399865007074694	-6.938457356891568
4168.0	-1.0753567253249416	-4.811247663996335	-6.36876398975037
4169.0	-1.5942208009204266	-4.525517669271004	-6.411177216053951
4170.0	-0.7655337391186114	-4.413245156421108	-6.103701702196246
4171.0	0.20578313670627066	-4.061435894715575	-5.778068336360582
4172.0	0.409854668465675	-4.104552860951077	-5.760705892473452
4173.0	0.6250988309802513	-3.4554889530128565	-5.701245665930208
4174.0	-0.056706565020886446	-3.085431358139603	-6.0579286112749156
4175.0	-0.9092135033191736	-2.8030559553313523	-6.055962746974179
4176.0	-0.4424988958416953	-2.9938163143089627	-6.320407398033717
4177.0	-1.5750746895483552	-2.9157609481756666	-6.4504071795183675
4178.0	0.03120594017089462	-3.2957874579346287	-6.474392211140264
4179.0	0.3835222905625082	-3.2417590983980076	-6.149879077141979
4180.0	0.2584166424235465	-3.168193890943338	-6.567546501701882
4181.0	-0.06959056490213933	-3.416947435501375	-6.777197944245684
4182.0	-0.03600942455747291	-2.7786584521339948	-6.8401688681680195
4183.0	-1.4861970537887765	-3.2546797236484135	-6.5921802179039215
4184.0	-0.5117322897295459	-2.8652135683972118	-7.326632893476772
4185.0	-0.008337752894700401	-2.5826484398745677	-7.075930170138551
4186.0	-0.8454834013970509	-2.0670813735949207	-6.895356744319466
4187.0	-1.2022018803125922	-1.9411840833269873	-6.835942485014636
4188.0	-0.9026957075678519	-2.187562075785796	-6.4984608911900645
4189.0	-1.1083903205755758	-2.627765200405156	-6.098812874230731
4190.0	-1.3062457495811075	-2.7168830756949407	-5.712396231400838
4191.0	-1.2972545767536505	-3.145069007115356	-5.420211677722055
4192.0	-0.669327683303055	-2.6839275733580235	-5.171355262545951
4193.0	-0.02444963849507742	-3.43217721528797	-5.469302024585756
4194.0	-0.16503830438227066	-3.5852363802883334	-5.712134335555436
4195.0	-0.05771435101232125	-4.181590895257791	-5.051511232345776
4196.0	0.12188627563278975	-4.203116259542727	-5.231508025140578
4197.0	1.1587015795096451	-3.972694623718299	-6.120458270797929
4198.0	0.6864893752182074	-3.8510884777469747	-6.419081459916397
4199.0	0.4581238512339878	-3.7583909942909832	-6.595003403652541
4200.0	-0.2579053142298486	-3.3041019414753237	-6.504778203947849
4201.0	-0.8604375344757278	-3.5987510137534926	-6.610791011113619
4202.0	-1.4143046409269906	-4.327244957070288	-6.765349234644233
4203.0	-1.266773892411697	-4.027774467096941	-6.719438738830711
4204.0	-1.2898533099471674	-4.026746628261391	-6.876684485277451
4205.0	-2.116362806444593	-3.616195089357185	-6.544368422029269
4206.0	-1.9807937119045764	-3.959950912024705	-6.435865672994962
4207.0	-2.008856231399971	-4.006287694137084	-7.2530869587358735
4208.0	-2.2834189473945727	-4.241854590057287	-7.060681335688256
4209.0	-0.6979494110982684	-4.757637386110286	-6.819885808995858
4210.0	-0.280545755533093	-4.8855483109512265	-6.989102336475327
4211.0	-0.3389826465638712	-4.97855818298824	-6.85744209497928
4212.0	-0.9098406518785083	-4.523525389473958	-6.4909654480738235
4213.0	-1.0437600387228685	-4.0341095091744235	-6.664132693676256
4214.0	-1.3556213341827967	-3.616845659988538	-6.5286070684163695
4215.0	-1.1525374538915854	-3.644520713953211	-6.34081188123954
4216.0	-0.09607436061410757	-2.2566164315568686	-5.550270203236066
4217.0	0.4548697199812702	-2.596508806918779	-6.005951189010935
4218.0	0.41254044434933845	-3.5741780276396358	-5.358430528786555
4219.0	0.60692391810431	-4.248576744654655	-5.075836805227497
4220.0	1.2556484162943407	-3.6144066589654855	-3.97364129664581
4221.0	0.6655319963350984	-2.7268946791287583	-4.032588286151264
4222.0	0.6927646952084097	-3.032118651784617	-4.298210665107655
4223.0	1.2161847269745385	-3.5464691739480116	-4.139335694186837
4224.0	1.4356012326707728	-3.715282783340078	-4.743369517525093
4225.0	0.907892278252294	-4.098296024365003	-4.697605156426664
4226.0	0.6942035978663148	-4.140334878563192	-4.814433594209237
4227.0	-0.02185621381315664	-4.185164522176743	-4.261386448622704
4228.0	-1.4354432115924218	-3.1986932386650153	-4.279416185783967
4229.0	-1.296780712972626	-3.949001634799214	-4.062573955544684
4230.0	-0.5524520313825355	-3.6783993275785987	-4.503618117296865
4231.0	-0.6287492728984615	-3.282427773154325	-4.351051126216083
4232.0	-0.026068127701498245	-3.162915110171122	-4.748951232514882
4233.0	-0.14555883922045265	-2.2541994410209356	-5.076147364398685
4234.0	0.08243045338865801	-2.914768239654564	-4.922451437968477
4235.0	-0.4936724129786487	-2.617219518495325	-5.374626081914422
4236.0	-0.470295054005543	-3.3250320242774922	-5.71241404054417
4237.0	0.07564807219042102	-4.163157710397783	-5.493731422490583
4238.0	-0.07287517322477743	-4.277730181872064	-5.806244385395979
4239.0	0.39608063292143053	-4.6403649957016615	-5.831915145399678
4240.0	0.9128500976803351	-4.000955901642383	-6.289184191989899
4241.0	0.432208949111443	-4.792932860649371	-6.268792492157041
4242.0	0.667178957426739	-4.9780687206246075	-6.171338592858952
4243.0	0.6590394636323206	-4.548141452516047	-6.235439786807017
4244.0	-0.4857396314688089	-4.318700740310106	-5.612089931149775
4245.0	0.5266221223636173	-4.465319885026796	-6.245197775320612
4246.0	1.1408855220123166	-3.9879420869585998	-6.297955715784994
4247.0	1.9342022488761068	-4.197407802259418	-6.070939843935134
4248.0	1.2238043584131957	-4.313213969515683	-5.9770523398494335
4249.0	0.19448264733676757	-4.36235301800312	-5.7229516039330735
4250.0	0.7021322890380172	-4.616834373950249	-5.836471002479948
4251.0	0.7661610917089463	-4.9254136399602135	-6.383934351954849
4252.0	-0.4675553367183495	-4.961292348950334	-7.158875400481784
4253.0	-0.6240754590074976	-4.972496434234286	-7.303480106874579
4254.0	-1.450909580351726	-4.8409269941527056	-7.2779370622581965
4255.0	-1.3527485866931848	-4.190137635463229	-7.313556500467793
4256.0	-0.6055464929641725	-3.8081536908617752	-6.892771303352692
4257.0	1.1035747591602068	-3.2093146601858114	-6.647835191824884
4258.0	2.0657819601207	-3.548556048500859	-6.407761453062087
4259.0	1.3307673545932666	-2.4799123113650325	-6.302289085990137
4260.0	0.9176056844723897	-2.6045268799932364	-5.999749750917392
4261.0	0.7289538408857884	-1.61255280315469	-6.010930451326908
4262.0	-0.43506047390675484	-2.02132797919195	-6.040495900144135
4263.0	-0.1752760270910516	-1.700772306342813	-6.8575287273613
4264.0	0.6396054895303028	-1.5532301322273456	-6.690206723453566
4265.0	0.5487479296055854	-1.988025202837267	-6.778944234489191
4266.0	-0.276204917295944	-2.1563764981421536	-6.504698230861056
4267.0	0.7941362626066542	-1.648869960478627	-6.82185355940246
4268.0	0.4879471133924252	-2.3024602798977907	-6.74627697074788
4269.0	-0.15104871548525156	-2.4051978758668597	-6.903632641149558
4270.0	0.004035195740892755	-2.8870958316630455	-7.14217414949585
4271.0	-0.017805008338167033	-2.607426016529813	-7.200992644102179
4272.0	-1.4026056437565169	-2.0003806360067435	-7.13701088702719
4273.0	0.5287139219031359	-2.78618239186738	-6.949351840355072
4274.0	0.4689010898419214	-2.6014043193956526	-6.964786567589838
4275.0	-0.866027856000938	-3.2185356823604323	-7.470042079015504
4276.0	-1.123498180393669	-3.625897000349149	-6.968791914489839
4277.0	-1.3753194678118852	-3.525049130711448	-6.599095800164389
4278.0	-0.7120192762721146	-2.751869959523754	-6.689196281675706
4279.0	-0.9344584804248092	-2.9369354843421265	-6.974391656547819
4280.0	-1.471933126092014	-3.7064075725112446	-6.799979740667824
4281.0	-1.420890367201483	-3.3623679346873825	-6.659889426899456
4282.0	-0.9598889710289217	-3.324050785647702	-7.099999406701628
4283.0	-1.5669891729456515	-3.50846691183176	-6.243142559864607
4284.0	-1.6760043117870043	-4.70090672839961	-5.982830313737708
4285.0	-1.8242387048975388	-4.24703841347368	-5.765437594649033
4286.0	-0.9167168018128041	-4.526392262070707	-6.195150941048719
4287.0	-1.6656999208375842	-3.867086268694778	-6.335124532867155
4288.0	-1.532659330409317	-2.912002860042914	-5.982355033824236
4289.0	-1.8333836468923117	-3.5137693471698204	-5.610611395199473
4290.0	-1.1617822618708669	-4.031711027433005	-6.407665743364521
4291.0	-1.2510631878710354	-3.4152017800857712	-6.14340739915273
4292.0	-0.8487946183928688	-2.4756593916858396	-6.011779422561396
4293.0	-2.2624905278644434	-2.8078985215982786	-5.829174887611963
4294.0	-2.3625830740586835	-2.650840289908513	-5.739439212733756
4295.0	-1.4964631280315523	-3.1308620289641134	-5.576596275157435
4296.0	-1.1715541106875822	-3.5392366166533185	-6.000431892830124
4297.0	-1.3703624722261254	-3.264223944486311	-5.997037494346554
4298.0	-1.3489257702084054	-2.4750586174310065	-6.160737212028301
4299.0	-0.4499434937749333	-2.668589488932766	-6.198600790544912
4300.0	0.26079939397592655	-2.843366020155404	-6.041220973353951
4301.0	-0.5407063176548945	-2.0349177979767967	-6.156399765240322
4302.0	-0.24413491479324323	-2.6320809078353293	-6.301393314151836
4303.0	-0.3865976921165837	-2.634999981359541	-6.5450059945245
4304.0	-0.10045911278646297	-2.349872126001185	-6.2172395783145635
4305.0	-0.6779068502157024	-3.3540318474613815	-5.907360828218358
4306.0	0.9801845625953447	-4.412043883331558	-5.969045365705035
4307.0	0.6832256045452371	-4.777490889628409	-5.326835207051799
4308.0	0.534703156802264	-5.002188749621572	-6.051145080026719
4309.0	1.301318838845157	-5.261145369436227	-5.983709463590478
4310.0	1.2556703911007803	-5.391509357157555	-6.122186570145794
4311.0	1.2578265944674816	-5.027729074310585	-5.902791984240892
4312.0	0.719616044923059	-5.0081706540832265	-6.490595752255091
4313.0	0.8239504175120846	-4.659838660398693	-6.582343227617581
4314.0	0.026686210593891424	-4.894308275456448	-7.15158297784059
4315.0	0.24411404488770463	-5.026095066727732	-7.411098935689096
4316.0	-0.6407463572144985	-4.2262673080382775	-6.790437622097226
4317.0	0.029415724203436966	-3.4284126189261777	-7.340491214723923
4318.0	0.313646033981132	-3.285463163688101	-6.466707198290176
4319.0	0.5808570930655923	-2.8553634558298446	-6.433834199698995
4320.0	1.1520258071084015	-4.0014194453558	-6.561666178034256
4321.0	1.4439999054700756	-3.642957259892505	-6.516866872606206
4322.0	1.0877253542027328	-3.8724476506860412	-6.218549263891566
4323.0	-0.6889655763210532	-3.94401112335752	-5.743246885831975
4324.0	-0.008779307846265419	-3.2411725621560126	-6.179519034226765
4325.0	0.7435609115340269	-2.449345814990886	-6.009936823082617
4326.0	0.6014798747199153	-2.9051262982731134	-5.496701024446453
4327.0	0.4846512615365062	-3.0402774255061376	-5.470483158493623
4328.0	1.8675496613961728	-2.3030568963468028	-5.189503542725141
4329.0	1.5505626684492264	-2.2322355061530983	-5.084968015134012
4330.0	1.3126333116800053	-2.7888482078760597	-4.846027919470157
4331.0	1.3668794798770076	-2.90296320492941	-4.9783586722106845
4332.0	1.3112287357069785	-3.180657268801671	-4.92714124657151
4333.0	0.8574615728077671	-3.529314976099953	-4.929754642487721
4334.0	0.7901086473447462	-3.356710177165271	-5.4329499416097375
4335.0	1.215558435320772	-3.3990022844811403	-5.288199758676731
4336.0	1.3164365299936451	-3.2830959413246976	-4.727366170334948
4337.0	1.2101973314048755	-3.0095986268292423	-5.427741931677666
4338.0	0.8038942177732186	-2.585268650421229	-5.40597006513227
4339.0	-0.9885952405123836	-2.631208564547662	-5.96410750799329
4340.0	-0.9111285040990142	-2.6407468122259936	-6.245212243760181
4341.0	-1.6626944844876426	-1.9156474540895134	-6.4620528420897765
4342.0	-0.8363150054185121	-1.9137137434971632	-6.202596990657556
4343.0	-1.2666560123370072	-2.4817840802441142	-6.161599171090346
4344.0	-1.1071065680219117	-2.811423426297467	-6.004519183635998
4345.0	-0.4890808443859164	-2.8802327362024505	-5.767081519289553
4346.0	-0.2274472413987662	-2.6645465487011375	-4.978691473805275
4347.0	-0.03399575411774802	-2.3734700517310405	-5.4070148747489615
4348.0	-0.1073863067204226	-1.7195328550378917	-5.904745712314026
4349.0	-0.1695665787345273	-2.8817964884763163	-5.145790821892742
4350.0	0.229468857650158	-3.1773380315956326	-5.333697466710097
4351.0	0.2682189611711516	-3.0078210603422697	-5.209287522719103
4352.0	0.8956327870054793	-2.4028634959879547	-5.885459912276009
4353.0	1.4219509012239393	-2.381468523728177	-5.921801710790595
4354.0	1.2056368837731055	-2.413756026194547	-5.180130777369561
4355.0	0.6733477032669958	-2.300081120995037	-5.15665164972088
4356.0	0.25196328834595083	-1.2213740452463693	-5.521625338454601
4357.0	0.09404083972081512	-1.8539320056092758	-5.915326540452378
4358.0	0.4454295642246304	-1.9319871806266038	-5.33576417003983
4359.0	-0.07847019712430123	-1.3100399126245272	-5.279923297981218
4360.0	-0.9329434024799603	-1.5555125464996449	-5.796287966548558
4361.0	-1.0590866904932057	-1.6715266321967788	-5.993836940389739
4362.0	-0.5199573480558151	-2.2605912150571634	-5.727481654810401
4363.0	0.2200121129773871	-1.72705381956651	-5.488989737147891
4364.0	-0.3687230535551076	-2.382587018643698	-5.418211829781148
4365.0	0.3444407522968231	-2.194855483110933	-5.773518003005234
4366.0	-0.10332320323249955	-2.278289091074793	-5.934818951360458
4367.0	1.2527213832453707	-2.355962227456822	-5.930616631510305
4368.0	1.3964535018730402	-2.15933005945142	-5.56496241721905
4369.0	0.23319789176692085	-2.2674644378900224	-5.747753787924256
4370.0	-0.6406873470609165	-3.02462575709527	-5.738688698023189
4371.0	-0.756854410667975	-2.6417881030517956	-5.12719187286399
4372.0	-0.3314760561306799	-2.618925024125788	-5.143974777382592
4373.0	-0.7325795204415094	-2.94737291535061	-5.1812957113276426
4374.0	-0.14650910968013042	-3.555181658308191	-5.53862388074988
4375.0	0.3786553111862083	-2.9486094023407885	-5.644858391184098
4376.0	0.49213730957338553	-2.9139089305480153	-5.947082809572327
4377.0	0.64748897036502	-2.6094533962297253	-5.5867328888503724
4378.0	1.1888573849330133	-2.4535063212122057	-5.564063543841138
4379.0	0.8447966889255445	-2.6811166602973158	-4.970281703464037
4380.0	0.09183518142063729	-2.8141911915163376	-4.63846976048703
4381.0	0.17783689844020178	-2.7841394840671865	-4.663666548496856
4382.0	0.36440881363414324	-2.892472633547482	-4.637775215965699
4383.0	-0.8197799972152326	-3.092058971280414	-5.344747761641377
4384.0	-1.5741782697710955	-2.4829609052489348	-4.953533644170304
4385.0	-1.6873250328490692	-2.6976577761710114	-4.760589260747351
4386.0	-1.1719844347802875	-2.5914428374039162	-4.84858907048198
4387.0	-0.15771562523562482	-3.1114924111446247	-4.748329421120358
4388.0	1.1511114088759535	-3.1385897044954687	-4.835445421270758
4389.0	0.6835484571475924	-3.1094672465226987	-4.031700200941091
4390.0	-0.017730334191606523	-3.475951244842959	-4.411277939115859
4391.0	-0.09553370725752841	-4.128536229984338	-4.964025576444415
4392.0	-0.3506625595369388	-4.600122267445547	-4.763839177910797
4393.0	-0.13244450071421587	-4.359931290957502	-5.016287138673547
4394.0	-0.852741612380099	-3.6278652777066065	-4.6900524402792705
4395.0	-0.12440838606327409	-4.090386914155193	-5.005454048438114
4396.0	0.14017839891021278	-4.377225975670511	-5.072426433799747
4397.0	0.8449879348201881	-3.4770762153522035	-5.173901634822562
4398.0	0.452720581926656	-3.2518960220243143	-5.098167081446044
4399.0	-0.18845756132027375	-3.0944495898044475	-5.161902732445098
4400.0	-0.17167352907157957	-3.3011101324964462	-5.500379097481553
4401.0	-0.8595068692678556	-3.5914742591103566	-6.201471435709967
4402.0	-0.9943474163736998	-3.335822163784019	-6.758801878361468
4403.0	-0.6276774520540738	-3.404656216227413	-6.945247499203913
4404.0	-0.12526380594260278	-3.974115731067423	-6.466209694306034
4405.0	0.1975159426788069	-3.9212114426334286	-7.182575711506827
4406.0	0.47123033443011286	-3.239252791705802	-6.983459686719733
4407.0	0.13941911698472143	-2.780555695679518	-7.259244830120184
4408.0	0.533580342788909	-2.240916775725725	-6.94292806824749
4409.0	0.8297532164849502	-2.69073233009752	-6.4553699906847966
4410.0	0.14471900681077662	-3.152066960850311	-6.232773888336807
4411.0	0.7604635790584815	-2.8235633476087996	-5.886014671102633
4412.0	0.4755835662973805	-3.146893159641669	-5.9371137753853995
4413.0	0.8116333117693857	-3.3902057350837262	-5.66096828088887
4414.0	0.04568334323588483	-3.4091316302701475	-5.7081604006064515
4415.0	0.6472565932388816	-3.1553048076454733	-5.943303242424285
4416.0	0.7477739704597175	-3.3929866001815165	-6.324100160715376
4417.0	0.5769859102390946	-3.086530487343151	-6.701492177633105
4418.0	0.8520292219821063	-2.791426642212765	-6.70077232464978
4419.0	0.7607692272931543	-2.583934509530693	-7.243902373102495
4420.0	0.15400584478343	-3.2150855412337167	-7.686872958067031
4421.0	0.19594969266172635	-3.6217950888032786	-7.716400243282369
4422.0	0.7673922310350356	-3.194856917042963	-7.822144091293261
4423.0	0.7196315195086335	-2.8807772380983847	-7.668121312189578
4424.0	0.5171876767369332	-2.5191238325700587	-7.347873726885971
4425.0	0.9415546884438796	-3.576197516696565	-7.188488533382451
4426.0	1.782341763262608	-2.8394509160456796	-7.481527061119197
4427.0	1.3088704511944957	-2.2644060468819465	-7.128646706321771
4428.0	1.1857096365704578	-2.112706621236984	-6.609718076049026
4429.0	0.39750472251681795	-2.376919416495684	-6.048210085025605
4430.0	-0.8603601010569859	-2.649035376838609	-6.248164971879863
4431.0	-0.7898136495294065	-2.7719382615099866	-6.4396158205890375
4432.0	-0.35391410170888726	-2.4927321344040565	-6.082135978777942
4433.0	-0.7537924710622761	-2.5767395931149926	-6.051910709025078
4434.0	-0.9907077298333168	-2.0953339572795606	-6.371917605022132
4435.0	-1.2705266978300025	-1.799702331554379	-6.482690196023012
4436.0	-0.6408628277957122	-1.4259900972623054	-6.499130758511658
4437.0	0.08769623624920088	-0.7162419926967571	-7.1065373527084015
4438.0	-0.15679730757292976	-2.672022752378941	-7.188177180862315
4439.0	0.047704482836977036	-2.2736092032415716	-7.106426064092227
4440.0	-0.38046839413572403	-2.6159387577471636	-6.9141699836927675
4441.0	0.13487619947017976	-3.060434146616254	-7.162316324438392
4442.0	-1.304806268589161	-2.987397925583343	-7.365048034418526
4443.0	-0.41028664409854687	-4.079396864372393	-7.328069035003174
4444.0	-0.3158222606244554	-3.9733242432788183	-7.351035160975393
4445.0	-0.24288679618479825	-3.5691454268252705	-6.750945440885063
4446.0	-0.49474124094687977	-4.345576372554522	-6.555863540695649
4447.0	-0.11033972860470415	-3.823634114938979	-6.526346745322382
4448.0	-0.17076209725548275	-3.3746188094233505	-6.486360025320375
4449.0	-1.649977629560494	-3.568488482837485	-6.39276743806319
4450.0	-1.436171421785917	-3.053160829331177	-6.26905418761801
4451.0	-0.9912452034148234	-3.4550410679431582	-6.196304140734285
4452.0	-0.7417150142470675	-4.232486458210795	-6.313008558280502
4453.0	0.2532092743567246	-4.097498312844968	-6.116768080788353
4454.0	-0.49447272549147014	-4.338672418343753	-6.0306679218565975
4455.0	-0.5096991168649168	-4.248436847873792	-6.059965743009345
4456.0	-0.39104304309730376	-3.973890883113214	-6.442383380824352
4457.0	-0.6717438902143416	-3.519078009996755	-6.855432617866755
4458.0	0.04330391957964863	-2.719869165394524	-6.9420266792864265
4459.0	-0.5196699452490554	-2.6002370654507967	-6.038448766720066
4460.0	-0.960951425426138	-2.8500341048621327	-6.248277149751248
4461.0	-1.217668806117202	-3.1326956728769884	-5.84853153262649
4462.0	-0.6511017292788175	-2.660359586001241	-5.944657352726381
4463.0	-0.7608352374941028	-2.8327546982321787	-5.95041027738615
4464.0	0.2558047831606757	-2.8733418695735256	-6.373043022242328
4465.0	0.07939619422170952	-3.2668885850536427	-6.308676381318902
4466.0	0.40666963939798806	-3.273676188802472	-6.934613102280641
4467.0	-0.2602571941936851	-3.9288767235412303	-7.060687934403606
4468.0	0.2721276163538965	-3.7548800011800414	-7.508909889379539
4469.0	-0.45992794739532505	-3.4572278478074048	-7.4056231213069506
4470.0	0.3226129739559601	-3.262654817486285	-6.932521517790264
4471.0	0.6683987180761461	-3.1305516464212135	-6.987304863762855
4472.0	-0.08202723050335797	-2.9712572330758977	-7.058433139445396
4473.0	-0.22298883656057078	-3.0416468213495347	-6.540189751438287
4474.0	-0.6551945233336076	-2.908325642134334	-6.3869898274948484
4475.0	-0.8021600958391323	-3.192072143199098	-6.4050284889643105
4476.0	0.015098072488715558	-2.6708779247415775	-6.1747860440931
4477.0	0.11290921656581437	-1.3483448292876483	-5.9022302960173025
4478.0	-0.6532178671232433	-1.8853583153494191	-6.2263061718024995
4479.0	-0.05608848644586867	-1.8227077411715735	-6.11425130983816
4480.0	-1.6751160345387848	-1.8350610786544825	-5.5288824222898665
4481.0	-1.265040208142317	-1.9101169045054511	-5.061481839962203
4482.0	-1.7316443553572087	-1.448402842335116	-4.837484768268247
4483.0	-0.13352693222964923	-1.7277988718602832	-4.795464788757427
4484.0	-0.2806553987069269	-2.371049596558933	-4.904752873790721
4485.0	-0.18130921116089804	-3.1302807394476866	-4.9609590277187765
4486.0	-0.9865100969457563	-3.3662155912098948	-5.129858395982579
4487.0	-2.38164434256579	-3.5855314561395892	-4.990228526616175
4488.0	-2.831214323341136	-4.053566656873188	-4.683563935170369
4489.0	-2.4341445325306412	-3.709419939817381	-4.659036148132759
4490.0	-2.2291044764312575	-3.3183774525978	-4.918563428853367
4491.0	-1.601969334222908	-2.934543786200801	-4.915009139738919
4492.0	-0.8017258978218145	-1.9251341448665542	-4.962638947586757
4493.0	0.08135269453408689	-2.518118999656913	-4.758105996800151
4494.0	0.3136434075279977	-2.910117622143283	-5.165034421509696
4495.0	1.1156331805300455	-2.200116424500629	-5.170109216706698
4496.0	0.9509132694436213	-2.294843876527209	-5.05736401701359
4497.0	-0.043488588414174245	-2.7309133640222405	-4.962730720794174
4498.0	0.4160917942462295	-2.4490464771290155	-5.107534980376536
4499.0	1.3495268548029058	-3.021785870326773	-4.697553417974368
4500.0	1.5030839492651935	-2.0527217913037332	-4.672064285711068
4501.0	1.5668377552097754	-2.4405454079293394	-4.383352534239713
4502.0	1.6232420098764564	-3.34144890616328	-4.918378888389012
4503.0	1.6438838229126524	-3.1668381663727057	-4.907243000050366
4504.0	2.1640110738900784	-3.408600553306859	-4.71693744254606
4505.0	1.8293775935748369	-3.481785926989872	-5.215483702734988
4506.0	1.4523659133128213	-3.3354080040151652	-5.68346397891319
4507.0	1.4426733546784511	-3.2175495671548844	-5.70482089600841
4508.0	1.0821132095595303	-3.9864287691115288	-5.433053675471314
4509.0	1.0551271224706125	-2.622551585305711	-5.100220399066096
4510.0	0.9728958818181036	-3.2919377981930733	-5.423264040032328
4511.0	0.2438545566894071	-3.690910088065112	-5.321024449645955
4512.0	0.770340924898415	-3.1495696733691427	-5.783881019636373
4513.0	0.801034943387791	-3.4568751714331736	-5.417890645229037
4514.0	1.5702005574136337	-3.3334204310895807	-5.50113702743343
4515.0	1.390061914487195	-3.158605986176101	-5.694687338293042
4516.0	1.070323954707445	-3.1778737448625005	-5.574927303579212
4517.0	0.4535325016556975	-3.344124279678365	-5.892253451278821
4518.0	0.5944227554792509	-3.662396809746066	-5.917281335783483
4519.0	0.6780622016433361	-3.8461104807005015	-5.908531132253647
4520.0	1.169643766659813	-3.84391998639076	-5.552404099699785
4521.0	0.42298779607614995	-4.062306300354357	-6.165260549504049
4522.0	0.3330531442937463	-3.6756884246086376	-6.076088509778689
4523.0	-0.2277423780268263	-3.8052048679812978	-6.447022598585696
4524.0	-0.7245163853604326	-3.990998732728918	-6.400459134558052
4525.0	-1.0893270449468655	-3.9618577770533165	-6.045795210417632
4526.0	-0.9475632397662742	-4.015048546949618	-5.945033561305525
4527.0	-0.1930876651102389	-4.0108874861134165	-5.544749073755317
4528.0	0.39228785411720934	-4.350116714904495	-5.475370833445263
4529.0	0.5530074988956734	-4.048888208052491	-5.590845597664884
4530.0	0.47414181452926857	-4.315765024261309	-6.814137612500627
4531.0	0.20147181692159344	-3.7118797031676825	-6.262050095654626
4532.0	0.4141652749364894	-3.6929454412851612	-6.7158449075579885
4533.0	0.33541148158025025	-3.424784717911121	-5.921282022632779
4534.0	0.24076489325979314	-3.868606964236363	-5.980029492009455
4535.0	0.648633947098045	-4.628270976083061	-6.196454180770145
4536.0	0.9159449454755756	-4.873903188566419	-6.392931891161874
4537.0	0.3565561570651922	-4.688000194805779	-6.686708579018024
4538.0	-0.30747489515709925	-4.403038065009456	-6.236954013021666
4539.0	0.008750716232541478	-4.668913620658084	-6.0601256935834265
4540.0	0.40327848852458986	-4.166103843920002	-5.764238819008905
4541.0	0.6274834553595203	-4.150990109333531	-5.497338972964368
4542.0	-0.46392163516623164	-3.4560575045630704	-5.329370112863348
4543.0	-0.4224716758857535	-3.14885726479209	-5.259755814237437
4544.0	-0.2633937591896065	-3.2034723189615066	-5.308876527439167
4545.0	0.5367596791261094	-3.9430897683564887	-5.755676065477122
4546.0	-0.040034195610501526	-3.755003235474148	-5.6533945281534095
4547.0	0.40050306446208983	-3.7860302144993225	-5.068615372688853
4548.0	-0.11741679756941725	-4.339078470505001	-4.869795418391768
4549.0	-0.8301610551044344	-3.6402440622712495	-4.936558374402347
4550.0	-1.3840723632050773	-3.5894801046957583	-4.8585600252201
4551.0	-1.4100533333786358	-3.5541597508053147	-4.815519105630036
4552.0	-1.8581018565962126	-3.2168010550999426	-4.872318541514817
4553.0	-0.41107555849296007	-2.938147829341908	-4.93209214835238
4554.0	-0.5501267706578835	-3.1174383134562884	-4.5071969077689555
4555.0	-0.6210603913513509	-2.9532569162173927	-4.483799763347979
4556.0	-0.8615648799660365	-2.9223669495159976	-4.497771221301767
4557.0	0.04533043402818204	-3.0784956616969	-4.729387284992455
4558.0	0.03495961444319873	-2.92487728379273	-4.743786285744255
4559.0	-0.38729910826113234	-2.928154791213509	-5.16245376256182
4560.0	-0.5616365109363034	-3.2273171265828653	-4.756880653488914
4561.0	0.8605686949358221	-2.9685660680535584	-5.101689684582247
4562.0	-0.38558799831011575	-2.8881705924477186	-5.199302880759334
4563.0	-0.21607085930466402	-2.3787379451245867	-4.873115622162872
4564.0	-0.08760925405386832	-2.7881829766833928	-5.682168948714585
4565.0	0.14096713691631907	-2.704044517447219	-5.4695059140101545
4566.0	0.6528581479749452	-2.024302401109589	-5.769337288478756
4567.0	0.09040460574250542	-2.0283555728099665	-5.498047698209733
4568.0	0.6883599737380885	-2.020611291494509	-5.448893342958022
4569.0	0.9411973685607531	-2.637469252475688	-5.328405303212987
4570.0	1.154474155231157	-2.338783947826836	-5.242424782581016
4571.0	0.41075287394238813	-2.370910944972723	-5.041178073857594
4572.0	-1.134366917929707	-1.8552078927997553	-5.273924846432886
4573.0	-1.5022047990044687	-1.8341185999717728	-5.363478233596377
4574.0	-1.669478751721086	-1.9364231745986427	-4.955622545659635
4575.0	-1.0022666259532604	-1.788093496872168	-4.45581298435882
4576.0	-0.9047892257274398	-1.8711112865725277	-4.936291605868646
4577.0	0.28951272649849646	-2.6685867938194217	-4.817561825028091
4578.0	-0.29575624343192725	-2.4574675777783854	-5.2152340862281035
4579.0	-0.7133146845210847	-2.9298206342823736	-5.359553989165638
4580.0	-0.9574823182593011	-2.540691963731608	-5.749614866315346
4581.0	-0.6175225145033065	-2.8947644938740527	-6.419547427701879
4582.0	-0.9736092832277167	-2.7011859982847715	-6.859663653290357
4583.0	0.2718884882148887	-3.007948762809121	-7.13414498711827
4584.0	0.9297164436693082	-2.3682711011612216	-7.548840436406909
4585.0	0.7084524082921071	-2.290811169615827	-7.63244239100817
4586.0	-0.7221620189629685	-2.644693938121096	-7.376112745497434
4587.0	-0.36472482698192055	-3.432805137646431	-6.924581802362828
4588.0	-0.39974868653925444	-4.28269313794105	-7.542095710530971
4589.0	-0.8670549648934225	-3.973350326200383	-7.266841906800771
4590.0	-0.50063993689145	-3.710655815177308	-7.032856864477382
4591.0	-1.1980310455636451	-3.5223141811453593	-7.121337884875843
4592.0	-0.66223016841478	-3.471770657676273	-6.935856185514747
4593.0	0.3634889228387761	-3.9690648980418275	-6.413061963515178
4594.0	-0.15405659109477277	-3.464871113932578	-6.595720072780825
4595.0	0.4952972465150785	-3.5242672676775384	-7.082115913184059
4596.0	0.5648169681409649	-3.2876360730499528	-6.872801450040178
4597.0	0.13293454330331203	-3.478218500984584	-7.043159181596806
4598.0	-0.4308979333163796	-3.9455685735956827	-6.7549431710968015
4599.0	-1.5696774746494175	-3.6243056710333157	-6.397514698193463
4600.0	-2.0840240189223316	-3.484858393526807	-7.034884830682251
4601.0	-1.2853177696618578	-3.685191516318463	-6.988722595100334
4602.0	-1.6961644031894392	-3.7077747914201424	-7.196109796295329
4603.0	-1.2801933630798443	-2.9868725484481793	-6.884817894564444
4604.0	-1.8129941012675415	-3.3565230216378845	-7.145801294964425
4605.0	-1.4392554746219546	-3.4522675669505105	-6.328668779402946
4606.0	-1.4825279097056299	-3.7303931768287084	-6.308581199614099
4607.0	-1.070058356972238	-3.4048012366575704	-6.126213517049408
4608.0	-0.6729859754307839	-2.7017790200723275	-6.59658514273545
4609.0	-0.787155510340316	-2.2181555786879246	-7.00666189518366
4610.0	-0.9390478346673422	-1.168008013853295	-7.362811275609444
4611.0	-1.8241359122763305	-0.37169286804903634	-7.525671605538222
4612.0	-1.463872159431464	-1.294808324235104	-7.155221789311415
4613.0	-0.2214233709771755	-1.8319639893554258	-6.663325612734239
4614.0	-0.390230759770669	-1.6338485170551795	-6.5464827464033775
4615.0	0.4527798093062261	-1.8246527966043076	-6.353666262290076
4616.0	0.2961472786582619	-2.063096085209614	-6.579674207034026
4617.0	0.8246616063613438	-2.165414890704294	-7.019072197429603
4618.0	0.27284381423758836	-1.7921048357133258	-6.39218572765763
4619.0	0.8351639002264772	-1.6577471006745994	-6.143927108005904
4620.0	0.9745286395729356	-1.8632963712297168	-6.403082262389161
4621.0	0.6042672689425745	-2.403484990564942	-6.327887357760443
4622.0	0.913084763038414	-3.670544078291833	-5.766853190752228
4623.0	1.3006036539997783	-3.8651205258421637	-5.79829828337144
4624.0	1.1957492038522037	-3.123456992679892	-6.043075821354002
4625.0	2.2039257224524396	-2.7927238515684003	-6.051120326395007
4626.0	1.2612747399484348	-4.084008534124008	-5.664347771974934
4627.0	1.5203640600420396	-4.131343288401283	-5.900599509612409
4628.0	0.756770064815149	-3.1552803718697473	-5.887721444348116
4629.0	0.24461998097338578	-3.1778321231314965	-5.890198018828642
4630.0	0.16990893017539146	-3.1512621490853503	-5.96516754371546
4631.0	-0.5794662606225729	-2.4520091030745155	-5.604351527764749
4632.0	-0.4287055385531562	-3.0453244873768672	-5.694136305801962
4633.0	0.7935955319595149	-3.052360365481016	-5.809067483447493
4634.0	0.7242855250338763	-2.3573932955022463	-5.642106713032289
4635.0	0.7279349618730975	-2.96411666756834	-5.7458107066829225
4636.0	0.5029032516777459	-3.1261884627825403	-5.498451743817805
4637.0	-0.13161044064483846	-3.5921438263510415	-5.8983057673729835
4638.0	0.3247922656732243	-3.6898446881762283	-5.866001031764364
4639.0	0.517265934700226	-3.323346190440115	-5.834510579825738
4640.0	-0.628266617099448	-3.457810038870893	-5.517128892458263
4641.0	-0.003394535297814527	-2.5346406136192323	-5.68605312097576
4642.0	0.4935926565366634	-2.7088457059212363	-5.5125544363583705
4643.0	-0.9401387859715309	-3.595243774433201	-5.350296783964188
4644.0	-1.1065665716968667	-4.225900187320381	-4.8762589726782055
4645.0	-0.46537940413519896	-3.781316468481471	-4.402561086767621
4646.0	-1.1267216485770306	-3.1561991034442336	-4.499964398715244
4647.0	-1.1924754527656811	-2.9816122126988667	-4.490982862950243
4648.0	-1.4208075345915958	-3.301712122132043	-5.048923340136841
4649.0	-2.084805766632196	-3.229132592952775	-5.265398612358602
4650.0	-2.761114677727106	-3.9654505243287015	-5.1499489125834295
4651.0	-1.9412883732374515	-3.913218957146082	-5.093373918958907
4652.0	-1.6764726510387025	-3.5396738777688648	-4.863427088252455
4653.0	-0.5261493236846406	-2.5086127030016816	-5.741362281332449
4654.0	-0.4724877196190781	-3.090332692713651	-5.96785805009786
4655.0	-1.084137535769846	-3.184898236091	-6.009485025163195
4656.0	-2.4112883511455365	-3.0314710222167753	-5.997759023599731
4657.0	-1.5496795993427763	-3.5297121593600402	-6.391743633226931
4658.0	-1.7565976180508853	-3.3597080796127923	-5.5114550784422205
4659.0	-1.9112857751194747	-2.9887725017884472	-5.3538711291785015
4660.0	-2.352805361901348	-2.96045991033242	-6.268048793616616
4661.0	-1.5699661003356344	-3.5393694461587852	-6.25167576761845
4662.0	-0.7210287636790345	-2.897561238145914	-6.055303532511176
4663.0	0.32542884040478703	-2.716159103221266	-5.413218124512497
4664.0	0.05833643610546563	-2.4243122687357914	-5.3267749131583555
4665.0	-0.4092615024343614	-3.38836279337108	-5.74661316647493
4666.0	0.36443806459521455	-3.5774981569694395	-5.645564357648622
4667.0	1.0744695357339702	-3.8401347995299884	-4.534999730291467
4668.0	1.3248694415091424	-5.1254872316301485	-5.295375963075699
4669.0	1.9551084647749897	-4.473916226925054	-5.766050446577145
4670.0	0.9986173330288954	-4.598739280440711	-4.934506532311051
4671.0	1.0200112626608224	-3.701448163734606	-4.943331588917944
4672.0	0.9871314650201775	-3.9783069009123633	-5.470939567868526
4673.0	0.8843393176547396	-3.7550998390214856	-5.346987797056608
4674.0	0.6393595105695217	-4.265626891077708	-5.534061712817508
4675.0	0.6241140895142107	-3.402464397919926	-5.267049913339055
4676.0	0.35850479811465674	-3.7999816661306474	-5.386617883208132
4677.0	0.11356382232261936	-3.4356123740967197	-5.475227403707779
4678.0	0.6087647451775403	-2.896280899285116	-5.893993963939983
4679.0	-0.17323680672477584	-2.2354820183108237	-5.955330638259807
4680.0	0.3646984498085584	-2.2692078920513032	-5.535597931886615
4681.0	0.08096278315957725	-1.8803349902906095	-5.38680839635979
4682.0	-0.9394078263563518	-1.7048700081031622	-6.054886717852356
4683.0	-1.7705708231324209	-1.680451366935068	-6.9558854166566935
4684.0	-2.694126910056931	-2.066894255857537	-6.935427920518173
4685.0	-1.7999727409670425	-1.8416749478422423	-6.444595558547345
4686.0	-1.7461182423387631	-2.1345231710039267	-6.298221275111568
4687.0	-1.8064913548248434	-2.8915830629721806	-6.2039319499202685
4688.0	-1.4734387641072815	-3.283837193268097	-5.948351848491162
4689.0	-0.9800736530428045	-3.140206301023892	-5.919538738500455
4690.0	-0.5302254148770396	-3.679764205640307	-6.124511512690074
4691.0	-1.6961994280062875	-3.0504926525521903	-6.237262815030491
4692.0	-1.979726496370339	-3.7595121471911295	-6.6436494984176475
4693.0	-2.6801598496792134	-3.497350168012108	-6.618818726439509
4694.0	-2.8537215150402067	-2.9338039664526696	-6.327913214043125
4695.0	-1.1418778669876528	-3.7697112719074455	-6.638926163232962
4696.0	-0.962272774263994	-3.412493843343862	-6.649126591492634
4697.0	-0.5913619669381992	-3.6605796276703955	-6.456386786110256
4698.0	-0.22844591603625386	-3.2208783573433664	-7.2224669324408
4699.0	0.5090072525817055	-2.876412609476361	-7.300864656894282
4700.0	0.9222163624084032	-2.2732996135196935	-6.977951793905972
4701.0	0.3998448167373031	-2.665416090148868	-6.99882898994982
4702.0	0.30456359628480656	-2.811711878122793	-6.991754625174255
4703.0	1.0265526086222503	-3.123069809023943	-7.1316593540960165
4704.0	0.8367906209149556	-4.066375170964758	-7.313507328842615
4705.0	0.7269337983496047	-3.9249085999895166	-7.723350632772847
4706.0	0.2791164455886005	-4.28038946374138	-7.713665695257384
4707.0	-0.5661148355400654	-4.474423682970524	-7.078432490263282
4708.0	-0.8867368918823352	-4.012090895154087	-6.8082089995196045
4709.0	0.14208809090531738	-4.275495560967641	-6.6041618962235535
4710.0	0.050518624663497214	-4.7788293635212495	-6.724220391951224
4711.0	0.6380678033118847	-4.912054537809222	-6.740469910571695
4712.0	0.8585209907893054	-4.083758255501368	-6.395893939284248
4713.0	0.6286188877105996	-3.3926538484266966	-6.467693630816383
4714.0	1.0362673706118886	-2.994260797795806	-6.156324435361147
4715.0	0.6486892685343122	-3.3068548512802414	-6.419924941862979
4716.0	0.23581213246555568	-2.7554957151593795	-6.5440304926499575
4717.0	1.504382633620845	-2.5664723487915806	-6.583724147928882
4718.0	1.24642003444652	-2.449267696233158	-5.970923984131566
4719.0	-0.593445332752922	-2.525385563930203	-6.069177569115205
4720.0	0.03545950461359684	-2.4440837997712794	-6.135634051343835
4721.0	-0.4209944785191341	-2.2406381128061854	-5.601603698038446
4722.0	0.1448653107405638	-3.2692002961090467	-5.731954663382534
4723.0	-0.5033694181142327	-2.94869193481294	-5.743987101712797
4724.0	0.3872044645704751	-3.600827009092284	-5.913245643635149
4725.0	-0.316322569634553	-3.6293348528854414	-6.11075218288806
4726.0	-0.9207760305758605	-3.745272408413493	-6.736666686628461
4727.0	-0.12871070089885536	-3.1781961654477104	-6.453784966626979
4728.0	-0.900433851521475	-2.9623655403274376	-6.210524612720669
4729.0	-0.054969971977912785	-2.94215953444073	-6.455313459395329
4730.0	-0.04041900591660921	-3.5047782975495467	-6.440054748906093
4731.0	-0.771932038010194	-2.658284177777536	-7.149764877081297
4732.0	-1.7437152913696126	-2.8053662381795785	-6.9561050119110295
4733.0	-1.261362922784128	-3.28684712379082	-6.680610133629744
4734.0	-1.038095148891541	-3.7100938252978515	-6.368634448065814
4735.0	-0.13340822979720202	-3.430503674080087	-6.051653832937107
4736.0	-0.1657127845506723	-3.259908671995735	-6.154533411154617
4737.0	0.1166703922433805	-2.9269272275852654	-6.325408556767522
4738.0	-1.5269445365777314	-2.477295112629949	-5.958966383841963
4739.0	-1.155488266749639	-1.4097731788979433	-5.797956976980613
4740.0	-1.826268800703535	-2.1368346309221518	-4.7838380304248975
4741.0	-0.1031823561769879	-2.5225029821904026	-5.175471771868427
4742.0	0.08747943462388613	-2.895255064092879	-6.033274643494033
4743.0	-0.4818368888022903	-2.6333871343736437	-5.9110074435483275
4744.0	-1.0653635734702616	-3.5462426980191615	-6.439603667117442
4745.0	-1.3306119290099512	-2.8078505269457814	-6.479992421601441
4746.0	-0.9518399876808468	-4.38977528292894	-6.614628845140487
4747.0	-0.4939409804696334	-5.036197962807009	-7.4880642831416075
4748.0	0.14418097066409744	-5.021585169578757	-7.390329037199545
4749.0	-0.8534019199916503	-4.270443291275025	-7.557695288343402
4750.0	-0.45356455523053885	-3.538944319077822	-7.844876647670553
4751.0	-0.9411339497267363	-4.3451778560241685	-7.642660267713358
4752.0	-0.07477211603840439	-4.07810239446751	-7.769142482295833
4753.0	-0.5996096704704494	-4.2938566084937575	-7.793950671140256
4754.0	-1.1079494439881075	-4.58412331762616	-7.874144794428644
4755.0	-1.466033764882452	-4.6241415943978925	-7.465538180108447
4756.0	-1.0576533223985374	-4.002405394900372	-7.320557100366954
4757.0	-0.9530208033443147	-4.0383756595648626	-7.011121529345252
4758.0	-1.5498553650635225	-4.300309044858009	-7.014633803943292
4759.0	-1.0449295418844131	-4.623908899770393	-6.706789456741354
4760.0	-1.4738486248781746	-4.16052396875439	-6.968130448101724
4761.0	-0.6113316796285271	-3.8290126372071316	-6.869242061236455
4762.0	-0.2357791344043581	-3.973493141386776	-7.015023479439724
4763.0	0.13229871203039995	-4.489825726466803	-6.838112385033784
4764.0	0.7212427074680824	-3.928748425957374	-6.801393467140487
4765.0	0.9138406029113783	-4.295883827163327	-6.9940616673889435
4766.0	0.9260451066643677	-2.5726196299761974	-7.19793164446741
4767.0	0.30412270949415265	-2.409054184047433	-7.509173967747829
4768.0	1.3909298105195882	-1.6480924161971404	-7.6601305181545465
4769.0	0.7158136238399869	-1.7490757505036936	-7.28685038325051
4770.0	0.18841964503429992	-2.0818511225935907	-6.994415557763967
4771.0	0.24227410648475778	-3.0299195924273965	-7.371589923365155
4772.0	-0.2801906847410177	-2.828026300989178	-7.5539301677834265
4773.0	0.8540749434732758	-3.7884259922422983	-7.384714970736306
4774.0	0.9490833080156584	-4.107069992658065	-7.227382923649777
4775.0	0.7938287472281338	-3.7402890456723656	-7.554120907477476
4776.0	1.5202547449564556	-4.090555450478064	-7.436710019377472
4777.0	1.3763462344030715	-4.705929801788119	-7.3385003831484426
4778.0	0.6731608069307158	-4.289713364032316	-7.364474362152162
4779.0	-0.3054922513342162	-4.125281365724929	-7.291603739119343
4780.0	0.5104053403165201	-3.6705817616777514	-7.233168183364219
4781.0	0.7473079729274676	-3.573391878624016	-7.4698382793191955
4782.0	0.5368595328606642	-2.1327159222120686	-7.374405755584857
4783.0	0.5769771462432383	-2.0094702824222317	-7.693718760161354
4784.0	1.765996103555938	-2.4829900681353587	-7.20227206174911
4785.0	0.9334148122332724	-2.023273175025282	-7.636079401661093
4786.0	0.2590908981086766	-2.8302903351190403	-7.035191210734597
4787.0	-0.21997490753295956	-3.1420282794502925	-7.377102257967226
4788.0	1.0106934414086552	-3.7049166346396225	-7.780660532912903
4789.0	2.046695042983811	-3.712448354580191	-7.772161841253677
4790.0	0.7268378948445748	-3.0321738879920708	-7.473929581500475
4791.0	0.39347326255133896	-2.825618348309899	-7.413848371711188
4792.0	-0.6971102930268018	-2.0484282892210075	-7.298157594830571
4793.0	-2.0480600232464297	-1.9635504784892617	-7.363965954945903
4794.0	-0.9729733185281311	-2.847693441648419	-7.636162137127577
4795.0	-1.25721375646413	-2.7785281001745745	-7.657042532682027
4796.0	-1.451864276838069	-2.413862383933676	-7.460660857547807
4797.0	-1.0732068659695313	-2.686889848385875	-7.916688980415871
4798.0	-0.22912938484002598	-3.013343486114977	-7.82257653981545
4799.0	-2.7448276180986015	-2.858125411523832	-7.411991283320347
4800.0	-1.259752889574022	-2.824770791411419	-7.219565863878868
4801.0	-0.4807820090348788	-3.8911386212968884	-7.91158295761378
4802.0	0.6643764690263612	-3.073467422039444	-8.058019326288978
4803.0	1.15230063002529	-3.199251332813213	-8.505933943316046
4804.0	1.1090327258562838	-3.358728410118102	-8.045695321284873
4805.0	0.12059605250428884	-3.4893378375354027	-7.782584127672849
4806.0	0.40161826539877304	-3.099007012500387	-7.96525562117038
4807.0	0.30005842069213784	-2.258325324422453	-7.65140478941153
4808.0	0.5661795706608339	-2.2024299099020626	-7.850668070939305
4809.0	0.4937273954643594	-2.2657762503159766	-7.123374409864015
4810.0	1.1568392199770072	-1.4661766490656492	-7.421995439174907
4811.0	1.5719079004220737	-0.8901262725954046	-7.3010297342509185
4812.0	1.5256600818617467	-0.23735123806983066	-6.902913559196124
4813.0	0.7216727451691707	-1.2359663320530374	-7.072840399317327
4814.0	0.6660139225892825	-1.9122769908357755	-6.685122597502434
4815.0	1.0323027737889279	-2.110884135982742	-6.328433968633071
4816.0	1.5417195809847373	-2.6664119933979022	-6.018222606397095
4817.0	0.5408117291610518	-2.6195442140762277	-5.5114477883972555
4818.0	0.10957474863746644	-2.3882276377746505	-5.929391351481462
4819.0	0.33988746852431295	-1.6385763935590392	-6.058261149169993
4820.0	0.4480395374155778	-1.861525888065139	-6.419192654919162
4821.0	0.7794892209023023	-1.9250491995698973	-7.1144877722152415
4822.0	0.429215221848874	-2.1308750066352165	-7.424522315049835
4823.0	0.3498160305979009	-2.2246576514158174	-7.596789110355933
4824.0	0.0714796804103682	-3.2246448317365726	-7.563616147181987
4825.0	0.47197629746377373	-1.9146844982260376	-7.677993211438803
4826.0	-0.041916228188779825	-2.8065228396158117	-7.7092813782240395
4827.0	-0.7039352823800247	-3.1759746625606224	-7.501979702402279
4828.0	-1.0816665287752187	-2.7741743355653963	-7.590376889459516
4829.0	-1.4960174943021844	-2.5398644852277803	-7.392726993709267
4830.0	-1.5830331143141745	-2.6807435739520846	-7.5237498934381435
4831.0	-0.9535630935630893	-2.713662620292824	-7.185258568740008
4832.0	-0.10362548084131415	-3.674258248225056	-7.452723407272919
4833.0	-0.3175909260883398	-4.895025050808766	-7.231110314447917
4834.0	0.14164259271636262	-4.935356569235443	-6.8384578408801495
4835.0	1.1005973731333483	-5.44446895135796	-6.54152241207924
4836.0	2.1277982970853815	-4.888750515390697	-6.457451543955932
4837.0	2.2207946393818565	-4.858386309865274	-6.375796502607352
4838.0	2.8182394224891327	-4.61520284734687	-6.564865988733294
4839.0	0.6801173525607613	-4.722254291985055	-6.050250624442525
4840.0	2.275148887896136	-4.7575853879306695	-6.101887869184521
4841.0	1.568992315198913	-4.82341960987798	-5.748852773551321
4842.0	2.0471052389868003	-4.710425950133012	-5.636594964029213
4843.0	1.7498484036718713	-4.44450106556855	-5.863878957121994
4844.0	1.6735542882612982	-4.368869149206112	-6.419598885439227
4845.0	1.891245078358575	-4.007790091837705	-6.252138706492566
4846.0	0.6841277715190114	-4.2030812368206885	-5.730067543597377
4847.0	1.195784401504119	-4.254871286570122	-6.138023850943521
4848.0	1.1257760483097399	-4.364710959058653	-5.926264020461338
4849.0	0.47143336445336204	-4.167290509335331	-6.527362416411353
4850.0	0.9511247155468755	-3.7012919682945773	-6.586468985675609
4851.0	-0.9614916461766003	-3.7591800128242077	-6.738423971508908
4852.0	-0.13094627788890367	-3.9359561804367234	-6.555710861776231
4853.0	-0.0011064131899872764	-4.205859766445901	-6.3822216785806285
4854.0	-0.024307062733523566	-4.345414043004075	-6.8774834863063035
4855.0	0.3418955921876443	-4.088264919738076	-6.714339809752819
4856.0	0.06489963348804478	-3.668583459877115	-7.014148717192895
4857.0	0.5825614016382127	-3.624130415682865	-6.630416410849881
4858.0	0.23245088814738182	-2.936414934361821	-6.81392989508008
4859.0	0.2390688905138374	-3.3993613649528003	-6.823020148091736
4860.0	1.4070988121008186	-3.4256209865611895	-7.131790672681038
4861.0	1.0631073158897415	-3.4288131852249273	-7.472574414106638
4862.0	0.44112061030968874	-3.561967869047344	-7.44599400957984
4863.0	0.625024684789016	-2.2711150488607545	-7.252014411501812
4864.0	0.6694068873960584	-2.4232869707079816	-6.626487092445306
4865.0	0.8990873691662373	-2.349642167930751	-6.325232879278415
4866.0	0.8400742618278705	-4.004547281932524	-5.81755190773916
4867.0	0.8976827889485332	-4.571547024010127	-5.906239321444866
4868.0	0.8277709418734294	-3.827126361877103	-5.499397879662062
4869.0	1.083048803609166	-3.606407126192686	-5.531361629535644
4870.0	0.07758815430113469	-3.852212079039663	-6.214421975256
4871.0	0.30820711182319865	-2.7189317064605554	-5.891392193400024
4872.0	0.28212715757670725	-3.074927671897886	-5.690830099431904
4873.0	1.0249640550660686	-3.8883635208274976	-5.478394976960216
4874.0	0.9566050434989166	-3.473097296456964	-5.318261700172087
4875.0	1.8646459757331608	-4.348377020772193	-5.252354736969246
4876.0	1.417811605987524	-3.9817314315635213	-5.302275662224975
4877.0	0.8682420321904913	-4.307963794199671	-5.417124605630934
4878.0	0.12144271512543747	-3.0610471227782767	-5.892176898129417
4879.0	-0.15044600381574424	-3.16189496422173	-5.803578000523895
4880.0	0.10543667537167256	-3.1129091252202574	-5.538648202946271
4881.0	0.1897027864882943	-3.9413304837902516	-5.602343114709706
4882.0	-0.7021911216249362	-4.072861266416013	-5.752665375664781
4883.0	-1.1489306446707048	-3.683797342789658	-6.380051151301604
4884.0	-0.3197470813918235	-3.8029046867906735	-6.254170387029152
4885.0	-0.4430115204207262	-3.7823038144627583	-6.447021313186735
4886.0	-1.3436617683604206	-4.080275088487131	-6.282876106785684
4887.0	-0.8966072819822024	-3.3166706814493248	-6.574922229315589
4888.0	-1.7177713124837448	-2.8952029383966065	-6.71736164969483
4889.0	-1.2761707815246301	-2.5164920498777623	-6.2795101493679315
4890.0	-1.0467886848464503	-1.8733567244325946	-6.21839403464151
4891.0	-1.119398243378778	-1.7372902846553515	-6.379067468909511
4892.0	0.1283677549565837	-1.8096677729085773	-6.105150370223387
4893.0	-0.7975110637189746	-1.4296030678639344	-5.60605980596149
4894.0	-0.47594074777146045	-1.214316941158995	-6.055653574923871
4895.0	-0.7421257608283904	-1.2436773650999464	-7.302035259125434
4896.0	-0.1495562251624556	-1.1154421431811672	-6.924178631852676
4897.0	-0.4339380036213631	-1.0458536386789015	-6.5253793744176525
4898.0	-1.088070981244949	-1.143952594160619	-6.341183922870895
4899.0	-1.1886004851895096	-2.686920130077092	-6.599801100250028
4900.0	-1.329184117989079	-2.6089560603437345	-6.581060780898092
4901.0	-1.2986852069503168	-2.8689762113684196	-6.613869533701568
4902.0	-1.4008239726838596	-3.1916558792711016	-6.416841393161535
4903.0	-0.7693701657669121	-1.5094367260766983	-6.6790866780130145
4904.0	-0.6152513166322489	-0.8849906280643345	-6.827718791310712
4905.0	-0.6910162623592588	-1.109254501848258	-7.136587450318016
4906.0	-1.0507286288252842	-1.4035681479413173	-6.958830475488998
4907.0	-0.7142984076494385	-1.6247227129619526	-6.753078072666758
4908.0	0.6236628903776195	-1.8208116053490584	-6.381756715788198
4909.0	0.29212019053671134	-2.127105350765766	-6.560462221198208
4910.0	-0.00032828082611616877	-2.1173553624730337	-5.3157053592020524
4911.0	-0.48832419191019455	-2.744918861289759	-5.013577367095755
4912.0	-0.7440197005270475	-2.588156412576674	-5.103497223356803
4913.0	-0.07611002841404807	-2.851362448545387	-5.505245702568671
4914.0	-0.10120971319511834	-2.5748508324339507	-5.267939556526344
4915.0	-0.24748273778515628	-0.9612061040246597	-5.443616242093086
4916.0	-0.7226917123140352	-1.593088834492611	-5.583412806163897
4917.0	0.2763873370942063	-1.4066435465089577	-5.8056300336316635
4918.0	-0.6350452497019263	-2.1435317786216244	-6.015692923031876
4919.0	-0.306212419528992	-2.05876967127978	-5.9788224881586975
4920.0	-0.8730238849144626	-2.214772362111688	-6.069802065180763
4921.0	-2.0247956916167547	-2.4177815841222032	-6.183022253103057
4922.0	-1.6758406097089815	-3.245349027047097	-6.03413791557098
4923.0	-1.1658257358228161	-2.5658515240839606	-6.3528903542513175
4924.0	-1.4553109619598612	-2.98213192189725	-6.390281648524785
4925.0	-1.5939109462389978	-3.282391601622174	-6.232850979530015
4926.0	-1.6836222747123037	-4.1805996051263445	-6.7451240520589355
4927.0	-0.8757668695616764	-3.7707882335075684	-6.4644514991817665
4928.0	-0.1355068612963767	-3.8571319669953277	-5.9545982147609235
4929.0	-0.8448836147578744	-3.6695600860689757	-6.1802160675121875
4930.0	-0.34109664096155284	-3.371098283989827	-6.090791326996753
4931.0	-0.5411528212847152	-3.31562994130331	-6.19991449387504
4932.0	-0.8339637188386145	-4.072717053778952	-6.135012698598279
4933.0	-0.9590488924911253	-4.092454620489339	-5.324967388274111
4934.0	-0.3725531006659495	-3.718505422471707	-6.118953432624945
4935.0	0.14843962088438445	-3.7093081686068787	-5.836707182314222
4936.0	-0.6171603603304744	-3.5305171807301785	-6.4982511342401565
4937.0	0.7701960153071161	-4.040216966043608	-6.149215805103204
4938.0	1.7827698732985189	-4.460958146385252	-6.030334967819043
4939.0	1.5596512685068846	-4.147669603193702	-5.7989597066164436
4940.0	-0.839821425657821	-4.358579599671918	-5.762119237641169
4941.0	-1.1470774803766846	-4.180371497993163	-6.345253165489723
4942.0	0.20628037704371122	-4.14637824270714	-6.282040412865172
4943.0	1.037283125943424	-4.343621172004765	-5.921499144216465
4944.0	0.6035192371470284	-4.80094570931505	-6.164338616816745
4945.0	0.08328228370983903	-4.132441518147609	-6.629285110008121
4946.0	-0.9548162763018494	-3.5831613273735083	-6.438413554277872
4947.0	-1.5460314661178218	-3.877760530061643	-6.464386716721334
4948.0	-1.8091123242976206	-3.369003048265126	-6.44566822363174
4949.0	-1.5249700327839677	-4.725980571152729	-6.42725158682
4950.0	-1.1988925798431427	-4.862912856588396	-6.079226169633294
4951.0	-1.1186136102408497	-4.959838148538395	-6.125778297992467
4952.0	-1.6096197997429091	-4.515986503312089	-6.010641626964105
4953.0	-1.1460806436235789	-2.588458149836093	-5.548867682010805
4954.0	-0.5343503624664916	-2.102473546337214	-4.922601255780133
4955.0	0.3852395181790817	-2.211998311973205	-5.278974226688071
4956.0	-0.33337699105322244	-2.173563501593689	-5.542365987115812
4957.0	0.6082854904315909	-1.9804203342940712	-5.235280019900472
4958.0	0.385430198529278	-1.7814462847023504	-4.945242749572695
4959.0	1.0652830067603842	-1.720392692947554	-5.100494295668161
4960.0	-0.07291864341358445	-1.3329463310696115	-4.795652623348332
4961.0	-0.5837463613756076	-2.1728666882863834	-4.511372977425462
4962.0	0.4272995532280905	-1.9275146763870674	-5.10553405113269
4963.0	1.4362266385536218	-1.6563842252992707	-5.625152859923934
4964.0	0.7532454843362226	-1.0289626831873937	-6.3813068622198
4965.0	1.1312598125719224	-0.6369611051511208	-6.712280553137552
4966.0	1.1534499337663207	-1.3446369857516063	-6.55436334684358
4967.0	1.118166936822925	-1.8587777610795055	-7.175299778092986
4968.0	0.05411453785735865	-2.0765813371092356	-7.256629183858294
4969.0	0.015653207601264763	-1.1806920247581778	-6.410818173216907
4970.0	0.715981610876885	-1.6330530913985248	-6.705678588165609
4971.0	0.5993130487279577	-1.0701833544187105	-6.266536692320928
4972.0	0.00297998276856859	-0.9510610652743464	-6.2642697162926195
4973.0	0.038895717726476375	-0.7845612688395577	-6.750321825959533
4974.0	0.018669148550680692	-1.5675812004761847	-6.5227836676670385
4975.0	0.0956190740397107	-0.9481013588035407	-5.881619882755265
4976.0	-0.4993847278337583	-1.6797057759516851	-5.555849252037433
4977.0	-0.2247196425137269	-1.823039051029019	-5.6749654784388195
4978.0	0.29819922545181543	-2.408350988877685	-5.658942505136054
4979.0	0.04550000235946161	-2.2486542612818523	-5.780229577314697
4980.0	0.1604989501663857	-1.417964364592041	-5.727761790735327
4981.0	0.6784531532885563	-1.8156939033798947	-5.836035910003263
4982.0	1.1383511378572366	-2.211297442701069	-5.585859637706464
4983.0	0.866248667030712	-1.0273095310522415	-6.152398967186206
4984.0	0.5574205618199795	-1.9379699374629786	-6.777460129238264
4985.0	1.4058725499466878	-2.0138403047454942	-6.858579555601159
4986.0	0.31486872563601326	-2.7522297367566844	-6.3465085019577
4987.0	-0.04760480338592754	-2.369300164851072	-6.831271395814358
4988.0	0.23360680289422392	-2.774100083185267	-6.541121351193493
4989.0	0.689032019313917	-2.3076277120396864	-6.380912226776307
4990.0	0.025095417150104438	-2.0294080667719	-6.057150107534418
4991.0	-0.39189815881729945	-3.1293658355137284	-5.949574267483506
4992.0	-0.94802909911662	-2.9376395071354757	-5.91958945714451
4993.0	-0.7885450612990963	-2.5565111484141028	-6.195409460543685
4994.0	-0.895635980858329	-2.626061389200564	-6.7186335379940765
4995.0	-0.30585220145688374	-2.2672809268377723	-5.991789399902812
4996.0	-0.4265876558949854	-2.4230774093604253	-5.337881849735353
4997.0	0.021000460534710108	-3.2047141360866793	-5.687011840166059
4998.0	-0.4528291445614946	-3.499362998858025	-6.09177478599783
4999.0	-0.8735519467499726	-3.9698744333570786	-6.4055753204288575
5000.0	-0.7094903028265432	-2.11415018075292	-6.826252863007473
5001.0	-0.3948118838869482	-2.158558866547016	-6.883639954817936
5002.0	-0.45425878150818777	-1.6407607612869102	-7.215705645686737
5003.0	0.7772843367782484	-1.6224694587485384	-7.295711235539167
5004.0	0.952485564181015	-2.13812635721653	-7.365627232245523
5005.0	0.9224259108172269	-2.4426828751975544	-7.376315379852687
5006.0	0.45727696842498966	-2.081607475878294	-7.315437630483715
5007.0	-0.05643299201476687	-2.1306016660640053	-7.167646523185259
5008.0	0.9336686142223157	-1.7469743394635144	-6.907276800451905
5009.0	0.635123041793026	-1.7202370529957198	-7.071163818754726
5010.0	0.11170894757378316	-2.6811127427492054	-7.085509107577759
5011.0	0.06574228982758995	-2.6288811401421137	-6.918978324502252
5012.0	0.2791143431679521	-2.7112187622131385	-6.525261813403448
5013.0	1.3867495023102052	-2.5990573556074965	-6.540259547780345
5014.0	2.2851280992090977	-2.5048010161045	-6.51481124690152
5015.0	2.801295036699168	-3.5167244683775962	-6.160091217968459
5016.0	2.32961191948508	-2.8065965631152725	-6.333758135383591
5017.0	1.5087210615736277	-2.7930780991325217	-5.585403984580695
5018.0	0.8892044506633052	-2.3205677296359606	-5.70964117711252
5019.0	-0.0824366600097628	-2.282917091528544	-5.5295393754849345
5020.0	0.22684146729928772	-2.19038916085966	-6.083268753864392
5021.0	-0.2690132553371811	-2.7861410286563846	-6.158692751238454
5022.0	0.5051645574970866	-2.356157724800614	-5.834439414745803
5023.0	0.27681291344942416	-2.4983678182441946	-5.611830054468857
5024.0	1.1512511115834811	-2.9330204479395703	-5.524780571020748
5025.0	0.8460050466974971	-2.5834911031434675	-5.744170244345538
5026.0	0.8403438598943057	-2.7882848607667925	-5.884802824573477
5027.0	0.5714857411323901	-2.592007109174687	-5.9630264171679155
5028.0	1.1718359774288363	-2.930741593903974	-5.54265593831693
5029.0	2.0371038058255926	-2.5780725792779666	-5.939257375698368
5030.0	1.4477066181105664	-2.609747092683178	-5.622050898856437
5031.0	1.6494025110032116	-2.2323407774289543	-5.944842430005831
5032.0	0.74376751732529	-1.5872829455602502	-6.47759427254474
5033.0	0.6977473959270202	-1.7219690890098343	-6.618794950587397
5034.0	-0.17324593926733145	-1.7172581272500111	-6.725639734333991
5035.0	-0.2667090789817138	-2.026421227583787	-6.8182101658117915
5036.0	-0.3742955247952084	-1.322018020136074	-7.023979604735114
5037.0	-0.8751817557599533	-1.8777131470997805	-6.829150663665853
5038.0	-1.2486178444676135	-2.217389841995549	-7.19018583466765
5039.0	-1.7215771974564773	-2.3300389833385124	-6.655364918922352
5040.0	-0.7007552424139105	-2.1994261294988453	-6.365062968604809
5041.0	-1.2188416307344274	-2.5523118101560427	-6.430288394281382
5042.0	-1.0857869232973936	-2.799483962558848	-6.639226798290787
5043.0	-0.9339517584440419	-3.753953730712995	-6.533073437001922
5044.0	-0.7442800689766415	-3.593760579766258	-6.570968086757492
5045.0	-0.9377240411713466	-3.8852460354523948	-6.525888796333047
5046.0	-0.25305359076485456	-3.8128468188498936	-6.521897996764203
5047.0	-0.5983561372825368	-3.781515631038987	-6.60094998671153
5048.0	0.6963699745561086	-3.7168038330839566	-6.663765986725988
5049.0	-0.06189723657810342	-3.0088555225702525	-6.319783903626361
5050.0	-0.24302123284314325	-2.571745830194197	-6.334486393773745
5051.0	-0.638488427381044	-2.4030498443499373	-6.071284718893912
5052.0	-1.043611446739802	-2.0449740338983178	-6.465911471681213
5053.0	-2.107244068152773	-2.0453882672731183	-5.946012859278751
5054.0	-2.386684846896825	-2.648277709354696	-5.198813674414476
5055.0	-2.1662352728605603	-2.6935486059208915	-4.994949866821107
5056.0	-2.3015322588838463	-3.0191465790240555	-5.100268346579267
5057.0	-1.1940845189005924	-2.743869103446728	-5.098960481508033
5058.0	-0.4296747507542803	-3.353116257180311	-4.70364635580196
5059.0	-0.7346557137433859	-3.169785748097759	-4.366861679456214
5060.0	-0.6755113006989076	-2.8173231650191335	-4.452444868057554
5061.0	-1.0468232229326706	-3.0411443750873857	-4.913591165304816
5062.0	-0.8700203706178751	-3.3388417745058625	-4.310501577266756
5063.0	-1.5895158752110181	-2.4589772544887456	-4.557400103580747
5064.0	-0.919143949215077	-1.7115366437492636	-4.85864520874045
5065.0	-1.803710178814884	-2.0046263226895915	-4.702449851134465
5066.0	-1.7593664031743517	-2.49372010560891	-4.585044863177739
5067.0	-1.642402373031886	-2.8036271123247065	-5.320876926417
5068.0	-0.47616109028217324	-3.2300415958123234	-5.3634736222288755
5069.0	-0.1984984754295831	-2.645433584915945	-5.404642536288922
5070.0	0.02201554698245939	-1.868838677684439	-5.0540968179964025
5071.0	0.40788247105799347	-1.8287665386036438	-5.757903975674076
5072.0	0.9008277873123679	-2.0586077548931767	-5.787303177207334
5073.0	1.0083254940021693	-2.629043341967207	-5.470030864655163
5074.0	1.0980119414399714	-2.503953011341351	-5.649611503953551
5075.0	1.1705292152778264	-2.2846205672332327	-6.35656425853589
5076.0	0.878408847909653	-2.9688428903492463	-5.668225499844171
5077.0	0.8672465626059261	-3.06965836951823	-5.442537567369324
5078.0	1.0615133431312793	-2.939760452421376	-5.207871194734832
5079.0	-0.8439639654715301	-3.4764060204917486	-4.180493450798544
5080.0	-0.5579605802016117	-3.6425533692336427	-5.00075624318645
5081.0	0.6067312509069198	-3.6603684655164233	-5.478813636529007
5082.0	1.4909902014243748	-3.1408042650413557	-5.67326789088974
5083.0	2.0950820956006133	-3.7482354955824286	-5.659251507531929
5084.0	0.43668268789968145	-3.7774163264237246	-6.014913577107789
5085.0	0.9887377222990428	-3.925846453708083	-5.620351737720126
5086.0	1.411690034915005	-3.907014017472407	-5.449546897751933
5087.0	0.8424860822386616	-3.1744904111379526	-5.8652214414518955
5088.0	1.3975017727077443	-2.9023765826888788	-6.06387088060552
5089.0	1.920184833586893	-3.152252031666741	-5.689024671953589
5090.0	1.9002449207703918	-2.9933796066182152	-5.184459079731912
5091.0	2.0854360558304426	-3.730729344847436	-5.87935005984496
5092.0	1.4889454553821164	-3.3698969848977454	-5.640142109934951
5093.0	2.0419462201173366	-3.5373838546265555	-5.135929890155059
5094.0	0.506461364591239	-4.454555221682768	-5.342886484796872
5095.0	0.4096316802677409	-4.479295948897986	-5.730962033660661
5096.0	-0.6439014818894482	-4.40322899465899	-5.468878802327494
5097.0	-0.3410844539777424	-3.9628241726973132	-5.9555290926330136
5098.0	-1.8232745878833958	-3.56806921241377	-6.1187773062806405
5099.0	-1.8131377926544983	-2.578205675878742	-6.467030907255684
5100.0	-1.5009661362914324	-2.3640893894775195	-6.514863279258173
5101.0	-1.7066205333763234	-2.095995012136813	-5.980774204331268
5102.0	-1.1051655166372538	-2.8197648858684516	-6.171321871494345
5103.0	-0.9101654641077269	-2.9332084620466823	-5.978466349663518
5104.0	-0.20607737515609326	-2.67217707772852	-5.846801668390324
5105.0	0.04560694604420534	-3.60262799401554	-5.874547453022789
5106.0	-0.05947151675252582	-3.5287116119309037	-6.6794011330286
5107.0	-1.875222422874303	-3.348599252457688	-6.161265857141941
5108.0	-1.5791314680514565	-2.508456322167169	-6.2258131403393
5109.0	-1.7500010904259962	-2.1529791054139915	-6.323388603883658
5110.0	-1.73109198001878	-2.418206326676065	-6.508863236381176
5111.0	-2.208969477686238	-2.061957539926278	-6.334622832624293
5112.0	-2.3992414970650815	-2.7873732144280385	-6.086601170953807
5113.0	-2.0525060688855983	-2.5883364545512366	-6.4217991476075635
5114.0	-1.7442994185563236	-2.013176930253205	-6.655944470551393
5115.0	-1.3791658315657436	-2.6735014831345594	-6.675505107673971
5116.0	-1.588425833473618	-3.2942223899683145	-6.118528387488911
5117.0	-1.5844703424729583	-3.1985325615491726	-5.984942477208482
5118.0	-0.8756018449936191	-2.68691666547911	-5.41864422615335
5119.0	-2.0238741275560956	-2.321666135261349	-5.316735265975568
5120.0	-1.671253066416964	-2.759012871254162	-5.755375800858463
5121.0	-1.9664448800653618	-3.110752492645943	-6.218335966421831
5122.0	-2.040279168064467	-2.9229967066675098	-6.330626032672692
5123.0	-1.2835128868372796	-2.89756387997182	-6.794351395520786
5124.0	-1.6450667845121218	-3.407122435637937	-6.700144081032135
5125.0	-1.2662473163908006	-2.5466991291097663	-6.0597373762195
5126.0	-1.143589178766684	-2.6463802681199278	-6.050358476174185
5127.0	-1.4340354359909537	-3.0617958866010153	-6.6209858338777785
5128.0	-2.296035220619129	-3.204594126900146	-6.086519938846546
5129.0	-2.0077877035507785	-3.240957312767234	-5.9968262839783915
5130.0	-2.1208040162953017	-3.449654751293319	-6.270121984753297
5131.0	-1.656950081237556	-4.7402221708932215	-6.8745010038821865
5132.0	-2.561391638707236	-5.15484757181564	-6.672568935299328
5133.0	-2.202154623608188	-4.1663248606841226	-6.826919956424406
5134.0	-2.8915903254680777	-4.289638889669578	-6.83928320955327
5135.0	-0.8952724472373905	-4.250501620941173	-6.807376646868621
5136.0	-0.8057322224845673	-4.585534364043727	-6.1509247094231005
5137.0	-0.8506094087203007	-4.157807487917362	-6.543979597447308
5138.0	-1.0571338315354313	-4.630001320935443	-6.139378845523278
5139.0	0.3532392745752584	-4.653793803462724	-6.559147679695716
5140.0	-0.6633540802608366	-4.476550178386095	-6.644255088944726
5141.0	-0.2626973774482753	-4.956712112075506	-6.8908562591231535
5142.0	-1.3808875472729416	-3.4383472591333883	-6.8054092348051745
5143.0	-2.416623061973003	-3.2808736780986116	-6.379800692999668
5144.0	-3.0068132917364085	-3.6701320513243765	-6.319677658191781
5145.0	-3.7879747968947983	-4.098221182150321	-6.144104186945994
5146.0	-3.269870419414036	-3.6201723910236727	-5.690927580858983
5147.0	-2.5833406766670484	-4.2556224186962135	-5.42537601145494
5148.0	-0.6573852065510993	-3.672753594029775	-5.283178586706735
5149.0	-0.46081592169084534	-4.212729864971303	-5.402834174185557
5150.0	-0.5232826798485273	-4.137308485195188	-5.95098648349834
5151.0	-0.6969161931777279	-3.3179160680295174	-5.381985362793473
5152.0	-0.8243675343828756	-2.9320473834024767	-5.2866760348530555
5153.0	-0.4441132864700539	-2.626390018032741	-5.46633487019442
5154.0	-0.24885734276824753	-3.0708955535564213	-6.112091196202465
5155.0	-1.0461364319642799	-3.020211415680547	-5.3375587600661785
5156.0	-0.23645616820689316	-2.3573338308258793	-5.317729779886096
5157.0	-0.16846646144486993	-3.062863796362601	-5.556343689272859
5158.0	0.29870934482264244	-3.318345073115953	-5.290097221545086
5159.0	0.6748517978083776	-2.847778266241448	-5.206370021114655
5160.0	0.6566174591077517	-2.6678378495723893	-5.33794533469685
5161.0	0.32332264887812034	-3.0261642352124563	-5.629473990599211
5162.0	0.4628436779488994	-3.9809219185698357	-6.294708784671964
5163.0	0.9896701319596175	-3.9893088589096353	-5.877397035900005
5164.0	0.5014201634535037	-3.9791191691416534	-6.181873683351572
5165.0	0.019967563245906705	-3.3924503232051704	-6.284856130841518
5166.0	-0.6068250700104885	-3.2847390593577135	-6.488351458716975
5167.0	-0.44101733221046713	-3.818803105511699	-6.369550347475472
5168.0	-0.7465054412017232	-4.034026070103403	-5.85653403153697
5169.0	-0.7244628635043594	-4.639884921673383	-5.858531382316103
5170.0	-0.16350100451682917	-4.5641208725400215	-5.300584975120446
5171.0	-0.27201488276407687	-4.565002462049397	-5.602984397090585
5172.0	-0.17986529130016338	-4.474523041132822	-5.528863184438192
5173.0	1.0431968563869303	-4.283092456954017	-5.450794206700544
5174.0	-0.34963045834833084	-4.637642721041891	-5.810237573083184
5175.0	-0.6432791350656966	-5.506806215489873	-6.039002067795293
5176.0	-0.6768983190316525	-5.380710646200395	-5.6013416658427335
5177.0	-2.985354574784715	-5.429455534007332	-5.571403903022562
5178.0	-2.0837599049487516	-5.604923239611648	-5.617500939433734
5179.0	-1.504369582617444	-5.1502265674632515	-5.156275539873334
5180.0	-1.3569689349073726	-4.175744826065475	-5.037118074154227
5181.0	-1.865801998330911	-3.6166815240838495	-4.669425997733077
5182.0	-1.3487223955681542	-4.065572106913747	-4.3639183190392075
5183.0	-2.860645258765287	-4.392668176143837	-4.422497688145053
5184.0	-0.8073640916136525	-3.269614008360142	-4.575723176146208
5185.0	0.361315281772302	-2.524098254910513	-4.265515268064979
5186.0	0.10018392847962476	-2.784694808304314	-4.466189735954892
5187.0	-1.2465339746898496	-1.6928281713785276	-4.421812515113567
5188.0	-0.651845615376524	-1.1850017411660376	-3.863899839454195
5189.0	0.2342332283735964	-0.7120908271064662	-4.356210878528762
5190.0	0.6122085216147444	-1.4031429643399334	-4.234154752443752
5191.0	0.31698099849541245	-0.8373775874551843	-4.7782568732845725
5192.0	0.0008491879422691806	-0.7693483978363133	-5.06401169867118
5193.0	1.305840265209015	-0.4551460082189088	-4.938847628825645
5194.0	1.0384972584507524	-0.43716398073530405	-4.7361716146037525
5195.0	1.2385842402973744	-0.864021902972314	-4.980636177971667
5196.0	1.0480968337839314	-1.781003289056195	-4.480539163908746
5197.0	0.25162401493411696	-1.1594902034591015	-4.392859824172176
5198.0	0.9028479739475256	-1.5194549969257873	-4.5096370899431015
5199.0	0.7329458029336144	-1.5363795685989499	-4.1260313010244065
5200.0	1.6122905827245686	-2.711273538984796	-4.11729081353001
5201.0	2.097625567407371	-2.7630841743592525	-4.743869668993995
5202.0	1.691142945292705	-2.4940586387948454	-4.623531712400013
5203.0	1.1827588058765834	-2.7151985427540097	-5.111904828918148
5204.0	1.6227049891027516	-2.6122791076042096	-5.536175451434681
5205.0	1.8526953519567368	-2.4584979423730466	-5.679580974559606
5206.0	1.1535451538029127	-2.1388261607294607	-5.38017304754675
5207.0	0.4640261844882318	-2.0259498957085547	-5.455542916379201
5208.0	1.0416872683945688	-2.1675881309927	-5.681047311962335
5209.0	0.9411037447195949	-2.474703800300262	-5.921815951371419
5210.0	1.0670393499788382	-3.152122288235049	-5.683490722364568
5211.0	0.6415875348122704	-2.679578499898291	-5.516119366016994
5212.0	1.3645872807861499	-3.490492241528262	-5.541787908741803
5213.0	0.8560520124290962	-2.304729752309336	-6.293404686247086
5214.0	1.0213878069923275	-2.3326132437849116	-5.8273501123559175
5215.0	-0.21708427371939457	-2.4382446046345194	-5.9274699715232995
5216.0	-0.200747087059445	-1.949413210984539	-5.525971087858917
5217.0	-0.11285861155337845	-2.112570272142273	-5.102100564727119
5218.0	0.09452008220530968	-2.5535314335308144	-5.070833043640739
5219.0	-0.5704621561653846	-2.3741500768792507	-4.926842837822759
5220.0	0.3989194222997696	-3.0520411413224426	-5.089274592154619
5221.0	-1.4558915051444492	-2.905590973043477	-5.008704090567541
5222.0	-1.0460718417861405	-2.024854177783328	-5.521048552852051
5223.0	-0.8673546614053289	-0.9563619162006373	-5.619184649067646
5224.0	-0.8335212035075676	-1.7790357417500915	-5.627746113102596
5225.0	-0.27039631171334094	-2.326420489411261	-5.732255628025907
5226.0	0.08116526109173644	-2.1355020847528503	-5.57100423759608
5227.0	0.11201673464667793	-2.7389391439823303	-5.803155738314754
5228.0	-1.0142750967300371	-2.8403532472554205	-5.800891460877929
5229.0	-0.6478686558566067	-3.4441494388500593	-5.660459701059984
5230.0	-0.6179292817217579	-3.9032116500023157	-5.584402998351135
5231.0	0.23405086402198502	-4.105188796891302	-5.41624683036004
5232.0	-0.5685117378771825	-4.5088504908828915	-5.902632908135935
5233.0	0.6316808050793806	-2.5426201876785566	-6.211399322595746
5234.0	-0.5934853608148258	-2.2469691486479397	-6.730227340629342
5235.0	0.3151179684942902	-3.056573263037918	-6.867122696060795
5236.0	0.763512059622988	-2.9568449927895264	-6.507426046399124
5237.0	1.4393784024885918	-2.641728260388395	-5.43283156650717
5238.0	0.9817946484060294	-2.415049833700573	-5.426328457775153
5239.0	0.8095846692235273	-2.732682471690079	-5.110494224029798
5240.0	1.2777818316070386	-3.300561971030634	-5.118858205912341
5241.0	2.058270924517148	-3.165672198154536	-5.637246456952149
5242.0	1.2561542586765184	-3.3993736335848914	-6.179097833966219
5243.0	0.9231356981544676	-2.9309957164584746	-6.139633806543678
5244.0	1.0925817780864695	-2.873029116058061	-6.121077551474108
5245.0	1.3884176445928633	-2.500114104539627	-6.184594141631093
5246.0	2.7531867176314084	-2.8697927863228117	-6.45065552704871
5247.0	1.2277126539794667	-3.4449356205861372	-6.638424262676474
5248.0	1.0253209782451027	-3.1803373902161742	-6.58830908667397
5249.0	1.2338796875370712	-2.371936051509194	-6.615099703642977
5250.0	1.3141635155917433	-2.4264156116181796	-6.690857516334705
5251.0	0.6975852144427	-2.1859056847548035	-6.743025383962434
5252.0	1.1091725110827015	-2.6728351482275103	-6.182177206239891
5253.0	0.10993125533164436	-1.9539447629365176	-6.360280712068246
5254.0	0.09646082194321581	-1.658758910049351	-6.5122590011665835
5255.0	0.8271747476585682	-1.6815262787932348	-6.512584332937228
5256.0	0.5696375801241079	-1.269017697492287	-5.879208566666582
5257.0	1.6931456477700697	-1.3930961570332892	-6.308996810277348
5258.0	0.2934132696811509	-1.8023513338316441	-6.7234136763988745
5259.0	0.9768540428092297	-1.306555171835907	-6.777675263065008
5260.0	1.4189416684950826	-2.31265914657531	-6.218903535887675
5261.0	0.960479517894095	-2.1588100435984243	-5.501245439566942
5262.0	-0.2998680786422141	-2.013460796661188	-5.696512610259893
5263.0	0.24181795386396446	-1.810334517945005	-5.597962961563433
5264.0	0.8205705852616805	-2.4460788632753037	-5.284535740899065
5265.0	1.0622859369793283	-2.2950458427560725	-5.444750831460567
5266.0	0.9098761528734904	-1.4622182234197003	-5.3631969559663775
5267.0	1.3333108702470127	-1.4024797491035126	-4.8089354986679735
5268.0	1.051515165556578	-1.112816543038885	-5.606805171658638
5269.0	0.5449484657690714	-1.939082513763941	-6.215024795085539
5270.0	-0.17147318663914923	-2.223032287978272	-6.170497225018423
5271.0	-0.017783756533354733	-2.475523431076376	-5.877575089249849
5272.0	-0.3273088991027444	-2.332301374888004	-6.073355132711039
5273.0	0.04183639363313585	-2.1474576464844928	-5.957988645898895
5274.0	-0.1354244367406383	-2.2585533973676863	-6.40920497613846
5275.0	0.1351829260717028	-2.902549538074748	-6.384000426294096
5276.0	-0.9646683374007488	-3.2113790645186864	-6.249190742232396
5277.0	-1.3650589645939157	-2.3555334638180168	-7.234775774754026
5278.0	-2.0321467718322133	-2.936682303506477	-7.4568670088086995
5279.0	-0.41580928960314556	-3.703279232798303	-7.563419691677364
5280.0	0.4338655960514073	-4.310096533062714	-7.237165128615318
5281.0	0.4850189181265372	-4.315799269718218	-6.889454110596258
5282.0	0.5487645676371413	-4.453539477878158	-6.739723091919815
5283.0	0.950468403907505	-4.476447816611496	-6.071673798472592
5284.0	0.40009980797608535	-5.5293912868587505	-5.761024527825113
5285.0	0.6221165932452979	-5.50084674817765	-6.763603079754317
5286.0	0.3407491843406065	-5.499664345783158	-6.209158122174651
5287.0	0.069645201092392	-4.971258987727525	-6.708317995537075
5288.0	0.6871055123153841	-5.1226587741599765	-6.912176222075347
5289.0	0.27498340798841414	-4.394732972434813	-7.170696264159565
5290.0	0.14375207913333193	-4.578457048809104	-7.402566953941549
5291.0	0.5056227282404996	-4.727025093428685	-6.827248457633491
5292.0	0.9939835526299778	-3.792096633704312	-6.215153559160473
5293.0	1.541088803893821	-3.2342218002589647	-6.232074641386149
5294.0	1.162431468703428	-3.7739614160294233	-6.380891422006695
5295.0	1.2785845465816006	-3.2866636598329158	-6.798883049688646
5296.0	1.1827749635989324	-3.2849740774600695	-6.517304794535098
5297.0	1.4034493971114768	-3.217358420059238	-6.86739161673355
5298.0	1.2678039014179943	-2.7226349802979675	-6.798942492622676
5299.0	0.8422932872179907	-3.068733851060989	-6.75760642771796
5300.0	1.2642046661319912	-2.973541648138779	-6.872216704142363
5301.0	0.9562798116153297	-3.796656665130673	-6.333056910329158
5302.0	1.4928728682852812	-4.077681824892976	-6.344603556233453
5303.0	0.9804808072395407	-4.561769345115403	-6.307198701701684
5304.0	0.07429426920853441	-4.388262768154819	-5.758702941885346
5305.0	-0.08410034177465037	-4.590508137733011	-5.83205767501743
5306.0	0.4067388709172348	-3.9617702579949094	-5.910549769250102
5307.0	0.24934879723601633	-3.396419883631229	-5.5822541805075945
5308.0	-0.7885122420752732	-3.354473923659082	-6.647173996724409
5309.0	-0.5605009088962157	-3.559987257780387	-6.6037073585715085
5310.0	-0.08679182789454848	-3.7728119189150444	-6.187463529481954
5311.0	1.1734417687174794	-3.685841390751079	-6.059940051955194
5312.0	1.595343377382435	-3.409198697606861	-6.105829661673464
5313.0	0.9494341635932438	-3.4286975456073874	-6.2807259477654975
5314.0	1.0104731565074183	-2.735918444912154	-6.5339970382940145
5315.0	0.09978396480555324	-2.403113205849058	-6.872343129297357
5316.0	0.45041157250390096	-2.449167069945316	-6.67763555368778
5317.0	0.3120884260546079	-2.544397142192819	-6.545321348641542
5318.0	0.3798669070377484	-2.6694536443288523	-6.807094531439435
5319.0	0.17779266640228836	-2.6679844302728144	-6.44364821864644
5320.0	-1.1963788360151035	-2.3504399221162924	-6.523538304109542
5321.0	-1.5394253970984897	-2.6845373699227033	-6.455312537338197
5322.0	-0.2104167699569277	-3.5618635822326308	-6.283459257408365
5323.0	-0.5435223039771424	-4.138818420149755	-6.358809112906444
5324.0	0.48476566168466406	-3.9694163099519573	-6.285850722774171
5325.0	0.8553111978569394	-4.200677442586889	-6.64895654866472
5326.0	0.33877669020713524	-4.312565522109471	-6.962912245016664
5327.0	0.15152466557782635	-5.16746704017268	-6.856822748013586
5328.0	-0.3615459941052549	-4.636321092500691	-6.5416702976349494
5329.0	-0.3270473926739251	-5.018262078155789	-6.476205976603411
5330.0	-0.4893280530379589	-5.4819829935355004	-6.338994440537812
5331.0	-0.8053822307092124	-5.365310626695365	-6.97065653308057
5332.0	-0.39166853346233754	-6.084369798369952	-7.078379746853715
5333.0	-0.1635433547600238	-6.542606902253503	-7.201484969707152
5334.0	-0.27590515177588426	-6.608908048826214	-7.449496461558253
5335.0	-0.20288259963105756	-7.0764524940317175	-7.613464845375802
5336.0	-0.5068716583186063	-6.797168287992147	-7.6501875460105975
5337.0	0.4030279416092275	-6.004147070921701	-7.434362130845782
5338.0	0.4254031463699473	-6.033093122613395	-7.464937770027351
5339.0	1.4922346684417551	-5.928562781638993	-6.794984141023257
5340.0	0.5602992917685624	-5.820064697620344	-6.639602821824032
5341.0	-0.1650731129345639	-5.637860318471317	-6.840774314031753
5342.0	-1.0205807440279457	-4.960773204987385	-7.089269434926741
5343.0	-0.5386610122546285	-5.460773102129002	-6.922030269670545
5344.0	0.2480689024768915	-4.709199051980872	-7.2055513941136695
5345.0	0.5192508466528063	-4.7037662715746205	-7.1355141191170866
5346.0	-1.1554466328801136	-4.77427640698938	-7.392945121527185
5347.0	-1.7106640714144947	-4.813308903799338	-7.445347163246252
5348.0	-1.3083726044672128	-4.06696630097135	-6.519055693674685
5349.0	-1.0575285481445802	-3.9112268674642636	-6.242261674252964
5350.0	-1.092929393888387	-4.392221951561021	-6.701415475882942
5351.0	-0.5737541799189639	-4.033109946371879	-6.786841889492075
5352.0	-0.09149309791509397	-3.5158654398356575	-6.803388584634408
5353.0	0.07420186839815758	-3.618664441245465	-6.479255440383545
5354.0	-0.35382170224177883	-3.2425687732235073	-6.450542581092196
5355.0	0.045764539966367965	-3.150755909584124	-6.860633062644289
5356.0	0.5351248879789278	-3.201644635871819	-6.771287332817748
5357.0	0.32029110541139333	-3.306855903192639	-6.719161913420279
5358.0	-0.05213120578426533	-4.578028885146785	-6.747574855849066
5359.0	0.8045792182567004	-4.570022389962662	-6.313901440288722
5360.0	-0.030766009092640934	-4.230303966389678	-6.1671575818039805
5361.0	-0.012407403149921059	-4.049145422194998	-6.701632406129023
5362.0	0.06014149154598214	-4.127716798974466	-6.439811009771507
5363.0	-0.5710044694313556	-3.459357180600023	-6.945983895142388
5364.0	0.26613478600229146	-2.343766782721905	-6.546945353998845
5365.0	0.9647676584579141	-2.495945637101812	-6.323464594671505
5366.0	0.24559983167936927	-2.4527583688889614	-6.2409533177632985
5367.0	0.003647329084537243	-2.6178374034045766	-6.389080147214952
5368.0	1.1288360615116866	-3.636119910872347	-7.00653609487944
5369.0	1.114011582640082	-3.7140227739083382	-7.248183300659033
5370.0	1.4059444893373534	-3.4358532434289915	-6.995603255693823
5371.0	0.868279428849287	-3.6847181892214653	-7.384280993609469
5372.0	1.3469881855180788	-3.131312569160277	-6.501300901726125
5373.0	1.22481616120857	-3.4326415014710965	-6.758037859557707
5374.0	0.8324025113862625	-4.004851351008785	-6.668941964765296
5375.0	0.44190552191342636	-3.80053937764603	-6.401512038518203
5376.0	-0.18644902107457673	-3.1700356404309424	-6.432756396502467
5377.0	0.012308097805903806	-3.0387023038807297	-6.6062651988435395
5378.0	0.8903188357527648	-2.9786807006013616	-6.912504125069681
5379.0	0.62996639492873	-3.4238222869095694	-6.733619667663428
5380.0	0.0692760079182328	-3.98072517383895	-6.074861222525611
5381.0	-0.42858613862369	-3.5079870850880988	-6.540298752993311
5382.0	-0.3418072600454666	-3.437860930902694	-6.740696030343729
5383.0	-0.5141850486036528	-3.8771699468999152	-6.919374941400813
5384.0	-1.6378514388967713	-2.731698144796301	-6.516907964890406
5385.0	-1.6795748301158768	-1.9152067935967811	-6.556259262863258
5386.0	-1.8320909747592309	-1.053246615080472	-6.06998414741325
5387.0	-1.3213665405109223	-2.4702016773151136	-6.054896421839143
5388.0	-1.0013346096198932	-3.2221130008110657	-6.234165454895101
5389.0	-0.6027918807029936	-3.0060755082959263	-6.831233870850415
5390.0	-0.3794228637133475	-3.0782136784744343	-6.8942781631077406
5391.0	-0.7733733516863235	-3.3447663913232004	-7.026691258885946
5392.0	-1.06855936360096	-2.9935160572159316	-7.253011587552705
5393.0	-1.6592394295850212	-2.842567130880112	-7.127531801252804
5394.0	-2.558812356158911	-2.6604837382809015	-6.662623256845769
5395.0	-1.3780862172788928	-3.3074206487780593	-6.492734786070888
5396.0	-1.2591768164419626	-3.3581970733185154	-6.723521983386109
5397.0	-1.409821652757986	-2.1465088031388735	-7.258546040362512
5398.0	-0.40709955099900946	-1.7913783611491214	-6.79267310045921
5399.0	-0.1414648085686447	-1.2385290053156477	-6.634957016543236
5400.0	0.05488489069263908	-2.411497043085523	-6.559068705377033
5401.0	-0.8328203040284622	-2.143476320031895	-7.535030671600346
5402.0	-0.45596363465119233	-2.282326363521208	-7.689168530578061
5403.0	0.1626652886787926	-1.920024200446112	-7.7161653293226165
5404.0	-0.01161737472555363	-1.729037248224126	-7.82624448948168
5405.0	-0.33297880361168697	-1.037006305422417	-8.291345573391155
5406.0	-0.6912772215770076	-1.2668331608680536	-8.170646526960786
5407.0	-0.9986248471708753	-0.910784961750707	-8.263235110337463
5408.0	-1.1176541838145642	-1.0878174340848976	-8.57568108156724
5409.0	-0.5819378638722452	-2.0007834856867914	-7.772984435110076
5410.0	-0.5760584819375194	-2.2464702889708814	-7.020870556398214
5411.0	0.009624822387940934	-1.744687657413362	-6.344198201183782
5412.0	-0.3432027527100894	-1.8984831107775755	-6.346776216875674
5413.0	-0.05060486702986705	-1.347974781338705	-6.3052516980619675
5414.0	-0.3915877530546755	-1.4971065001344201	-5.883111923734404
5415.0	-0.756946092063081	-1.4565152836266602	-5.746801836576681
5416.0	-0.6615629429236225	-1.8140627098722786	-5.917143366818288
5417.0	-1.9542261215156655	-2.063244709164871	-6.320450074920327
5418.0	-1.24498734986849	-2.5892057238908035	-6.207782750546343
5419.0	0.9310671759717116	-2.468524920616849	-6.104706183952415
5420.0	0.6007412272107451	-1.6854071158071093	-6.292413436863128
5421.0	0.7048882959103897	-1.9299514563648674	-5.888884685780923
5422.0	1.2689335677328732	-1.4703609987026416	-5.5066621106147915
5423.0	0.27974345080318086	-2.2859319389131385	-6.131138044423562
5424.0	-0.06476070180293492	-2.2167464647963357	-5.811997550882954
5425.0	0.2706816372650432	-1.572364084463527	-6.2613111963240105
5426.0	1.3572934182067897	-2.8432160061761813	-6.554013770060146
5427.0	1.3081661481539744	-2.8453457819648524	-7.0273161373101
5428.0	1.1415834570282315	-1.9996903602231648	-7.293547997960653
5429.0	0.3504403987311713	-2.5918216456529724	-7.231160880207899
5430.0	0.22786862570044097	-2.631964451634084	-7.218084793240644
5431.0	0.2634542350468454	-3.8255147369295956	-7.821484473264989
5432.0	-0.1830982726262972	-2.7479725182090915	-7.7954296551459805
5433.0	0.3965712847382682	-3.0207202649716245	-7.462764056739217
5434.0	1.3887139841087075	-3.0970748799268	-7.246083932869054
5435.0	1.525901604003814	-3.5839501476292406	-7.2804398705737885
5436.0	1.5026689032535787	-3.606946107834482	-7.706592025676624
5437.0	1.1754714510115039	-2.895893034053201	-8.012749465062761
5438.0	0.7715273643387645	-2.9567692314507434	-7.106298012824419
5439.0	0.6222795445063791	-2.977114414465187	-6.456273408087466
5440.0	0.7301450061182562	-3.267755157003092	-6.69919222590692
5441.0	0.061910365211432006	-3.6885098403896563	-6.4967025422590945
5442.0	-0.36064889284047974	-3.9744073032979	-5.814700482686894
5443.0	0.14749922680617888	-3.6787206134303396	-5.7844222864473345
5444.0	0.0051194526629038395	-3.137389122301657	-5.912711296886361
5445.0	-0.06393075457729677	-2.905950288990856	-6.050080274479813
5446.0	0.5249200604091209	-3.364778057049515	-6.210045230197974
5447.0	0.873269748147248	-3.3257300374677325	-6.121642885227597
5448.0	1.2351764709072464	-3.5042686056778916	-5.951097877987844
5449.0	1.1298449160674249	-3.2809551923921534	-5.76514970191739
5450.0	0.4937892663709103	-2.949332310012488	-5.862088630955223
5451.0	-0.12037117105124198	-3.346402478902988	-5.573741684402186
5452.0	0.38792753072909913	-2.567696787220922	-5.488036528995756
5453.0	0.5086289798389998	-2.6611220109760856	-5.466703244040363
5454.0	1.3137059672771052	-3.4559276060224873	-4.910052112660137
5455.0	1.8454344814174246	-3.6004108227884526	-4.895643923103796
5456.0	2.3889421095035543	-4.117474393585032	-4.744006840472204
5457.0	2.0009929762710787	-4.303935149741946	-4.5507528488710305
5458.0	0.815327462169095	-5.118265532814462	-5.538335122156524
5459.0	-0.30779935529367997	-4.216759529447042	-6.235914601519927
5460.0	0.2913625122801829	-4.812950285051085	-5.69378814737619
5461.0	0.41342449342827414	-5.403305721168446	-6.11363885617827
5462.0	0.2238994056361731	-4.812516716519996	-6.347782487563767
5463.0	-1.2333442822312644	-4.792725882251153	-6.281121774671722
5464.0	-1.1843737384105337	-3.8820439019191024	-6.263701282054467
5465.0	-1.4824548245084137	-4.179341963146627	-6.180919738482421
5466.0	-1.9000542186120193	-4.599415833762373	-5.6319492016616435
5467.0	-0.469206716125257	-4.600099592752049	-5.257916445600727
5468.0	-0.3721632063889352	-3.9274507034782946	-4.899371983083219
5469.0	0.0707932578224657	-3.5703279150005494	-4.551573811141628
5470.0	1.7768497049534957	-3.949448048474128	-4.932715228605978
5471.0	1.550064796972605	-3.693638407125922	-4.814900154776867
5472.0	1.1488005618670556	-3.161824237303007	-4.780936320226552
5473.0	0.8868046527305609	-2.578582665066723	-4.977598422375564
5474.0	0.5960086977768794	-1.865923337517103	-4.573596748796596
5475.0	-0.2614951207625548	-2.112574135459541	-4.66519313186491
5476.0	1.3884239064830175	-2.0446552000600815	-4.604292111028815
5477.0	1.2743611282956462	-1.9586050320892474	-4.490831383634328
5478.0	2.1390082539385338	-2.3329502927563355	-4.21162313082987
5479.0	2.5074649829002653	-2.8441890186235237	-4.513315842870898
5480.0	0.625126310496104	-2.3276536837197868	-4.19458730617639
5481.0	0.25417045442096803	-2.366972603424408	-3.9416998451560583
5482.0	-0.25056651388850937	-2.1040081723104653	-3.837771548924745
5483.0	0.3413887405646263	-2.0769991626831827	-3.8323838889879056
5484.0	0.21315245483498996	-2.170762121552836	-3.934063009292288
5485.0	0.10637687728981778	-2.486580369890462	-4.07863133986238
5486.0	-0.28596299744170983	-2.7999180978305165	-4.202704438356379
5487.0	0.16050792436562172	-2.6275797621238657	-4.422795888807579
5488.0	-0.8895489296847887	-3.377318354240802	-4.6974128848154155
5489.0	-0.7221251054371309	-3.613135031846249	-4.699276339638302
5490.0	-0.9627619063428713	-3.325696226506632	-4.855276310918489
5491.0	-0.9927454150959651	-3.028894924812652	-4.9769456419200395
5492.0	-0.003765895674912645	-2.471676988339434	-4.682479607650045
5493.0	-0.24553765604828948	-2.4624598040121968	-4.9270314866605425
5494.0	0.7832246912221034	-2.42599671701252	-5.216148217098426
5495.0	1.7997140300834231	-2.2472020454465484	-5.209956819678493
5496.0	1.6556307468644067	-2.273787101062584	-5.024631724510488
5497.0	0.9471171279326285	-2.2599504510247588	-5.465698823482736
5498.0	0.8424990468219569	-2.495136023023797	-4.930515551634221
5499.0	1.3266229683707624	-2.432141493524909	-5.284245872354389
5500.0	0.14713170268359455	-2.1913706076691213	-5.46466908737266
5501.0	0.1336082437999922	-1.7831927288000569	-5.573722086085267
5502.0	0.9271099608665113	-2.630765023129885	-6.063367550972355
5503.0	0.23988483904071334	-3.110353109605419	-5.892944988208017
5504.0	-0.03163947392697086	-3.762028513542075	-6.245189126906568
5505.0	-0.38715153243682177	-3.1511742070124726	-6.33611230491428
5506.0	-0.026207197221277304	-3.2451636257562635	-6.580850207214041
5507.0	-0.7571968249779493	-3.7566926737953312	-6.3063235079179085
5508.0	-0.40178893957522427	-3.5603216349160642	-6.533507534725523
5509.0	-0.29193150592180894	-3.534462964686625	-6.092109453624546
5510.0	1.12889803760178	-3.775934309517279	-6.561076382283574
5511.0	1.2665790060194417	-4.575077356049009	-6.318656794707623
5512.0	-0.1658876020157357	-3.8220978317211682	-6.432755368703928
5513.0	0.07547774365889681	-4.2209798703349986	-6.3211757478456665
5514.0	-0.1767168746895295	-4.316032915466	-6.174559230436888
5515.0	-0.26025551365461663	-4.7319667171442745	-6.2830271019082575
5516.0	1.5108636006272658	-4.054444699059558	-6.007899295052668
5517.0	0.6066793428913098	-3.8899295093434048	-6.03165324190214
5518.0	0.3581210831660522	-4.107938399545706	-6.147919286637882
5519.0	-0.20834465222382753	-4.124905868346535	-6.145558121250254
5520.0	-0.6697285052649832	-4.257147407683561	-6.321762744605548
5521.0	-1.8111899526413533	-3.846728582527893	-5.852712552962588
5522.0	-1.219956220990584	-2.9057424030532766	-5.909879323195143
5523.0	-1.378952295060807	-2.1177869809649357	-6.43607658153114
5524.0	-0.5961915801049799	-1.9794124670694049	-6.640957823172074
5525.0	0.5162255383058636	-1.7644029331453717	-6.8129058307657955
5526.0	0.2703650400638991	-2.6029028098645086	-6.633020124558609
5527.0	-0.05499848480214209	-2.76728473251571	-5.961013342245619
5528.0	-0.4615002373810079	-3.188597550251034	-5.982676966081389
5529.0	0.4899066273193158	-3.622374618131799	-5.7789588069467905
5530.0	-0.21478768909473217	-3.696114832593043	-5.615384964881686
5531.0	0.42864986803338667	-2.730198310104434	-5.617559003854952
5532.0	0.8244006703856492	-4.166083231220997	-5.639200884806972
5533.0	1.2137405459577315	-4.4044249302858045	-5.183622106158363
5534.0	0.6282541970927683	-4.817481525396286	-4.91910229440989
5535.0	1.0912101189331849	-4.374077180864461	-4.868156151826973
5536.0	0.030569874061514013	-4.159658752693696	-5.570277167364499
5537.0	0.09960597462550724	-4.39509395095097	-6.477895137487237
5538.0	0.2968325654098938	-4.455489208400731	-6.313337877418846
5539.0	0.7187050359566997	-4.072827678886835	-6.4343395072417255
5540.0	-0.347640908363672	-4.63185855037743	-6.371117611679239
5541.0	0.14397061142462608	-4.266365007438706	-6.452071829570435
5542.0	0.2521534730046284	-3.6621326928249465	-6.533824636513892
5543.0	0.11016435577806205	-3.6069037684808585	-7.095136403262337
5544.0	-0.20944940656480363	-3.4601831182298506	-7.310452030384161
5545.0	1.0941910019933596	-4.0058834311558975	-7.299473833944507
5546.0	1.3445801538005286	-4.203930351793011	-7.0424446297476155
5547.0	1.7971364514149903	-4.090449339647155	-6.59503376711959
5548.0	1.6367794107287266	-4.496181110383075	-6.196071875643304
5549.0	0.2563120201845888	-2.927739840829883	-6.597837062586035
5550.0	-0.4541927986782641	-3.0057769174228577	-6.185988156391739
5551.0	-0.748995114989744	-2.1128175642990694	-6.116310893065831
5552.0	-0.9827369844841948	-1.8093710968579908	-6.444187810433336
5553.0	-1.7221087223685734	-1.3845543153219197	-6.078367668654832
5554.0	-2.274725632562695	-1.1345700253607334	-6.505179071396882
5555.0	-1.824974576670559	-1.8806969898086903	-6.297324828960642
5556.0	-1.8374210016675216	-1.6482098767893234	-5.829181166815374
5557.0	-1.055858252998553	-1.4478380043643075	-5.9796260221272775
5558.0	-1.7879393881992325	-2.246090324356122	-6.1667458090718545
5559.0	-1.6647542742939787	-2.5701076948911954	-5.820673401511483
5560.0	-0.6866233162280289	-2.865569100464666	-5.570078019411593
5561.0	-0.4206453956804097	-2.5365971850425146	-5.570074574175783
5562.0	-0.228900198911964	-2.888613636104208	-5.841128905792871
5563.0	0.18310232085239891	-3.2397440420175054	-5.943816983274124
5564.0	-0.9961317462293257	-3.87290190849185	-5.803811791017396
5565.0	-2.075771569492151	-4.052599800694879	-5.3934310813746515
5566.0	-1.534839298742012	-3.055384951386967	-4.875638596949204
5567.0	-1.2637299700378577	-2.589327611546326	-4.855910419083286
5568.0	-0.987488773267049	-3.498265661315271	-5.4639738214530285
5569.0	-0.6733382704074765	-3.9736722136940172	-5.231309372138421
5570.0	-0.6228066819084783	-3.6070782812858	-5.0341866690379735
5571.0	-0.13732277774530674	-3.2034575099639633	-4.038095306492454
5572.0	-0.4583835143716318	-3.0646833867811933	-4.4675320516940475
5573.0	-0.14261436608821176	-2.819590343713417	-4.261193545406639
5574.0	0.11395814240847804	-2.2716998531663064	-4.660251800586078
5575.0	0.034465780743718644	-2.6034620252249416	-5.104461087742522
5576.0	-0.17073433225464496	-2.308159125551148	-5.083120405063313
5577.0	-0.48162402161170637	-2.947513839745974	-5.326264760121609
5578.0	-0.4568293106355549	-3.4164261440484363	-5.1555610504575835
5579.0	0.1421614731755157	-4.101063827755834	-5.904123896409031
5580.0	-0.5615626625990292	-3.449621493172165	-5.5935291396032625
5581.0	-0.8147473860759853	-3.236518338811612	-5.683898961292074
5582.0	-0.5431278693495487	-4.256654587758563	-5.823274187997166
5583.0	-0.5118044186862541	-3.8044929458679615	-5.1685577934798905
5584.0	-0.44186634121159973	-3.424334616529089	-4.885758011461722
5585.0	-0.032017366576026024	-3.69428280693156	-4.729001978596661
5586.0	-0.42632770229370154	-4.34195166458851	-4.46318964352698
5587.0	-1.0369776536909492	-3.851782672583733	-4.94443461017297
5588.0	-0.5001164950944585	-3.719168040212136	-4.6104881799337605
5589.0	-0.44443985620459975	-4.220411545372173	-5.3567012465352795
5590.0	-0.9562004432549271	-4.378249659406495	-4.880141888865269
5591.0	0.2681563450859355	-2.3274990404805003	-5.152342305883913
5592.0	-0.046295974065729606	-2.892506161413428	-5.3580388575860605
5593.0	-0.5284151671214369	-2.964725842524217	-5.293836323837119
5594.0	0.2853855269589823	-3.450358136985534	-4.979896966056113
5595.0	0.587414101416025	-3.6764481723514746	-5.546207568388304
5596.0	0.11936770874989344	-3.607051704677898	-5.111560691745222
5597.0	0.5768040021744141	-3.6949622035802747	-5.321846134222139
5598.0	-0.36557918715600646	-3.3468086788678173	-5.458848621490467
5599.0	-0.3959984524950958	-3.523811313672717	-5.557460574314945
5600.0	-0.6961735889958407	-3.764377906151158	-5.7694742352913595
5601.0	-0.9317348574800111	-3.5327356814862148	-6.186222278656962
5602.0	-1.068594724979472	-3.409021603831501	-5.4697059690897385
5603.0	-1.237381621984542	-3.757067709082845	-5.4400979789551895
5604.0	-1.5494508439709294	-3.638877943396899	-5.90495009899638
5605.0	-1.9391956966613633	-4.256342529762243	-6.646629379480442
5606.0	-2.571098378484301	-3.8261470337817087	-6.527669803004991
5607.0	-1.4460645389782691	-4.119076674249092	-6.448043279615843
5608.0	-1.7784127812403647	-4.7482769875949025	-6.222271379811225
5609.0	-2.3906228903486073	-4.762906071648817	-6.27771827988384
5610.0	-1.8648476297459082	-4.811657413331513	-5.779262001504005
5611.0	-2.448551286908173	-5.831521594848799	-5.866890493184954
5612.0	-2.8333405219511505	-5.680456927768864	-6.019921454287773
5613.0	-2.7023981864554605	-5.310121808969201	-5.690189942807855
5614.0	-1.7121155934875643	-5.601669286329589	-5.5654862310888635
5615.0	-1.9810608327303831	-5.355815409471218	-5.3084741478890365
5616.0	-1.6249281128738247	-4.318279940422599	-6.105118314026799
5617.0	-2.1920269077767123	-3.863102607917158	-5.952951580573931
5618.0	-1.4977444053332123	-3.4017575815003096	-6.123620987191562
5619.0	-2.433837917118339	-2.767096772902512	-6.352159471830745
5620.0	-2.4329554819953385	-2.79357881657032	-6.667078686362785
5621.0	-1.452121672744842	-2.9133334924813643	-6.86347207671498
5622.0	-1.0412632847906849	-2.5475547913004055	-7.284201534810998
5623.0	-0.9197799795712129	-2.5464286932028006	-7.268821124131883
5624.0	-0.6418512154527186	-2.2283311082712918	-7.007919420540956
5625.0	-0.3474697519257093	-3.0314491771482865	-6.937982446689022
5626.0	0.23033628558743224	-2.852017833451148	-8.032752958740604
5627.0	0.8156344086219955	-3.0538810317103073	-7.440259374923506
5628.0	-0.03219085087039064	-3.4892302441601397	-7.080069489926121
5629.0	-0.4126394532650616	-3.2137674441519097	-7.155880743678291
5630.0	-1.4264755122338246	-3.005108793540998	-7.3483584934120145
5631.0	-0.5690256017033417	-2.407505092837673	-6.986313239839001
5632.0	-1.8887522890827708	-2.5195854041711256	-7.336669821192524
5633.0	-2.304793681200882	-3.461922354318781	-6.631457866444414
5634.0	-2.6139862861349026	-3.3882795996350814	-7.110765375264212
5635.0	-2.013789208256121	-3.557464831411586	-7.053193354557199
5636.0	-1.8069068407122248	-3.993212570399589	-6.774087265063464
5637.0	-1.081419382459615	-3.7557964849887293	-6.496012140052634
5638.0	-0.22973713696658898	-3.554837305124584	-6.705524032330477
5639.0	-0.9598760634369091	-3.373634096083192	-6.567417749000648
5640.0	-0.6978968747761125	-3.6263776582493907	-6.292665799528018
5641.0	-0.6241891226116197	-4.58111269957892	-6.376841728535867
5642.0	-1.6693080226056503	-4.115594461212102	-6.3974265232101395
5643.0	-2.264623964897437	-4.136465415904393	-6.116787916183258
5644.0	-2.6541616462941278	-2.781252895792523	-6.422758568788918
5645.0	-1.9329550627321859	-2.3808293511592105	-6.623125758767266
5646.0	-1.8187089726281638	-2.981575787188211	-6.1569102513451295
5647.0	-1.4705604093208728	-2.9226031579710323	-6.387321897986165
5648.0	-1.2936821330066204	-2.9502426944598628	-6.531301849163482
5649.0	-1.0940305217909756	-2.7316569927542784	-6.885024408206352
5650.0	-1.3761020297522282	-2.1705583773441193	-6.7847016759702665
5651.0	-0.436106073469524	-2.2885587034456334	-6.62435273881281
5652.0	0.4117274376334036	-2.5715450354635507	-6.788849458540403
5653.0	0.5773962569907787	-2.5499609474702853	-7.656890577606164
5654.0	-0.4214586310545015	-2.452827989054189	-7.681584797129956
5655.0	-0.35474605966567296	-2.169601487627028	-6.816867544980523
5656.0	-1.0923707317589815	-2.6655588749156927	-6.682129149109711
5657.0	-1.4598088810656238	-2.067148267573733	-6.747413177678789
5658.0	-1.4903144739891308	-2.3796110192063953	-6.8485126481341005
5659.0	-1.7704532233998589	-2.2936322820678883	-6.956887318692258
5660.0	-2.454468779026444	-1.967486300459761	-6.608411871004566
5661.0	-2.0773366265136737	-1.5564779995890983	-6.849048564861364
5662.0	-0.7610591432422009	-2.22818013033468	-7.068335868555417
5663.0	-1.0981103846393596	-3.301976046056801	-7.07392111195636
5664.0	-0.7235475454948195	-3.8221988481019347	-7.228416160590347
5665.0	-1.306067918842023	-3.4850443786224026	-7.5388704483570494
5666.0	-0.6870212182657839	-3.3863649722767635	-7.0828340395494065
5667.0	-0.6940516817299424	-3.5628803747460767	-7.10030465034059
5668.0	-0.816240103768404	-3.8864241261213994	-7.10949042001673
5669.0	0.12603515542535737	-3.957358771071234	-7.180396867878452
5670.0	-2.102654972431184	-5.218443115249238	-7.065542682871839
5671.0	-1.6834909976768797	-5.320077764640342	-7.198508862467039
5672.0	-1.1466811115613464	-5.361695675978962	-6.844674336774575
5673.0	-1.098448349617891	-5.436155915310254	-7.126917771009822
5674.0	-0.8255216296724333	-4.944152586971778	-7.171066040247466
5675.0	-0.9042155337117421	-4.370135529433704	-7.454881940529508
5676.0	-0.18422064216124287	-3.5400159512968505	-6.918754947049428
5677.0	0.0804721052925933	-3.5576603603146837	-6.3055141971509645
5678.0	0.4272144548048164	-3.1801902492404257	-6.649163683692828
5679.0	-0.1499112416200974	-2.6360304617563504	-6.6850283663178685
5680.0	-0.28680441282960384	-2.665600673214746	-6.147186012144913
5681.0	-0.39083694226721977	-2.779762166515986	-6.3077950982508595
5682.0	-1.5934399591724135	-3.1551463005952183	-6.551617450799358
5683.0	-1.8707308337325885	-2.878879679660769	-6.267145933548205
5684.0	-1.1805086468426327	-2.16859262235924	-6.135279988178889
5685.0	-1.3439581755150913	-2.363019265128852	-6.000772126232471
5686.0	-0.5879701400767343	-1.9656352517851428	-6.169049084901175
5687.0	-0.8059884909168733	-2.325883039544431	-6.6159095221926405
5688.0	-0.38487044544981097	-2.4937953874511907	-5.7067149244550075
5689.0	0.011300146544720974	-2.8240076748711997	-6.563612435528187
5690.0	0.9273293162433331	-3.439763602027991	-6.7759269914977915
5691.0	1.3125936493648438	-3.620070165645586	-6.859176396788001
5692.0	1.0597705205417942	-3.683301572584887	-6.224922732333483
5693.0	0.5414824962746105	-3.1085557803726513	-6.410431335192123
5694.0	1.2020362869714916	-2.535033787101161	-6.584159104644662
5695.0	1.34792833457888	-2.3611559957281907	-7.262391898936565
5696.0	0.35401570803319427	-2.115746670719879	-7.420022417614237
5697.0	0.8084741760054409	-1.5858540308557711	-7.232945907781648
5698.0	-0.3693867918247352	-2.318285050363928	-7.278684292140128
5699.0	-0.35041817319326773	-3.4485118792216096	-6.815082466498522
5700.0	-0.0793128176863471	-3.71036354141563	-6.401496023651754
5701.0	-1.4543289644149422	-3.1554809630478373	-6.409211107681547
5702.0	-1.7782920866448808	-2.903931205537301	-5.857843724406359
5703.0	-1.8633678408127206	-2.529328525184355	-5.7030170773497915
5704.0	-2.051580495961396	-1.455278514564137	-5.77448449511243
5705.0	-0.8392419102945801	-1.5684759131140846	-5.58956415401957
5706.0	-0.15882703880911153	-1.7857820078972846	-5.427613220549721
5707.0	0.7718407160229505	-2.20607124015406	-5.356153541722078
5708.0	0.8998397324929699	-3.050130433350825	-5.610110768969916
5709.0	0.7068792025805998	-2.9501363626568677	-6.035850884775125
5710.0	0.5366894957678824	-3.345621525521834	-6.4529351732236275
5711.0	0.16144714882688121	-4.252336595332989	-6.979494825359836
5712.0	-0.02071647179228059	-4.472162249891429	-7.288365710735647
5713.0	0.637507166915014	-3.9989974333356244	-6.951914010497149
5714.0	-0.386807760823126	-3.6162943451831353	-6.448805398550504
5715.0	0.17417394675601394	-4.05039231630014	-6.30004745597257
5716.0	-0.46186275136853744	-4.152303849312492	-6.429868828992974
5717.0	-0.8855071727147512	-3.3106705887637338	-6.436352188044824
5718.0	-2.014133121393679	-4.106716035982157	-6.094538402984123
5719.0	-1.0866766111293091	-4.230766865561645	-5.616984614652166
5720.0	0.6281561438308509	-5.224021257344784	-5.309977112691774
5721.0	1.0854660509849023	-4.8811217751336935	-5.00215430054811
5722.0	-0.23968952387121187	-4.917893405404532	-4.909682710180817
5723.0	0.3273073628844464	-4.403285510704406	-4.92949143749272
5724.0	0.49374862609082704	-4.558377480136799	-4.242178973199295
5725.0	0.727919558012468	-4.64481043430364	-4.502205534361652
5726.0	0.09870191468035268	-5.407563947158886	-4.621505566911322
5727.0	0.2696059226558387	-5.501289381596692	-5.0334135696774505
5728.0	0.23724747416181086	-5.2683387889542	-5.702137827423715
5729.0	0.5893762439903495	-4.062817441427279	-5.702421311177276
5730.0	0.7068026486271708	-4.148578488555833	-6.289803903812469
5731.0	1.9610748449043902	-4.200673884220213	-5.944736237859935
5732.0	1.850414585301076	-3.733006452141071	-5.498309321163531
5733.0	1.5441016915247205	-3.2073406360324896	-5.309449679421455
5734.0	1.3925370566714497	-2.151029389051073	-5.701853105539012
5735.0	1.4750632428113872	-2.633931942698033	-6.015754601290012
5736.0	1.2056593906004358	-2.2552364863258094	-5.814622592659032
5737.0	1.8361921026028742	-2.510852228063866	-6.011499385124112
5738.0	1.5018400780569694	-2.8517738641159163	-5.650251505660039
5739.0	0.4577241508023515	-2.7777292903407527	-5.626276110374479
5740.0	0.5278008481967937	-2.394817622485483	-5.2461757444713415
5741.0	0.8482522391431201	-2.508843376609194	-5.350794474588869
5742.0	0.2527443034928337	-2.6795772699388847	-5.496058720406333
5743.0	1.05731851386492	-2.614275901780596	-5.7614421902230495
5744.0	-0.5243588147185272	-2.455584453850233	-5.931425718404187
5745.0	-0.9713806264612473	-3.0556396922451086	-6.574702952590078
5746.0	-0.7645400117105898	-2.6863422038068423	-5.807575921666558
5747.0	-0.8761302089974276	-2.810596285265164	-6.118126667958332
5748.0	-0.554136385997285	-2.371342903020852	-6.561637379505848
5749.0	-0.1649205422144096	-2.252389379444391	-6.978424110837423
5750.0	0.023805786685308528	-2.8784005776099333	-6.617884178432593
5751.0	-0.7216505052948241	-2.9102137232356844	-5.864098098189331
5752.0	-1.2597466938703694	-2.85559978805946	-5.951210194666984
5753.0	-1.515462051563051	-2.898934452290365	-7.087824307764349
5754.0	-1.501911807423482	-3.8827325585706847	-7.20581325607936
5755.0	-1.0112063069076291	-3.808907831927719	-6.956841879768485
5756.0	-2.442215092430847	-3.4149949594284172	-7.174191734118712
5757.0	-1.6684450220724294	-2.6385999327634844	-7.614484748705736
5758.0	0.3248701955172668	-2.6194189679014857	-7.5146291447059514
5759.0	-0.6296919235606317	-3.061798100868444	-7.280767486045726
5760.0	0.28376011106190147	-2.263699583169712	-7.2728075447521405
5761.0	0.7259978462251546	-2.498265275069821	-6.926947768081189
5762.0	0.8246221182001066	-2.057751203136678	-6.927699105219957
5763.0	1.2903622073473366	-3.0632869952236166	-6.029499555712981
5764.0	0.7179625172264077	-2.947512288502538	-5.575471351713004
5765.0	0.4307900411427883	-3.380529750958571	-5.061781449108178
5766.0	0.3106635528627727	-3.142471688807132	-4.074078324851811
5767.0	0.8331939952037428	-2.0555429356353185	-4.19022206128924
5768.0	0.171354185695601	-3.227165209981427	-4.844245738385434
5769.0	0.6581671344237247	-3.5676892450246998	-5.293140151575874
5770.0	0.12480980900768701	-4.141515759563299	-5.697477711888811
5771.0	-0.4123899497023866	-4.145457356865599	-5.554742837039083
5772.0	-0.22512560019463154	-4.098494120284869	-5.847669073924612
5773.0	-0.24601426235579288	-4.332748887673557	-6.087275626007392
5774.0	0.260656232086754	-4.4832193493771015	-5.883894847661101
5775.0	0.02126413433866703	-4.863373082580697	-6.555925141889969
5776.0	-0.132952188741578	-5.66848446350293	-6.18151628982127
5777.0	-0.4372030793795397	-5.427949478032864	-6.2219770520108
5778.0	0.31896525468214254	-4.745486981545615	-6.071913333808701
5779.0	0.46375828746629244	-4.65743708860459	-6.182477888713401
5780.0	1.533130629699774	-4.024294657264891	-6.191937328802706
5781.0	0.9288897756046509	-5.031180781815448	-6.405017376863269
5782.0	-0.09256865014727494	-4.973167241288872	-6.860865710014439
5783.0	-0.8689605483193249	-4.60663570789134	-7.3098821810842365
5784.0	-0.5757779043895926	-4.366138103249563	-7.797190022841211
5785.0	-0.04817513442593946	-3.946210456824483	-8.149403609069717
5786.0	-0.4603946436480914	-4.075025983771067	-8.103060645500754
5787.0	-0.7246968875678245	-4.099579780453807	-7.918288425953359
5788.0	-0.7216214491223967	-3.2045104114117744	-7.643666615168969
5789.0	0.045614591038758284	-2.8530469001523846	-7.551889779603456
5790.0	-0.43954741438881734	-2.574875963670665	-7.083238773309656
5791.0	0.5438206988900953	-2.9233971684765874	-6.7253282171579185
5792.0	1.009871336358668	-2.9913354627989728	-6.728991005581423
5793.0	0.4737215370493906	-4.330520699140005	-7.401473319971171
5794.0	-0.07845302113067176	-4.687474268491826	-7.8118983353543054
5795.0	-0.4273575654776395	-4.482386733923677	-7.161397250600428
5796.0	0.6815696096215056	-5.089991892764182	-6.919012370638102
5797.0	-0.03908009278412805	-4.832869441127484	-6.715429347007239
5798.0	-0.039284389634820116	-4.7810422677947315	-6.882829453822698
5799.0	-0.4908599542855918	-5.863379631212297	-6.515826768848392
5800.0	-0.8574910451154363	-5.002643335656661	-6.537245207421664
5801.0	-0.7757833427417326	-4.570420126791399	-6.308590815993991
5802.0	-1.840707075388341	-4.629519035332479	-6.473678088889122
5803.0	-1.3805435517566922	-4.8519747899250385	-6.490456200589061
5804.0	-0.8269983852362119	-4.491546261626163	-6.207566519956163
5805.0	0.0316767149258359	-3.9325956864378755	-6.0372027077896435
5806.0	-0.12286945102026292	-4.094532503501547	-6.370158013110524
5807.0	-0.1576979004016995	-4.298869071109593	-6.475386073595912
5808.0	-1.1012715793209549	-4.519488672765134	-6.4533430728426495
5809.0	-1.8911907328003437	-3.8335674366957626	-6.642051527461686
5810.0	-1.7551041332413524	-3.223939230988033	-6.855862635689013
5811.0	-1.411416410539577	-3.2241555407455147	-6.56037068643238
5812.0	-0.7180458054124619	-2.6799681961391792	-6.455529346106998
5813.0	-0.9352093785426876	-3.036383482128517	-6.248008608720646
5814.0	-0.051749666859787435	-3.4750961118036807	-6.295940057420443
5815.0	0.22597120355321354	-3.5779458828083097	-5.961931728686777
5816.0	-0.0951556086520001	-3.3315114853420402	-6.11342450005822
5817.0	0.06459119071423366	-3.938733574390442	-6.1650957978661225
5818.0	-0.6186503777137576	-3.3788865063275413	-6.163573715983988
5819.0	-0.7383318735292148	-3.1554052796347025	-6.194905528300906
5820.0	-1.2229926679857843	-2.826879904528436	-6.228734335406328
5821.0	-1.7859581113756935	-2.487762521519085	-5.668414698792965
5822.0	-1.631066910398871	-3.0980575651810502	-5.332144074060895
5823.0	-1.026734654675484	-3.183789583136429	-5.782677429277323
5824.0	-0.8271357688065841	-2.5973381213237707	-5.690762721835596
5825.0	-0.9801769452323856	-2.924825281769044	-5.8033739889966505
5826.0	-0.9658471179161741	-2.5583530653527093	-6.062570658628843
5827.0	-0.7972318696395168	-2.8316721765288824	-5.9455207581411536
5828.0	-0.11900088495498928	-2.432231408989755	-5.957575066973853
5829.0	0.24691976170881613	-2.231343379588189	-5.746600870423764
5830.0	-0.12884617317394376	-2.2852748353912125	-5.960294588030392
5831.0	-0.8981365477190439	-2.367442209507372	-5.631495228784596
5832.0	0.17616923066579154	-2.4299849755219465	-5.492137879929037
5833.0	1.0766595196308928	-2.955111504812713	-5.672281081211345
5834.0	0.40480503399603973	-3.031909099931415	-6.057622991893388
5835.0	0.42610660098842223	-3.390530420175871	-6.119106377921023
5836.0	0.7057349240423142	-3.545526191717511	-5.914256055691118
5837.0	0.06121301736072432	-3.999770008703326	-5.466465283602129
5838.0	0.6362562407302622	-4.094672424357818	-5.518884430349243
5839.0	0.754924490764112	-3.4236623857077357	-5.162006114584078
5840.0	0.7979471570600212	-4.231097921375878	-5.787547738335218
5841.0	0.058498769367827275	-3.4712038948259774	-5.709757999434679
5842.0	0.3652113189775127	-4.019552871720182	-5.253024662740023
5843.0	0.699236210865601	-4.132251388408474	-5.395037175381934
5844.0	0.2906257688946364	-3.8374013458241243	-5.152084630479939
5845.0	0.20315825759155207	-3.8471634621750965	-5.07912995540027
5846.0	-0.9535768369052865	-4.105418922316259	-4.858305411730256
5847.0	-0.683448404475263	-3.50983352205394	-5.370593916542063
5848.0	-1.4683741579394323	-3.1035233507516575	-5.464033899559074
5849.0	-0.8516950963744834	-3.04783925154488	-5.250730544902907
5850.0	-0.5128595705273499	-2.105949422859842	-5.306188859761295
5851.0	-0.8809731465944126	-2.7039862355296043	-5.316468090120493
5852.0	-1.0162323092741836	-2.1243856662163223	-5.138807924484195
5853.0	-0.4240188523369749	-1.9735876672866768	-5.1163298416605505
5854.0	-0.3342950012336693	-1.9552627153698887	-5.1120654161809425
5855.0	-0.9049674132980805	-2.038932969319063	-5.117719805763362
5856.0	-1.1644086777945908	-2.039702995037584	-5.0783333702985765
5857.0	-2.224711936472681	-1.4903920035375884	-4.980422204193294
5858.0	-1.9615897251636931	-1.663125293608865	-4.785253515486421
5859.0	-1.802787333460618	-1.570100874593966	-5.470509465905226
5860.0	-1.2101731673913687	-2.2792379292871696	-4.970396216084447
5861.0	-0.21737781751830332	-2.1175444804305235	-5.020248892731198
5862.0	-0.2617403830094322	-2.5372201754901154	-4.699701250738543
5863.0	0.12265466947866349	-2.1795919861683912	-4.282338172073496
5864.0	-0.45569598016115404	-1.8362097752290265	-4.935573613808648
5865.0	-1.000289576437965	-1.6679399558882617	-4.715196903909386
5866.0	-0.7487840130882676	-1.5899325971385407	-5.304559171982051
5867.0	0.03446871774311751	-2.123084503995206	-5.25324946777939
5868.0	-0.1851101898015612	-1.3888241410162685	-5.573479592743176
5869.0	-0.5248789928091979	-1.7795367975645804	-5.073892630779682
5870.0	-0.41815637362876745	-1.1963714647178794	-5.202790515496626
5871.0	0.08429477314320388	-1.5460638226808407	-5.015602624440034
5872.0	1.1604299101233657	-1.594796640353259	-5.756693358286447
5873.0	1.224676391849889	-2.3530508670679042	-6.4502071937240455
5874.0	0.13854789430232362	-3.2191690589439443	-5.969677903840331
5875.0	-0.07668849712170678	-4.23079608965835	-5.718565345690048
5876.0	-0.34158657995016095	-4.589682978773139	-5.526799211298255
5877.0	0.27361150564585435	-4.251110024030113	-5.683885438560289
5878.0	-0.9859068715978386	-4.281036881669527	-5.710189854588852
5879.0	-0.5842193696453564	-5.050287557831224	-5.692385413189444
5880.0	-0.03375330997439657	-4.710364295864647	-5.294538200668831
5881.0	0.4908822535024322	-4.772937985730852	-5.1045757515523915
5882.0	1.9229494375006353	-4.52677223603272	-5.17730399269129
5883.0	0.7354845646122263	-3.966834853237752	-5.773080232668839
5884.0	0.8453015125455208	-4.248312371748564	-4.645751463867151
5885.0	0.6750641711519835	-3.6001325085491436	-4.099703614582811
5886.0	0.9556876041866192	-3.240849004333513	-4.607181281610138
5887.0	1.1262926300923417	-3.2032206588778105	-4.281703595139958
5888.0	0.7133704214713041	-3.2303111189898637	-4.075007273710041
5889.0	0.7678121392799372	-3.246461057233685	-4.416638980392553
5890.0	0.8665863769859778	-3.6136254570721533	-3.8522509794763162
5891.0	0.9055984471711224	-3.3036264788918848	-4.419608987031659
5892.0	1.0358945280003176	-2.9394411163793843	-4.247302225356135
5893.0	0.33046242782002133	-3.942691113457504	-4.062653698150467
5894.0	1.8519751031686387	-3.5514652950996464	-4.0591182441956954
5895.0	1.0561490650968581	-3.9395387764676224	-4.202634411686352
5896.0	-0.537578702704411	-4.145610610967074	-4.082778168182473
5897.0	-0.19601472541104753	-3.0020205442937593	-4.304147809093771
5898.0	-1.234501389279285	-3.9367210587243826	-5.025301944348864
5899.0	-0.9423105097845346	-4.199708699219857	-4.78550541445819
5900.0	-0.5717054628117533	-4.751180443643925	-4.708053196186207
5901.0	-0.5803373959572358	-3.932602539964002	-4.820598737522689
5902.0	0.23312325387693206	-4.023270016744394	-5.598136449183188
5903.0	0.2551264323943153	-3.5032316710889253	-5.4627500449513855
5904.0	0.4327551386627435	-4.039487000972979	-5.384980773887037
5905.0	0.44773510468069583	-2.882776632646748	-4.81922776133986
5906.0	-0.0419705240133052	-3.296009464366109	-4.95112716926385
5907.0	0.5880816254910399	-3.898675664238862	-5.1168852022662
5908.0	0.26603445834823236	-4.486976007153931	-5.286154548354653
5909.0	-0.8010364759010816	-4.230075560651918	-5.381101497339053
5910.0	0.37332067352146037	-4.209299256361204	-5.055579903492672
5911.0	-0.7408206295042964	-3.7840329324388406	-5.181750432644318
5912.0	-1.2546964523845692	-4.090256914375036	-4.833537415218032
5913.0	-0.658891466050556	-4.325161589386037	-4.981384433445614
5914.0	0.09729151305240896	-3.9062641902669615	-4.692132829809105
5915.0	-0.3371187087864054	-4.300129763855283	-4.68628096892949
5916.0	-0.49210816871966034	-3.6895417138410496	-4.6953237771660445
5917.0	-0.5061437657301497	-4.101895255836598	-5.307281046403921
5918.0	-1.4771707520398034	-4.079937567313663	-6.218368333088039
5919.0	-0.5263459339314489	-4.357549026446514	-6.504423976232099
5920.0	-1.2463517044080155	-4.605973740245739	-6.6353595724877525
5921.0	-1.6249932550412165	-4.375393774915951	-5.835949094387989
5922.0	-2.58817921927605	-4.3265399513810605	-5.531297308230684
5923.0	-1.804121485318315	-5.287958719721077	-5.154691452186148
5924.0	-1.6639016686803934	-5.443925271769479	-5.241969974037089
5925.0	-1.885309128983538	-5.6919324434428615	-4.341615186657286
5926.0	-1.3708631961824478	-5.475894396962091	-4.485158582761274
5927.0	-1.2757741073712678	-4.752844894681499	-4.253568999656596
5928.0	-1.5813728486854626	-4.079936803914058	-3.9624460633356238
5929.0	-2.5273849006629687	-4.812417321115324	-3.791113891621565
5930.0	-2.632451467140564	-4.552507827255304	-5.138584117438542
5931.0	-1.965326961979747	-4.626732104765024	-4.766638720042591
5932.0	-1.5200250730561415	-4.45311839768828	-5.0301104596571005
5933.0	0.307596062883357	-3.131813014868444	-4.725089855865963
5934.0	0.8051265107663171	-2.898729692777388	-5.219334263229581
5935.0	1.076983633351491	-2.8463291363366876	-5.727401052977264
5936.0	0.937862040828942	-2.9132323378034655	-5.195666674643175
5937.0	1.1134510672826239	-2.7334982838639545	-5.8524594486255115
5938.0	0.852640611135888	-2.678479435343343	-6.341179422635957
5939.0	1.4255720962662597	-2.438576091524227	-6.560519443213074
5940.0	2.0951539559421404	-2.378513678685774	-6.461622122473658
5941.0	1.2549223145793291	-2.5068845696533666	-6.426513171453946
5942.0	2.042624737653825	-3.310408228952507	-5.428538964112282
5943.0	2.2789246553019007	-2.9114251190045723	-5.732097162818892
5944.0	2.0415053296245445	-2.367360804690792	-5.4700146582771225
5945.0	0.8865981204791851	-2.459706061526059	-5.215500246380124
5946.0	1.5035065261446685	-2.4251395253338357	-5.306574572450615
5947.0	0.9294296283225035	-2.403002367217376	-5.978003078160166
5948.0	1.3917243148043394	-2.8956220783813116	-6.749380237130182
5949.0	0.7472196088085582	-3.272357009209762	-6.969580604443327
5950.0	0.6416316428888343	-3.1899634630752725	-5.93147611661707
5951.0	1.1710189447424075	-2.7781819164159045	-5.62684035490023
5952.0	0.9692776674675999	-3.2508577079472065	-5.793586380272883
5953.0	0.6666546244871894	-3.6626805409019005	-5.507538638677983
5954.0	0.8160696327297137	-2.8502125408415404	-5.8795940703711755
5955.0	1.3020704485698775	-2.139420628881882	-6.117443143999197
5956.0	1.8061293862520986	-1.888833001413966	-6.4332347930908576
5957.0	1.7086406217559387	-2.0614758368891173	-6.798527796048934
5958.0	2.4552558874155066	-1.8686792950323927	-7.429840133255309
5959.0	2.060186312833871	-2.3420029556525486	-7.522762957171187
5960.0	0.8840413092811124	-1.9306664061032925	-7.078246766503444
5961.0	0.18544148590388776	-1.2871461550220251	-6.944546834684876
5962.0	-0.6756146108428794	-0.862531818387846	-7.130040518585965
5963.0	-0.7876873778342681	-1.6647764632747881	-6.374488866171732
5964.0	-1.4678366566841106	-2.6028990052756265	-5.964232222322377
5965.0	-1.2005723810708964	-1.9782744602292366	-6.2799345878857515
5966.0	-0.7987952321004613	-2.695307802054704	-5.863307425990657
5967.0	-0.8623124727989988	-2.465391256855956	-5.808414182173378
5968.0	0.570210449219944	-3.254126283279241	-5.712670744564024
5969.0	0.3939563899100218	-3.333114845336648	-5.704463481181532
5970.0	0.6956438140984706	-2.4846000837827464	-5.961673793364461
5971.0	0.6862044532711392	-2.583671223538165	-6.296329499983042
5972.0	0.09151483640228499	-1.9252743908327195	-7.2488185700220855
5973.0	-0.9165158088663956	-1.7881053095494688	-7.042341481825879
5974.0	-1.6599413359530615	-2.120703315175049	-7.352476223799414
5975.0	-1.1797855224982574	-1.6561272284664899	-7.410906504584213
5976.0	-0.363508398305119	-1.688050775989005	-7.219725924138295
5977.0	-1.1028468729989895	-1.8517294245447657	-7.135198454380403
5978.0	-0.9420825993207261	-2.438001954090563	-7.679814910566034
5979.0	-0.7227370294883848	-3.2653007578339257	-7.168786464360444
5980.0	0.10633578939991169	-3.4865228579920937	-7.000557574497966
5981.0	1.0059498521606327	-3.707208931151631	-6.965533648855647
5982.0	1.419565859643193	-3.5512605592226953	-5.890228707067092
5983.0	1.5554104224229972	-3.08221264787539	-5.890204426544222
5984.0	1.2531142528339494	-3.1129831352982653	-5.633820668144193
5985.0	1.7908133957606145	-3.259951905688486	-5.239050607497105
5986.0	2.0796772725899864	-2.59707962045139	-5.826620131059386
5987.0	2.5451599681734134	-1.8995176270104825	-5.0057601095128765
5988.0	1.4745363563730352	-2.1560722535395693	-5.13485832605365
5989.0	2.040459776515199	-1.8503412037701017	-5.167945077755694
5990.0	1.197701561818295	-1.8317225582060717	-4.858775436015693
5991.0	1.589369930565753	-2.5591066293531486	-5.27170918277834
5992.0	1.226235054574229	-2.095683543060757	-5.279052635562467
5993.0	1.129386201304278	-2.873715591231806	-4.992182008227784
5994.0	-0.324805619539008	-3.431569520574179	-4.885187659858439
5995.0	0.7947444820881819	-3.3550357406963927	-4.491723888575374
5996.0	-0.28212357041471525	-3.44400309079516	-4.540787424306107
5997.0	0.37096357417010145	-3.0974439113634173	-4.929051114124474
5998.0	0.7270150544302656	-2.872987497520552	-4.994284310404566
5999.0	0.7674402376879627	-3.1507110670531393	-5.474712424482045
6000.0	0.37282229678095463	-2.975648327263329	-5.504864904038373
6001.0	0.013939521891635165	-2.519670192259968	-5.254684904359014
6002.0	-0.16792087669219222	-2.88667007590339	-5.400120442204113
6003.0	-0.8886743965735858	-2.8894943835542897	-5.429686662386071
6004.0	-0.8766965472229171	-3.2027309750946014	-5.2049587117158485
6005.0	0.09901124444400358	-2.7665864685379637	-5.459754659925567
6006.0	0.47290563348012715	-3.4340726755508397	-5.250565549376455
6007.0	-0.4584122799477818	-4.075040027589399	-5.8635401726247425
6008.0	-0.8384001607668774	-3.8214616816471345	-5.896388618064449
6009.0	-0.7794463135010424	-4.156662848428509	-5.992013641351242
6010.0	-1.0674949452236864	-3.1356748352342168	-5.24870110540056
6011.0	-0.63575423854491	-4.186688860087979	-4.479815015572186
6012.0	-1.4472130482083476	-4.102955801203392	-4.883042147449276
6013.0	-0.39719089937686114	-3.984897933464178	-4.955250065960112
6014.0	-1.5575371346809788	-3.9577741980021246	-4.723775619586262
6015.0	-1.9874903194008489	-3.9496443680700057	-4.251618185076277
6016.0	-1.630339722027816	-3.6701779866939317	-4.539505570352463
6017.0	-1.6891066701130675	-3.2595931584470357	-4.2196467659411665
6018.0	0.014811592371417298	-2.90082405178752	-4.344280197797491
6019.0	-0.8640957356327563	-2.5393626711729427	-3.900670557215623
6020.0	-1.8554129987747139	-1.8416797537708756	-4.438540260074449
6021.0	-1.7694108206280748	-1.782530552040272	-4.567265335810366
6022.0	-1.062885216103163	-1.7310421483963347	-4.7376395967834295
6023.0	0.26632297001278493	-2.699215513264873	-5.272404951194804
6024.0	0.4436561914154474	-2.71666784143961	-5.246504188131171
6025.0	0.6441369376178326	-3.399974872553184	-5.33866560129147
6026.0	0.6619368850577964	-3.544678217794734	-5.395597813477896
6027.0	0.23213587306102543	-3.0849111353939254	-5.132759732620401
6028.0	-0.5384208739055187	-3.3756937156267717	-4.797483709377113
6029.0	-0.4698918079036953	-3.491107635526678	-4.630532884259875
6030.0	1.2693211497443557	-3.808207834815451	-4.941827666043646
6031.0	-0.46776787798840436	-3.9353461502365734	-5.193870677166828
6032.0	0.005938245875901804	-3.819836547592682	-5.5475342748273855
6033.0	0.011731628627241864	-3.1608659453676067	-5.087049003661327
6034.0	0.26684915104967244	-3.427636411351093	-4.821487392814987
6035.0	-1.798447981314818	-3.9456519883113987	-5.255459569612508
6036.0	-0.7623247843297855	-3.7526321463847845	-5.107716385419416
6037.0	-1.7757667659806229	-3.516755138367046	-5.2019909418295285
6038.0	-1.1276261692690548	-3.0427380232303416	-4.311021027125341
6039.0	-0.4222740363032697	-2.8559595298485903	-4.561552714195037
6040.0	-0.7008925139868359	-3.220207964469635	-4.899367523776238
6041.0	-0.6304585252134851	-3.126856112464401	-4.529302401544672
6042.0	-0.045654630374683036	-3.5203441454412667	-4.74994894437941
6043.0	0.0674945400269944	-3.3396971082323614	-5.242230272384866
6044.0	0.3955365335308032	-3.2689692983564953	-4.930983156580649
6045.0	0.35480087334515753	-3.0866158343634864	-5.181225854074114
6046.0	1.3638608231049139	-2.8268290022476856	-5.355594124208113
6047.0	1.2546319169288964	-2.7743437580035595	-5.134265023548668
6048.0	1.7644343902586201	-3.2823654539630613	-5.475712123455541
6049.0	1.027573535756376	-3.6023751032139675	-5.37436140808643
6050.0	0.1898164433400451	-4.116274814346463	-5.337513621644824
6051.0	0.46866306973866007	-4.157052870376169	-5.934688589548003
6052.0	0.25552091954761486	-4.543351422981511	-6.015122603321087
6053.0	-0.20518988670506072	-4.7570346134989965	-6.220274916583932
6054.0	-0.4646354357314545	-5.236109009758752	-6.211464414267955
6055.0	-1.289494028719941	-4.25466628422331	-5.824484186127219
6056.0	-0.6213008400189736	-2.961526860172127	-5.682314540803197
6057.0	-0.5660392322139829	-2.66954913867135	-6.103186806865071
6058.0	0.3016782039787439	-2.026321810936545	-5.779484199660631
6059.0	-0.34437644677461515	-2.0751079238741905	-5.496069407639781
6060.0	0.6864103440972922	-2.897282933778989	-5.495621051483895
6061.0	0.8867508048278782	-3.6286084266850724	-5.914533026183737
6062.0	0.9609256182644975	-3.660546650523183	-6.164498788328755
6063.0	0.20245224494907554	-4.608119056093288	-5.96998817652391
6064.0	0.8103253001289116	-4.310809983917008	-6.155646708555923
6065.0	0.1741371237130988	-4.186796424214531	-5.711299519902152
6066.0	0.41750662864866994	-3.8693728790957587	-5.677845437857623
6067.0	0.8540286348962652	-4.619826589855338	-5.654008892886447
6068.0	0.3683287322903938	-5.400848515813731	-5.330367030302687
6069.0	0.9345157803588006	-5.516457664383019	-5.6589428392497405
6070.0	0.5847645112943152	-4.997521899335469	-5.4442240316257315
6071.0	1.759125778425565	-5.02666603945861	-5.437299379974256
6072.0	2.0089596461994463	-5.134817794358392	-5.916894318966778
6073.0	1.3135618825377462	-4.539157330453044	-6.049133866875554
6074.0	1.3474099234479686	-4.254359979582694	-6.219217513810217
6075.0	1.1625285790571205	-3.5599301914285033	-6.1926293967350805
6076.0	1.9161597478417267	-3.5539933562983794	-5.772591812738765
6077.0	1.4148875933115224	-3.80683372580639	-5.260187795222942
6078.0	0.6705217352984637	-4.102857922394577	-5.033201376509943
6079.0	1.1081946514670769	-4.141289087372997	-5.233559665629139
6080.0	2.1280744565679717	-3.7450660719127784	-5.396644081017577
6081.0	1.0554442378898652	-3.397073215530863	-5.18841029908187
6082.0	0.4012901114813574	-3.5351474242864347	-4.54255569112739
6083.0	0.7062130727002918	-3.6929939598256847	-4.240771188637373
6084.0	0.183411410213971	-3.014976453144138	-4.14659621950223
6085.0	-0.19547768007132874	-2.554985660668636	-4.778044341717732
6086.0	-0.7640647698661535	-2.295399731495276	-4.849250755962808
6087.0	-0.11546920116096954	-3.350936198142223	-4.969633142655272
6088.0	-0.5490891044147664	-2.684152368465078	-5.472944766223077
6089.0	-0.2677126485866	-2.357321880865129	-5.611253239878009
6090.0	0.041929154246341846	-2.1712496321204564	-5.415002730742822
6091.0	0.06533799943199409	-2.4997400289113325	-5.245909671491363
6092.0	-0.9356021964299128	-2.0234492473375485	-5.287750397751472
6093.0	-0.5833618911989273	-1.0069605749073927	-5.314733899021492
6094.0	-1.2005615024470835	-0.9789882004396021	-5.744549720061875
6095.0	-0.5558819441983234	-2.4443734939801747	-6.639951871855298
6096.0	1.64311454578189	-1.3955773969692036	-6.7660636358530395
6097.0	0.8497510295469797	-2.1445831532236976	-6.827469497427794
6098.0	0.320781037073877	-2.578599603282899	-5.93785944464963
6099.0	-0.4962680287556086	-2.268095495023853	-5.568403839707969
6100.0	0.8319248292414179	-1.1612222507309313	-5.77840122641518
6101.0	0.33591830675298784	-1.0666681822044384	-6.515912564027762
6102.0	0.4575091560118833	-1.4632363230208616	-6.749257282720416
6103.0	0.5594596400133709	-1.7142466258140372	-7.1283794393668165
6104.0	0.30188257410216557	-2.080265379193488	-7.133996891138231
6105.0	-0.14575739826630046	-2.2955021492226226	-7.091409208589717
6106.0	-0.11439740758498118	-2.2145138232344177	-6.696312625405874
6107.0	-0.04818900699220563	-2.5683037353452427	-7.05099924495358
6108.0	0.25901441546519033	-1.7788960747018174	-6.0649244153282975
6109.0	0.3306930735193409	-1.9004978358845137	-6.127501235288895
6110.0	1.05652356590836	-2.4564782829387326	-6.016599044511912
6111.0	1.7504729327055117	-2.531750351018143	-6.480110193840567
6112.0	1.71103881978266	-2.5206906599994543	-6.12043838882483
6113.0	2.2808227536569388	-2.2828116418512234	-5.935297124489339
6114.0	2.6231212397999837	-2.292688700496106	-5.7288078067793515
6115.0	1.4527199291873363	-2.6257322357023893	-6.036572451365099
6116.0	0.6105897598950463	-2.7222608999924796	-6.0979415810175
6117.0	1.085508550052436	-3.3457310107866745	-5.868993124172955
6118.0	0.3156771035491017	-3.142840585374767	-5.874532755615717
6119.0	0.1357601033276476	-3.451270547532864	-6.031804126005465
6120.0	0.20482859260252745	-3.7038578705247507	-6.02344634445535
6121.0	0.2038338708331361	-2.9362580806679333	-5.0049041310379385
6122.0	0.8044440011698419	-1.8998098436212636	-5.134895759873948
6123.0	0.6430939082316336	-2.433030590136862	-4.905329274948431
6124.0	0.8674620934571299	-1.9561027309230592	-4.532034621149441
6125.0	0.33637618202246344	-1.7030609773969565	-4.235151443857487
6126.0	0.6953069536081506	-2.1229542104674546	-4.053518534506445
6127.0	0.20730614942486858	-2.113685774788369	-3.8970656009521383
6128.0	0.6936867976343932	-2.289406181193753	-4.4954852846465485
6129.0	0.733802495665922	-2.4379034168923486	-4.27351976639889
6130.0	0.9023288076402645	-2.961911290601352	-4.235999844079681
6131.0	-0.0005946627460961806	-3.054424070047671	-4.286104329542218
6132.0	-0.21864201067260342	-3.0560631194162386	-4.559300409696695
6133.0	-0.22359609248234502	-2.929515030204387	-4.5095593399741585
6134.0	0.04962050883953928	-3.1512611578715393	-4.213293588821336
6135.0	-0.08708035803794922	-2.6100358086876696	-4.114718731771521
6136.0	0.058897469898217314	-2.6644593440475712	-4.570665247781253
6137.0	-0.3796894780069575	-2.291326228148535	-4.328905720279655
6138.0	-0.9171466103114998	-2.519766981139134	-4.860958612881895
6139.0	-0.6776304419496129	-2.4309949266766093	-5.2634908728901895
6140.0	-0.13586739257104008	-2.5341251619668537	-5.388210565267595
6141.0	-0.071052906262208	-2.5138411474018834	-5.173392860920542
6142.0	-0.2763610664515789	-2.3961727972926865	-6.096254833346502
6143.0	0.030173782808034455	-2.1003067082480786	-6.112864079168644
6144.0	0.6027013878668568	-3.096889313547993	-6.17068006637891
6145.0	0.8559368926226141	-3.480817255884033	-5.823045725628631
6146.0	1.1247419291844438	-3.934584762565031	-6.093146208806152
6147.0	0.18351367149138562	-3.1567257238292314	-6.074516455080897
6148.0	0.31898849713294664	-2.3396405446863646	-5.948402241995843
6149.0	-0.46527706129758856	-2.856876202673492	-5.796892685305014
6150.0	-0.26431185229382576	-2.889278167967232	-5.079143861297265
6151.0	-0.29968845319432164	-2.9604698320258733	-5.454596954178837
6152.0	-1.1469112763392664	-2.3590692325954863	-5.448649306430946
6153.0	-0.7207685014754253	-2.494139498916113	-5.409517150140602
6154.0	-0.29986475778866545	-2.2556103750177563	-5.81524677465188
6155.0	-0.21270977708686548	-2.4489796525346237	-5.95120804859586
6156.0	-0.1500961636290304	-1.575281334020367	-5.940366247571244
6157.0	-0.6401188585225515	-2.0572328812027587	-5.395970621462577
6158.0	-0.361363930747691	-2.009200226200033	-5.505060867875908
6159.0	0.2440397924877934	-2.206834840205966	-5.111471196705252
6160.0	0.943021980346986	-1.9794197030462772	-5.218608134851373
6161.0	1.0140177230375176	-1.9403464677047362	-5.176114501462787
6162.0	1.0690183469664976	-1.2928590597558662	-5.377016844494299
6163.0	0.6611763353001852	-0.8006107801784305	-5.705540137688808
6164.0	0.6120391911240436	-1.2624038564775855	-5.4959978956296265
6165.0	0.09944241915556694	-1.0522445239736857	-5.991407355334597
6166.0	-0.13229242130907054	-1.0686030548413252	-5.823798823310308
6167.0	0.10045759648656985	-1.0009237749172515	-6.282936340917056
6168.0	1.1458676229570963	-1.77556467043877	-6.10719631568968
6169.0	2.766638427145884	-1.9130254165726623	-6.039141257700145
6170.0	1.9447577555348774	-1.778557027349377	-6.731198238022503
6171.0	0.7888167979795345	-2.6411286055925736	-6.256078351313274
6172.0	1.9980762657764903	-2.581868526638986	-6.185924513676274
6173.0	1.6111444205641305	-2.5326756542617908	-6.287394789670055
6174.0	1.3030672142287876	-3.1566516705970598	-7.227503898755306
6175.0	0.3993191628988578	-2.6483725526438806	-7.501718375282668
6176.0	-0.33292765167335325	-2.1429403872340664	-7.571306967613767
6177.0	-0.5403095990658846	-2.5393352934289073	-7.181249774124368
6178.0	-0.7481781019567104	-2.7863452870613	-6.790285457559974
6179.0	-0.625917539907695	-3.7724945731020005	-6.880168388512312
6180.0	-0.8103126113408816	-3.8562337615712257	-6.482380374059401
6181.0	-0.5330697875861451	-3.860953226565764	-6.7165077289490975
6182.0	-0.8408204258300618	-3.2466128060669184	-6.548102538867786
6183.0	-0.8978796855017466	-2.2752956784117093	-7.044156111083979
6184.0	-1.0221576915451502	-2.565634111076698	-7.6639008047561505
6185.0	-1.126408496107571	-3.3013336522198347	-7.762754133431434
6186.0	-1.3475459905916152	-2.604054919790191	-7.8628049094485535
6187.0	-0.6169004686377286	-2.7448686442252073	-7.50017708154241
6188.0	-0.23546936714653977	-2.0144586674840124	-7.403046990045191
6189.0	0.29977267806508806	-2.1205852979582547	-7.467888842349322
6190.0	0.5549375263044807	-2.09432586631926	-7.444326915303935
6191.0	0.13458255969172206	-1.712651350840745	-7.437851337555778
6192.0	0.19446123066514526	-1.7570032447634156	-7.522208223282135
6193.0	0.32361551273002753	-1.9874164422877274	-6.8652209986017185
6194.0	0.022386403501004848	-2.4717219603255467	-7.336959358713623
6195.0	0.5996695222209023	-2.6463926934763666	-7.169149309679604
6196.0	-0.10040171003871386	-1.977932984644663	-6.8189293338082955
6197.0	0.7857892265559565	-1.716901207949547	-6.172076805674456
6198.0	0.8876546296793129	-1.4420551042714205	-5.924941247966762
6199.0	-0.05867946696747594	-1.9055868012603923	-5.88069244602206
6200.0	0.400439045851524	-1.5610815164089065	-6.296599269606293
6201.0	0.8332511812426414	-1.1323288279352643	-6.259109466617933
6202.0	0.8828826616634374	-1.7770655512098235	-7.185954261938783
6203.0	-0.1846785151871263	-1.7011725152330817	-7.371460026408783
6204.0	-0.7683156713866178	-2.090417432527769	-7.208995092521457
6205.0	-1.174490749491496	-1.9166002930401844	-7.008417758647537
6206.0	-0.8188030698721064	-1.7082301033317067	-6.618499587246273
6207.0	-1.183447248539514	-1.7612130563388941	-6.722173923808043
6208.0	-0.7029319717178293	-2.4430569765643764	-6.991922299342272
6209.0	-0.8206309303075714	-2.469201666660132	-6.955111012195289
6210.0	0.2584430608448179	-2.6907952315694725	-7.045332528939097
6211.0	-0.7571388357047913	-2.2395593164951384	-6.471696731871871
6212.0	-0.22440960034499668	-2.9167392267002805	-6.250374849761743
6213.0	-0.08985855862539655	-2.591823981310094	-6.198953234229428
6214.0	0.661989555156846	-2.6496807393830877	-6.123090452091391
6215.0	0.2627708787853086	-2.3807061298457244	-5.489598588111273
6216.0	0.035029348237051644	-1.8846426196418533	-5.303707502466777
6217.0	-0.505878508887112	-1.5823327599185628	-4.871186613394086
6218.0	-0.10562387563749029	-0.8961055271791207	-5.694504150503226
6219.0	0.21925656174251879	-0.6451284489560392	-5.399068806512658
6220.0	0.1460422148651977	-0.5593872204094634	-5.590917470480837
6221.0	0.17126871862849222	-1.4201417459569423	-5.891067694647004
6222.0	-0.27440988604987016	-2.269749021740938	-5.4275326832828545
6223.0	-0.38068371809668267	-1.8527477778515458	-4.9682386941099725
6224.0	-0.8974871589157382	-2.215770184947197	-5.409808130675218
6225.0	0.08180051294437751	-2.297764400576801	-5.13828799343618
6226.0	0.17419302034939393	-2.874810346919001	-5.350775199335961
6227.0	-0.8912736690328223	-3.114841617085842	-5.753851584062964
6228.0	-0.9321033831106399	-3.128873090569885	-6.284221243573889
6229.0	-1.0322074339108855	-2.8312463146399254	-6.476722696620206
6230.0	-1.147555554138146	-3.030864484944646	-6.359706442664243
6231.0	-0.5678935018165525	-3.0982490410214796	-6.603769056500145
6232.0	0.5633300202966451	-3.8146773265124514	-6.368943020088075
6233.0	1.3177358033052118	-3.6205728134676534	-6.899932964637286
6234.0	1.7438162017752008	-4.02288130231982	-6.563824582650768
6235.0	0.8989720691738834	-3.878744678561137	-6.523874673620486
6236.0	1.0545925210806948	-3.9511870357387	-6.79761749766115
6237.0	0.0852331448619309	-3.9537243262557826	-6.46145610043889
6238.0	-0.4741254319840167	-4.094225002647451	-6.098787629689616
6239.0	-0.10452201301410068	-4.615360703366475	-6.312702343584977
6240.0	-0.08499723940720175	-3.7933533848684613	-6.5827201735906185
6241.0	0.2998447967224853	-3.8562336092432012	-6.826384497793664
6242.0	-0.5611402018102667	-4.364100738649759	-6.927597435562415
6243.0	-0.8087735817778465	-4.304689708020433	-6.897960115292381
6244.0	-0.26738662404528313	-2.9073252524400437	-6.2272724461770235
6245.0	-1.6677836142151965	-2.323553051694179	-6.1917561743168035
6246.0	-1.3798330648744073	-2.779082976829083	-5.940156302238418
6247.0	-0.6986981379859172	-3.703989345568706	-6.0385476471130195
6248.0	-1.1718562538970645	-3.860184976128592	-5.973701047069868
6249.0	-0.9289646469429271	-4.393097659234776	-5.736950015117402
6250.0	-0.6535736278438227	-3.7646353931032186	-5.290800623597826
6251.0	-0.5187864266409941	-3.6571480453567817	-5.09083115326856
6252.0	-1.0948099603659207	-3.5167183660450414	-4.945786740561272
6253.0	-1.3059763591697102	-3.2554349558583575	-5.97969384276887
6254.0	-0.9104099601965887	-3.5248237655741166	-5.93055473782592
6255.0	0.23264632267421798	-4.425516182444546	-5.81235654055067
6256.0	1.1933898386030348	-4.112844984513513	-5.922853633594927
6257.0	0.07269375888492768	-3.456121093127653	-6.268476177748452
6258.0	0.6925924910935817	-3.6752439606602056	-6.2344807103085085
6259.0	0.2893164763893812	-2.8705317124110783	-5.547871756806364
6260.0	1.5294587863320541	-2.58456107572761	-5.4737998006893545
6261.0	2.0529899793477666	-3.5898187183053754	-5.455980652696765
6262.0	1.189153673118461	-3.058512035177988	-5.742987252950472
6263.0	1.983961409845696	-3.612648188257257	-5.772860083524082
6264.0	1.63930923371723	-3.4595976184932087	-5.832623078774647
6265.0	1.362744840195538	-3.654665005762627	-5.5278175765310165
6266.0	1.182607186180109	-3.8364330429277085	-5.8200358720199
6267.0	1.388455486763763	-3.8352481203331266	-5.745018255637111
6268.0	-0.5493988389452723	-3.62584030000633	-5.769202064487892
6269.0	-0.3232180173463105	-4.0145295187623224	-6.008981575000488
6270.0	0.0731484808048376	-3.9975194778778493	-6.203689596328915
6271.0	-0.4115336178776946	-3.9458454406692365	-6.862283601759946
6272.0	0.0252635757010419	-4.310742897105399	-7.054966957418819
6273.0	-0.7078172521233819	-3.476025537264746	-6.799623121499177
6274.0	-0.786919066166669	-3.276264617138952	-6.559748332090529
6275.0	0.22277506685092874	-4.795886287006079	-5.719265470343102
6276.0	0.18579812850131366	-4.277836586946291	-5.459181115427144
6277.0	-0.6214993409555968	-3.5412634641189165	-5.489400305339723
6278.0	-0.20488753535155835	-3.5327194856737965	-5.598423353518482
6279.0	-0.206806002130676	-3.637131728627322	-5.62181196221544
6280.0	0.22167382296504207	-3.8378054143802687	-6.319968759359651
6281.0	0.1469007148556195	-3.8880647450403014	-6.676619618458769
6282.0	1.2181767068352374	-3.9210763689941555	-6.710542777524729
6283.0	1.3520179629638935	-3.9285438002244977	-6.690244404377317
6284.0	1.2563878483076216	-4.1730072390957735	-6.879547200896137
6285.0	2.1199635135614674	-3.9540198085930847	-6.800922664127147
6286.0	2.0465615029525384	-4.426097928304997	-7.623928639649039
6287.0	2.6274733050518884	-4.645432362758771	-7.60443784008176
6288.0	1.9597484339131688	-4.394062628387242	-6.361440733928586
6289.0	2.0147091793800236	-4.154956450047895	-6.486843429145403
6290.0	1.3829078730406001	-3.8988734367180595	-6.708905640017729
6291.0	1.1677372272207278	-4.615879638187299	-7.026246805228376
6292.0	1.4536644953058075	-4.05256533500461	-7.208127936624031
6293.0	0.3930011010703882	-3.9581667837609364	-6.932719838028522
6294.0	-1.1281688131310748	-4.1110946446495955	-6.575594975635046
6295.0	-1.6409956545653377	-4.295198368458253	-6.803836834396519
6296.0	-1.3060130005387414	-4.172612069510746	-7.167553421882284
6297.0	-1.314994842253492	-4.07152544244228	-6.8629437276236676
6298.0	-0.9005567782477908	-4.115804271479243	-6.536456713526269
6299.0	-0.22802739403217964	-4.00763987079583	-6.293343369065838
6300.0	-0.07851722236591263	-3.75839714606048	-5.845859022089412
6301.0	-0.5627081847391286	-3.2238464567992686	-6.278659626932579
6302.0	-1.1617072898968432	-3.3499689323928217	-6.094489439646111
6303.0	-0.9920365718303991	-2.8453262265826593	-6.183997071086687
6304.0	-1.1963740670131204	-3.1847777637404757	-6.860938002538793
6305.0	-0.6662348076284397	-3.175656036112267	-7.0469278619503175
6306.0	-0.6270384967963182	-3.2294861517069076	-6.951166934859612
6307.0	-1.230613769243786	-4.129311814024659	-7.247195357471762
6308.0	0.2513916844763077	-3.3550484098842173	-7.736647117492728
6309.0	0.09369500097801298	-3.851394006412481	-8.27725933115078
6310.0	0.9418516603402357	-4.035887390111216	-7.994364679000231
6311.0	1.606160631145587	-3.057506692552182	-8.010581560838354
6312.0	2.2998044324797657	-3.0163438103484896	-8.315238404645148
6313.0	1.7998535184099598	-2.8342216476062454	-7.930998520628907
6314.0	1.8599584775992144	-3.3478539838471635	-8.454587834570159
6315.0	0.5720454051030914	-2.685529410309663	-8.487163366607053
6316.0	1.361685242239589	-3.227370004726566	-8.17166519425564
6317.0	1.5069962980554066	-2.674171883309477	-7.723985516779382
6318.0	0.4084275074340086	-3.7849218745638282	-8.134512528401853
6319.0	0.0005423589508162241	-3.216341345151893	-8.273455352406742
6320.0	-0.2412494330163053	-3.846535254946123	-8.233796114485944
6321.0	-0.6866869094394087	-3.7379787906092092	-8.052609905302436
6322.0	-0.3353303506731805	-4.28880323305839	-7.886158165579346
6323.0	-0.6343783947499886	-3.9585219127195117	-7.9643877874715345
6324.0	0.5768412472702646	-3.892041462014525	-7.446579990615811
6325.0	2.4331433674189102	-3.9787654739629725	-7.0345624715080595
6326.0	1.3978427380020837	-4.04916844266525	-6.662709371364873
6327.0	0.7146849753536417	-3.606767132714266	-6.448093771947459
6328.0	0.7337149363826517	-3.3928745594318426	-6.304426527627904
6329.0	-0.4221808340642777	-3.8967032455211474	-6.210589773037332
6330.0	-1.0192233722694364	-4.822825554465144	-6.529200744955237
6331.0	-1.6903583925038683	-4.8647774263449755	-6.395535845060301
6332.0	-1.520866784870809	-5.406489030133275	-5.985271695441419
6333.0	-1.9115534761081168	-4.982338470849507	-6.304902044829285
6334.0	-0.9960453379133511	-4.6437157434269665	-6.344086916706108
6335.0	-0.48136441108605943	-3.976680620900499	-6.303523157146958
6336.0	0.639622442549185	-3.711410224111381	-5.93958606965378
6337.0	1.3611172045182047	-3.9427967919996414	-5.960929970028793
6338.0	0.7885596289746373	-4.154959909101673	-6.199928671294215
6339.0	0.090923368821624	-3.588253593197932	-6.357337882398523
6340.0	0.25969988261795307	-3.2148350805684984	-6.234685915893725
6341.0	0.5414885685089939	-3.3968082036783054	-5.9823101442175455
6342.0	0.9966228597091934	-2.5742574058394854	-5.914032636954125
6343.0	0.43194746843772575	-2.6071493017288483	-6.481370946702625
6344.0	0.6629924083403724	-1.8868629334632068	-5.728549229806583
6345.0	-0.14046894986065922	-2.1709225834947268	-5.854859298663857
6346.0	0.2720378765862083	-2.084964639441519	-5.590338370124779
6347.0	-0.1152592058794848	-2.6122748316767175	-5.717698446000558
6348.0	-0.22719507730209554	-2.3225753114834835	-5.211275238552685
6349.0	-0.0014236787350693468	-3.322276726706397	-5.465737866968459
6350.0	0.12892746184069373	-3.425721638847655	-5.6594989407503995
6351.0	-0.24547104348802093	-3.3905413274134943	-5.457640038245921
6352.0	-0.2901770402683619	-3.540368170875354	-5.5794463936114385
6353.0	-0.43423835378260217	-3.703669653318189	-6.062333260846631
6354.0	-0.9283651872428209	-3.8694209337534096	-5.675011785044603
6355.0	-0.8444894392645459	-4.2849523180506734	-6.057223551645927
6356.0	-0.9209221374854942	-3.6596020639222138	-6.344800098965231
6357.0	-0.38400105807196316	-4.2345589295554475	-6.252086106316294
6358.0	-0.8869628564650528	-4.446027703886415	-5.881001127618231
6359.0	-0.6242336115635885	-4.243485988638234	-5.893671768346079
6360.0	-0.26062986676764344	-4.385991800074786	-6.0062945500895175
6361.0	0.12527331326632563	-4.37865902368843	-5.5104380306446235
6362.0	-0.9286641093219491	-3.0680441823594204	-5.927609216148716
6363.0	-0.7684728730456316	-2.828270108856203	-5.695341733048222
6364.0	-0.40131963036204477	-2.3168509505256347	-6.922065227513305
6365.0	-0.7099304901862571	-2.60812443536895	-7.445401482828686
6366.0	0.15602129991723568	-1.7265851821179599	-7.6044537812167485
6367.0	1.437449193089157	-2.7871846107393177	-7.799008068029006
6368.0	-0.14226227780378004	-2.7407679297203122	-6.888626909647614
6369.0	-0.8576870778376449	-3.5231605762755027	-7.092211790287568
6370.0	-1.1326155445165869	-3.6179947145942846	-6.901474352619321
6371.0	-1.3423549185649348	-3.7336010583642456	-6.975394927889068
6372.0	-1.255795687560483	-4.5502068751031635	-6.907936527156653
6373.0	-1.8977398208492042	-3.8820516716432003	-7.559520994308972
6374.0	-0.6007283438728273	-3.9947881680079287	-7.732720795043149
6375.0	-0.51100557097906	-3.5978785453388338	-7.4773795336886755
6376.0	-0.33130480682350755	-3.4479049306044	-7.537512083708708
6377.0	-0.1849158611782863	-3.5920579053887334	-7.50760204203786
6378.0	-1.0059288396872301	-3.402587630332334	-7.743449237918818
6379.0	-0.4827056104220965	-3.2378581250091374	-7.683077120639369
6380.0	0.39909471278387615	-2.570596693028203	-7.871125111612299
6381.0	0.14572015908447356	-3.433591554929347	-7.6491815367753135
6382.0	0.031240814259949512	-3.7618313624481625	-7.713477265989985
6383.0	-0.7479910563932852	-4.633768732738367	-7.02445594256442
6384.0	-0.2989492910390544	-4.296432098023314	-6.665761160604428
6385.0	0.4178006307089608	-3.7975830950429437	-6.761086401350781
6386.0	-1.092777862798463	-4.217399008790802	-7.4139482260265215
6387.0	-1.1924482375926282	-4.646512294024687	-6.875172461838736
6388.0	-1.9909153291549848	-5.071367492916055	-6.937850302597279
6389.0	-1.753939904283646	-5.484475006747371	-7.030170828757259
6390.0	-1.3497938806655037	-5.497767591152621	-7.196605241072732
6391.0	-0.7135401887525008	-5.415296390287062	-7.094475238835682
6392.0	-0.5643725067395529	-5.40513369566846	-7.031008817203981
6393.0	0.2067700952162609	-5.068163333515657	-7.9595997153907625
6394.0	0.816482934721989	-4.060265495018771	-7.621098397818002
6395.0	0.5746456381766067	-3.9194309593955805	-7.373929131944762
6396.0	0.6805154979632885	-3.2848770523006903	-7.785161060991367
6397.0	1.4041001284005794	-3.44723999779111	-7.820115525934644
6398.0	1.067536440907585	-3.8796513764765668	-7.68808320065084
6399.0	0.9349493753765219	-3.5678567674785526	-7.355956896901389
6400.0	-0.09832571721224176	-3.5205839894734234	-7.5375523804524125
6401.0	-0.43648453137638865	-3.135561947931783	-7.119079572399516
6402.0	-1.1982507206952846	-3.6814199828188663	-7.399751559862847
6403.0	-0.574068860161616	-3.2564656958643763	-7.636119485005437
6404.0	-0.465432743052423	-3.2734316550605693	-7.302940600541431
6405.0	-1.262338499611157	-3.1182994521379914	-7.025080271207177
6406.0	-0.7381162451233166	-3.015030778972317	-7.32918256545509
6407.0	-0.47340219320467425	-2.7161520593213457	-7.423213337360115
6408.0	-0.5647817698515327	-2.5640834027014545	-7.522963404073537
6409.0	-0.30013247091552797	-2.7475890678123265	-7.722126790807941
6410.0	0.0078909460408505	-3.2324306319970324	-7.583697846365025
6411.0	-0.005851031731332279	-3.4140575446399906	-7.306594350302179
6412.0	0.3553356910121914	-2.5641756625635415	-7.33969122861849
6413.0	0.41071073035218014	-2.739027042745971	-7.486886926094244
6414.0	0.18677430980854223	-2.6066998623377624	-6.736997290074035
6415.0	0.654906933789438	-3.394321529837873	-6.572644594399473
6416.0	0.18481596310879614	-3.5799313949290767	-6.674637357910288
6417.0	0.5350339951438324	-3.3498130802760033	-7.012474696617729
6418.0	0.9565917862267008	-3.4163147930823556	-6.621143561686253
6419.0	1.052628335396319	-3.2352599361525027	-6.895216177697993
6420.0	0.4525143049672726	-2.7019135457571064	-6.925968542008119
6421.0	-0.5158047291586805	-2.445078469099559	-7.049803373219116
6422.0	-0.7090402538967415	-1.8899069327478468	-6.963006783467721
6423.0	-0.023981109809798395	-1.8671447831984882	-6.9942414393518115
6424.0	0.5456746244848796	-2.7140828320040775	-6.957134755306259
6425.0	0.638762071162529	-3.2406475371339494	-7.497474591941344
6426.0	0.6013124010683288	-3.3691014863506954	-7.43493539849922
6427.0	1.2494256864657864	-3.4437734765435044	-7.544831608727667
6428.0	0.7608124340306806	-4.1016695818887	-7.250383112662221
6429.0	0.3759102432121217	-3.825471220319098	-7.262054036274658
6430.0	0.2116699752592296	-3.95577198138735	-7.100490889587382
6431.0	-0.18423136809073348	-4.105807973621283	-7.281911957644101
6432.0	0.8390127184673313	-3.5897906650895557	-7.191632243643971
6433.0	1.3628427490205808	-3.9970722315278766	-7.797019661132249
6434.0	1.1351652619961194	-3.9301347883669897	-7.388647479139058
6435.0	1.5657302755323932	-4.014169098129541	-7.67656024276527
6436.0	0.9772222449045549	-3.847553011731076	-7.391036635487993
6437.0	0.657395554066067	-3.640347701072473	-6.550460525039489
6438.0	0.6113366449738524	-3.648049977607226	-6.639753590820906
6439.0	0.716598639895959	-3.7019454722654723	-6.77096133048187
6440.0	0.2728726185591275	-3.263621240041729	-6.683637264965031
6441.0	0.31208707272115416	-2.835246780438495	-7.22913557664679
6442.0	0.13825221902216492	-3.5894825647082884	-6.895062667329834
6443.0	0.5655609792028072	-4.0530912934981895	-7.244672668513883
6444.0	-0.026416447918146777	-4.514933141425445	-7.606505188775051
6445.0	0.5457560713688311	-4.814071251461004	-6.958683429261093
6446.0	0.7986208085840033	-3.710993033039913	-6.959893930583887
6447.0	0.5434264271888202	-3.5226668288815346	-7.106174523391318
6448.0	-0.14677157267841034	-4.4777776439881265	-7.353939725270238
6449.0	-0.2281898686198689	-4.5020453363206965	-7.637483135373573
6450.0	-0.11747892242522523	-4.887796012621923	-7.469090156801449
6451.0	-1.9045027464253321	-4.979782679385665	-7.0836652103972995
6452.0	-2.2126027023489345	-5.776988977201015	-6.6544860202592275
6453.0	-0.8897756687183997	-4.93796737717789	-6.788256078435917
6454.0	-0.08463024973866207	-5.094188633465556	-6.516296845726934
6455.0	-0.6928465311454766	-4.787066813292346	-6.259384976940811
6456.0	-1.5960527783805976	-4.337498568848246	-6.683929151226272
6457.0	-1.1376265206653993	-4.447050142395109	-6.894411867071166
6458.0	-0.3745786753753543	-4.713844655906255	-7.260049240113688
6459.0	-1.06867396342708	-4.279283265300293	-7.40039485885741
6460.0	-0.7894885249389546	-4.583758888995844	-7.714056354672877
6461.0	-0.9081984264652451	-4.633198441988475	-7.305040515130933
6462.0	-1.1726296436483594	-4.406050100956035	-7.0831225969612905
6463.0	-0.49005186264862793	-4.034793148992458	-7.404933598883439
6464.0	-1.159965841328916	-4.605760261923858	-7.679676611131949
6465.0	-0.28466448103320635	-5.219462828204933	-8.163356955282536
6466.0	1.10593479682531	-5.22316810398827	-8.24538516096804
6467.0	1.1128795915440668	-5.46249431519201	-8.106943485264773
6468.0	0.903735533625144	-4.932034025340891	-7.859543838908684
6469.0	0.31918609532055436	-4.345635982637128	-7.71868462828676
6470.0	-0.337751350986754	-4.129452865152107	-7.739729691202788
6471.0	-0.7037873579654013	-4.228233868624067	-7.457408513029885
6472.0	-0.0850420502454452	-2.73308988238771	-7.7438425797154276
6473.0	-0.41613142034644224	-2.3600369800631196	-8.05703404074815
6474.0	0.8063146592157571	-2.501988331790083	-8.347180076464483
6475.0	0.8384028022151846	-3.1881763406739245	-8.04088309336607
6476.0	0.7091542597988812	-2.9491703403518086	-8.325090350750967
6477.0	0.313167872164545	-3.548811595984199	-8.139059612577393
6478.0	0.1478099591334507	-4.106147816852396	-7.705667601580649
6479.0	0.45525085622292083	-4.169650467056743	-7.36711540490858
6480.0	0.35765250422047506	-3.9331568199395615	-7.442048246882368
6481.0	0.3506226629760231	-3.7542466975884454	-7.205144888117697
6482.0	0.5655763264102132	-4.144508272559679	-7.350333023908877
6483.0	0.7176786041407446	-3.5326491588306803	-7.412993652251953
6484.0	0.8667745459858447	-3.5473031339100505	-7.31646602356497
6485.0	0.6769809005697341	-3.7630367443158326	-7.173912033540436
6486.0	0.9447602476450134	-3.8359291148459924	-7.061640095318866
6487.0	0.8429746349860083	-3.7475201602399535	-6.401265686972236
6488.0	1.843909168493926	-3.571549924067767	-7.109401061057328
6489.0	1.7358096391868383	-4.323689321726798	-6.767047968255671
6490.0	0.7209704922353068	-4.319291201689402	-6.472890623619543
6491.0	0.8010071727228397	-4.35185971876248	-6.410461346029156
6492.0	1.4440182185292916	-3.439339732218949	-6.477936156653432
6493.0	0.8500750788563465	-3.58447396386058	-6.279441178725255
6494.0	0.006376452919216735	-3.6708094591961187	-6.101039503152726
6495.0	0.09424266878078091	-3.1805110595041244	-5.998216426715363
6496.0	0.21199336757270504	-4.088739913022656	-6.447454260283116
6497.0	0.1431764087071673	-4.3495103515955265	-5.677818689748724
6498.0	0.0020879028917392684	-4.634671388441146	-6.39911512588282
6499.0	-1.394935609509473	-5.140414580898415	-5.786304143729087
6500.0	0.911078534342633	-4.948244493659758	-6.282775325921653
6501.0	0.1804236963474608	-4.679979597881888	-5.423596853447485
6502.0	-1.2084606727506437	-4.356537479728152	-5.60014102542314
6503.0	-0.3307074174987944	-4.4778319577392285	-5.453106351421598
6504.0	0.15781025192528286	-3.697454705305952	-5.703020402994669
6505.0	0.12492537997230149	-3.2364614173908604	-6.458576278023092
6506.0	-0.1258595122664115	-3.2630466921639916	-5.84038116529304
6507.0	-0.5511175434467325	-3.05251780687398	-6.345715323013147
6508.0	-0.36403445848447236	-2.345314323885721	-6.463304933015124
6509.0	-0.22581764782846814	-2.6328020730793096	-6.343475869719149
6510.0	0.14841503840716663	-2.8623963649405795	-6.099415570953493
6511.0	-0.46294237652505466	-2.3401908448809996	-6.5540814732805375
6512.0	-0.30433887731352305	-1.8937937871117696	-6.690432090627958
6513.0	0.654436525665791	-1.3822479244711268	-6.629710220470404
6514.0	0.1484001294973265	-1.187113889651419	-6.686651461790163
6515.0	0.42690276493297563	-1.5392782447041324	-6.3310402752204675
6516.0	0.43218884030977134	-1.671419422010202	-6.569158815889229
6517.0	-0.2049952352525265	-1.6421106902023423	-6.690332862353069
6518.0	-0.09303528362447855	-1.6641242048142453	-6.913995389716715
6519.0	0.6751665496682846	-2.527457174331069	-7.068917519043632
6520.0	0.27598862604887664	-3.0438231772955304	-6.787350310612882
6521.0	-0.6664301281670466	-3.191103251250702	-6.839235156233807
6522.0	-0.8485172833385806	-3.99600703242276	-6.581827214923818
6523.0	-1.5546202539477503	-4.482184174028727	-6.844991387300686
6524.0	-0.21109577411146097	-4.679371561527974	-6.870466759126701
6525.0	0.1713766665244043	-4.998310001099284	-6.8749148040954235
6526.0	0.04932194147281466	-5.082329336521586	-6.610488343059137
6527.0	-0.3650375575103715	-5.142183427150614	-6.868404195043421
6528.0	-0.6952717116800103	-4.355672351992901	-6.514572939873715
6529.0	-0.1239327831219921	-4.540184959053249	-6.867385666063885
6530.0	-1.0504256769771145	-4.64320441313322	-6.480360465635932
6531.0	-1.7251135905458779	-4.263706935617871	-6.281417281249932
6532.0	-2.1008524346011956	-4.288604082491629	-6.459920758107095
6533.0	-1.2316009109402895	-4.003231986108732	-6.4745120645798675
6534.0	0.3645594714713874	-4.057168965401952	-6.394228548499662
6535.0	-0.5013199801354706	-4.216455855968705	-6.470984963714827
6536.0	-1.9087085925999323	-4.530871746316773	-6.230890576725218
6537.0	-1.592407034921675	-3.743225825210023	-6.283828914829105
6538.0	-0.8986796021465007	-3.42123481968664	-6.159926569326911
6539.0	-1.2991374532806867	-3.141157232651257	-6.290925688867696
6540.0	-0.423642959218999	-2.983065784554427	-5.64648721567773
6541.0	-0.03520160744099285	-2.8739661546198914	-5.652947044664004
6542.0	1.184356072511808	-3.2661510285471134	-6.045398876170493
6543.0	1.3673789266733143	-3.3524338512337932	-5.703619621086246
6544.0	0.447940491934643	-3.7302593351183027	-6.016546641521661
6545.0	-0.5107834101926643	-3.4464426184279966	-5.58413580800648
6546.0	-0.14518229986734038	-2.7415820544946645	-5.444270790249663
6547.0	0.9352887713457517	-2.836535998289908	-5.820938432125224
6548.0	1.5025268410100583	-2.9974394312422006	-5.377919017180432
6549.0	1.5380317208054333	-2.9536626155658916	-4.8455102850686105
6550.0	0.8612898154150476	-3.032016146733394	-4.976462548281015
6551.0	0.9426164981631049	-2.9861270101628032	-4.332743836729539
6552.0	0.12943454202214597	-2.756350543686964	-4.479627013815785
6553.0	0.5573817191186526	-3.324285249480394	-4.638466316708118
6554.0	1.398692897844934	-3.1609171010061	-5.083634045832479
6555.0	0.6723324481386	-3.093317076497686	-5.143495721179407
6556.0	0.13163687327925316	-3.1386545771183396	-4.534580049554939
6557.0	-0.139970741254145	-3.8309611129827488	-4.269035258200455
6558.0	-0.7756750871258717	-4.366651874679713	-4.248899760148081
6559.0	-0.7401560215594063	-4.4259112736464035	-4.072171074437625
6560.0	-0.797861214627937	-4.1802707638308485	-4.478316908613202
6561.0	-1.3581138000155402	-4.456607399797527	-4.598640768041908
6562.0	-0.9511790517420853	-4.717800371189048	-4.7993695102603295
6563.0	-1.3542555003207377	-5.244495984913098	-5.568255892121143
6564.0	-1.7462130142561914	-4.78293464967401	-5.690594528940611
6565.0	-2.793659914292674	-5.089172214581746	-5.517982824970637
6566.0	-2.3242411263194285	-4.382479477051786	-5.666875302807994
6567.0	-3.3115537727974536	-4.293022431386255	-5.742717336261936
6568.0	-2.617620028252556	-4.461846398976349	-5.751511897795785
6569.0	-1.6094892811379022	-4.2645995233312535	-6.33245406551212
6570.0	-1.4388387052206701	-4.048854522607591	-6.324899569454448
6571.0	-1.3352036681105441	-3.7407196078585634	-6.701227518364744
6572.0	-0.7354122732918011	-4.393593547934753	-7.314823964350875
6573.0	-1.0478103218399943	-4.37278986783128	-7.325308169971809
6574.0	-1.151798010209764	-4.824741509759101	-7.358453881020448
6575.0	-1.2638452788691255	-5.1057217734102345	-7.088625461519803
6576.0	-0.6285195050314771	-5.052468248753439	-6.720395774800871
6577.0	-0.41827246559935943	-5.2646561857902805	-6.565380386300334
6578.0	-0.15760318042563864	-5.024624958509271	-6.2625405135870205
6579.0	0.4069415286013689	-4.747898643745024	-6.43535305828386
6580.0	-0.4489094987052513	-5.215858262855225	-7.066046450734307
6581.0	0.4081016599808765	-5.656442382308323	-7.235550594810948
6582.0	1.384067567219342	-5.392297216255933	-6.744444901542379
6583.0	0.9650152040929989	-5.413919477050248	-6.782993444150062
6584.0	1.1613985883901987	-5.638932886619248	-7.799869692231953
6585.0	-0.17037191123491635	-5.411355838946207	-7.391551406652796
6586.0	-0.34158654525798565	-5.436579084152517	-6.9158470663135905
6587.0	-1.2081284672276906	-5.8097954360729185	-6.677821102159089
6588.0	-1.4428152522227327	-5.330862401216553	-6.843838773767162
6589.0	-1.2268334055439416	-4.751929837143155	-7.691134425706379
6590.0	-1.5605350444420887	-4.377511988185958	-7.811198223791894
6591.0	-1.2154612227905668	-4.469690688756097	-7.626904606110552
6592.0	-1.557324924444598	-4.416437655646496	-7.697436672648091
6593.0	-1.5163575099893838	-4.128622969654314	-7.59418917669378
6594.0	-1.3961207476945456	-4.283934849085421	-7.294799310139303
6595.0	-0.693183393247641	-3.8423715434566152	-7.151124878618169
6596.0	-0.6410837411139148	-3.644037286766051	-6.99109134690464
6597.0	-1.0190751578531194	-4.1725734142566075	-7.001006306443579
6598.0	-0.3649791258417614	-4.00258123085091	-8.271850196118915
6599.0	-0.12666889432854478	-3.763251915149972	-7.811246821709561
6600.0	-0.40864174028897965	-2.837076053052894	-7.537919231774294
6601.0	0.43575859303086273	-3.2784685741556707	-7.81355761668182
6602.0	0.5636957877259583	-3.1164770363904304	-7.7108418409083
6603.0	1.0230710449072835	-3.3784129714761946	-7.93645340494689
6604.0	1.574408715050735	-3.3217716398810353	-7.43638254249974
6605.0	1.3780390955638746	-3.2346838611154984	-7.0224378192201655
6606.0	1.334906837887086	-3.861746210065982	-6.851688831855798
6607.0	1.3659906817647482	-3.5693167812790834	-6.711168106151091
6608.0	0.9370837178565837	-3.4907847315665066	-6.132486564227639
6609.0	0.8587704135700792	-2.72488276206532	-6.249676921793601
6610.0	-0.40723663362179385	-2.688874750291358	-6.202843145923216
6611.0	0.2649252647970295	-3.1849350590101495	-5.74415226509368
6612.0	0.7929151670056225	-3.2767258309594576	-5.767388172989243
6613.0	0.7238598140968869	-2.4623626750003913	-5.370751572835962
6614.0	0.22495252941516555	-2.109136303303126	-5.982628831535381
6615.0	0.09311729999461357	-2.806987216234357	-5.948398160408961
6616.0	0.18014499277750737	-2.999170174980371	-5.706152408076374
6617.0	0.8086559622942253	-3.147161840323068	-5.025170555990558
6618.0	0.8311365236218762	-2.9975185265640523	-4.98239720829812
6619.0	0.30667297273792987	-3.324224742877925	-5.366018862503964
6620.0	0.049781885707002704	-2.971272164844097	-5.071599543588718
6621.0	0.13606604400217281	-3.7793311711328554	-5.428779931112802
6622.0	0.8058638858965315	-3.4290170199076253	-5.860342078994524
6623.0	1.3914232241011382	-2.696263185230788	-5.799891945738072
6624.0	1.4988629590370364	-2.1901904670360377	-6.064022735447322
6625.0	0.3300308214462708	-3.270565116245065	-6.257823724138545
6626.0	0.5845501873219514	-2.4690810975094366	-6.571775797989994
6627.0	0.40877033509247707	-2.3715397647332326	-6.3566334709352095
6628.0	0.02117494966294009	-1.0140686648597184	-6.038689631470996
6629.0	-0.7821830865136052	-1.4898144991789042	-5.878851413470059
6630.0	0.08807912137506702	-1.5743631437077195	-5.82390091275099
6631.0	0.4794951941413622	-2.007226841328282	-6.365885420839304
6632.0	0.32297978285881507	-2.5359697454869736	-6.436918244598681
6633.0	0.36821739850085566	-2.3966649952032273	-6.111996753916095
6634.0	0.44319429036142755	-2.5877790318742906	-6.727247791406404
6635.0	0.12943766740630297	-3.1157534485061427	-6.281137890792672
6636.0	-0.41465434151179104	-2.8496589280882008	-7.029990968195649
6637.0	0.5186852698992463	-2.876566970092895	-6.406929901360378
6638.0	0.053504057837097996	-2.561218250823905	-5.99687585475398
6639.0	-0.1637254856113105	-3.004927781730625	-6.1818517717381125
6640.0	-0.9010870191982308	-2.8345163048792545	-6.684030988780477
6641.0	-1.0036447970888722	-2.120215353044018	-6.604960186684287
6642.0	0.18633445062987408	-1.4832024944758297	-5.5688599926583
6643.0	-0.8740143673505227	-1.5089932178427095	-6.036870366520667
6644.0	-1.2991449982921606	-1.2951886373953996	-5.545153793686483
6645.0	-2.107941581607916	-0.9185703971240009	-5.408734496295453
6646.0	-2.415079752522269	-1.2639885924264704	-5.274310244889675
6647.0	-1.7204122340714436	-1.2988262303054436	-5.66400463879882
6648.0	-0.6569598959965979	-0.866214219492321	-5.402267392330182
6649.0	-0.2560278139283233	0.11733686773128449	-5.465156067897058
6650.0	0.6090174544736409	-1.0504656427379517	-6.020088720972138
6651.0	-0.2874122816155746	-1.340410045223543	-5.974583585656822
6652.0	-0.8180192068865384	-1.9055711003868652	-5.589970862634162
6653.0	-0.9642518241057194	-2.019508905690412	-5.04560734065398
6654.0	-1.4631349258820536	-2.067668344025538	-5.248119954061231
6655.0	-0.7420759756082345	-2.2320792912323695	-5.093569097026382
6656.0	-0.863139701458879	-1.9258132504864576	-4.9961932404476865
6657.0	-0.29634566793666683	-1.9126419633652727	-5.2972210914143085
6658.0	-1.131738928125149	-2.8900840854094447	-5.463397386113865
6659.0	-0.8168724165428909	-2.5540813873116264	-5.03489279662705
6660.0	-0.9693147801215913	-2.508720069382429	-5.537186970225805
6661.0	-0.5530590430931229	-2.520926910193726	-5.160770664554963
6662.0	0.4552020454458545	-3.095280307985778	-5.462608087311316
6663.0	0.09049192811493606	-3.7405379457413597	-6.088414478085881
6664.0	0.05198825725371667	-3.8668047936248335	-6.196830576336663
6665.0	-0.6151674810192812	-3.7508447190092	-6.584522579773077
6666.0	0.15893211927326445	-3.5273790832612777	-6.637064495315007
6667.0	0.5668418747209121	-3.4276502044654036	-5.936320369071225
6668.0	0.2904039311361887	-3.151724153516124	-5.999732673825266
6669.0	0.9417241537208876	-3.221900873810916	-6.366758644601956
6670.0	0.9863884416194759	-2.562662275559848	-6.320755487142443
6671.0	-0.47807105011623685	-2.8276658787270352	-5.911242064792857
6672.0	0.140634734349381	-2.11220087087714	-6.3070169402720495
6673.0	0.34877701894958457	-1.7397944828702787	-6.561545144859424
6674.0	0.9477737104156896	-1.1302342171787045	-6.874278196974759
6675.0	1.6662071102817926	-0.9486842114040959	-7.231596340259659
6676.0	0.8222629401157767	-0.8791059786765686	-7.4294130738986315
6677.0	1.292363805536151	-1.1843306408281509	-7.49499830797571
6678.0	1.0269720377210512	-1.7526762338301851	-7.621605706063654
6679.0	0.8503435414320318	-1.8130084913720277	-7.720983309929606
6680.0	-0.2935048160828999	-1.8020236018300653	-7.347947989665546
6681.0	-0.8296595050480574	-2.4468097866859484	-7.317773300092643
6682.0	-0.7990640349099549	-2.5803447716878245	-6.9922566286914
6683.0	-1.9715092550569464	-2.0946204652075315	-7.204679373741841
6684.0	-1.3242248204623486	-2.0348485175590563	-7.468393206317411
6685.0	-1.0312128520323642	-2.525451717791599	-6.695788665331023
6686.0	-0.2599092857386787	-2.571695145217239	-6.688719727429649
6687.0	-0.03137162565048503	-1.9629757977957911	-6.326737685040943
6688.0	0.06338656989864695	-2.0786867622181227	-5.661817505253875
6689.0	0.5845939117546971	-2.325952678075729	-5.213405636062718
6690.0	0.12205281248941496	-2.617707991488988	-6.077290515695938
6691.0	-0.08229004124037109	-2.456103901665613	-5.851993262978621
6692.0	-0.2240688195239532	-2.625426523097525	-6.139245763553935
6693.0	1.0270263354424372	-3.266200201974249	-6.018080017358255
6694.0	1.791330991023361	-3.422378847060456	-6.565736771712843
6695.0	0.6817832328218354	-3.5693330093381936	-6.457951982984287
6696.0	1.4764697170489391	-3.4050075172136145	-6.479612579605883
6697.0	0.6512961840321561	-3.074008002468626	-6.523623678499349
6698.0	-0.012611292641664384	-3.981610993660717	-6.3412045762937
6699.0	-0.1843476270183629	-4.203416994786145	-6.421969081725439
6700.0	-0.49483442464630695	-5.084478187004732	-6.079137656819789
6701.0	-0.13540654127375068	-4.978546688811885	-6.348389496354056
6702.0	-0.5274951553897698	-5.404157164973424	-6.258024078470164
6703.0	-0.5112916442399061	-3.8752104382385064	-6.048570731203194
6704.0	0.4368079146698967	-3.543993235827993	-6.247018411507068
6705.0	0.5317570452888045	-3.9437043691549656	-6.580026421521715
6706.0	1.0395860771265755	-3.828818194167813	-6.370049546215883
6707.0	0.5114430516198577	-3.2239398921455478	-6.482103808922558
6708.0	0.3919419625201238	-3.283294725485	-5.751786727540203
6709.0	0.9581764284711276	-3.2940740923213774	-5.837018811996955
6710.0	0.2562717715074214	-3.510969767406821	-6.093566363914784
6711.0	0.10052675566584186	-3.6447454306608136	-6.6359366672055105
6712.0	0.6676683751083984	-4.180445946823696	-6.610910373749153
6713.0	-0.07065110649389736	-3.705463331135877	-6.2596819756543125
6714.0	-0.05430675382155446	-3.956956284877169	-6.565386696221739
6715.0	0.1154248392413643	-4.510486450736136	-7.075613195670278
6716.0	1.2238939443711063	-4.3301140585543205	-7.1659214970318175
6717.0	0.9390647715924635	-3.6953767937058597	-6.630938948000623
6718.0	0.22667275865073078	-3.80564834893396	-6.869362481640661
6719.0	-0.6320923989460767	-3.950898139741769	-6.513334409721585
6720.0	-0.7856484642512799	-4.089909302166304	-6.951393859684983
6721.0	-0.7475395832240195	-3.7900576257909315	-7.258661681516682
6722.0	0.2236711437058399	-3.2541895247977277	-7.433291394518788
6723.0	-0.8251999962835544	-3.580749496838453	-6.789172337270934
6724.0	-1.0183856174767572	-4.468996394385421	-6.815787456924594
6725.0	-0.35422510501023463	-4.42167712525081	-6.825052617204118
6726.0	0.12120119776869087	-4.062240856709352	-6.9408427988114365
6727.0	-0.18417407930614815	-4.291776727844949	-7.130661477294381
6728.0	-0.33134752969911285	-4.206660107566242	-6.581237938947391
6729.0	0.252049501946603	-4.234953745250225	-6.409429886428316
6730.0	2.274661242758169	-5.0253691988360725	-5.697414249747066
6731.0	2.561769336692575	-5.753120662062375	-6.05987930674627
6732.0	2.046513178493493	-4.9288237503274415	-6.269130790712807
6733.0	2.744326635521979	-4.963467178622452	-6.909448377758469
6734.0	3.37930083075539	-4.9689344060635845	-6.9744406469860465
6735.0	3.2705395687611007	-4.2837182398174285	-6.882879692438392
6736.0	2.83488845862483	-4.269058631848445	-6.815798922256834
6737.0	1.7659521313751267	-3.9494355745496614	-6.763054471987626
6738.0	2.3193629896869847	-4.779118422040525	-6.839226548247769
6739.0	1.5226814418894867	-4.062202743824832	-6.887114424102041
6740.0	0.9337014378589958	-3.285505986429744	-6.852256773387764
6741.0	1.789169130135759	-3.287560564678955	-6.646483530569876
6742.0	2.1290758196363964	-3.111783301889882	-6.732563464619869
6743.0	2.2470750923454026	-3.723416377739799	-6.806945928827518
6744.0	1.9878997933051163	-3.518954776234329	-6.851311217839929
6745.0	1.4405598294739916	-2.8328053355652796	-6.5504297339802475
6746.0	1.2231153185198185	-2.702298087000218	-6.589468188184456
6747.0	0.9344695314457846	-2.8809124940892215	-7.055557910528547
6748.0	0.8580863552685741	-2.5951399540033258	-7.095576434451491
6749.0	1.4361766587259688	-3.05750195544839	-7.275500454747343
6750.0	1.5546680902461125	-4.225271377728837	-7.456967768963805
6751.0	-0.13969898338608172	-4.462543414022492	-7.484030107807591
6752.0	0.04747852371080025	-4.756099591327773	-7.932115537900903
6753.0	-0.11254776358604787	-5.023613858970022	-8.675936243594633
6754.0	0.9336121691701641	-5.159640253038112	-8.821359038894235
6755.0	0.1401612330902246	-4.3266113812180595	-8.7097490528096
6756.0	-0.7066760792659021	-3.5386726423983785	-8.873191639664872
6757.0	-1.3199638961882887	-3.7607277462952444	-8.780781098269033
6758.0	-1.7663831892218114	-4.115030618521205	-8.629255654621186
6759.0	-0.9426442985196658	-3.5501994339367693	-8.487179849229701
6760.0	-1.4080909528378882	-4.030684648946261	-8.351063796896058
6761.0	-0.5542087711773774	-3.844290521585293	-7.910485380402865
6762.0	-1.1990292210415257	-4.584897760902515	-7.72521598810899
6763.0	-1.584479828035862	-4.5346234607026075	-7.394229356318184
6764.0	-2.472246214043498	-3.734941243327679	-7.090071470164123
6765.0	-1.5566498418533001	-3.3523582737798305	-6.655142139911846
6766.0	-0.798189822073412	-3.588933633565333	-6.580852768104149
6767.0	-0.7256577377306754	-4.3089207636705025	-6.741778883768323
6768.0	-0.7798996505905738	-3.1866936185290227	-6.475291841904973
6769.0	-1.3560037861622547	-3.746120493584553	-6.410650985060058
6770.0	-0.5851946284642671	-2.7473164651216244	-6.191097011502193
6771.0	-0.8333974242845807	-2.5055923741973634	-6.29144615922558
6772.0	-1.4004159432122625	-2.507666375503115	-6.776605468015306
6773.0	-1.6935927795092058	-3.2294418783184726	-8.052338401472138
6774.0	-3.0088250792265567	-3.3354343633788486	-7.844041874893255
6775.0	-3.1000956389893464	-3.813798520680214	-7.8927444032954055
6776.0	-2.7913496794180515	-3.9728860882995924	-8.094880993726498
6777.0	-3.360056532857029	-3.7546264155753937	-8.264758080241702
6778.0	-2.5105660920458677	-3.4700855068534957	-8.311519452350991
6779.0	-1.3793486382297717	-3.234853834024758	-8.295861791762132
6780.0	-1.3909598283731737	-4.04892683953916	-7.534267902350063
6781.0	-0.8583261190236627	-4.025782356287612	-7.628698345643198
6782.0	-1.1236634782122896	-3.624793265916968	-7.028678281436636
6783.0	-0.9705287077977139	-3.8208858822449514	-6.981136566169669
6784.0	-1.7238652569002781	-4.265933941751269	-7.151659929328179
6785.0	-1.6337227811790278	-4.833956827588506	-6.959893119707925
6786.0	-0.3035593413755763	-5.207932414035039	-7.346883034457349
6787.0	-1.0418005545314157	-4.802391997020676	-7.411650254842932
6788.0	-2.071843464149474	-5.006354594090353	-7.856111139133317
6789.0	-1.701005172503385	-5.010240282964012	-7.444038713293169
6790.0	-1.2969152405961462	-5.650222355324694	-7.202582693626407
6791.0	-0.2506257925544773	-5.01158661402148	-7.45784678700541
6792.0	-1.2415795819540647	-4.612458069581027	-6.9104669711974465
6793.0	-1.1799381880374766	-3.786269966658647	-7.110282478968777
6794.0	-1.1658640054107736	-3.7376993665329095	-7.04725197641466
6795.0	-1.1907307064256236	-4.180261706886746	-7.1323039954348655
6796.0	-0.8162127050481005	-4.476668371906346	-6.679834624055681
6797.0	-0.1318858031521346	-3.675701118167179	-6.944237898774951
6798.0	-0.6716015551094775	-3.8647183143189596	-7.486474184316937
6799.0	-0.46091659635462406	-3.3720100388122725	-7.567932542423888
6800.0	-1.2049515481613593	-3.1922441974888205	-7.6497335901921275
6801.0	-0.7291131366017467	-2.6269798737491583	-7.485337903735525
6802.0	-0.7900754870994613	-3.175696013073907	-7.294134667039485
6803.0	-0.6220456405498566	-2.190742693604443	-7.53545670019228
6804.0	0.6090097963761952	-2.2846705177180286	-7.249914421798106
6805.0	0.15495660532089495	-2.2546919916868475	-7.100653097659265
6806.0	-0.9528713002461962	-1.7212374348948405	-6.803378798235963
6807.0	-0.9230079787667775	-1.370331003480763	-7.099854443429256
6808.0	-0.7758362957724945	-1.725294577732387	-7.685297184918367
6809.0	-0.5104138247816231	-0.7326577691822004	-7.548793317418964
6810.0	0.5180227751974509	-0.5116572913889438	-7.658987374592239
6811.0	0.6585959347784479	-0.88818913825895	-7.236282311594355
6812.0	-0.18206893639979765	-1.0675408299846167	-7.475226740840691
6813.0	-0.2434787082844523	-1.77217498799976	-7.384199960359495
6814.0	-0.6040511222146214	-2.0441405491287874	-7.025026604397464
6815.0	-1.015355578471479	-0.9226604602225341	-6.5772850528453315
6816.0	0.040095627641055454	-1.0910748757443998	-6.659822644085436
6817.0	-0.4506835956831422	-0.6723512934748526	-7.406826017389035
6818.0	-0.861286552294191	-0.9565358161671191	-7.396238960385485
6819.0	-2.3370497047389818	-0.9509336057385352	-6.10712188771754
6820.0	-1.927590924451795	-1.1456785586570015	-6.332934320942174
6821.0	-1.294701174522427	-1.9298199065317072	-6.549584476113183
6822.0	-1.4062912163614147	-2.209274607745429	-7.050985619421286
6823.0	-1.4248054586231256	-2.352127947540584	-7.122689506409695
6824.0	-1.442773634006905	-2.642716357996256	-6.6287988403747615
6825.0	-1.5218788940844477	-2.633526055966953	-6.31852436595897
6826.0	-2.019887824390528	-2.8682449432844543	-5.964522690334115
6827.0	-1.5649991420222333	-3.237078704315954	-5.625489594156947
6828.0	-2.194067253400798	-3.4668783834616055	-5.791370489289136
6829.0	-1.5021892086883213	-2.515076725487792	-5.567998749538091
6830.0	-1.9435771070447063	-3.229923180848724	-5.408481598115342
6831.0	-1.8469556272792669	-3.144740110180634	-5.797124608962567
6832.0	-0.48543213137240615	-3.908668722855259	-5.744778039517222
6833.0	-0.14180770590876213	-3.220068172044253	-5.778503848675038
6834.0	-0.12072874843262393	-4.101252329768206	-6.00881998739749
6835.0	0.45137734555709924	-3.5788151268829416	-5.629288673000653
6836.0	0.18138135052825982	-3.468448231090079	-6.10567661518008
6837.0	-0.9450158727048095	-3.782854775782878	-5.549631305512724
6838.0	-0.9583420979026827	-3.933060853865626	-5.277706685501007
6839.0	-1.8124211735387983	-3.899804947726952	-4.999960972826141
6840.0	-2.094423014556857	-3.7071877864739893	-4.412216239604106
6841.0	-1.8071428497046442	-3.5894829956765393	-4.452094118081756
6842.0	-1.555427131301287	-4.156109164305725	-4.571221748901525
6843.0	0.11710554797029124	-4.213979738208016	-4.36399455170837
6844.0	0.1547611775956128	-4.5849482937969555	-4.415971765392117
6845.0	-0.1683822431021219	-4.523990193034556	-4.296609653022189
6846.0	0.5305102898136309	-4.265238697055125	-4.158685770539467
6847.0	-0.7997921152319271	-3.5598369889855386	-3.822365561443368
6848.0	-0.3211384340356881	-3.062352619324497	-4.378164592212125
6849.0	1.028211413721428	-2.7977073790074254	-5.014417996074901
6850.0	0.9955295129627437	-2.7963448059980696	-5.52116732976983
6851.0	0.8825984465783685	-3.08636634426015	-5.748711462323945
6852.0	0.5734946887136256	-3.1405439459336666	-5.923789985565031
6853.0	0.10276624140400814	-3.3375665275846655	-6.458525560530468
6854.0	0.8232890479782277	-3.0933028449251503	-6.751398381870265
6855.0	0.188681749337956	-2.786897710716705	-6.1083512419364725
6856.0	-0.044829904697796796	-1.6683293179097816	-6.844803043580637
6857.0	1.389027305849863	-1.9817585539748892	-6.566192103808765
6858.0	0.793134404794786	-1.8435386751120597	-7.1218904955011455
6859.0	0.6300818688875274	-1.6439648987796203	-7.411831115829781
6860.0	0.7613184884905689	-2.1046488725664423	-7.355717421584156
6861.0	-0.5635063876131478	-1.6477008904543717	-7.216004692627534
6862.0	-1.0366796282923114	-1.1872693652013275	-7.191063342373198
6863.0	-0.40319367054237365	-1.8818198711116083	-7.259626071950573
6864.0	0.5930793984457186	-1.8453573948396018	-7.335192088493764
6865.0	0.34644837045044174	-2.181876706266212	-6.7212893085840495
6866.0	-1.628464602992884	-2.330251129726823	-6.392603166757195
6867.0	-1.5530439845006057	-2.795720676735983	-6.0604535653023985
6868.0	-1.7773297106361006	-3.418082793013661	-6.653144287330026
6869.0	-1.447270481398745	-3.648819952198761	-6.931843576883141
6870.0	-1.4334442575274773	-3.236065978155429	-7.447452168615712
6871.0	-1.4469520423039886	-2.7518395923420567	-6.460929390961015
6872.0	-1.6987861164714884	-3.6989424032797884	-6.544607917587857
6873.0	-1.6336702079264214	-3.9229789669933153	-6.405993792230884
6874.0	-0.5535570616270703	-3.97488808379642	-6.318917962931012
6875.0	-0.3138650206260526	-3.7311685126764735	-6.0426780608496475
6876.0	-1.2414966341335605	-3.1980888329660533	-6.115813437889431
6877.0	-1.556977965790444	-2.8559903634241732	-6.371076703906915
6878.0	-1.0797808817077532	-2.466115164866281	-6.603686448281894
6879.0	-1.108604077562963	-2.1515444391935437	-5.9645278182662445
6880.0	-0.1820074801239015	-1.7214149615710659	-6.234874492439826
6881.0	-0.8746291216953754	-1.995249550435243	-6.059788540238078
6882.0	-0.3668264546028104	-2.7328895366033743	-5.914917127337639
6883.0	1.1719845498173977	-2.5129551701117396	-5.419111085420724
6884.0	0.5373787484991692	-2.402797005368734	-5.928346272716046
6885.0	1.1885172236362047	-2.107275358495854	-6.431430326539122
6886.0	0.7126066545536172	-2.617056000442807	-6.188475670221065
6887.0	-0.04625333836388801	-2.584398970656126	-5.975499569140892
6888.0	1.2303168643515436	-2.9271929581929252	-5.67779783311721
6889.0	0.8861861054566916	-3.6201495767115555	-5.824507412625438
6890.0	0.5955906508206297	-4.384427757731448	-5.964427525726324
6891.0	0.9430146200432213	-4.080061215928315	-5.894388883076773
6892.0	0.4474354906180973	-4.03607603851551	-5.364638950907476
6893.0	0.37744804183151814	-3.816638357551989	-5.923743524013983
6894.0	-0.5486239367995294	-3.99813335772845	-5.842084918188027
6895.0	0.6197162391313571	-4.256454305496158	-5.263488683281661
6896.0	1.4179021526602114	-4.107220270626333	-5.517476304470453
6897.0	0.056616388174788604	-4.3112518373645035	-5.923811086656497
6898.0	0.21051331705699033	-3.9603532304398037	-5.950802944058488
6899.0	0.27412538982713563	-4.569656520713952	-5.348583563804323
6900.0	1.9275094712099365	-4.254281811092293	-5.608378539477872
6901.0	2.077395057033305	-4.6548421337445935	-5.758927490077829
6902.0	1.9143446986756936	-4.608203535746058	-5.826179138754468
6903.0	1.983104643314663	-4.569800455681872	-5.982235728486642
6904.0	2.824565011104345	-4.445984590590092	-5.993716406986578
6905.0	2.0448420074563796	-4.735346419415604	-5.615404918517169
6906.0	0.6733311794610026	-4.876599314799235	-5.630580162049313
6907.0	-0.15248244840519293	-3.9923014784863042	-5.499346284194451
6908.0	0.6182737705704615	-4.51244716831985	-5.021575367524531
6909.0	1.3609490985866524	-4.4011965686706125	-5.789290358888109
6910.0	2.111753892912716	-4.226456440625413	-4.992615138682059
6911.0	1.4047370182208136	-3.8836926349564322	-5.111006206220402
6912.0	0.605929633953235	-3.5151030925910076	-4.251145721188767
6913.0	1.4684174697362016	-2.851197373519113	-4.3395080529735175
6914.0	0.47812827876328784	-2.585063765687377	-4.091144838745896
6915.0	0.23103432764983595	-2.0805117320608524	-4.429074362849502
6916.0	1.2198930386309215	-2.214050583815226	-3.612569466553971
6917.0	0.5247494173298506	-2.2556182469226735	-2.835467839874678
6918.0	-0.34449095442943095	-1.8689909345647762	-3.077249436914807
6919.0	-1.09625798340557	-1.717432727303223	-4.315841177164323
6920.0	-1.1112245582425957	-2.4479139241589416	-4.386929782926568
6921.0	-0.9321514804911992	-2.8237157651234095	-4.296973272909846
6922.0	-0.6286909305072745	-3.108512728050215	-4.42714728840044
6923.0	-0.44846318425344267	-2.6403995932375897	-4.320967836691047
6924.0	-2.4056340603378628	-2.0701775132884475	-4.269961073783737
6925.0	-1.9367333537433806	-1.7979390894527914	-4.387804047368664
6926.0	-0.8130048543399891	-1.710768496672758	-4.898875983020485
6927.0	0.15271386875342607	-1.066980141620934	-4.979676447236002
6928.0	-0.824153076727979	-1.1010833955861614	-5.230934345509018
6929.0	-0.5964810869165499	-1.5366789479453176	-5.198934281669254
6930.0	0.2154092382923602	-0.9190506914418612	-5.400358250404046
6931.0	0.3750468154684927	-1.5685982116929853	-5.510612518271512
6932.0	0.30648773308624383	-0.27775883512235006	-5.877126674077329
6933.0	0.33388596357235223	-0.7071729635171558	-5.960559429727166
6934.0	0.8442040320509092	-1.0798339505229333	-5.802620771295887
6935.0	0.44083509739461196	-0.9090673520313631	-5.905305871429254
6936.0	0.4950177491134169	-1.4644675165819911	-5.9590960567954285
6937.0	0.9564501626414703	-1.3908957711093204	-6.322829154809295
6938.0	2.0924117006255316	-1.2069208812195176	-6.1261949855286755
6939.0	1.8332239911480108	-1.7925516746825556	-6.775853923576902
6940.0	0.9386514933898131	-1.3728085631069344	-6.960215875319229
6941.0	-0.9468771394626918	-2.0310235967969628	-6.350804731955499
6942.0	-0.4227511281548838	-1.280085363079245	-6.113968024813897
6943.0	0.28754146684851567	-0.7825555607164986	-6.124664747153295
6944.0	0.586020650304467	-1.0736230972746563	-5.952383902040805
6945.0	0.9363689561871152	-1.4453141518891168	-5.925384995096543
6946.0	-0.020451267560809394	-1.409996364647528	-6.353343610144717
6947.0	0.6548181127736747	-1.814352735322331	-6.466897671688463
6948.0	1.0315001400943975	-2.2508447971180074	-6.377935720554132
6949.0	0.8525804316633293	-2.052900482311957	-5.570864782291371
6950.0	-0.09859804101023889	-1.9256156292575346	-5.94870555297488
6951.0	0.9637968581444079	-2.011525933610368	-5.9903244729756455
6952.0	1.4493711529738236	-2.29584198701551	-6.060214127450902
6953.0	1.0344194110609215	-2.31200193254201	-6.332920381810342
6954.0	0.6849658917310883	-2.4219415276131	-6.418346078120333
6955.0	0.7390416057507154	-2.7682751992990484	-6.460589758579929
6956.0	0.5150185640069236	-2.3854534806851646	-6.210923300850864
6957.0	0.6075547826266396	-2.0791761994264313	-5.521719659100785
6958.0	1.0073555917696222	-2.8216757271893433	-5.4606289962492625
6959.0	0.2850266995125474	-3.1010888221552015	-5.67918150488628
6960.0	0.49432814532906766	-3.1605488098931445	-5.565536562905818
6961.0	0.6174582445933318	-2.954645763782012	-5.662256928838226
6962.0	0.24629697421078184	-2.8964726871518764	-5.790300333375654
6963.0	0.5487054279459008	-3.494129280931478	-6.002495863724782
6964.0	1.3300709356271856	-3.5656256712363983	-6.371173076911549
6965.0	1.7788296337405378	-3.101342277892076	-7.351208246050336
6966.0	0.7643959043349849	-3.5158126097867455	-6.755037462689392
6967.0	1.4522698350402306	-2.531799458670305	-7.100087092452179
6968.0	0.3900639315683273	-3.0265957751458266	-7.21542517455563
6969.0	-0.8856668168893865	-2.3304837953122366	-6.390436650348534
6970.0	-0.5922583968742263	-2.4514693302335635	-6.416790440267702
6971.0	-0.34122274935823044	-2.6189469627277053	-6.28690621268512
6972.0	-0.20703048838347646	-2.979626492612181	-5.924281680354001
6973.0	-1.1977446346765876	-2.8587515653429776	-5.70506666204202
6974.0	-0.09267789828468265	-3.4821877448416805	-5.912191989849617
6975.0	0.013900182347128948	-3.3067210801501243	-5.921605063418581
6976.0	0.8531973259125485	-3.348083752586521	-6.354687591502563
6977.0	0.7652046970407431	-4.09718702490326	-5.814392561793094
6978.0	0.23858391980633642	-3.150268900373347	-5.559032696595696
6979.0	0.09851265850687693	-3.6720681941360787	-5.622839925632608
6980.0	-0.47761992921033186	-3.6428921457736627	-6.2868747154878495
6981.0	-0.05275989656603963	-3.5455288634560866	-6.3253534105533005
6982.0	0.02048934221040752	-3.4269780081360453	-6.044469997824892
6983.0	-0.5922407618527761	-3.8389789554106533	-5.854369622551284
6984.0	-0.5448161529532225	-3.64845572716179	-6.014105807041347
6985.0	-1.001924436456167	-3.882618315839012	-6.132351145381284
6986.0	-0.24794243468962518	-3.888335145090318	-6.32079691304663
6987.0	0.7097479160952138	-3.2084477599513064	-6.249290962560264
6988.0	0.6735529152104236	-3.229310621936331	-6.4358168124295645
6989.0	0.6628715981865888	-3.8636869981797943	-6.621423260293706
6990.0	0.760846741514198	-3.6113996728361224	-6.141611722623355
6991.0	0.5449764116057193	-3.992311948873251	-6.69605226558067
6992.0	-0.4544189007511138	-3.8371185392486957	-5.639914996801438
6993.0	-0.20233082943379632	-3.1503753456082206	-6.374773993608567
6994.0	0.6011944965101299	-3.225434880697677	-6.293398229078617
6995.0	1.8545240406292725	-3.68718061052976	-5.914345890737932
6996.0	2.0434338100023277	-3.160148329296506	-6.157424404679042
6997.0	2.1910955550329034	-1.7937978922085285	-6.358186288918591
6998.0	2.1322373313987644	-1.298648134616797	-5.749115267244529
6999.0	2.749489132764613	-0.7749485514052781	-5.355095487983451
7000.0	1.6877978012118504	-1.3718270112415736	-5.270415960441424
7001.0	1.251627160419459	-1.065892697118756	-4.928823704546367
7002.0	1.1630394801115167	-1.48950894775486	-4.8953186839281875
7003.0	-0.10174313395652507	-0.21456009993380276	-4.921848650698773
7004.0	0.10063528816418948	-1.061756482891604	-4.7296415487040395
7005.0	1.013468189796824	-1.623019545617717	-5.240302040954355
7006.0	0.562883666294802	-1.2703933853284806	-5.080790653689707
7007.0	0.7207984763352049	-1.8140234067279717	-5.431259966932824
7008.0	-0.8968888097357004	-2.2347882426011254	-5.241405681769773
7009.0	0.29609404946799883	-1.9981907715876297	-4.986470434725491
7010.0	-0.3549072862673237	-1.265091217711989	-5.043718050130286
7011.0	-0.6955542176400983	-1.7290393397922668	-5.879106612727989
7012.0	-0.7817465935701395	-1.7642603812882602	-5.752312578210831
7013.0	-0.4492870513661116	-2.7737060536171123	-6.368593276718171
7014.0	-1.3942865624133822	-3.21091925368537	-6.514155448932033
7015.0	-2.3352645992560475	-3.5142396189751093	-6.966385731303483
7016.0	-2.4522907373692777	-3.536011917046828	-6.598580243982823
7017.0	-2.173609548492794	-3.589867482595144	-5.9798308367342585
7018.0	-1.8947656066209115	-3.7703870987343846	-5.885465365686408
7019.0	-2.325065121213143	-4.022618641622367	-6.199757808992563
7020.0	-1.9269185377103684	-4.822654061244456	-6.382480739604891
7021.0	-1.0151804379851441	-4.647988638687573	-6.087388109788606
7022.0	-1.1037559413186762	-4.458621792427388	-6.52398121307962
7023.0	-1.481958200004389	-3.5793980578147258	-6.411198218519314
7024.0	-1.4734069390471578	-2.9531194298131274	-6.995913910363268
7025.0	-0.32460594781705937	-2.8670395458227027	-7.33486890363766
7026.0	1.058114090252836	-2.5643796819557143	-7.330481140278455
7027.0	1.2651620713535285	-3.1854747798427017	-6.956387271167084
7028.0	-0.11338564092175363	-3.240857357074733	-6.70595612665571
7029.0	-0.9283295153725013	-3.6838089177109308	-6.855762682091339
7030.0	-0.21297156799978778	-3.04143896325399	-6.656391177662336
7031.0	-0.5605215655201029	-3.221651857787399	-6.586698011303402
7032.0	0.14390031143506604	-2.8316830330801563	-6.493625619763284
7033.0	0.3284847704973156	-3.074550748038598	-6.671679260060752
7034.0	-0.042028090326908685	-2.8616065080827204	-6.210381797209239
7035.0	-0.6251090266678759	-2.8059538898272844	-6.362807252392388
7036.0	0.6405097637922788	-3.33241803180034	-6.486298012340213
7037.0	1.629668144006291	-3.5067676408949606	-6.427383524881339
7038.0	1.1304849585690568	-3.268036938081898	-6.114590073316374
7039.0	2.1096504675789736	-3.595710592259482	-5.542863762653962
7040.0	1.0255236471358482	-3.6859991725656593	-5.930842790682697
7041.0	0.7928161924538271	-2.793176084063081	-5.731589479829918
7042.0	0.36118146669343276	-2.1525149590719694	-5.2380168275680985
7043.0	0.025351268501139987	-2.0659464738094075	-5.219826916798951
7044.0	-0.9712484818043559	-2.485474527987183	-5.134432917308512
7045.0	0.07012019588117202	-2.46691181914166	-5.602466504759356
7046.0	0.5801162577062617	-2.518208767178212	-5.735298975909674
7047.0	0.6484943602906221	-2.673876433747222	-5.654185822270666
7048.0	0.40209308206702765	-3.0147592374934176	-4.739350843768708
7049.0	0.8057598206742589	-3.9460860729895364	-4.703598205509758
7050.0	0.8502149022985412	-3.8028847852320977	-4.8649304420348916
7051.0	1.6886720182628232	-4.645685321373679	-5.252293389171419
7052.0	1.8555853339276722	-4.369817393928467	-4.767613977148407
7053.0	2.296130982619208	-4.711831434220939	-4.546782379367715
7054.0	1.6032702603760263	-4.2482551190899365	-4.820110933497407
7055.0	2.6115342072508794	-4.638416668376213	-4.773505435706313
7056.0	1.9777539021825041	-5.014512429532339	-5.081858795943237
7057.0	2.1236458912416856	-5.3095285452916485	-5.234930953842648
7058.0	1.0258298999193505	-5.43327806423915	-5.22522357260817
7059.0	0.8172352701567264	-5.503688411016744	-5.345165457291504
7060.0	1.5683957136512898	-4.34419489707583	-5.39826124350543
7061.0	2.25333312217336	-4.283654163171102	-5.316987910400183
7062.0	2.310841522507384	-4.380489620704741	-5.639675319855496
7063.0	1.8685978071263352	-4.8311009102076365	-5.188293249158389
7064.0	2.0486634538846085	-5.097680609270763	-4.852618805986921
7065.0	2.194751339979269	-5.151639442170389	-4.724580948790082
7066.0	2.5085069974879715	-4.866911710350481	-5.695608111096985
7067.0	2.0226001913205547	-5.144787472234416	-5.679237273877657
7068.0	2.7974324043520093	-4.850550543079976	-5.807265581051236
7069.0	2.6281394440987578	-5.155106820012237	-6.084672001393991
7070.0	3.0349174687174445	-5.179041797437619	-5.227179634233314
7071.0	2.3954015608436263	-4.572390328799898	-6.745305321671247
7072.0	1.0849109114772468	-4.76515988827828	-6.81416552001988
7073.0	0.5718968073627065	-5.299863736369145	-6.561598122985202
7074.0	0.2934825541351573	-4.701795408079009	-6.940342508886313
7075.0	0.19758899768821142	-4.349017541422933	-6.530416636657858
7076.0	0.5530892764740966	-4.720655360814032	-6.258764544140854
7077.0	0.4148746042143695	-4.841036767847733	-6.257113012979827
7078.0	1.0605847180778538	-4.714404933909406	-6.091977917967311
7079.0	0.06735410629630592	-4.8313725909789484	-6.19209547293315
7080.0	0.4923126114485824	-5.113428020475882	-6.3348224109149855
7081.0	0.7220163064479981	-5.3239930450664295	-6.2962695128059
7082.0	0.2682266696780791	-5.799035888578999	-6.034380824593132
7083.0	0.8368436008396647	-5.089932586415947	-6.361221555295314
7084.0	-0.07942915294093023	-4.321342017405135	-6.636337689380061
7085.0	0.7498129538745466	-3.709772160887312	-6.424570828169285
7086.0	0.8141485437557038	-3.1399493545445396	-6.356912039114984
7087.0	0.5058616488995136	-3.020888610757024	-6.645120244433697
7088.0	0.10563511925844543	-2.5844400189740684	-6.823607955121918
7089.0	0.482925317432778	-2.7019485933072698	-7.002040527651408
7090.0	0.8722143188794134	-2.8956647234793227	-7.311398292084
7091.0	0.8143057033750944	-3.0988301058166945	-7.068392683526139
7092.0	0.3804604323655857	-3.5145215969009755	-6.336597369006585
7093.0	0.8526372476978337	-4.185753843275151	-6.3402751195533265
7094.0	-0.17871481365167996	-2.743206584537991	-6.614012142687377
7095.0	1.2797208885051856	-3.265221179779312	-6.205227542602227
7096.0	1.0208648300630343	-3.4619795066404984	-5.898022060518429
7097.0	0.6972896248092644	-4.237556721604288	-5.881689466509404
7098.0	0.5386274078143594	-4.7374607021756265	-5.927900890007044
7099.0	1.1287729171637877	-4.116063156617216	-5.978351610532159
7100.0	2.4575771128449824	-4.25392332382496	-6.085785668933479
7101.0	1.6041495693390861	-3.5223687029579343	-5.971551603274225
7102.0	2.099940197117621	-3.383032873591638	-5.536189665539122
7103.0	1.4153781778873558	-2.582692076064152	-5.510105010391833
7104.0	-0.29443553510391834	-2.3253969547345745	-4.990855163185921
7105.0	0.7436637854941365	-2.7322768035521765	-4.517274718410583
7106.0	0.46444593205918316	-2.1333726651100964	-4.5319222268631805
7107.0	1.0542994926238167	-2.2939861475480763	-4.119942183120438
7108.0	0.7890371937159508	-3.4861238219556814	-4.424029053204483
7109.0	-0.7237638457963922	-3.4221892366548534	-4.910100927297844
7110.0	-1.3208305330408188	-2.399168713283887	-5.90369141822546
7111.0	-1.6247944993628964	-2.252554503542494	-5.200053403238722
7112.0	-3.1224629173957106	-2.4563279487794416	-5.147426403255542
7113.0	-2.044182892039314	-3.097073954654008	-4.10046867037779
7114.0	-2.1329920729450644	-2.893859698340195	-4.504361591708615
7115.0	-2.2840556733036106	-2.6197419925019005	-4.5060179827559415
7116.0	-1.7472234815309053	-2.3585464917200802	-4.269841801751757
7117.0	-1.1897001522264912	-1.87719399937854	-4.816531562375776
7118.0	-1.1015199779914353	-1.456812310523044	-5.455833073827706
7119.0	-1.1994478720100612	-2.218756332900389	-5.704199417275535
7120.0	-1.2161531571915503	-2.2743657527588907	-5.577500344134215
7121.0	-0.9181827379325203	-1.7789122043012948	-6.1934209209357
7122.0	-1.0327605201975092	-1.3547996795161186	-6.2978451632928865
7123.0	-0.5503084914550909	-1.8604424750145943	-6.109173173218996
7124.0	-0.1870808747196056	-2.5426159093754426	-6.320511654917123
7125.0	0.9068604367598637	-2.078276828090315	-5.980315767282962
7126.0	-0.11466219512746734	-2.2612153571490756	-5.579436368917884
7127.0	-0.3683470986557026	-2.1148878594042753	-6.053224526774051
7128.0	-0.9054379928234019	-2.377866439164208	-6.022366143551454
7129.0	-0.21371105257996198	-1.797082873596835	-6.44223445392492
7130.0	-0.2104777551013099	-1.7254903654426712	-6.961561715809807
7131.0	-0.10099126466152075	-2.710363262586112	-6.69704147333474
7132.0	-0.21404274818526323	-2.6434301937787525	-6.386023459120346
7133.0	0.2795909892570509	-2.221347997259293	-6.195227766060949
7134.0	0.4704840389256749	-2.6262121716027798	-6.228936808405263
7135.0	0.9170676634189228	-2.8728294798386966	-6.243353385626808
7136.0	0.6379978249773612	-2.9495289302665224	-6.4002888238744715
7137.0	-0.4049665335668282	-3.3387661013719296	-6.717931841040535
7138.0	-0.5902753670281502	-2.599809716301058	-6.54007292266663
7139.0	-0.4166368382564912	-2.781494413904097	-6.67101950279212
7140.0	-1.3273404809923042	-2.6461838192559477	-6.278453840621574
7141.0	-2.4310895719510572	-3.272450814224609	-6.8216484797877195
7142.0	-1.9425352884107705	-2.941956989030303	-6.3695684119368225
7143.0	-0.7060374221893645	-3.203382145133082	-6.467747093295085
7144.0	-0.8761984471787241	-3.511419424811518	-6.651158207799591
7145.0	-1.1013837115662821	-3.692363355854146	-6.028513240620001
7146.0	-1.2964506866399752	-3.0930895166640866	-6.288128852672595
7147.0	-1.6258732062968353	-2.462744488026629	-6.32821183990408
7148.0	-0.8746599602903531	-3.159299263345698	-6.647936962658061
7149.0	-1.4475802268226792	-3.251380413582669	-6.429705578969478
7150.0	-0.8050498993462955	-2.709064698343573	-6.899831819157967
7151.0	-0.5057927642204357	-3.2393012607559806	-7.329924456468745
7152.0	-0.2695308741147868	-3.0414431023838158	-7.642523153882943
7153.0	-0.26147571418452314	-3.2024918579289237	-7.412595612412732
7154.0	0.3358406558222642	-3.1428690420596688	-7.190904001681877
7155.0	0.7870994510554734	-2.994309358620961	-7.150495376195661
7156.0	1.7882367587771724	-3.051910722930651	-6.814489761278067
7157.0	0.22499116768620497	-3.5913522505912363	-7.0079949308493115
7158.0	0.4162503113097416	-3.143798253395639	-6.882065004401284
7159.0	1.2006226609556672	-3.251364898776857	-7.013671168928102
7160.0	0.950368275328412	-2.905304103446697	-6.831948058536396
7161.0	1.2724203405239267	-2.0461457853092315	-7.010634036961544
7162.0	0.976905266166634	-1.3763124959381816	-6.936170625640744
7163.0	0.8512068277596332	-2.175991161796051	-6.988648292709459
7164.0	1.8255869799836684	-2.4645620413831693	-7.227427953939465
7165.0	1.7172375404464115	-2.4829240085522972	-7.042393417158401
7166.0	1.6287763729197873	-2.1122918097719006	-6.759946433854153
7167.0	1.9384102779476453	-2.4214615306916416	-6.7987000820950305
7168.0	1.495730520798858	-2.8728723116241253	-6.8359140659639825
7169.0	1.019784672726398	-2.6414305316121887	-6.117027352542391
7170.0	1.4387139180086665	-2.5896101706267154	-5.749665755323818
7171.0	1.8560172594376882	-3.539278158855531	-5.406826662975963
7172.0	1.3437588722572436	-3.7635351767200644	-5.660380846136957
7173.0	1.2161518244427187	-3.2524394916647386	-5.541635943045144
7174.0	0.8088289788954323	-2.5833140495466314	-5.9425404800148245
7175.0	0.42110144490941814	-3.3152494824020766	-6.297156377583288
7176.0	0.5367956843327226	-3.5358715846303945	-6.348180927571615
7177.0	0.31909919111871615	-4.477937850682757	-5.867907906688615
7178.0	0.4190980488687527	-4.355868892418001	-5.149856537024743
7179.0	0.0326190309085056	-3.2984813135446234	-5.279920819689223
7180.0	0.15479612674935575	-3.5691271616567466	-5.172596738469265
7181.0	0.2533617839772504	-2.757542017481427	-5.031568979458138
7182.0	0.24408889160759814	-2.6166825344511975	-5.747354199966971
7183.0	0.44966704949038067	-2.8572091988670434	-5.676633292328109
7184.0	1.256716884209084	-3.233336014224146	-5.071925118428573
7185.0	1.3662948283878107	-3.3164207737685087	-5.114281168168785
7186.0	0.24318626835458385	-3.3644309490156763	-5.080868097600309
7187.0	-0.7055389231711111	-3.982905994319929	-5.117683952362388
7188.0	-0.28828669022429726	-4.4115584441795095	-5.1332825987094886
7189.0	-0.2997627277910356	-4.37199010762875	-5.078643990816646
7190.0	-0.128870566280663	-4.306207612686675	-5.603986831266269
7191.0	-0.9151410079363571	-3.8846557702845255	-6.024932240130871
7192.0	-0.3040053142432235	-4.228032055670618	-5.846641838173107
7193.0	-0.6064138178163931	-3.8268961469512446	-5.773365594063927
7194.0	0.3008126960253759	-4.312263646687742	-6.076639881079311
7195.0	0.34107943254682016	-3.9380526103713853	-6.597567584987538
7196.0	-0.8520912754860703	-3.890153445326371	-6.619559026515703
7197.0	-0.5763859888556919	-3.6464883310781495	-6.048747852289916
7198.0	-0.7689290324579027	-3.995418912978469	-4.973543546283422
7199.0	-1.3953549201489632	-4.083837620486684	-4.972936439815202
7200.0	-0.478655397874123	-3.933045306937915	-5.333849285924005
7201.0	-0.7854093551056905	-3.7946324779953717	-6.103296482694755
7202.0	-0.1945083223229455	-4.323289997503398	-6.872941672653676
7203.0	0.11332406608409851	-4.2094639721396465	-6.929258810450839
7204.0	-0.12657693353976107	-4.231686681521261	-7.024171785795641
7205.0	-0.7009459008787088	-3.8562883776815218	-6.833948403522119
7206.0	-0.7007214355342488	-3.8393420570449295	-7.418387810635388
7207.0	-0.7602111644655717	-2.4945411452748454	-7.172855723288713
7208.0	-0.10614302737710213	-2.13773694343749	-6.4850923401769975
7209.0	-0.3287450888369652	-2.4993451386538217	-7.205448179628428
7210.0	-0.6708694514427748	-2.8322605025800764	-7.380094936966172
7211.0	-0.6153154860390713	-2.9708712073566415	-7.5876281800082985
7212.0	-0.7003871536831191	-2.6402744065879786	-7.349321992381339
7213.0	-0.5582855933399454	-2.5802153098902405	-7.182009888657151
7214.0	-0.42267995369147926	-3.7898041464056194	-7.034729203547006
7215.0	-0.05522099850868423	-3.9988976514196786	-6.514189805305033
7216.0	-0.7070652420999255	-3.444179384783922	-6.416922151513511
7217.0	-0.06598215691485435	-3.3945264917360807	-6.462917878588861
7218.0	-1.5010774504470044	-2.961990157756088	-6.570166010007919
7219.0	-2.311555912123586	-2.744860935355351	-6.386921996697667
7220.0	-1.6521538199669559	-3.466801826273579	-5.801227463646617
7221.0	-3.0656450706311436	-2.872172689290737	-5.92868682624986
7222.0	-1.9459331272166955	-3.0508931569230184	-5.914902922108705
7223.0	0.2918906228357091	-2.6442671545797403	-6.649130030752678
7224.0	0.42048885543771475	-2.4922873288760576	-6.608688853352232
7225.0	1.0720376364010495	-2.5127622664913374	-6.723174972586838
7226.0	1.6355855875317902	-3.300198751303954	-6.624030432615638
7227.0	0.9829916140516639	-2.6944215422138242	-6.556088582481989
7228.0	1.5901708707731856	-2.967897935817384	-5.865991642506298
7229.0	0.13839043184453398	-2.8336931388911712	-6.096099522428182
7230.0	-0.8554161348798244	-3.482479410812914	-6.80454740410764
7231.0	-0.8708456436559481	-4.097495356400487	-6.001340835121382
7232.0	-0.2352217309396854	-3.810182262264763	-5.0550499492150625
7233.0	0.5097257867911846	-3.436555112955487	-5.514861581451111
7234.0	0.7714684895943191	-2.802269381872501	-5.381800810238537
7235.0	0.697883025971331	-3.174727214419133	-5.577051324845277
7236.0	0.4591765607267627	-3.062949094901461	-5.447105966704478
7237.0	-0.7696027182102488	-2.3827950363141195	-5.343650961461168
7238.0	-0.33214106592851783	-3.5509573625073907	-5.562309602538983
7239.0	-0.32443307846767383	-3.842671397016378	-6.056615403106612
7240.0	-0.13251020648272535	-3.7380816186225125	-5.509678505593783
7241.0	0.08979683651268439	-3.4812391717972155	-5.932158872896441
7242.0	0.3376163979582695	-4.061915201594511	-5.799789394634037
7243.0	0.39291866305712153	-2.978435356651342	-5.909337998997869
7244.0	0.2565938165174673	-2.5857456833186507	-6.193615029828559
7245.0	-0.0901671177309828	-2.1730159248941456	-6.355456842243969
7246.0	0.4922519464229305	-2.158994248493404	-6.061722095398213
7247.0	0.039182507270321354	-2.5699034039802857	-6.064235006284633
7248.0	-1.0827425842126086	-2.255882291435608	-5.801050412041283
7249.0	-1.8627299128789678	-1.6664292091323119	-5.843257253478233
7250.0	-0.5907387171053795	-1.5959244345264139	-6.158692963616314
7251.0	-0.7097102723501993	-2.593798721323043	-6.5698880270847315
7252.0	-0.6449288368709707	-3.4769796046191135	-6.514964947889455
7253.0	0.09939982711573148	-4.015156720734078	-6.675953350745555
7254.0	0.10845643495566609	-3.574296739195269	-6.592584706734133
7255.0	-0.4450497842953424	-3.6432368494126974	-7.028447457666419
7256.0	0.1196338355487372	-4.204390440017325	-6.9270347717835365
7257.0	1.0896570993981116	-4.46991021925473	-7.205946173914647
7258.0	0.6110996065159879	-4.47970162917933	-7.00012342860202
7259.0	0.4495455724138072	-3.843684150288909	-6.783563962814567
7260.0	-0.8057744023969988	-3.599746372875157	-6.579673638267877
7261.0	-1.9668646614050314	-3.8491580770392018	-6.835823422720231
7262.0	-2.515607926527749	-4.1726273529076385	-7.172503107577579
7263.0	-1.3969410189188993	-3.8608360190888282	-7.143569618386945
7264.0	0.46357044716561635	-3.9835902270068986	-7.598480789200087
7265.0	-0.1242230650795903	-3.525440445518786	-7.572775925538149
7266.0	0.4771572752093358	-3.8506858839368157	-6.9102176206210615
7267.0	0.46490917997964104	-3.602703692322061	-6.682790101569207
7268.0	0.6873592673784956	-3.05656855544717	-6.663008386226079
7269.0	-0.1783140966121714	-3.389983921450424	-6.940093335221325
7270.0	0.8012919592029051	-3.7819392520934385	-7.259750616126508
7271.0	-0.0502845234469137	-4.239098360422027	-6.79517639971541
7272.0	-0.7382511938288115	-4.03558620514397	-6.651891213685881
7273.0	-0.006215052436097657	-4.093046835278672	-6.973117535866926
7274.0	-0.04471840940716654	-3.700871906898559	-6.6023454436907985
7275.0	0.4421680035672805	-3.208997822551402	-6.574667229535773
7276.0	-0.17435462324089124	-3.219809469889427	-7.095227392032772
7277.0	0.15574504017013058	-3.1270047072680294	-6.74990876483607
7278.0	-0.09165221841467869	-3.9402085058012464	-6.620390206791367
7279.0	0.3772178408178672	-3.4032660027325035	-6.490342494036787
7280.0	1.0738619846337663	-3.100929413007117	-5.833522712068399
7281.0	0.6875318981242904	-3.377442330681742	-5.495796148873984
7282.0	1.0166880794149205	-3.4284427382055807	-4.918859636170335
7283.0	0.8351237568134503	-4.505630029992458	-5.101318682939113
7284.0	0.09362656179434137	-4.520946593881236	-4.576851751802235
7285.0	1.3753293627677667	-4.035559873395078	-5.512993092324805
7286.0	2.519491265246586	-3.7923320799688898	-5.951330981914445
7287.0	1.8954162369797372	-2.935980000144221	-5.820258908972138
7288.0	0.6353053141607009	-2.4863113362907283	-5.740024612260808
7289.0	0.32020356079642354	-2.75909803879486	-6.252234574755105
7290.0	0.6982348585645959	-2.238906155289595	-6.07138205471508
7291.0	0.6771800828734981	-2.5655990450556923	-5.362615442973382
7292.0	-0.08297915851528326	-2.57406132069868	-5.243299317526865
7293.0	0.6814294540752477	-1.995765808415165	-5.859080743884068
7294.0	0.4885694913492658	-2.698157860613227	-5.746382954904754
7295.0	0.7030063559301714	-3.5815037638536324	-5.643431237969334
7296.0	0.7254450722628001	-4.065573581186823	-5.860897093210865
7297.0	1.157338963220935	-4.091311171272154	-6.095816062617497
7298.0	0.5481239757547762	-3.869558506351768	-6.325062806520465
7299.0	1.1549132331470675	-3.9837860267860252	-6.275454747862803
7300.0	0.6805960351837574	-4.138881317824607	-6.241647643816465
7301.0	0.6234924539073885	-4.255418352806353	-5.549643019737068
7302.0	1.1600954164690866	-3.7955116402158886	-5.433001080564385
7303.0	2.3048693206465503	-3.6233244872919714	-5.610791549744456
7304.0	1.9323815494653958	-3.2125937074956017	-5.931749629885068
7305.0	1.6167209865886287	-2.5584650186632962	-5.652001380021825
7306.0	1.8260010911719018	-2.979104473563483	-5.962297201552332
7307.0	0.9566407011638974	-2.7935238705802616	-5.396457894179137
7308.0	0.41901631978667375	-2.467808731904576	-5.432608994322916
7309.0	-0.0712755493072802	-1.7011796545392286	-5.292299107113223
7310.0	-1.1515056531268764	-1.8819473638614925	-5.5481290611019105
7311.0	-0.8380406006177241	-2.5897123366844497	-5.247512542670459
7312.0	-0.15083159173214358	-2.770369194405321	-5.595425107752309
7313.0	0.2951423633807705	-2.8305963730930137	-5.957035239533124
7314.0	0.1660115147984127	-2.2002100792305734	-6.082298685830034
7315.0	-0.6632996152111205	-1.6146506256894302	-6.112318531420192
7316.0	-0.7478499954851043	-1.423561997420125	-5.633936351263554
7317.0	-0.7101861524260393	-2.03992083819882	-5.639233573368004
7318.0	-0.3168688481074419	-2.0979559279672433	-5.925639246429689
7319.0	-0.6810706205266244	-2.76752116028472	-6.2556822729534725
7320.0	-1.566468247395887	-2.0726534471553797	-5.8535989352995905
7321.0	-1.4457350510017655	-2.493555146408184	-5.955629338215615
7322.0	-0.5478543293751302	-2.9181633649324734	-5.923769149094897
7323.0	-0.32019854620999455	-2.589847390180773	-5.911316066900273
7324.0	-0.4986239811074702	-3.2918909633061113	-5.622296682151683
7325.0	-0.7230314499140493	-4.512849753229716	-6.184488439357255
7326.0	-2.105245870237378	-4.351176839431113	-6.1738660505467235
7327.0	-2.5824058256105467	-4.6387543896232275	-6.34780497216395
7328.0	-0.8612146297525693	-4.039393618616344	-5.964741318020249
7329.0	-0.3883419263710448	-4.339256257629013	-5.691177566006475
7330.0	-0.16584958210397832	-4.001203444397838	-5.641926359796976
7331.0	-1.0197965312980357	-4.482948367206964	-5.854999403973666
7332.0	-1.3719779241496026	-3.9972672394847426	-5.6856989474765784
7333.0	-1.6188424912528407	-3.825952529263652	-5.767627324657051
7334.0	-1.8380713221601739	-3.9944902590296705	-5.723257591097336
7335.0	-1.1074762703059045	-4.029589289857998	-5.799639078123262
7336.0	-0.864897780616056	-4.297956437143793	-6.743768729772376
7337.0	0.5267128289135546	-3.8782079700570167	-6.956273492342074
7338.0	0.5084406899696214	-3.5408482517754396	-6.406430498930564
7339.0	-0.2717813018500971	-3.8897349104603838	-6.088975665182901
7340.0	-0.09730265583497995	-4.205643919033367	-5.641785119970356
7341.0	0.9412031003448074	-3.245157757235437	-5.102864138241008
7342.0	0.7300888958094339	-2.8648450383639417	-4.715616665879789
7343.0	1.8230190445867696	-2.8603194466516126	-4.74900125556676
7344.0	0.7006904248951769	-2.768790648105375	-5.1368500002424735
7345.0	0.7463203143445756	-2.7614127878761403	-4.732887131691145
7346.0	0.6419978311133603	-2.33618945741302	-4.665012754248149
7347.0	1.7583151851553298	-3.23737675625511	-4.562750348695264
7348.0	1.3621935856095164	-2.786080484803959	-4.484462761233377
7349.0	1.9354795562738083	-2.8325978288914886	-5.12138697222207
7350.0	1.4942222662530507	-2.2736746183985126	-5.748233102122927
7351.0	0.7218233598280146	-2.671018896897109	-5.064386121786971
7352.0	0.9498273645713673	-3.360018480350802	-5.2491032026600575
7353.0	0.14622919776813614	-3.289950159983784	-6.18083164890802
7354.0	-0.1805275401250792	-3.5257067040698	-6.502862273331974
7355.0	-0.9221259776127202	-3.13089665551004	-6.487535639829795
7356.0	-0.8624386183140273	-3.636543762442046	-6.713221531905749
7357.0	-0.7231545095355157	-3.2635151188000053	-6.520842686777193
7358.0	0.55640773296303	-3.5972064993497623	-6.357099991853746
7359.0	1.0819426045995248	-3.647003704951408	-6.83512680695379
7360.0	-0.3007696594739785	-3.3452638583408087	-6.833710951587828
7361.0	0.4172697753850841	-3.614352772681035	-7.369065498379679
7362.0	0.05660713718700722	-3.4300980795822955	-7.800270578667789
7363.0	0.22366479363465053	-3.6790523287698016	-7.623198434392149
7364.0	-0.49074786384661395	-2.672340763342727	-7.644778535098014
7365.0	-1.3844755421380195	-3.1965331532673718	-7.126379961839279
7366.0	-1.018094394897269	-3.5333620824606276	-7.183019075943795
7367.0	-1.1604333125551913	-3.30534852096951	-7.107281657540548
7368.0	-0.6876095672081778	-2.813422262457666	-7.59351083067704
7369.0	-0.4875560574836958	-2.4103132763212223	-7.333173433668655
7370.0	0.13574779310683224	-2.9432297151183326	-7.421508460479192
7371.0	-0.602752739051366	-2.571855426078335	-7.684499771336442
7372.0	-0.2926001851925296	-2.509158628482793	-7.298040289304293
7373.0	-0.18732554216292197	-2.0129849927123464	-7.6011103198923005
7374.0	-0.42121361214133657	-1.8260739607315375	-7.609205557343878
7375.0	0.014045089894728746	-2.04251526934185	-7.4366367062213365
7376.0	-0.9512409692033432	-2.3881072650563775	-7.426575519476947
7377.0	0.45040216455151993	-2.2934705558569557	-7.750030436445648
7378.0	0.36789566819510544	-2.4210193286005466	-7.581949264428842
7379.0	1.6334089294849878	-2.999860527669004	-7.01194600214482
7380.0	1.5750487126865156	-2.4182398066205244	-7.198358226796532
7381.0	0.4192171908008615	-2.6906509760919404	-7.397025025265871
7382.0	-0.9829487931121221	-2.9958695530841313	-6.833626905197731
7383.0	-0.7798771283704101	-2.7880065301735204	-6.951734665582126
7384.0	-0.9239796558090172	-2.780504476378845	-6.818613536996993
7385.0	0.23063293670267396	-2.7944102729335856	-6.18806314166258
7386.0	0.7054817066780577	-2.3906916371735036	-6.341373622968196
7387.0	0.29798023733568724	-2.9468982544323543	-6.071550660923313
7388.0	0.5548286454024666	-2.8037365609571347	-6.209967803945339
7389.0	1.3835242545228787	-3.5954118690529935	-6.0735132623806605
7390.0	1.980050369043214	-3.1227252762950455	-6.722711197682087
7391.0	-0.14049861757445825	-3.1443066865803484	-7.104085015602521
7392.0	-1.0057923402171831	-2.4234399347771016	-7.683270154777199
7393.0	-0.11804708756875221	-2.2057908970112865	-7.588329331789804
7394.0	0.5282154490434112	-2.6017258115616153	-7.280221957122034
7395.0	0.6723127071499385	-2.7393438295290924	-7.57725316692135
7396.0	1.1936504706131816	-2.952411065708559	-7.806563399722534
7397.0	-0.005318461253731893	-3.3817527813482537	-7.320619925109138
7398.0	-0.16449061396766107	-3.178928406181479	-7.272772204669128
7399.0	0.12341163181298956	-3.0251305147134415	-6.857033209054196
7400.0	-0.15021097771604197	-3.195779937283011	-7.248669853199976
7401.0	0.7476473072523364	-3.774586656351569	-6.852257171220729
7402.0	0.42591974664870896	-4.405011022379501	-7.17133085512865
7403.0	0.5503972627065445	-4.2087381439407014	-6.997916949655975
7404.0	0.6865862925686119	-3.781997410569746	-6.07194150201151
7405.0	1.445727406973106	-4.270833550312449	-6.028662071485691
7406.0	0.17962420206392649	-4.376505077901909	-6.204510165043347
7407.0	0.7946012710820569	-4.317763876669332	-6.243602121730338
7408.0	0.6134693388743634	-4.240630160074816	-6.437912973297947
7409.0	0.9494688023736901	-4.795072555785872	-6.618848198323644
7410.0	1.0480562725965852	-4.365933651545172	-6.225765220298779
7411.0	0.2702246130685685	-5.052899803056903	-6.419534499999187
7412.0	-0.153602051476867	-4.970957633247862	-6.686082963822638
7413.0	0.48318229109842137	-4.736232338674403	-6.629494391015316
7414.0	1.2678258015296981	-3.9925691507237495	-6.163297662186227
7415.0	1.7367441314601062	-4.068537588667337	-5.669355451432006
7416.0	1.3962633311783232	-4.342611011192868	-6.438557011305998
7417.0	1.3126018670648634	-3.865572920417473	-6.203018725972893
7418.0	0.9505631851597725	-2.7712731752659594	-6.488738820613327
7419.0	0.49832354626984277	-3.031773269804283	-6.560668635065267
7420.0	0.2704251709779777	-2.75162762404997	-6.825406494950221
7421.0	-0.020695706935895654	-2.557691207926106	-6.858095273617122
7422.0	-0.6935611277388033	-2.978943710739828	-6.394554175618311
7423.0	-1.1368000375576002	-2.6137086633564244	-5.9947401836064165
7424.0	-1.5211282184979753	-2.986584921966538	-6.287541839987839
7425.0	-2.6537788171759327	-3.176305896711316	-6.29743165684619
7426.0	-2.8479304679043826	-2.202642554409964	-5.519731161407914
7427.0	-2.0587580786344812	-2.4809939458195234	-5.121524392133784
7428.0	-0.7580877541355535	-2.398649690619434	-5.727312935154203
7429.0	-0.32200251222434023	-2.208260428286864	-5.465407095226715
7430.0	-1.3602381234149208	-3.02639068300475	-5.5372888617134395
7431.0	-1.9295421757128282	-2.4987117428441574	-5.1597444057346395
7432.0	-1.7072159543078134	-3.324038099474515	-4.998581748692846
7433.0	-1.8836938089000408	-3.524805563981774	-4.935378607763953
7434.0	-2.6432331780765748	-2.996275594137969	-5.319928923453754
7435.0	-1.6235089073270705	-3.3874122775868756	-5.9586685567184725
7436.0	0.13668762271849977	-3.8513565732889044	-5.4299283616099405
7437.0	0.12053373179625074	-3.4197453207629205	-5.950075221229128
7438.0	0.7070687122603405	-4.276378792364592	-5.650312779231605
7439.0	0.963131579830298	-4.307111063855865	-6.031020177947752
7440.0	0.8706347030906199	-4.000884898025208	-6.401170842907453
7441.0	0.2049032579915559	-3.8301490565433056	-6.315719168678196
7442.0	-0.4202001434639843	-3.0192265380449204	-6.824961284248424
7443.0	-0.08801719144494685	-4.308386881129054	-6.8589503112121575
7444.0	0.23242464932542717	-4.360510061179919	-6.712994146066523
7445.0	0.11036866824785824	-4.280387954377361	-6.150345295286216
7446.0	-0.17896583635446048	-4.694412963712246	-6.1352199071250695
7447.0	-0.09659334743009335	-4.551416526122808	-5.595691163225596
7448.0	0.5164916031225908	-4.750864595232981	-5.744437089355409
7449.0	1.1820294506148392	-4.756552049864899	-5.942195968157781
7450.0	0.890215308587692	-3.6582352269573235	-5.8866387218389935
7451.0	1.5085556457122322	-3.0169513607618432	-5.785669338540963
7452.0	2.035029721257397	-3.2146012784549756	-6.145074279857635
7453.0	1.1218939067151494	-3.5962688982138156	-6.5913502409273494
7454.0	0.6408615262046119	-3.6346166247144387	-6.43094785961863
7455.0	0.267831704548743	-2.82048284309308	-6.9934908425479065
7456.0	-0.18757211552339476	-2.872041922597559	-6.747966808749605
7457.0	-0.06069769435030764	-3.838184117583727	-6.826430868505074
7458.0	0.28659198160506505	-3.6444323299404107	-6.332342800944144
7459.0	1.418821470107107	-3.625256535960181	-6.377212660439623
7460.0	-0.8898398038600079	-3.787778130136941	-6.436352226848081
7461.0	0.10652951800411495	-3.774079980723849	-6.459015265499481
7462.0	0.38187303017972396	-4.059729872293589	-6.588030057594932
7463.0	0.03780734449529269	-3.6830955849232327	-6.086253870803213
7464.0	1.6684912984215166	-3.3117305223443285	-7.330541667213222
7465.0	1.784515536301457	-3.392817614842298	-7.209180065062639
7466.0	1.0404706453715775	-2.9597625144522546	-7.385919255614131
7467.0	0.6633563829514457	-3.207202385727968	-7.209619086795589
7468.0	-0.12548552826197212	-3.815908045875305	-6.589268757162548
7469.0	-0.46529584756055326	-3.7524366788821375	-6.576526079217084
7470.0	0.07726779137835899	-4.297647191027035	-6.755882905885219
7471.0	0.36901156775934324	-3.4653625007590065	-6.644701522107731
7472.0	1.1389565419102166	-4.073100070428885	-6.45763236845472
7473.0	0.35282441130847864	-4.767922473403236	-6.7321638483294
7474.0	1.3347716695975227	-4.372497135437805	-6.745037115463727
7475.0	0.6395961438031006	-3.62835815269433	-6.715754685895874
7476.0	0.1496186327483171	-3.818878221681738	-6.067959140392063
7477.0	0.7004650877468455	-4.057306855397238	-6.281157607537384
7478.0	1.1451870098494026	-3.9524727030119955	-6.546652110327768
7479.0	1.1413517485217268	-3.709166288855862	-6.192750136151411
7480.0	0.7013531177015034	-3.535403827213373	-5.713588585303235
7481.0	0.9446234103281461	-1.694263178599178	-6.62154543217142
7482.0	1.8452788981098553	-2.5253924537821018	-6.453049371649508
7483.0	1.0247063844632651	-2.2409009988306847	-6.2505902920851
7484.0	-0.09384732663708045	-2.7647786900174385	-6.6863270808323065
7485.0	-0.5850265656503462	-3.0120188779474995	-6.872715809397186
7486.0	-0.23249225003582363	-3.7414861606886323	-6.6294735675324805
7487.0	-0.7131238636632975	-3.800267279706235	-6.80411770595288
7488.0	-0.8252062028775111	-3.9490861790917844	-6.82408703981604
7489.0	-0.6375361513845268	-4.044245775638325	-6.605597331702974
7490.0	-0.31947220198064713	-3.711307173414233	-6.065153584705926
7491.0	-0.556187423399098	-3.1822273355438666	-5.7513359742801935
7492.0	-0.9837682629637408	-3.400364737429779	-6.114752853729638
7493.0	-1.4988810494338276	-2.8610692237975757	-5.495247888794982
7494.0	-2.5610104698411487	-3.0413875185649695	-6.443759436557348
7495.0	-2.2008715371879823	-2.990768124107143	-6.136390433657079
7496.0	-1.9002436346911096	-3.4044843949162162	-6.1855620040865675
7497.0	0.032577592772695785	-3.4309982934364465	-5.851447670517826
7498.0	-0.0953311143736999	-4.1504612000834005	-5.917625191065891
7499.0	-0.460149022363195	-3.8088507351596057	-5.655742941619295
7500.0	-0.7982713498696149	-4.003528166300908	-5.541199749378817
7501.0	0.3819570940589426	-4.178456684624608	-6.028484770221685
7502.0	-1.015347123134404	-4.425552714398796	-6.198550840507731
7503.0	-1.63263106324863	-5.046105676814911	-5.641216120332088
7504.0	-2.1379405946258765	-4.513973919935272	-6.265085369288811
7505.0	-1.0043919369609933	-5.413372409884391	-6.437073876390744
7506.0	-1.4344826468358232	-5.969807794142383	-5.844170744024171
7507.0	-1.301781270108835	-5.178401397048477	-6.10633851591295
7508.0	-1.3715938807775676	-5.102421225105918	-6.419188995730118
7509.0	-2.104461123418291	-4.940202076964946	-6.496881727191355
7510.0	-0.8331294044492321	-4.535905320245241	-6.566552579034191
7511.0	-0.3636419531700669	-4.952404239385154	-5.9606697390119905
7512.0	-0.9753991143117167	-5.2692717255162185	-5.852781318344261
7513.0	-0.6987422717605102	-5.607145014052242	-5.623175506781648
7514.0	-0.3434076854570742	-5.45808313039486	-5.60967934029417
7515.0	-0.05370168744221021	-5.272122217414196	-5.346600169327422
7516.0	-0.28985195772200456	-4.941183485730374	-5.271611649868666
7517.0	-0.1423055226113181	-4.663256571372403	-5.567737608619808
7518.0	-0.3492182810777669	-4.452164631671222	-5.276881553182077
7519.0	-0.4741061068360516	-4.594551951324858	-5.773463807473847
7520.0	-0.8255239231655996	-4.411648828093573	-5.771032645187651
7521.0	-0.48345188874582257	-3.9177799878944533	-5.517522606530189
7522.0	-0.8641218325240649	-3.559276423331446	-6.0537626521071015
7523.0	0.19289177893600257	-3.4989553403023086	-5.671826160293874
7524.0	0.6280917060159068	-4.1811849223535615	-5.992799359392689
7525.0	1.3154167334682385	-3.6904926773197	-6.149579781965075
7526.0	0.4749740375641913	-3.473593980848844	-6.558467705571483
7527.0	0.16295974517022294	-2.8396438340784913	-6.552763021359113
7528.0	0.9740424347282932	-2.2543551501755132	-6.645022097500775
7529.0	1.7005427091506071	-1.8049713172809616	-6.687676340264078
7530.0	1.444125314476682	-1.6639080475300339	-6.234602675418723
7531.0	0.6668329846952441	-2.654403973176237	-6.550809985085024
7532.0	0.723940930350633	-2.496809293881638	-6.480954130456766
7533.0	-0.19455998193396504	-1.173550058015094	-6.484446274709011
7534.0	-0.48078027492786873	-0.501707322640738	-6.244558936714495
7535.0	-0.6021689148545435	-1.9017231536663204	-6.198496615277288
7536.0	-0.588329197363828	-1.9805608113617033	-6.970214505635544
7537.0	-0.8080828355116219	-2.376865805914209	-7.262026862808881
7538.0	-1.0475679594594118	-2.357755473107848	-7.601655828036632
7539.0	-2.587840462209309	-3.1736940618541523	-7.396763327959334
7540.0	-2.1863748522532176	-3.827342250173542	-6.868897249702676
7541.0	-2.186808160295028	-3.328315310070186	-7.005323950673197
7542.0	-1.4616180130439091	-2.876027714585576	-6.10762367055564
7543.0	-1.6880861887221965	-2.5425211238344922	-5.336177468375438
7544.0	-1.2465658469528544	-3.0164520658298497	-5.597046805631717
7545.0	-0.9134030574753407	-4.054783381514684	-5.0891674807295235
7546.0	-1.0556171617317462	-3.6617271345699143	-5.161370161853604
7547.0	-0.12037083345848626	-3.7157582971083456	-4.738355997307528
7548.0	0.5068711604883561	-3.194517699771476	-6.272770298580022
7549.0	-0.18175297454464578	-2.8276269755151677	-6.064704421595864
7550.0	-0.761052733440761	-2.554396923051319	-5.935685637654225
7551.0	-0.7626974661454435	-2.530611944932785	-5.901154468916046
7552.0	-1.067592984024627	-1.8712054139313217	-5.946764708372887
7553.0	-1.0057133292127578	-1.6961736732910486	-5.566231431315097
7554.0	-0.1412626356628665	-2.2350210975007108	-5.601393992816988
7555.0	-0.19351143814932514	-2.6958382988003415	-5.874735774880926
7556.0	0.16489294194569604	-2.0333013499598063	-5.746513385714267
7557.0	0.6431896296459545	-2.6427377352579895	-5.693103413142894
7558.0	0.005403887789569725	-3.723600551123261	-5.65514046384333
7559.0	-0.1589962799426185	-3.3448512112358264	-5.522468424182518
7560.0	-0.5939575352740794	-3.78186410049514	-5.498539187128925
7561.0	-0.7428286189009768	-4.120454527900108	-5.820011643402593
7562.0	0.18581391472125186	-3.857198839825486	-5.656531963987899
7563.0	-0.4118619886289594	-4.343737134581967	-6.197419146289273
7564.0	-0.7024729148338476	-3.5435833635402108	-6.018640549363072
7565.0	-1.0213570650973753	-3.8059039250258784	-5.870834639344815
7566.0	-0.5173181808171435	-3.7272116326398796	-5.477516919158455
7567.0	-0.2568159918520934	-3.6439428700075234	-6.066278175698879
7568.0	0.4681982808446741	-3.505314329165746	-6.367525757938851
7569.0	-0.20105590192599887	-3.6948109176525126	-6.853134327982163
7570.0	0.17901175890796367	-3.811311536500282	-6.762535198132226
7571.0	-1.7348859070723692	-4.249180561611227	-6.614679263111542
7572.0	-1.7097869623149415	-4.3379668541477105	-7.567024976536883
7573.0	-2.059544159055331	-4.7518013258057685	-7.836183802431214
7574.0	-1.9663756945244244	-5.043195360837604	-8.199023771914105
7575.0	-2.7929587033307866	-4.988874487775895	-7.863988689918437
7576.0	-2.6428011663731428	-5.006867835824337	-7.563828881488841
7577.0	-1.1042357611053029	-3.646324429346831	-7.585162707332071
7578.0	-0.7513115395399084	-2.967882021282	-7.406214222009248
7579.0	0.24602921900152297	-2.412356962384266	-7.32286846028341
7580.0	-1.0822377484495438	-3.299249216014876	-7.096770929946384
7581.0	-0.5943080249232149	-3.8762658367077396	-7.725235617332082
7582.0	-0.4522920261289217	-3.313814223169215	-7.60643866674283
7583.0	-0.8714336513870503	-3.4062330985066462	-7.857315129668018
7584.0	0.13855845839329672	-3.7019512472704754	-7.775483336277414
7585.0	-0.4156478269697047	-4.332045223298837	-7.564185963620832
7586.0	-0.7044407467216613	-3.9779863071093713	-7.80722825496713
7587.0	-0.09650519892780918	-4.841300512271609	-7.618236266216066
7588.0	-1.5018848821182622	-4.412840299459672	-7.417998790056891
7589.0	-1.6541545136135574	-4.436171805279686	-7.298871183401849
7590.0	-1.2709434437588314	-3.290035304703837	-6.896795314515192
7591.0	-1.8610279242652712	-3.0165730325925866	-7.224658671304369
7592.0	-1.738631763881365	-3.055739078449126	-7.4992749521511515
7593.0	-1.0103900041713458	-2.9939082801874815	-7.683135113419191
7594.0	-0.6238607681518675	-2.5224922875969527	-7.657477009178828
7595.0	1.1029885630831207	-2.5271541789492686	-7.634879622813193
7596.0	-1.6650127517081441	-2.524220603930492	-7.2715490774582445
7597.0	-1.350280738538045	-2.8755196947017567	-7.88019052520482
7598.0	-1.853769445357022	-3.598782301336277	-7.649380155411705
7599.0	-1.3226375931721213	-2.923769576532874	-7.879976643516182
7600.0	-1.4481020251111254	-3.252372719680939	-7.720316194735364
7601.0	-1.1942212054777621	-3.290220758037024	-6.998007626853394
7602.0	0.1454280835956429	-3.023982102039488	-6.954384701193984
7603.0	-0.43636225328671585	-2.9694487715484392	-7.412177300638035
7604.0	1.099244410948494	-2.4896101921049616	-7.641394315620586
7605.0	0.7105311441351677	-2.119722436868936	-7.631293385679211
7606.0	0.42443651801395976	-2.8097966520477673	-8.154797861634128
7607.0	0.01048627717147017	-2.323894692666036	-8.1265781277337
7608.0	-0.31352331546126533	-2.061370409620108	-7.741227453961138
7609.0	0.8704959982819674	-2.080630367388718	-7.860728186502781
7610.0	0.19960071454298256	-2.1847393171366143	-7.574633600683152
7611.0	-0.5416021267942993	-1.773569418215017	-7.206453441754069
7612.0	-0.8708684897836855	-2.5906785859433423	-7.673689160149331
7613.0	-0.8589395933118437	-1.532139352375795	-7.519383820682895
7614.0	-0.6439299670393812	-1.201185738272846	-7.724358905854574
7615.0	-0.8134678473734506	-1.6849801207903776	-7.233264833076818
7616.0	-1.089127681970818	-1.9469345437914802	-7.2038096392138335
7617.0	-0.6597114571416532	-2.247199102441194	-7.31975613606575
7618.0	-0.13215568119242027	-2.8801916084001693	-7.698211632349632
7619.0	0.3110209145065763	-3.174493798451611	-7.4478880091710815
7620.0	0.6701417929334227	-3.389059346746716	-7.785363049903131
7621.0	0.3636166454998294	-2.871906014194208	-8.135977262636207
7622.0	0.9341030325829149	-2.7036087567162133	-8.228718251984688
7623.0	0.2148726893241264	-2.707849224996135	-7.939816974597942
7624.0	0.955338889905842	-3.548858309443304	-7.398464277245781
7625.0	0.4181513163909726	-4.1888022798203925	-7.16739781995521
7626.0	0.5703941192180734	-4.7021639137960705	-7.2864837358060655
7627.0	0.4176009646835144	-4.872008292523224	-7.258782047257631
7628.0	0.4594908185628673	-4.954104716805436	-7.264715714985331
7629.0	-0.004024455408406485	-4.74323105668645	-6.727723789643214
7630.0	-0.38628168732927104	-4.401087971730799	-6.545789255480258
7631.0	-0.28821923587442155	-4.737626551188594	-6.7196290769881735
7632.0	0.18440353683628333	-4.760608007063784	-7.1217201684882205
7633.0	0.44080813503126204	-4.829954603944366	-7.596084994894852
7634.0	0.053775250452349696	-5.066915921671703	-6.8091970618899955
7635.0	0.25166950123748316	-4.8536696446471215	-6.693686671786198
7636.0	0.7660020761116946	-5.748543240256436	-6.7780545710807845
7637.0	-0.3750123694069558	-5.268967673932495	-7.102603534170613
7638.0	-0.2556361136607921	-5.232097550624785	-7.004229723869438
7639.0	-0.3893911254057324	-4.9095803531999005	-6.748665653678138
7640.0	-0.42254484940040293	-4.789591317201475	-6.618780864015563
7641.0	0.182226947490007	-5.031335298317575	-6.822126767698265
7642.0	-0.34681053409816925	-5.006714644489414	-6.935417417985741
7643.0	-0.08987587866432466	-5.04888473190343	-6.263244104851158
7644.0	0.9500260528153992	-4.953290139614771	-6.6126783356478125
7645.0	-0.40771059546763355	-3.6756916834868023	-6.301385189435091
7646.0	-1.1970449903708107	-3.571263991303313	-7.065854546082353
7647.0	-0.43171706186405556	-3.0877039616435797	-7.1812751956115255
7648.0	0.3100527203984411	-3.1273583597207084	-6.868665813190757
7649.0	0.052116972130996975	-3.499128539611883	-6.975570858864461
7650.0	0.6755333684677831	-3.7410423309645724	-6.150427938183947
7651.0	1.7046918852710844	-3.5030402695111382	-6.164491583310815
7652.0	0.8848421486294898	-3.6761635163334554	-5.985363475259405
7653.0	-0.023569016917813684	-3.198806041137199	-5.418025213986031
7654.0	-0.9210237802093013	-2.8422914209895977	-5.562421666331526
7655.0	-0.07015489631476005	-2.912981090709969	-5.672421918146401
7656.0	1.8723791582542617	-3.3774501133426855	-5.348790450574247
7657.0	1.298848454999927	-3.2770584518239008	-5.093805744644732
7658.0	1.3365742578988493	-3.9301587965345113	-5.5062566901578895
7659.0	0.5430591172503512	-3.8136227933654823	-5.2848695004362165
7660.0	0.629236638306607	-3.691740953588851	-5.306961286465733
7661.0	-0.01378989739538461	-3.115976954640818	-5.073101739609807
7662.0	0.60244712826247	-3.798563181388918	-5.8372022474882534
7663.0	0.7201715391133884	-4.290085522009285	-5.534148772364977
7664.0	-0.7563614951153741	-4.695128131402242	-5.797074754824884
7665.0	-0.38219291362415314	-4.952029847776974	-6.63499976481383
7666.0	-0.3102337855817043	-4.509756123865595	-6.744896720145118
7667.0	-0.07149367271177101	-4.899868524280141	-6.136272105512077
7668.0	-0.24286455557200745	-4.265244311388183	-6.066826859455469
7669.0	-0.4082118483656652	-5.065017992674374	-5.933626485426838
7670.0	-0.4250124578527242	-5.233572275065628	-6.19381302462776
7671.0	1.1288730041925494	-4.2945423741777615	-6.160916500622167
7672.0	0.4374077180612713	-3.6775958682452443	-6.544162615431207
7673.0	-0.12859730001269054	-4.5444503695306855	-6.951580550309293
7674.0	-0.49096451775200345	-4.2417678112822585	-7.172972802503199
7675.0	0.7048425160593219	-4.037164187173797	-6.764158694697654
7676.0	0.4547933684375023	-3.1579807024892053	-6.579156665355483
7677.0	-0.2917379755395812	-2.9624690926428694	-6.608813778422669
7678.0	-0.5431121567844632	-2.555592008383553	-7.039415969124308
7679.0	-0.8074269269995994	-2.8205615183115205	-6.863020605435817
7680.0	-0.8172925355817429	-3.1288891026117387	-6.666160261437475
7681.0	-1.1264920526541433	-2.570758656005913	-7.1430712849368145
7682.0	-1.5290271543007143	-2.2373665299711734	-7.129254299404525
7683.0	-1.5056922266879895	-2.2211949186568347	-7.021874736514742
7684.0	-0.7199620686465849	-2.498839261364506	-6.255584359766938
7685.0	0.22077976042674374	-2.497241223071039	-7.146144046384418
7686.0	-0.013355222269713179	-2.0199447360448377	-6.743431551311993
7687.0	-0.04570583268665414	-2.039323756961104	-6.433255603751571
7688.0	0.43510839636845955	-2.243245585790609	-6.606406941833561
7689.0	-0.35626711642270054	-2.018815636763754	-6.582349936313547
7690.0	0.5764682886227134	-0.5716690834559992	-6.252091999720826
7691.0	0.5347616006931588	-1.9421490313768248	-6.0973514014384556
7692.0	0.792947425107275	-2.3715888957192948	-6.2887934804866985
7693.0	0.30716058344543845	-2.5186100933717923	-6.381024422063828
7694.0	0.5401759180509556	-2.8376708901680545	-5.821396292380331
7695.0	0.2572824350676166	-2.7185650842889055	-5.82202922845495
7696.0	-0.09949049535346521	-2.6660444223526714	-6.2753196788224965
7697.0	-0.6347097495990753	-2.217887728211211	-6.805902474460828
7698.0	-0.5051322180241762	-2.5068323602888523	-6.78294127898634
7699.0	-0.5005352024367741	-2.0291872144855843	-6.814998403013556
7700.0	-0.49784853425177994	-2.068206086992726	-6.893655370838733
7701.0	-0.39767193881854224	-1.9040714947243422	-6.152552826741701
7702.0	-0.39042224979028145	-1.69929301470894	-5.415022322960435
7703.0	-0.016367193944605563	-3.496369724890048	-5.783847716419776
7704.0	0.4174570620814192	-3.2876223318890925	-5.694756559133414
7705.0	-0.03619083782493704	-3.002716010454641	-5.38755999728915
7706.0	-0.5365700548369101	-2.532990837696417	-5.645891470549998
7707.0	0.7310324756882417	-2.6738848721004276	-5.798132020584782
7708.0	-0.17184276799310833	-3.8035886920637245	-5.8412852255372725
7709.0	-0.08682662307572228	-4.138855845661059	-5.369227805207769
7710.0	-0.41067423073861503	-3.6238767666547176	-5.510614723323848
7711.0	-0.2414804924463416	-3.7829198636516903	-5.4471857812819495
7712.0	-0.1403665225067322	-2.8823695806107206	-5.535072032175757
7713.0	0.5338628938836137	-2.3178907804186535	-4.987048702157909
7714.0	-0.39126799106770693	-2.0955042146781744	-4.8384674832068315
7715.0	-0.38571342217065824	-2.6139956410719316	-5.24147823773082
7716.0	0.05972490476260328	-2.9888436456232688	-5.1969123217489
7717.0	-0.1129985684431456	-2.1004287448662673	-5.230603152195652
7718.0	1.0122803962156923	-2.096109911391428	-4.493864361203583
7719.0	0.7430553876563755	-2.635343630071866	-4.452998678135197
7720.0	0.25668297871869517	-2.3619303273680665	-4.317428122526751
7721.0	1.0805520253478318	-1.871987440680969	-4.497677341938997
7722.0	0.14118718404097522	-2.16090362223717	-5.19585814623596
7723.0	0.9256298299091358	-2.8774518320457663	-5.722070776239537
7724.0	0.42615018083440487	-2.4483880904457993	-5.771958688336096
7725.0	1.055439414235798	-2.4448964371313324	-5.218150477177261
7726.0	0.6360396691025321	-2.364240665861484	-4.792431887311948
7727.0	0.7273324412967194	-2.2588633477223015	-5.115412943095973
7728.0	-0.590674595873701	-3.2997919717025237	-4.90341295022128
7729.0	-1.5082184687317646	-3.217587386174017	-5.892055671305002
7730.0	-1.2378672869628793	-3.3523390369808697	-5.831756210764178
7731.0	-0.6209081513285268	-3.5105621341047786	-5.457755298688586
7732.0	-0.6045368075301771	-3.531664081168876	-5.387767499604591
7733.0	-1.2078057823483843	-3.030470205802367	-5.887734240267038
7734.0	-1.3908287133303745	-2.3639931681910262	-6.4499403821744155
7735.0	-1.2729135851611355	-1.611946697816189	-6.162861997105233
7736.0	-1.5918926682443355	-1.0914173933102393	-6.425595136074241
7737.0	-0.8778682224798986	-0.41371029914569923	-6.653839870564504
7738.0	-0.36280520458233284	-0.08881454890200469	-6.417714439096962
7739.0	0.3224603454645055	-0.25412954381564634	-7.209484239838489
7740.0	0.49597167945234577	-0.5546564146634935	-7.149087783165372
7741.0	0.8739885068935022	-0.7971324435110969	-6.575099333482321
7742.0	0.4305551077825195	0.045273332954258394	-6.650824630199312
7743.0	0.938246657683322	-0.7333257771435985	-6.687315358124636
7744.0	1.2144195751872977	-0.7860726343672684	-6.746455370097992
7745.0	2.0168429535747654	-1.2047000423320866	-6.296950398023849
7746.0	2.1468790932058655	-1.6889091235753242	-6.201825240977355
7747.0	2.6107708109425287	-1.6120081490818343	-5.789635179900795
7748.0	1.4056153050746703	-1.7260960249107307	-5.656757802017104
7749.0	0.8052549873805616	-1.9316538050183145	-6.277130705499299
7750.0	0.297036571090731	-2.162877413750792	-5.777636818989089
7751.0	1.0772836019817804	-1.8356722616283656	-5.980273459082475
7752.0	1.0148987447194546	-3.2450680258123388	-5.857203960828122
7753.0	0.5201803995096492	-3.365023767644135	-5.8074915488021
7754.0	0.5067114993357418	-3.230357452589165	-5.814689439148918
7755.0	0.6448456134494722	-2.746511063694612	-5.481325303409402
7756.0	0.006925971300574929	-3.2184029734515063	-5.327620311431366
7757.0	-0.23101843792907117	-3.470333673716298	-5.730528832234308
7758.0	-0.11530154507564061	-3.2811604340818334	-5.622219549147094
7759.0	-0.47920321381993164	-3.177393165917064	-5.625578698599464
7760.0	-0.6128487437446413	-3.3005058041887856	-5.500898435043121
7761.0	-0.865909199769358	-3.1881190929091687	-5.298911064256984
7762.0	0.05069986238958907	-3.520461340356433	-5.8499207123718975
7763.0	0.7333190838197327	-3.7236561678861495	-5.670914353409221
7764.0	0.697782494607017	-4.240578318748723	-5.655578129328905
7765.0	1.1732448588904871	-4.024495188205565	-5.4119949212184615
7766.0	-0.2706856423548581	-3.535434521328768	-5.6592275395877065
7767.0	-0.7036145474192426	-2.472238136669569	-5.983846107442988
7768.0	-0.5914601927394361	-3.372550004100173	-6.288449004239521
7769.0	-0.778735543393021	-3.432637357449766	-5.513694235416761
7770.0	-0.9954045994307108	-3.912584145124664	-5.426071944133774
7771.0	-0.3796227388543755	-4.2470179031592785	-5.00808879871212
7772.0	-0.12121618446735713	-4.400953174587049	-5.313268703363769
7773.0	-0.14659407443402223	-4.358531279599035	-5.602631274148565
7774.0	0.30129821967806125	-4.5050715217852	-6.563128699900194
7775.0	1.1562975825511326	-4.256780380658146	-6.056980832689836
7776.0	0.6900856703223166	-4.563437501955536	-6.342323298127042
7777.0	0.47663406980013084	-5.14668686063369	-6.387433069224652
7778.0	1.2002596664704852	-4.894025548031304	-6.961439204640754
7779.0	1.6264882592511527	-4.449177810612211	-7.129550649765186
7780.0	2.3370387879661445	-4.037553508566147	-7.321826458177835
7781.0	2.357910746675074	-4.166833701544984	-7.2685798274163895
7782.0	2.011369648694038	-4.0921261902191635	-7.306633416615534
7783.0	2.299065256105147	-3.8225447758899898	-7.307371161213858
7784.0	1.6671075548725656	-3.891825569535508	-7.580379352704974
7785.0	2.320717304557599	-3.544156395389782	-8.422342565399568
7786.0	1.9113935257192485	-3.6970804210297294	-8.369732129134151
7787.0	1.18409201183085	-4.544235814087313	-8.248238589551882
7788.0	-0.289543638230797	-4.025923800662439	-8.126305947021791
7789.0	-0.3555697978531304	-4.259313733230956	-8.359221631992838
7790.0	0.09469830242427713	-4.174610412985598	-8.514561038956668
7791.0	0.44666102713227634	-4.422920473312626	-8.358851059763335
7792.0	0.25214632556292277	-4.154839195930243	-7.512474515966019
7793.0	-0.34726859875933247	-4.124789587298095	-6.902233202100382
7794.0	-0.3959128998752732	-3.7769633480306584	-6.838983211463139
7795.0	-0.7351040785538887	-3.776129416124987	-6.462210548554446
7796.0	-0.690328488751708	-4.100866800181196	-7.016858121149214
7797.0	-1.4165032853580222	-4.73621380470222	-7.255415771271849
7798.0	-0.3028817997000198	-3.4432782532833004	-6.91446224019266
7799.0	0.2289625632780825	-4.1838814459158655	-6.472051443315744
7800.0	-1.1105798548394374	-4.0320606720573515	-6.673384658804011
7801.0	-1.670411199423976	-3.6077733535956646	-6.323193661131748
7802.0	-1.1620569680091388	-3.594751236286705	-6.416396167349079
7803.0	-0.611111927879901	-3.569236119444816	-5.9317811591763485
7804.0	0.2480928228543342	-2.8937176345281928	-5.9589877744911215
7805.0	0.11655675636553442	-2.998399324289432	-5.5428202516913965
7806.0	-0.1582984811536315	-2.597461311470631	-5.96151078182958
7807.0	-1.0654231565010395	-2.957956871854236	-6.192038474820657
7808.0	0.24900317148491047	-2.5525562914191187	-6.40091724389197
7809.0	-1.0966314417542322	-2.755546064057219	-6.177967009542687
7810.0	-0.8512288998432931	-3.461694871491151	-6.949643393472012
7811.0	-0.393211459951608	-3.6572384627685297	-7.1776309638396745
7812.0	-1.1067122833915217	-3.3912769276778336	-7.122245492527484
7813.0	-0.6520155766186291	-2.640492497725478	-6.932877782588512
7814.0	-0.6623745542870904	-1.9631039538274146	-7.4673775357855225
7815.0	-0.5760572850439358	-2.336553222962208	-7.391785754443832
7816.0	-0.7495110124879204	-3.3735836302623077	-7.197710023013503
7817.0	-1.1126436934278892	-2.8441399686491877	-7.713247321537886
7818.0	-0.32451325808694476	-2.785747181354477	-7.552034526958414
7819.0	0.23775490405774025	-2.16151476057117	-7.999229773550993
7820.0	0.8947251343656875	-2.0906488753745545	-7.9119854582242795
7821.0	-0.022048287763154262	-2.2008238437380685	-7.667240577851525
7822.0	1.1668182222429224	-2.985867487421465	-7.813124311253782
7823.0	0.20185377335140248	-3.052737691458705	-7.539238182372554
7824.0	-0.22733032852849996	-3.7025366937764947	-7.382257034981962
7825.0	-0.5617671501221498	-3.2959207210609733	-7.520406048297639
7826.0	-0.5678050560321712	-3.7801958028973246	-7.814712818731445
7827.0	-1.2903062347178524	-3.5886800545140423	-7.69578354588162
7828.0	-1.4621106730032103	-3.8641924281445	-7.528456200204472
7829.0	-1.2618473176251717	-2.6824003798525524	-7.738530047129261
7830.0	-0.18369457140729817	-2.7447383442014335	-7.562057712653115
7831.0	-0.9317042339536196	-2.376430634388453	-7.571389242168021
7832.0	-1.312220958729674	-2.42289721077562	-7.7202919905862775
7833.0	-1.1620792641874775	-2.7399129043949055	-6.793804081753631
7834.0	0.8068875378936979	-2.717353708614042	-7.008599159006257
7835.0	0.04495362525945684	-2.871078385858079	-7.430572289939763
7836.0	-1.0481045572168526	-2.8080063956963808	-7.880502656215
7837.0	-1.3375188831386924	-2.3563841760462	-7.558968780147502
7838.0	-0.3408045580349376	-2.0438158980826127	-7.142912699443302
7839.0	-1.5139435280659679	-2.628375399199118	-7.251437621123955
7840.0	-1.506909027433695	-2.6166203294134527	-7.117125005570319
7841.0	-1.0051063763755854	-2.81672894926294	-7.047166647916047
7842.0	-1.2200209131485928	-2.5085318047426037	-7.802239579185474
7843.0	-2.2827758456631013	-2.3420701740007313	-7.024538655652022
7844.0	-2.1810349501077697	-3.172182715935295	-6.419970941064751
7845.0	-1.6255058551770123	-3.448220599769821	-7.032187843990817
7846.0	-1.4841185876472307	-3.585096551361418	-7.109158051963394
7847.0	-0.6518493421180307	-3.1706963405482886	-6.780305910269224
7848.0	0.7182550522898873	-2.7610552558392873	-6.73235075743481
7849.0	1.8568272153858458	-2.679067811929722	-6.935022432840645
7850.0	1.3002443088444897	-3.1607524620859726	-7.287381982117958
7851.0	0.7900470965698113	-3.1464988699157517	-6.489095668378541
7852.0	0.2399328406853075	-2.846288237623785	-6.229383327820415
7853.0	1.6018214781436726	-3.305777488727478	-6.651586560533157
7854.0	1.4868278759192326	-3.2688521535613253	-6.501580446433272
7855.0	1.6968718374073777	-2.639492904050761	-6.993252751255769
7856.0	1.4662320275011398	-2.423411639897985	-6.551640136916755
7857.0	0.8777177887204799	-3.0492701126832813	-7.163310587431937
7858.0	0.28513191410516936	-3.29102465496488	-5.902344226288739
7859.0	0.24595525552361064	-2.8678675313086996	-6.070051066055656
7860.0	1.196340039044848	-2.6182810583699734	-5.873815460916247
7861.0	1.1129846982304912	-3.2064069150272805	-5.783121263525747
7862.0	1.086701266068474	-3.251960535949021	-5.843611269566901
7863.0	1.2060523005736015	-2.854033383977016	-6.324389347403577
7864.0	0.22172447720986502	-3.190397994415454	-6.436153016121677
7865.0	0.9054648570703787	-2.73943720091318	-6.882544729226565
7866.0	0.2495037463304155	-2.754042776721115	-6.628589495338546
7867.0	0.43099696346810257	-2.9456116610566445	-6.94338930787904
7868.0	0.35564289114572945	-3.4351210309167306	-6.678052093967273
7869.0	0.09363528574644991	-2.7307454906106847	-6.195149688390039
7870.0	0.7883257273481242	-2.306785427389775	-5.903248922466174
7871.0	1.3185310416061005	-3.0980098507035017	-6.2476849740964715
7872.0	0.8517247968350672	-2.3465364726037077	-6.444878903307185
7873.0	1.3562328126714733	-2.622294529615532	-6.238040664746779
7874.0	1.6032680832896928	-2.082690999662281	-6.250477296079588
7875.0	2.004546699888455	-1.360209384830125	-6.345819524092991
7876.0	1.2112028896010123	-1.9604840978809484	-6.623659027475957
7877.0	1.0923575006175463	-2.6605778709265393	-6.787075948993071
7878.0	0.9640071050876402	-2.577570102336563	-7.058529787041385
7879.0	-0.42677435604945513	-3.252625945601558	-6.824406187924175
7880.0	0.28136863725697714	-3.3131518624809355	-6.485340839553179
7881.0	1.0934989923500156	-3.176256511752639	-6.3536851982170575
7882.0	1.30369098734215	-2.953076078373612	-6.109148021568955
7883.0	0.2325357234490535	-3.7639804795567566	-6.427304715681106
7884.0	0.11947174324755916	-3.3446874564811018	-6.61158710018949
7885.0	-0.4460504592024789	-3.8856204347348795	-6.285446357456926
7886.0	-0.8794403089843671	-3.51812589687664	-6.1864185338519695
7887.0	-2.134173086770727	-3.86615713450514	-5.884007547249163
7888.0	-1.7980179458385124	-3.56466894085954	-6.0664625133993395
7889.0	-2.6535676374152875	-3.8349287843232176	-6.434117630722667
7890.0	-1.388861487610216	-3.4454108240913923	-6.202552978188861
7891.0	-0.754886862785306	-3.0868015445298016	-6.410751923672088
7892.0	-0.10382004637713939	-3.8394790682329862	-5.88117332791928
7893.0	-0.4268315754191825	-3.905872862518563	-5.744041504420271
7894.0	0.7331122808626658	-3.4414501593419535	-4.913909209560555
7895.0	2.0617228246163752	-3.1639524013760716	-5.168592679116502
7896.0	1.3831789179018612	-2.908192734228127	-5.875369815880941
7897.0	1.234050761014453	-2.9810969072700666	-6.076101971833657
7898.0	0.6415083751576844	-3.0107991845385023	-5.569318904376797
7899.0	0.9280910412460851	-3.8998507547934294	-5.076842908323146
7900.0	0.7405489257442883	-4.3886418072291695	-5.296313482452539
7901.0	0.9771931635341023	-4.231291340770332	-5.531049823931394
7902.0	1.2478115595181096	-3.2085292929347995	-5.794453194035483
7903.0	1.1270614103346703	-2.705497894582278	-5.946895364439418
7904.0	1.8516115601509	-3.3468435019729488	-6.466157294470761
7905.0	1.3565131893519013	-3.4614758728638977	-7.020951359792544
7906.0	0.28679260533675277	-3.017483481638623	-7.1178662925890395
7907.0	-0.2233857118021006	-1.8208903408374184	-6.026548293109828
7908.0	0.17574043642486042	-1.62903146935578	-6.250574827616635
7909.0	0.39821061234461164	-2.0584862584671484	-5.922118125646987
7910.0	1.2300145837610774	-1.4922858058205641	-5.6401908030245735
7911.0	0.8437549626096286	-1.2676174414901094	-5.692053874722045
7912.0	0.5206670379017063	-1.456907023994972	-5.9764489286183355
7913.0	0.12221774426934107	-1.8791528330035001	-6.339570749455897
7914.0	0.1119991354947556	-1.9449299491752616	-6.5650599584877325
7915.0	0.659433890425231	-1.4447198227942173	-6.04785563110221
7916.0	0.9899826774675129	-1.0747671342867888	-6.055279868526193
7917.0	0.3501237712505958	-1.4248101309872214	-5.832857879188464
7918.0	0.438253429297383	-1.5520312885302712	-6.392147066519802
7919.0	-0.27222087865881883	-1.8760165887082914	-6.5323911065157265
7920.0	-0.5336834679777239	-2.4747996210097467	-6.088180057826003
7921.0	-0.4678009994941347	-3.0365521107607982	-6.1299263621233875
7922.0	-0.28418838790042533	-3.1383623578956974	-5.810246577910267
7923.0	0.027942964425638928	-2.7148646661138587	-6.08676888456758
7924.0	-0.17544956176873605	-2.9415863895584415	-6.899293121238971
7925.0	-0.3181585416001187	-2.3710712197748562	-7.349246580259189
7926.0	0.39535958038356755	-3.1784721379631224	-7.2860231643128
7927.0	0.2615561552303317	-3.606125195943861	-7.027712328262625
7928.0	-0.6497403973860663	-3.9808003091944815	-7.39785967775636
7929.0	-0.8906207735449134	-4.2556601080160785	-7.339568183460129
7930.0	-0.04270155213526225	-4.161000173392456	-6.836636222166778
7931.0	0.45019584838081894	-4.134798290134518	-6.784080315443845
7932.0	0.08877885469913133	-4.579083782901364	-6.9033335343288815
7933.0	0.31626983948238885	-3.8473178590902863	-7.467595979578652
7934.0	-0.15036673295410766	-4.518750079014773	-7.121606905182944
7935.0	-0.6932357702602938	-3.2738312568110572	-7.125937259822262
7936.0	-1.4353771158953845	-2.1364787301210844	-7.32593915450412
7937.0	-0.931292340578354	-1.9808575155865438	-6.361522787336697
7938.0	-0.9017475097794161	-2.9868653841863573	-6.308779146496834
7939.0	-1.4592408518629103	-2.514188395214606	-6.482092379063174
7940.0	-1.5796833330103164	-1.9340087655565712	-7.005798138126566
7941.0	-1.2180378100152136	-2.224871698498458	-7.372639660101081
7942.0	-0.34145477737374097	-2.570445769389838	-7.469801672683354
7943.0	-0.18908980482920662	-3.3575490036917426	-7.54193410620073
7944.0	0.43162966257861834	-2.3935107259853785	-7.798922059347888
7945.0	0.5143780546804949	-2.355948039327834	-7.028807396934896
7946.0	-0.42983113755610325	-2.1733156783952294	-7.225391524551902
7947.0	-0.37135013423776664	-3.2775039059963	-7.173073846880434
7948.0	-1.6099014154824776	-3.624391594031523	-7.017802925609194
7949.0	-1.5553604806692116	-4.787354323270447	-6.62431271361364
7950.0	-1.439615435909833	-4.9124683184319355	-6.726601164790266
7951.0	-0.9479059234835747	-5.260298316693202	-6.7085066328908605
7952.0	0.05372179930006249	-4.628912236261296	-7.175836602328362
7953.0	-0.04744872212162199	-4.763451741073307	-6.992978580468717
7954.0	1.0707247457196527	-4.221537351147456	-6.932245241430922
7955.0	0.7923798290939649	-4.064844038052909	-6.973221803948784
7956.0	0.7016611352449298	-4.425359193174966	-6.6238487855425685
7957.0	1.3934615215350699	-4.173879670264158	-6.448356490795978
7958.0	0.774084876662091	-4.190983540410366	-6.834789597471267
7959.0	0.7753619435366924	-4.131722416513211	-6.866043552028685
7960.0	0.9285628636559223	-3.761802227614992	-7.057949498750599
7961.0	0.6583147185911666	-2.577134120711151	-6.266225498178191
7962.0	0.05104759663634817	-2.4102165533082407	-6.918853992005212
7963.0	-0.34060809558216343	-2.6541112211945137	-7.1328097120463125
7964.0	0.395669194817051	-3.045429806509393	-7.066793476040213
7965.0	0.1755251464272305	-2.7595847474869863	-7.823813868269481
7966.0	0.08133062721964879	-1.7335233605129698	-7.545520441707729
7967.0	-0.7872365962239579	-1.6762445319511545	-7.747194117890645
7968.0	-1.332816068887969	-2.1804369218569226	-6.843368857100977
7969.0	-0.7989351682302644	-2.228725570589663	-7.21133858325476
7970.0	-0.38578364650180574	-2.2019757564422857	-7.799136318041525
7971.0	0.5147660928984047	-2.58758347940848	-7.492825948742401
7972.0	0.15976464594242684	-3.076173624684026	-7.883587793541124
7973.0	0.9302263988621353	-3.2566596920257167	-7.8876150187542855
7974.0	1.516418790771589	-3.322760894866825	-7.4860849539807415
7975.0	-0.0026329203881669816	-3.2807550445551867	-7.557949902157025
7976.0	-0.7570694337001568	-3.972048839363211	-7.532429355980408
7977.0	-0.6361764145683746	-3.784060662302661	-7.372095299958492
7978.0	-0.14823393319783257	-3.061616770560649	-6.665324574429569
7979.0	-0.37483224767561746	-2.9051337591065067	-6.620132908140751
7980.0	-0.09711551406948038	-4.126576993622454	-6.64525428874347
7981.0	1.0568439750022725	-4.5300741833715445	-6.129713717529434
7982.0	0.9145040104202085	-4.3976439599027515	-6.642659037532433
7983.0	-0.12570358392959313	-4.863976964849366	-6.638083132076269
7984.0	-0.3640840299363739	-4.845582982971514	-6.925391788271337
7985.0	-0.8055299328199026	-4.146710956604733	-7.1346760492353205
7986.0	-1.0452487632447711	-4.475632572246215	-6.840822076977905
7987.0	0.48584659846597633	-5.114413285111473	-6.3213940158949695
7988.0	1.6153016401239424	-4.7751522277172995	-6.365155948552164
7989.0	1.1170871637730995	-4.977322817661085	-5.597061099482679
7990.0	0.16506043355651154	-5.079344786870318	-5.852407219676508
7991.0	0.5905164489694014	-4.361001914917914	-5.151260317070161
7992.0	1.0509602335336923	-4.949751515899704	-4.618441089885691
7993.0	0.49687012447731027	-5.422046850914882	-4.91834600207282
7994.0	0.3531632454130898	-4.637318599923113	-4.25041378485034
7995.0	-0.6445362550094628	-4.388689598648224	-4.774810686824005
7996.0	0.07200034869850569	-4.504750912754391	-5.037627711753799
7997.0	-0.21777015358388518	-4.23943307168064	-5.043313585262187
7998.0	-0.030151573015843036	-4.0338220337734185	-5.397438221369282
7999.0	-0.13225746772125635	-4.673954416897549	-5.1050178574691305
8000.0	-0.6968310815860994	-4.425707677689916	-5.179388412207897
8001.0	-0.5871572569897208	-5.307137812613182	-5.451967106991896
8002.0	-0.3462556374901186	-4.993773829921815	-5.802366728492284
8003.0	-0.30805747690900026	-5.423084101420681	-6.589000740903261
8004.0	0.6431134290308731	-5.486733810925532	-6.749505941023989
8005.0	1.1577470069967308	-5.653518331903285	-7.519466464569066
8006.0	2.142819216536378	-5.10059728994071	-7.38040117407317
8007.0	0.3380608685905673	-5.495678473917483	-6.949105375528107
8008.0	-0.6767595602703943	-5.068182702993386	-6.682022448705975
8009.0	0.19829642738996145	-4.808584747083973	-6.683858585623093
8010.0	0.16691159738114747	-3.9817881326975773	-5.936397685905141
8011.0	0.8946731903738248	-4.195330197915812	-6.171610508770154
8012.0	0.8477870367176293	-3.9411797350613558	-6.505798762074328
8013.0	0.6441693410194023	-4.3017886626052135	-6.36009299517329
8014.0	-0.22931210183883882	-3.9017100443548767	-6.327341032036636
8015.0	0.4214553120869278	-3.1840243353923503	-6.0382887930038045
8016.0	0.7576461684423568	-3.329342662656801	-5.98514590073127
8017.0	0.5788488853351278	-3.063320430839335	-5.6577398737653155
8018.0	0.20510712314627388	-3.2313422953424795	-5.5975451032689385
8019.0	0.5871192359849251	-3.8658863424648953	-5.965492634100868
8020.0	-1.2552221762019606	-4.347622243341953	-6.01941131262097
8021.0	-1.3358276167273917	-4.278914699047985	-5.5981762831716475
8022.0	-1.2110654173282929	-4.041906177221374	-5.80726008091347
8023.0	-0.12234065849744376	-4.656774007487468	-5.368511303895257
8024.0	-0.7501130061548545	-4.792152901042991	-5.832475133813612
8025.0	-0.6691980181586432	-4.7523611348560095	-5.681684559956826
8026.0	-1.6876796488702275	-5.065510571718379	-5.24139382885257
8027.0	-0.9678082890182899	-5.075435803509813	-5.298034821071861
8028.0	-0.9808099349653654	-5.766463848369694	-5.278312654096246
8029.0	-0.6618984802966821	-6.246852184494068	-5.644273504315498
8030.0	-0.669664822031893	-6.465087897717058	-5.196185286184762
8031.0	-0.3552201350729962	-6.8016728507683135	-5.634362472469641
8032.0	0.22555966347795492	-6.719898963262542	-5.690078531670728
8033.0	0.4048179466992137	-7.290642779844143	-5.726123448799298
8034.0	0.21584056972150273	-6.150204220039581	-5.457645487848383
8035.0	0.7708094857742749	-5.95957619447118	-5.351388058817293
8036.0	0.5364512793266782	-5.959876238487634	-5.448159485254674
8037.0	0.6650524247352032	-5.657639028635066	-5.47906774005965
8038.0	1.078355406494063	-5.686941939278419	-5.930874689300562
8039.0	0.6742518325002391	-5.57681272596613	-6.425046776377959
8040.0	1.5418726707923862	-5.653804124755772	-6.6557396665742345
8041.0	1.1998208072032412	-5.974171579207912	-6.586051790782499
8042.0	0.0866044560698781	-5.847437814186069	-6.677394664198341
8043.0	0.5412172417249236	-5.866481306449846	-6.848444864879581
8044.0	0.36107527231365805	-5.3457273045270775	-6.09579525164032
8045.0	-1.4363020567802285	-4.615813717694962	-5.28040467813409
8046.0	-2.0266388390396464	-4.77811951984385	-5.201435487921076
8047.0	-1.4095383157047585	-4.916124814191629	-5.218325959402274
8048.0	-0.7636315482216263	-5.082474282232923	-4.996825747022452
8049.0	-0.3683148470694903	-4.530373081034802	-5.4456717576116604
8050.0	-0.38119348306634937	-4.236161181100903	-4.949000008921696
8051.0	1.3388616705158993	-4.188814009156431	-5.26878310502569
8052.0	0.3848922180413967	-4.636471828867191	-5.341255031166802
8053.0	-0.7522187973295844	-4.592362986977149	-5.269505182955228
8054.0	-1.0460224752275242	-4.531895627645696	-5.218592895046561
8055.0	-0.8322284332377389	-4.174231292621232	-5.1880201122498075
8056.0	-0.7514771534000346	-4.139711338440652	-5.302772566492262
8057.0	-0.07059573206499795	-4.180835690885426	-5.476230153393278
8058.0	-0.4360903705839273	-4.793470695015158	-5.548705697067127
8059.0	-0.488766940302528	-3.3543205065799744	-5.5209763895171395
8060.0	-0.945157309085029	-3.6257177872072033	-5.2871388325846915
8061.0	-0.8222764320658472	-3.9921718704315756	-5.066037236238632
8062.0	-0.926749928563838	-3.8543425064584214	-5.158380195498937
8063.0	-0.6337805649336773	-4.119722161162745	-5.49425797138353
8064.0	-0.22228522719555477	-4.219115431068341	-5.847759735917389
8065.0	0.18621434031931847	-3.2168077780627202	-5.9904284223046265
8066.0	0.6670516613400412	-3.2078397307484767	-6.799402489848061
8067.0	1.506628033051816	-3.017024426959547	-6.864956815733767
8068.0	1.3947919671667786	-3.1869097086461755	-6.890658427900913
8069.0	1.3104040092977587	-2.4984822458486566	-7.049501929434789
8070.0	2.2918966041772406	-3.098425130782057	-6.936139554774551
8071.0	2.4761006941424957	-3.009352905208181	-6.809154239482491
8072.0	2.3090894159204707	-3.1672837553972633	-7.464908464301326
8073.0	2.3512243282870227	-3.51284634554587	-7.4227952513330955
8074.0	1.3608969726595403	-3.839012489234209	-7.278769560869197
8075.0	0.836956949233552	-3.259515083463485	-7.010801124827903
8076.0	-0.5523495248186319	-3.527362146314182	-6.524101698563303
8077.0	-0.31589675698375375	-3.62332940387845	-6.370585933964788
8078.0	0.015206778953167244	-3.996198273677658	-6.47698573781671
8079.0	-0.12801517175516786	-4.3253036662837765	-6.44565116527953
8080.0	-0.2689084749875053	-4.19136175942671	-6.339979608252744
8081.0	-0.6378400913184022	-4.389527590601725	-6.160559765212663
8082.0	-0.49097731857192084	-4.226575204324266	-6.784587389398577
8083.0	1.240540062833643	-4.4411410313937125	-6.668645312280485
8084.0	1.2101244008947842	-4.87617240910075	-6.2696616950909645
8085.0	1.1954220974169987	-4.783036934442153	-5.8267506178064155
8086.0	0.1439269177149809	-4.922047966212374	-5.416502968143614
8087.0	0.17339763638621886	-4.909284744426707	-6.105086444885796
8088.0	0.9879593379658791	-4.569787920356509	-6.094095523600331
8089.0	1.0015369839454622	-4.793581820651711	-6.281680118809426
8090.0	1.0007507345375475	-5.286319684737702	-6.308576009129341
8091.0	1.6342654738565923	-5.509573489889205	-6.633621357617407
8092.0	0.5619031395498109	-5.200420732458267	-7.076974664069952
8093.0	0.8743647240535972	-3.7951376735839055	-7.413771278598617
8094.0	1.708374917880643	-3.5224585367871057	-7.651117750076932
8095.0	1.6542127096995922	-3.3905778967629217	-7.288748948069533
8096.0	0.6513158852591223	-3.541508178924853	-7.346065396817528
8097.0	-0.3356941147351582	-3.0461378360022158	-7.041838680767201
8098.0	-1.0052243366997646	-3.0166473784368724	-7.532387785437773
8099.0	-1.2388467989451106	-2.725419483603192	-7.475895580600192
8100.0	-1.5685102856068083	-2.3584627983377286	-7.2837357915285095
8101.0	-1.2510639651426199	-2.43792331721046	-7.332227297967895
8102.0	-1.37709332689042	-3.4939457310677247	-7.243331609363862
8103.0	-0.8021268393646243	-3.50152244249076	-7.226681373546687
8104.0	-0.5892826737477816	-3.861748721282704	-6.581125724787617
8105.0	-1.367096280359198	-4.119708645612465	-6.299845199822579
8106.0	-0.34952490281567433	-4.141457460659128	-6.655053216790166
8107.0	-0.9923274015926565	-4.857672424469303	-6.855588278391613
8108.0	-0.8314416529032632	-4.809379615613889	-7.194253952170869
8109.0	-1.2437905179721462	-4.51782938126432	-6.972941794805218
8110.0	-1.3894073990761906	-3.6946063140834857	-6.911084208101325
8111.0	-1.306688698927157	-3.918102762453652	-6.6877027360804435
8112.0	-1.0868368993404793	-3.421950794249345	-6.226143950743278
8113.0	-2.24731717261628	-3.9419367666998095	-6.368920621891686
8114.0	-2.402481112087012	-3.8096638253106407	-6.646092481163509
8115.0	-0.7521749082154868	-3.580857637967074	-6.945263410934731
8116.0	-0.6528657796388556	-3.640394267895808	-7.332547000839751
8117.0	-0.44797770772921397	-4.023747417740895	-6.952035663133053
8118.0	-1.0779052878190067	-3.327600972232167	-6.814949180648892
8119.0	-1.4002534508133688	-3.8141991932525396	-6.646678818789788
8120.0	-1.1714112038129578	-3.755859235988793	-6.761806690230463
8121.0	-0.5742910033693289	-3.955912522478338	-6.6362021287496855
8122.0	-1.4705028882474431	-3.18333631582212	-6.723123355905113
8123.0	-0.6433355632075334	-3.098718129688259	-7.2026682299961555
8124.0	-0.16483865541007386	-2.798546353529237	-7.632593545022551
8125.0	-0.6264622398155985	-2.219858369744573	-7.062090660943177
8126.0	-0.7150915541499603	-2.384438920158495	-6.93928370513434
8127.0	-0.6255828973357968	-2.571853075054916	-6.83998327045003
8128.0	0.2297760195092456	-2.386870052675056	-6.464628055652741
8129.0	0.03313718414376282	-2.9838971942601136	-5.943001109080841
8130.0	-0.37089350033371504	-2.6725320366823073	-6.736291592535318
8131.0	-0.7883812019009935	-3.142098323408323	-6.554788557008212
8132.0	-0.21145572326975082	-2.9749283631712853	-6.211629011999866
8133.0	1.00982986965729	-2.48294261623162	-6.14635642673167
8134.0	1.062125123549225	-2.4988490497180442	-6.267027450103348
8135.0	0.5308569922061659	-2.3079827941457856	-6.570348723616691
8136.0	-0.0407552503870352	-2.2288073389404492	-6.8809808461688755
8137.0	0.6141193258068307	-2.886501152638941	-6.690351008032562
8138.0	0.5693793372488387	-2.739001178651868	-6.960077230224311
8139.0	0.6630537332122548	-2.2468712679771503	-7.064270393279568
8140.0	0.46084112760338525	-1.5004376728750946	-6.75906003604247
8141.0	0.5608823540264221	-1.5675809553119913	-7.435144808451457
8142.0	0.35456718334718273	-1.4683619666835666	-7.664340171928977
8143.0	0.08042290409251579	-1.7802701168252737	-8.279224182705535
8144.0	1.2052603357031002	-1.6230374410813717	-7.27847395260193
8145.0	1.3658338793960232	-1.764442257932363	-6.900039542351106
8146.0	1.0092272999088496	-2.643265771686951	-7.10396306903105
8147.0	0.7088933085761043	-3.028750712383431	-7.356340856520896
8148.0	1.116739981050463	-2.1425893235689015	-7.388708365040902
8149.0	0.21437294295714943	-1.6276436487685055	-6.654500494342779
8150.0	-0.3658166906249759	-0.7223501004933706	-6.428178558728374
8151.0	-0.6140207795685427	-1.4114045179601233	-6.4779489310071
8152.0	-0.799207704014308	-1.7682753676988088	-6.645936004688582
8153.0	-0.40256464480226517	-2.3373564232525195	-6.335229988700499
8154.0	0.27212189072515525	-2.15528275459775	-6.246496288945843
8155.0	0.7165110789607969	-2.5803527727080535	-6.738282672589792
8156.0	0.9766331638914911	-2.3148855425150927	-6.637089124415908
8157.0	0.28167917252070085	-2.5306563038105807	-7.330180177922287
8158.0	-0.7116615783896829	-2.7928482853773775	-7.351564339553299
8159.0	0.03882682959797043	-2.5848672942316195	-7.221165724906849
8160.0	-0.9579831692232572	-2.108520928776328	-7.437488556402915
8161.0	0.5626599365135319	-2.818523745421314	-7.098365830245177
8162.0	-0.5123216767850678	-2.8723279488429436	-6.81087718051746
8163.0	0.21521150777409445	-2.591025753256334	-6.718229488712157
8164.0	-0.4037710559532537	-1.6394612097054555	-6.72391691501835
8165.0	0.5716850042214114	-1.539304293796663	-6.4973041893855115
8166.0	0.0713382818488725	-1.5319268328527773	-6.519556387259223
8167.0	0.9035665905026918	-2.7254530580722562	-6.393115120019097
8168.0	0.5815948815433757	-3.144669867988892	-6.734042768871552
8169.0	1.0551197438759234	-3.1154045540159396	-6.620785927241604
8170.0	1.1696161119522397	-2.7465210099304582	-6.491735353954608
8171.0	0.14241921069135735	-3.0947612725715277	-6.179546175681121
8172.0	-0.9522447986214471	-3.0916122695661046	-6.513618106505084
8173.0	-0.8515361814442592	-2.8256532529862564	-6.473338711478906
8174.0	-0.8133063937045438	-2.219758914280212	-6.479450482917304
8175.0	0.35925887139323226	-1.22314529258101	-6.852684392410781
8176.0	0.017376593031321053	-1.6001004233718275	-7.252695519451478
8177.0	0.08907669682368186	-1.8745545499437086	-6.617379220472538
8178.0	1.0969775427420911	-2.2857149657143148	-6.354096013260935
8179.0	1.0746763153491645	-2.807883236965136	-6.452642509556024
8180.0	0.5148711901327538	-2.648882171070586	-6.859682987770842
8181.0	0.6754816141128068	-2.6237053828928913	-7.18121279108496
8182.0	-0.1871761378332917	-2.2522857672862324	-7.446909263566621
8183.0	-0.7092483244794715	-3.4313641459002104	-6.860949813289934
8184.0	-0.7993476840064498	-3.2376852948402637	-6.821907553732133
8185.0	-0.8555721946754533	-3.853487599014903	-6.792074447058164
8186.0	-0.704722635991449	-4.317043878562139	-6.914335774345694
8187.0	-1.1405883059981448	-4.744898176585336	-7.209527610527209
8188.0	-1.0892053525410974	-3.404442981529063	-7.684090852452754
8189.0	-0.3086839817247233	-3.087016990602552	-7.12027459444352
8190.0	-0.062071662331507446	-2.685394547724759	-7.588964870345321
8191.0	-0.9341690011006702	-3.015159228250619	-7.403063457762192
8192.0	-1.8385444305714993	-2.8361207385060223	-7.431577482158008
8193.0	-2.012871584534807	-2.986959252787701	-7.208485697103859
8194.0	-2.2894986703349964	-2.948172770149533	-7.570091113287814
8195.0	-1.3901601378267736	-3.59262668524917	-7.514417726833194
8196.0	-1.5943065418737574	-4.112127975528458	-8.358420530944908
8197.0	-0.494776663307888	-4.291985818953305	-8.132760474204662
8198.0	-1.1672052816263947	-4.612488869290798	-7.669968744338246
8199.0	-0.7269516183470461	-4.223440683227324	-7.769049182569958
8200.0	-0.6594280615352233	-3.645944223998804	-8.060249109974723
8201.0	0.10239537964408374	-4.859091988105941	-8.08639238295149
8202.0	1.0810174606019642	-5.104211486565726	-8.123759800601478
8203.0	1.295505448953445	-4.943547291606242	-7.9509475517495485
8204.0	1.0209540321935413	-5.286304321477229	-7.922627088210855
8205.0	2.1377867337883	-5.6887001194624585	-7.949090009850277
8206.0	2.257116671191379	-5.055762788531953	-7.996782965638374
8207.0	1.3844846730171243	-4.9825523649510455	-7.775131541688776
8208.0	1.4284757300974058	-5.264641588450086	-7.73286085058445
8209.0	2.126883210152466	-4.3691965063908915	-7.304990866962557
8210.0	1.1638475960643593	-3.541169072957842	-7.006672573940115
8211.0	0.3316452880633663	-2.921639214366573	-7.098221634755191
8212.0	-0.06565062110342829	-3.3265238985673107	-6.990067893657331
8213.0	-0.5776465167247293	-3.2783615914651767	-6.757125751608358
8214.0	-0.46433539785138445	-2.5263609920369277	-6.798070148872926
8215.0	-1.028985817755062	-3.1242433400071974	-6.501982715599311
8216.0	-0.8452886331162078	-2.7951308170333595	-6.583430511234844
8217.0	-0.2427120950021383	-2.3212591149969617	-7.067042191009938
8218.0	0.23972860613871289	-3.263125778050296	-6.572979865781567
8219.0	-0.8036843718296288	-3.5176691549604144	-6.864212140005337
8220.0	-1.36550462718681	-3.801162892911555	-7.767878587163575
8221.0	0.05842973818002922	-4.05568319606602	-7.143110092645316
8222.0	-0.3939418951571571	-4.043624055520386	-6.873192942675756
8223.0	-0.8954204712514058	-3.762885646310677	-7.197330704923713
8224.0	-1.0426570318041306	-3.206389252843024	-7.3826151230742525
8225.0	-1.0492374665398958	-3.3759341516007626	-6.846638612027589
8226.0	-1.6182512876342834	-3.2029992434990495	-6.752320331236726
8227.0	-1.0937194482281678	-3.5841490288601463	-6.638539486558915
8228.0	-0.636213913777736	-3.888601540304762	-6.546919061593767
8229.0	-0.716665953893345	-4.318794067692693	-6.494139142457323
8230.0	-0.9914400877904177	-3.281652190761243	-6.4434893509533095
8231.0	-1.242969742611003	-2.6874652771860554	-6.691199914361354
8232.0	-1.4752615957469277	-1.6444082784875291	-6.935038579610611
8233.0	-1.0238537166193402	-3.891159988044568	-6.663120477187164
8234.0	-0.9394576354568804	-2.9897989054410425	-6.763933901641063
8235.0	-2.051449915916852	-2.4231741096356827	-6.590255792689302
8236.0	-1.9682857544820869	-2.1599524724550863	-5.934598157476186
8237.0	-1.1905369266937786	-2.062433210660575	-6.376673057484934
8238.0	-0.8208127936446906	-2.714530308408717	-6.141681135495476
8239.0	-1.2113002442199576	-2.786131904835393	-5.9342963875210915
8240.0	-0.7412723340305928	-2.5621912134783784	-6.403296843726956
8241.0	-0.24650126882290682	-2.6128909612632807	-6.408596869937471
8242.0	-0.6740963218057086	-2.887680384520692	-6.677328569373663
8243.0	-0.6312631148122867	-2.448198925450379	-6.521328109022939
8244.0	-1.256151763799724	-3.4725950308462363	-6.379027625478592
8245.0	-1.1401382175425294	-3.0433617450657	-6.652743681951794
8246.0	-1.6254468853419715	-2.7815505832331824	-6.51172878166601
8247.0	-2.4523290313068147	-1.8037868455710548	-6.5787032483133085
8248.0	-0.6019567263045456	-2.308187423618077	-6.26588667784613
8249.0	-0.1308380976101789	-1.8304803886101686	-5.757410399705835
8250.0	0.09708898604617786	-1.776393137734837	-5.675612903151027
8251.0	0.6363296984323779	-1.3691584678573798	-5.638225813727303
8252.0	-0.0238880950293289	-1.3705284342598953	-6.162245706609689
8253.0	-0.46163677888098564	-2.477758737749032	-6.490540209412047
8254.0	-1.564727159046333	-2.8305921381072863	-6.512753788947467
8255.0	-0.8010518147505439	-2.6284754701711894	-7.183919943778582
8256.0	-0.280087969968427	-2.0053480360171885	-7.241509577285535
8257.0	0.3881044731601826	-2.1964405980963626	-7.863860845327264
8258.0	0.7307894855143965	-3.116074255036432	-7.822358433270315
8259.0	-0.47373278644943034	-3.5964372867429173	-8.037357789584114
8260.0	-0.8591677419476684	-3.6158658012059743	-7.727940191190811
8261.0	-0.1434474211408357	-3.731439176496914	-7.733740729696793
8262.0	0.48382799848127117	-3.983556896711154	-7.655131216850689
8263.0	0.7709308657868232	-4.4396456081347635	-7.765470065292929
8264.0	1.2690337540070282	-3.914489365542739	-7.588660631086437
8265.0	1.4310628019196499	-4.119480258118914	-8.016908457839627
8266.0	0.5956966080787564	-4.7243511113993035	-8.218602544245279
8267.0	0.27623325838811574	-4.534422093698571	-8.222351917686881
8268.0	-0.7671504800656543	-4.482937666683609	-8.3076141664181
8269.0	-0.8689924320828913	-4.276614662562426	-8.58129964066107
8270.0	-1.4432694285672711	-4.221688862193348	-8.229723546902694
8271.0	0.37383148811684225	-4.186556881950688	-8.457345616216008
8272.0	0.25194284591632965	-3.9905028703027816	-8.135638573234447
8273.0	0.5691172671554612	-3.7454738122638664	-7.887237898548451
8274.0	-0.23894744468248336	-2.959013442176394	-7.606821304343267
8275.0	-0.42092541221792684	-3.0073829183241627	-7.723148717723673
8276.0	0.38939491660265385	-2.857491871938848	-7.69808374230819
8277.0	0.21186551846269383	-2.4983715873579877	-7.383352348874595
8278.0	0.1538465361566123	-2.454528802349091	-7.392262774042369
8279.0	0.27192520318936236	-1.7956047619097677	-7.128970058915423
8280.0	-0.21455266819720764	-1.719524158150328	-7.101554223248094
8281.0	0.058299781729731714	-1.7468764425557226	-7.003101342687046
8282.0	-0.19824834294140392	-1.4654211793958012	-7.5228476996364915
8283.0	-0.4366762540963914	-1.5612420150813175	-7.3214881289577045
8284.0	-0.9388456892610226	-1.1588550606683563	-7.382037924360719
8285.0	-0.24343341331710094	-0.593582119366055	-7.048616914262855
8286.0	-0.46069300145346853	-1.183577414728667	-7.028739593162166
8287.0	0.1445902357283074	-1.8695934650747597	-6.814103218582087
8288.0	-0.7358761428769196	-2.0992620425929926	-7.01864670435975
8289.0	0.14510268332977605	-2.3748817041183177	-7.627995539610422
8290.0	-0.2972607701692472	-3.2323554513243398	-7.74587266226584
8291.0	0.10558437015491894	-2.9396318450972183	-7.943079449670167
8292.0	-0.2514732342693634	-2.9987434046055395	-7.756947814557579
8293.0	-0.5175470907844999	-3.3779058374443256	-7.967855431566452
8294.0	-0.8746372247733634	-3.619712286052588	-7.558051117667918
8295.0	-0.241729718599778	-3.0038705348605155	-7.9021180585290045
8296.0	0.30422103157331376	-2.9109227242347266	-7.865033049973901
8297.0	1.734607794231405	-3.161589189466047	-7.42230594983719
8298.0	1.04065182689077	-3.3304599474683574	-7.603720084739257
8299.0	0.6747835068862106	-3.517520365888884	-7.387665660165078
8300.0	0.36140549282186385	-4.477220736320631	-7.093325053041024
8301.0	1.0482122424340043	-4.811027104603045	-7.01970797966416
8302.0	0.018811865670803896	-4.33613766075614	-7.173099113904638
8303.0	0.32401108762415337	-3.371143455350672	-7.250823967064928
8304.0	0.051734038796970055	-2.6363211803618123	-7.43616666887228
8305.0	-0.49718313619947774	-2.6540890874750187	-7.7920661403459395
8306.0	-0.2918945962424254	-2.3607717530581875	-7.013452935152103
8307.0	0.1552803908355379	-2.6562027100120287	-6.358965876535836
8308.0	0.4146106951770531	-2.4677069744908455	-6.346398997111329
8309.0	0.8252946986997582	-2.1272777863070993	-6.573484493517758
8310.0	0.9956905183758701	-1.4229637296240236	-6.663443000780038
8311.0	0.8262372828992003	-1.7294794995475478	-6.460720016564922
8312.0	0.6525584938258806	-1.7126143183177325	-5.842641971825045
8313.0	0.5721154265074408	-1.061063015820451	-6.097622717341312
8314.0	1.090273809697575	-0.6710615193560125	-6.37774980315721
8315.0	1.0119981859797729	-1.1832130305900903	-6.746958994705799
8316.0	1.4481187121529695	-1.5540131578663863	-6.835522778027871
8317.0	1.2571742202609473	-1.9817104756179216	-6.752327914628324
8318.0	1.9502048220934318	-2.5976453563539326	-7.089869579011873
8319.0	0.8481821414261584	-2.3050268086301635	-6.851292306050787
8320.0	1.6163743481619417	-2.1971932634608367	-6.313411485469176
8321.0	1.8619182302368307	-2.4290095993068603	-6.571128692101402
8322.0	2.0370643202165426	-2.676434646864004	-6.603294251129887
8323.0	3.225514247370403	-1.67772562315878	-6.076080390764563
8324.0	3.223366636847853	-1.2724059463497635	-5.5320974662856015
8325.0	3.310034047091592	-1.978451859061844	-5.863371330680575
8326.0	3.254318472075431	-2.0135220356087835	-6.194707489583655
8327.0	2.4781873840380078	-2.2176707492864693	-6.791810619828382
8328.0	2.38221681741139	-1.5173663269328084	-6.416703867857866
8329.0	1.7702912683100278	-1.8776750438273	-6.040248776621174
8330.0	1.0375450215057078	-2.187024620396227	-6.074971968668712
8331.0	1.1705506040692264	-2.669670384546566	-6.4880256784201
8332.0	0.4600740151810441	-2.2007127625200074	-6.808539474743256
8333.0	1.659772173885612	-1.8831194234889073	-6.980527981083551
8334.0	0.7100597075906339	-1.8865558168149632	-6.6367422330529875
8335.0	1.0403636758793315	-2.5322825190766545	-6.756033293940967
8336.0	1.1160732857579319	-3.150979558994175	-7.289492506723759
8337.0	0.6596990930727545	-4.1795872950903235	-7.303858293122385
8338.0	-0.18494345579654486	-3.667796050792378	-7.952062239135021
8339.0	-0.5590957842161617	-4.0130107328346085	-8.227448231780851
8340.0	0.1826082259882773	-3.4976893516691305	-8.134049013546807
8341.0	-0.1887822800403633	-3.4787466045856155	-8.28960912217355
8342.0	-0.5567127678975154	-3.5688248828307145	-8.368333811181202
8343.0	0.13619730141738506	-3.4836377854276854	-7.941826200694756
8344.0	-0.8754064775884114	-2.084038089974772	-7.9041576628443755
8345.0	0.006092925133340199	-2.010810002836984	-8.32926401155575
8346.0	0.34531522748531346	-1.6508881526003667	-8.774844003101954
8347.0	-0.21183905460613095	-1.645220367501578	-8.250684978022942
8348.0	0.15994903306945088	-2.6086109204798924	-8.594598155442926
8349.0	-0.9083071352375282	-2.0432845585506336	-7.992536917917969
8350.0	0.11701059435746453	-1.917272882283355	-7.846045539399587
8351.0	-0.7236775872061461	-1.7440690966379986	-7.386083975554526
8352.0	-0.8342396252039717	-1.4385165878267052	-7.834451608729385
8353.0	-1.0374151216692924	-1.3933528259415318	-7.947186092837992
8354.0	0.07705260022408	-1.8289127889496626	-7.5919209066073226
8355.0	-0.011517969869470845	-2.074932990421247	-7.535357621686214
8356.0	-0.610546640985177	-1.2547969745095697	-7.555371296342027
8357.0	-0.9937892911433054	-1.4836804507287336	-7.88487172106375
8358.0	-0.8536714755988163	-2.488345070307431	-7.476888789153146
8359.0	0.5564034981815604	-1.161909555543324	-7.428195366414732
8360.0	0.7559361909653375	-2.4544275589581543	-7.312792205168802
8361.0	1.7699440637723716	-2.7653943858315064	-7.501284034465792
8362.0	1.1023755042850585	-3.5510400155391495	-7.555389183509012
8363.0	1.0968910598596853	-3.233226603401828	-7.425073199400701
8364.0	0.15410882870026493	-3.0051709859000915	-7.14630345496313
8365.0	-0.47652718167337366	-2.7218151328852165	-7.406239800938884
8366.0	-0.43785793360811887	-2.600062970254969	-7.074162003687972
8367.0	-0.45195138524738865	-2.426764148951295	-7.057426378210749
8368.0	-0.5797330304368322	-2.5046072537137456	-6.669221390338118
8369.0	-1.4948642102359009	-2.6522034378250114	-5.619758766498223
8370.0	-1.7423800448121725	-3.8181603556969335	-5.741458043633478
8371.0	-1.187894392925287	-3.511757132123998	-5.491867693136404
8372.0	-0.5230785337438575	-3.4243170303335475	-4.830192265615606
8373.0	-0.1589146422785897	-3.515013551019275	-4.365640372075247
8374.0	-1.6722778465566495	-3.582920222569682	-4.303018498526903
8375.0	-1.2714717297655511	-3.9187918317916397	-4.399665274368642
8376.0	-0.24992244740693098	-3.3197907764842536	-3.911069895091122
8377.0	0.32765371992941394	-3.372780548136018	-4.48871221128587
8378.0	0.4782753940425643	-2.49302051138266	-5.036412314284215
8379.0	0.14973044745815212	-2.7749349808364303	-5.9711356806012805
8380.0	-0.07681696373828045	-2.649735199322289	-5.931998074597438
8381.0	0.12112709161604046	-2.122537756215875	-6.081251029388596
8382.0	0.717519008170357	-1.9834143605509489	-6.328417070899977
8383.0	0.42474354628389877	-2.6670647061328006	-6.343988038499601
8384.0	1.2275226038089806	-2.3575037602686177	-6.0495922574461725
8385.0	1.3066290197349393	-1.9040009904051494	-6.071158089813625
8386.0	0.2845836250705027	-3.537105841578793	-5.678732552214629
8387.0	1.9583742463205245	-3.0558066770156396	-4.985628288930671
8388.0	1.8065711988775222	-2.6653060778272613	-5.8410224400319555
8389.0	1.943875250820211	-2.5466889159923563	-5.847954974528158
8390.0	3.075823957617148	-2.8525372262782254	-5.846795982997621
8391.0	2.35956141444751	-3.408291478463009	-5.930054122519627
8392.0	1.8081569440604377	-3.1521515267872227	-5.382396823307598
8393.0	0.16301732663561175	-2.691427221056353	-5.185684477787386
8394.0	0.7131445677968794	-3.003043017698091	-4.858578244646474
8395.0	0.502105701797018	-3.46200479835948	-4.444743272960962
8396.0	0.23804424150415512	-3.478899974153538	-3.682897774364412
8397.0	-1.4071331414047874	-3.6114858980480853	-4.077184085293393
8398.0	-0.7873943193050819	-3.600738338737747	-4.8439583324668005
8399.0	0.16989628931656037	-3.2468985319035064	-4.894704947705384
8400.0	-0.3447833489617371	-3.420376744115493	-5.1957227663183705
8401.0	-0.14227103274637026	-3.364679834582379	-5.853911374272423
8402.0	0.9253040977609582	-3.2008624814980404	-5.647955047390199
8403.0	1.2198826110829017	-3.2421797677251396	-5.775960864806162
8404.0	0.6893903464383312	-3.968228646193756	-6.1540186243282475
8405.0	1.4308311795168858	-3.02260109751779	-6.43167726856107
8406.0	0.5199140390510135	-2.6033940511606355	-6.29900662996122
8407.0	0.96022021879936	-2.237056113740478	-6.202304589661216
8408.0	0.9466129298141948	-2.4137491088826195	-6.315861458818212
8409.0	0.866808672980501	-2.380326497181094	-6.502235699045872
8410.0	0.1252340836438397	-2.2898290820361926	-5.9589352873972565
8411.0	-0.6227824776951998	-1.7891402962553953	-5.5256415461886395
8412.0	-1.407342668612514	-1.6651910832836014	-5.921160856569547
8413.0	-0.9154858900631999	-2.5038314808969835	-5.72496696663363
8414.0	-0.31757223425279785	-2.704987704705528	-5.759905830016282
8415.0	0.30819530048773086	-2.4578499934913935	-5.561692444186099
8416.0	0.5726436003087135	-2.062082230436174	-5.814609750813755
8417.0	0.5977903288199543	-2.3207480773019085	-5.891666557945021
8418.0	0.6031230523616176	-1.3516239367311607	-5.520783070609826
8419.0	1.7422644654073394	-0.5732963976656917	-6.058226891432189
8420.0	1.4287846720874637	-0.5895308316070318	-6.160662417653629
8421.0	0.28030876418540596	-0.9994788595546854	-5.568625455163704
8422.0	1.018211078850278	-1.4341678990364652	-5.112742620647756
8423.0	0.9511886182326054	-1.1024322590668834	-4.854169535557189
8424.0	0.9533829352926584	-1.2478597272726173	-4.914288732094494
8425.0	1.6630677270313488	-2.6281125881522165	-5.221447213200692
8426.0	0.9671320530448713	-3.160126199317451	-5.140459378367466
8427.0	0.6805103894627863	-2.873410533660939	-5.197925792451999
8428.0	1.0849529107483356	-2.7181609576332417	-5.188869642568592
8429.0	1.0435918395686388	-2.7731966774778343	-5.444658516526347
8430.0	0.1410963284766238	-3.3379468268851307	-5.434846574840305
8431.0	1.2024370144090297	-3.3650090241301633	-5.554661790684274
8432.0	1.9589824753695697	-3.349742145353354	-4.972617986959063
8433.0	1.1593242548501848	-2.1220254155762643	-4.823374341682688
8434.0	0.11401032209769646	-2.2616647071929625	-4.863138835865314
8435.0	0.4451884675963248	-2.5975813202347533	-4.739090323006341
8436.0	-0.26072164517259283	-2.488091650167928	-5.410623610118941
8437.0	-0.35390905987093235	-1.659276341554918	-5.309952854008079
8438.0	0.029011452478888727	-1.689178005160489	-5.2104268590239515
8439.0	-0.14685328370425935	-1.8102598517095272	-5.109827636361862
8440.0	-0.4407103088506995	-1.6174831916402719	-5.263188311878929
8441.0	-0.3394536611206279	-0.79886848759029	-5.825849397558002
8442.0	0.46367775852244275	-1.4118458267515224	-5.9266966231024405
8443.0	0.8814967827402561	-1.6919694758750747	-6.327662433916383
8444.0	0.9722289402413785	-2.1869373933870144	-5.806162038157351
8445.0	1.1188306558312102	-1.9541252740594897	-5.999414240805814
8446.0	1.4722532428256139	-1.8865105412641792	-5.8019075374501154
8447.0	1.1387107467874187	-2.1089486382827376	-5.6472548401979505
8448.0	1.4481025686292315	-1.880118562932871	-5.65961431532337
8449.0	0.8718938177079185	-1.6367790454738758	-5.494158728589201
8450.0	1.0231982580804664	-1.4424230527879003	-4.539665872387735
8451.0	0.8815819567987351	-1.4152183295817184	-4.747894507668205
8452.0	0.5093149814710801	-1.1634839671016137	-5.30505871476416
8453.0	0.6278464523569373	-1.1517240647765559	-4.836055686837763
8454.0	1.1205710623785354	-0.6926081986039642	-5.257082958340498
8455.0	0.9523145691848678	-0.8104019196061706	-4.910359521168587
8456.0	0.14824716138586558	-0.6757025816395967	-4.321143552553788
8457.0	0.5218907254580244	0.0337939478914151	-4.9306570886705385
8458.0	0.8214245557299733	0.427408035298193	-5.139797883633401
8459.0	-0.19850299019478113	0.34474760674633326	-4.619757553890595
8460.0	-0.16764429575797724	-0.8227104326027966	-5.162073220490593
8461.0	0.3353547081121736	-0.8153438015949761	-6.112702379816116
8462.0	1.7684984321902781	-1.4789824037097945	-6.728640424113543
8463.0	1.2766072363455847	-0.8624145753415402	-6.489908144922826
8464.0	1.8646941714603884	-1.1197134758743739	-6.4615810574813874
8465.0	0.3777938951152541	-1.0008751501150095	-6.602541442765257
8466.0	0.39964618767822957	-1.1697043221031997	-6.485164397619983
8467.0	-0.47301445606787224	-1.168167443803157	-6.116639567103273
8468.0	-1.2720238885839297	-1.1549978627119835	-6.274772093329149
8469.0	-0.29492041177045314	-0.7936231798847586	-6.654263893529203
8470.0	-0.3605479933627471	-0.6450799160844817	-6.440677388373636
8471.0	-0.08006486179845285	-0.855586079812006	-6.373808325131933
8472.0	0.1839907192241932	-1.0821953375186346	-7.1914592314467365
8473.0	1.1913932443994333	-2.326055833349873	-7.061306465218447
8474.0	0.6520702507822522	-2.319190631784214	-7.518211028203449
8475.0	0.24534852284458586	-1.7750849424811705	-7.498429405050172
8476.0	0.9580152469748303	-1.8217548271054904	-7.135759794195309
8477.0	0.9864954251309983	-2.16482203361217	-7.598394937930773
8478.0	-0.10800786785832261	-1.3997854767342792	-6.811885892660933
8479.0	0.7489073343876148	-1.406865311477251	-6.740929907999612
8480.0	1.963646425753533	-2.71328225978196	-6.31782617923879
8481.0	1.5959316201631284	-2.4735051637241363	-6.252000904755283
8482.0	1.8151123847269384	-3.3443903345708255	-6.52770720413125
8483.0	1.4838655268395873	-4.024008098659265	-6.714549236440761
8484.0	1.1709047607066039	-4.304296775869068	-6.580292740659485
8485.0	0.49050736256689526	-2.9136666468858206	-6.484152979169419
8486.0	0.6527981724703784	-2.314086256327321	-6.06127849603796
8487.0	0.5950739870217787	-2.378916875706043	-6.538222393210389
8488.0	0.16354024207151696	-2.3115858619626217	-6.443224005999287
8489.0	0.4553563108781328	-1.7159200458192174	-6.416239701045183
8490.0	-0.19767664318155304	-2.337798348104776	-6.655801063290037
8491.0	1.6561757412074507	-3.2188169572937877	-6.061524489412841
8492.0	1.6615193665558916	-3.3799609619720674	-5.920470428098915
8493.0	1.9344456549083133	-3.612667362114861	-6.220080763969966
8494.0	-0.425641110993003	-3.6790971291765313	-5.818474005477325
8495.0	-0.4074979895114005	-2.993793113441632	-6.345716053319985
8496.0	-1.6279156988685148	-3.8369361106149364	-6.288122252769247
8497.0	0.4155815501679462	-4.177716171261388	-6.67643842782256
8498.0	0.33199789773329347	-3.237360610601785	-6.440709727821879
8499.0	0.529886329919843	-3.345454229003828	-6.344998561497194
8500.0	-0.09672197983641365	-3.078141883842733	-6.25663439725873
8501.0	-0.6711479224367767	-2.9965222113802046	-5.687132862691597
8502.0	-0.23052486516748188	-2.91141116570274	-5.491581537109979
8503.0	0.3504534403026175	-2.7608267390245675	-5.602589362654872
8504.0	0.4838770548343354	-1.994268127340887	-5.844584304045075
8505.0	0.6945404975504952	-2.4986096619667166	-5.898142952827524
8506.0	0.3266476385544344	-2.0092807126676284	-6.02547692498817
8507.0	0.6799953137062842	-2.376141915049642	-6.373241064669271
8508.0	1.4041764946834394	-1.894860824144714	-6.009383334913362
8509.0	1.0668335997848233	-2.3597011981258182	-5.5222149785816725
8510.0	1.271558109751119	-2.2448830660378944	-5.256479050275577
8511.0	1.8506394134743587	-2.362978183850967	-5.784331017907285
8512.0	0.05837768110617362	-3.089741116332693	-5.641228664451365
8513.0	-1.1352506427792886	-3.244978893050416	-5.1537876215349385
8514.0	-0.5939398018719038	-2.756426146876079	-5.448742768053519
8515.0	0.4090449885053922	-3.014128245975713	-5.295348399019736
8516.0	0.9071643013787153	-3.3666286517826878	-5.150645203387291
8517.0	0.6912857683236217	-3.3446982773057785	-5.011909156663399
8518.0	0.44580888316539447	-3.6322123533751745	-4.370572918156707
8519.0	0.8765932662974596	-3.210307002024622	-5.0390351490507665
8520.0	1.009424829792773	-2.5131023340869696	-4.790704411337697
8521.0	1.3454658741238883	-2.952310274183291	-4.71984598256814
8522.0	2.4388455795226607	-3.1125737170359633	-4.7059034152719885
8523.0	0.6263590252631094	-3.058064285350199	-5.262800799766764
8524.0	0.8619044387928193	-2.7231111938639465	-5.3903283291105515
8525.0	-1.0935838954263342	-3.454951446367712	-5.183948922486529
8526.0	-0.9612987541098784	-3.2243401971131327	-4.996708224965063
8527.0	-0.8932965903305976	-2.9302729487928194	-5.105697258776707
8528.0	-1.259348547748387	-3.1894428235876955	-4.968809681614099
8529.0	-0.9067539141866983	-2.341551588811982	-4.848737387816613
8530.0	-1.0541361355328587	-2.6134665905826058	-4.868224271136487
8531.0	-0.08547548253094961	-2.67246747150665	-4.975583040733915
8532.0	-0.16197120502745305	-2.3231723391368444	-5.246523877911492
8533.0	-0.966204256055477	-2.386705591683769	-4.656846787032991
8534.0	-0.9899802230749537	-1.3149162823782732	-4.869716004689371
8535.0	-1.6205159177991106	-1.7264983297959464	-5.211114240503663
8536.0	-2.227573320491231	-2.2084044127319795	-4.688324754677521
8537.0	-1.1135878766312366	-2.5409702904485103	-5.027785335851351
8538.0	-1.1170340406693606	-2.945018056706963	-4.759587541799631
8539.0	-1.3797547695222465	-2.9556793204377767	-5.65912761626457
8540.0	-1.1837645240654493	-3.2850997542723683	-5.375712606646598
8541.0	-0.19160474756571766	-3.4181037663068956	-5.19478692950239
8542.0	-0.06643101095792892	-3.5246118515892415	-6.223615634986613
8543.0	0.1976663596432222	-2.6345810402673067	-5.454642670863469
8544.0	0.1848561554985938	-2.3284767516350153	-5.6252675726898875
8545.0	1.2273007877629065	-2.243855992722845	-6.120393839876126
8546.0	0.7086659130499663	-2.209696706704503	-6.024612952362164
8547.0	-0.6751638740250266	-1.9264132353862045	-6.155674453106855
8548.0	0.3205648308440072	-2.5396945707624052	-6.02879580643384
8549.0	0.35579488160033307	-3.1419045925706923	-6.207680852975266
8550.0	0.22576590755545145	-2.8182627775276696	-6.113523604239209
8551.0	0.33451772339847974	-2.880860290069764	-6.1978111153450355
8552.0	-0.05920313776695352	-3.0774601438015527	-5.823420940499885
8553.0	-0.20638066374765984	-2.8777077900894916	-5.972076808127649
8554.0	-0.32489965457379866	-3.366752570443936	-6.363476946748427
8555.0	-0.4228203811219372	-3.459943100072564	-6.2544002158845755
8556.0	-0.5981525692120961	-3.7035081333417668	-6.179158849668196
8557.0	0.42415205114448434	-3.8813552858718086	-6.482691412314994
8558.0	0.47879729827816075	-3.437541662618302	-5.964916339458553
8559.0	0.11413013481876225	-3.159483768027398	-5.976058563615362
8560.0	-0.5754510126113643	-2.252345775427968	-5.758562115273713
8561.0	-0.9831560047315275	-2.591705200651934	-5.788049371285995
8562.0	-1.6069152224112508	-2.669142591466785	-6.280411577162473
8563.0	-2.896606334027506	-3.258727998971906	-6.330558317109573
8564.0	-1.783949458831272	-3.5672711713122567	-6.625189203748854
8565.0	-2.1265414964773055	-3.105053669079198	-6.714683129546518
8566.0	-1.6088476066466533	-2.8672389940811533	-6.537696136147797
8567.0	-0.7530462806141188	-2.3914015565442055	-6.3131735520012375
8568.0	-1.3508841474778166	-2.1323935953384288	-6.541248281583166
8569.0	-0.6652018241855988	-2.5731635787768075	-6.877629530586623
8570.0	-0.5171025037310564	-2.4419960452395344	-7.154714657439722
8571.0	0.048108817855529645	-3.445255304172048	-6.890932350317367
8572.0	-0.1384285741329344	-2.8564617101401346	-6.845105143840177
8573.0	1.0298724420145215	-2.7273503136619484	-7.072032383049063
8574.0	0.5931172102607086	-2.941644876605153	-6.85650096686334
8575.0	-0.30795830515981787	-3.013670247012122	-6.097811358966581
8576.0	-0.11494612782224138	-3.3814690632844084	-6.624071949441731
8577.0	0.46988277413389046	-3.5452027618347532	-6.72055264186787
8578.0	1.5978274591819501	-3.477297038279886	-6.238269105880692
8579.0	2.3357781353281664	-3.1350001242410475	-6.396554648925355
8580.0	1.9890706764852102	-3.139523055835596	-6.179561839091039
8581.0	0.6974951115560823	-2.6215271033748353	-6.353950048963405
8582.0	-0.08902019760215873	-2.525157758413445	-6.298845956739991
8583.0	-0.4598282857969884	-2.072948944981925	-6.534063225108432
8584.0	-0.4711461144249304	-2.5832294079526044	-6.631654155507192
8585.0	0.09839613737299774	-3.233250719051085	-6.5806482081550515
8586.0	-0.06485010440614769	-3.2434604189073326	-7.406576966274679
8587.0	-1.423795344457468	-3.3931073516945878	-7.3393711474581735
8588.0	-0.37089119340014587	-3.159357886408424	-6.570996797639295
8589.0	-0.47564329997446453	-3.417371095074307	-6.455084298829766
8590.0	0.4040668562889226	-2.3127484536007885	-6.0171535250389425
8591.0	-0.1773790433154261	-1.2798758397300272	-5.41610579949517
8592.0	-0.0223348496404967	-1.5826259854689637	-6.264464500415939
8593.0	0.2390193025675398	-2.388722670374257	-6.125855577121269
8594.0	0.8909644427495972	-3.179673244605778	-6.385117683023933
8595.0	0.47355371646199307	-3.031717073244032	-6.758247235562168
8596.0	-0.03810644605757885	-2.4624632578458234	-6.64846816533637
8597.0	-0.09069256110808832	-1.8159906887009332	-6.903349200170425
8598.0	-0.059398089167273516	-2.288361093267407	-6.755902580987947
8599.0	-0.003682027458732584	-2.6786059615733064	-6.837255114058317
8600.0	-0.8351837150599335	-2.1777108277553587	-6.916528636009314
8601.0	-0.5065522548870891	-2.483120263381184	-6.659981780558758
8602.0	0.002099101699084338	-2.4586833443887626	-7.22315095302501
8603.0	-0.5163814348616586	-2.584687351028613	-7.145432028961714
8604.0	1.008661292547223	-3.6557475966960253	-6.91399930035125
8605.0	1.288341530447671	-3.1692741380213905	-7.061976298731672
8606.0	0.07126885805160876	-2.986080303969914	-6.9551295432871845
8607.0	0.13473452565673194	-3.4193320060635313	-7.313217726759246
8608.0	-0.07445415823078322	-2.993276158835676	-7.453941996623026
8609.0	0.2419081737918723	-2.768960776794941	-7.185488801502135
8610.0	-0.4145956910152588	-2.559629425916021	-6.613390149662296
8611.0	-1.9247139583252735	-2.7492574665288667	-6.763292663318271
8612.0	-1.1320804821351584	-2.9193500884742027	-6.5342617704611
8613.0	-1.1275624888500422	-3.3092968308643655	-6.40172853116219
8614.0	-1.219312747223501	-2.8949229916694383	-6.644658800672368
8615.0	-0.8113386509946181	-2.844464234925334	-6.6294818206589765
8616.0	-0.8752040685342639	-3.6129979379823554	-7.26808074106161
8617.0	-0.9071900922288973	-4.077163066406833	-6.912060049661711
8618.0	0.2949899056965192	-4.713512623786016	-6.9988132934651475
8619.0	0.35364780060936046	-4.419217353955605	-6.968958655377131
8620.0	0.2273950375493274	-4.829560156379409	-6.668742598066311
8621.0	-1.7429521506800578	-4.082290240607778	-7.013802224558837
8622.0	-1.9088206192050778	-4.285521742243934	-6.775259527211811
8623.0	-2.3485128140413782	-4.795010011244536	-6.4043566693417135
8624.0	-1.4757138994218684	-4.036813478580854	-6.081968925673886
8625.0	-1.1058466447019724	-4.0921277104764195	-6.027205903213697
8626.0	-0.5592616940346825	-4.495766058732485	-6.158576903862626
8627.0	-0.1263771271821844	-4.716979448363677	-6.6187954856428135
8628.0	-0.7089891693574288	-4.9087674736295	-6.7218026942500355
8629.0	-0.9134537032507293	-3.806043778802413	-6.726324073889208
8630.0	-0.37031331414751323	-3.842328216767212	-7.404149905153968
8631.0	-0.11014072820208595	-3.5183335483839824	-7.5504051162222225
8632.0	-0.7417543059723961	-3.1210474143357003	-7.4071545975448
8633.0	-0.5705099467810715	-3.361583455605222	-7.711042774330286
8634.0	-0.1370363819414645	-3.8468287100166365	-7.660724974477819
8635.0	-0.7371289636673847	-3.670561505974822	-7.345352475609196
8636.0	-1.1417147108813965	-2.8827583128617915	-7.240303807875816
8637.0	-1.5385389034611692	-3.3634822859137796	-7.012853375758095
8638.0	-1.9144515282793315	-3.74376466874762	-7.064215622549702
8639.0	-1.3552627951327927	-3.99960893052913	-7.310592628647561
8640.0	-0.49305526216432727	-3.6543011979809745	-7.160976599447284
8641.0	-1.5379098142815606	-3.2694415269456893	-7.309233620976738
8642.0	-1.1470601007478414	-3.2569166675964016	-7.503115810184937
8643.0	-0.14812149106161482	-2.582480156404222	-7.072607126714503
8644.0	0.30419792765738657	-2.449960529441525	-6.848228271336082
8645.0	0.9560707971358654	-2.913530397349442	-6.651474233387562
8646.0	1.3080827037318787	-3.0337279772914485	-6.5422979621024675
8647.0	1.6470267961313885	-3.928798119607904	-5.98319531271866
8648.0	1.6901057036429636	-4.092209641963319	-5.8290871052912525
8649.0	1.0111434571058169	-3.9408121437537007	-5.402722380760437
8650.0	0.6254379071725209	-4.035025979549654	-5.519708423283855
8651.0	-0.18107502125557928	-4.104649829189485	-5.775532866249227
8652.0	-0.7924205785458129	-3.600846087704091	-5.663190947271822
8653.0	-0.0013172657213763594	-4.4245605012677895	-5.905925752000443
8654.0	0.04454315322926472	-4.08971590381378	-5.961219641858093
8655.0	0.2499372434535223	-3.5344274894891283	-5.863566344051355
8656.0	-0.549063735496131	-3.763573616644221	-5.82779177746671
8657.0	-0.5484392408492191	-3.383259504954267	-6.053300175880361
8658.0	-0.7132816028215144	-3.7148581916782115	-6.063366240009816
8659.0	0.1248085184540953	-3.063648011782206	-6.064015015465615
8660.0	-0.4372864444198229	-2.9145209228302686	-5.354463076678697
8661.0	0.022108728246852172	-2.6488459373742352	-5.174785186919693
8662.0	0.9259542242368402	-2.5797962166736537	-5.166740682846781
8663.0	0.48160317283610754	-3.409178628359056	-5.216647118639175
8664.0	0.4707878143548109	-2.9429742096320446	-5.196696472220772
8665.0	0.5332786168938185	-3.57909993389192	-5.519184019515252
8666.0	0.5061122889453132	-3.2435522851524685	-5.822254746853461
8667.0	1.023842734588116	-3.2274542007287774	-5.733314182024279
8668.0	0.9233620461436793	-3.465179152020548	-5.3955113787845805
8669.0	1.5636158160946185	-3.0643564484681094	-4.702736497115065
8670.0	0.8866294124958184	-3.3814088768091333	-5.423758089365458
8671.0	0.49364309697269415	-3.470783101878628	-5.237280462123978
8672.0	1.2406142248634928	-2.947294851756052	-5.113992997679032
8673.0	-0.6331817698324625	-2.871383405979129	-5.258052217329584
8674.0	-0.5965543094220471	-3.0869512386065656	-4.722658850213634
8675.0	0.3836110698674683	-3.2286129651382955	-4.820777546647878
8676.0	1.227648071279557	-3.6407140721836275	-5.015217415399488
8677.0	-0.7697301807902504	-3.00671087743034	-4.847992896057921
8678.0	-0.03443242414295375	-2.5930451241108115	-4.951341603659136
8679.0	0.16607005328916047	-2.377963784304944	-4.740242608420129
8680.0	-0.14550333739099497	-1.9892909042470341	-4.139046020521626
8681.0	0.5142797199377565	-1.9589132947279226	-3.8056624832197596
8682.0	1.2559658389450874	-2.0256881412271666	-4.221398979079131
8683.0	0.8127856879562287	-2.2820849653348314	-4.206461635572353
8684.0	0.7739151798117071	-2.5048008464583016	-4.168679452836659
8685.0	0.5459196606736653	-2.770208240942421	-3.9056691230317075
8686.0	0.4181630894392789	-2.114859527787589	-4.11094723548241
8687.0	0.6113314259538624	-1.8042504068460197	-4.637595615463705
8688.0	1.4504173505886402	-1.574343411483356	-4.815382731852035
8689.0	1.1559226463348549	-1.807755948135492	-5.512493561554042
8690.0	0.8383101101176669	-1.377558318453425	-4.977779082937458
8691.0	0.769501469431862	-1.0281069326444712	-5.344418412279196
8692.0	1.236123298145544	-0.8501767990048008	-5.450195688938746
8693.0	1.4296945448270988	-1.8442148159869485	-5.976126873520241
8694.0	-0.909095114733361	-2.7367199687656663	-5.745724487658171
8695.0	-1.0064316121473798	-2.0374469595523705	-5.744894496791752
8696.0	-0.06970756303238068	-1.39388456719263	-5.425519181899256
8697.0	0.23180454808557127	-1.9397777634872937	-5.599951329176183
8698.0	-0.053722438404366635	-2.3314268551661863	-5.642429898858252
8699.0	-0.4005772630721185	-1.9542043243008078	-5.272914729268513
8700.0	0.08009503403113771	-1.63367206039195	-5.599398012362042
8701.0	0.2540562547638987	-2.7626351485022735	-5.104231201799463
8702.0	0.4053867407589097	-2.8467903426690477	-5.349580673416275
8703.0	-1.2538695998585885	-2.706581860761896	-5.060329076492382
8704.0	-0.07976623987910136	-2.8361533080022583	-5.08853142275475
8705.0	0.16255289056245215	-1.9382572845317365	-5.570695179081003
8706.0	-1.260260676875511	-1.7078009418104156	-5.6150793279817215
8707.0	-1.8764924410225916	-1.6909788592100714	-5.5236243824071165
8708.0	-0.7409761131267423	-2.170332186284384	-5.0545872900990085
8709.0	-0.6250385488356687	-1.7893439810523655	-5.52941703987139
8710.0	-0.1770213164809043	-2.4939119941575365	-5.124285417065456
8711.0	-0.17686405464314003	-2.6141247968490475	-5.684943545540315
8712.0	0.8864742904342208	-2.706686216761491	-5.852947539360859
8713.0	1.1639019926502872	-2.7924432612602907	-5.602288210492764
8714.0	0.7809870062593152	-2.662987229077285	-5.757015186002638
8715.0	0.8748717686930129	-2.6208395404029883	-5.518266530697092
8716.0	0.4285334832348176	-1.9065197288441476	-5.837998944340475
8717.0	0.5154430442609843	-1.687472197757204	-5.746831589830794
8718.0	0.43125105726013174	-2.7998448375024183	-5.945345793798754
8719.0	-0.44025667433187177	-2.4804350939060047	-6.022852695766622
8720.0	0.41561108746861264	-3.0063930510615493	-5.30438897052334
8721.0	-0.020817891699068697	-2.4570331972238484	-4.956664309855227
8722.0	-0.3817730607922122	-1.5292686650420997	-5.071792502021764
8723.0	-0.6335702439086551	-3.1062598148640888	-5.039741434065461
8724.0	0.022080010175752784	-2.5563867948602246	-5.4534446163970935
8725.0	0.2488473443000273	-2.5856983391381316	-5.425286746327987
8726.0	0.19774814762345838	-3.0795965086417394	-5.4371502777213685
8727.0	-0.8178105569891445	-2.853890649372218	-5.739776982835078
8728.0	-0.32857134254532533	-2.475207672471016	-5.733151451849555
8729.0	-0.8383640181627502	-2.9290459559408992	-5.814187751220773
8730.0	-0.5718115780194201	-2.293663167254081	-5.730569282390573
8731.0	-0.024030605422345752	-1.8610963481265592	-6.185418162684549
8732.0	-0.11128310730989485	-1.3403659588368755	-6.345143329416382
8733.0	-0.032528832603165636	-0.7652737587695874	-6.219438840324809
8734.0	-0.08818426501037246	-0.8283337704922366	-6.373341844699975
8735.0	0.14203061747205695	-0.9210879912009557	-6.314279013067239
8736.0	0.2192489673147684	-0.8003623475320667	-6.467704281529561
8737.0	1.0866960330232562	-2.055687471547012	-6.6567780869716255
8738.0	1.3517363651158525	-2.587554977781057	-6.903947830487493
8739.0	0.9645682168797349	-2.652716829107754	-7.293217378617195
8740.0	0.5318249000808496	-2.3144786983625774	-7.337256199490547
8741.0	0.45133581356488034	-2.116203696031754	-7.709785080986452
8742.0	0.4981280531446638	-2.48756950050731	-7.950111718885162
8743.0	-1.1266993603536566	-3.432100536120289	-7.681042009026053
8744.0	-0.3297629633710936	-3.1604665113264483	-6.994371462457146
8745.0	-1.5288826115999705	-3.692557973798326	-6.900895039261675
8746.0	-0.9911982857460339	-3.9785055036153048	-7.332229078697431
8747.0	-0.08703918241055708	-3.537552916774257	-6.603181132711644
8748.0	0.30488813077478527	-3.5311730039339726	-6.53267197139122
8749.0	0.8887349688403839	-3.8681328550181493	-6.6274612251827225
8750.0	0.8750288979873039	-3.4522759692622467	-6.881218833771466
8751.0	1.5663331071339692	-3.061996626807363	-7.375764499850583
8752.0	2.0924959365256592	-2.8367056181727137	-7.344591289843189
8753.0	0.14545119181412963	-2.2804693912619567	-7.3024198721426234
8754.0	-0.219067054003258	-2.081017610447653	-6.615376848885077
8755.0	1.0825305289048448	-2.549329543471533	-6.425226509047544
8756.0	2.1512738304389725	-2.532760186583553	-6.062858893132852
8757.0	1.4003521581254543	-3.2203092449265593	-6.444728008405362
8758.0	0.9733498898017647	-3.598710806462508	-6.378099583327691
8759.0	1.9295109922848523	-3.8506442876549234	-6.565639304857075
8760.0	1.9548326011134027	-3.9710185234495543	-6.627202972803576
8761.0	1.1631251178445585	-3.634145437236589	-6.7953785246351455
8762.0	1.8908049897158132	-3.516246953508283	-6.5476920606902524
8763.0	1.2679986898029583	-3.27018662766301	-6.723718498703511
8764.0	0.8638914798853125	-3.293048097421854	-6.6748692340119105
8765.0	0.6375605554175334	-3.144408258972013	-6.338078144769421
8766.0	0.643925229609123	-2.6586427383168534	-6.240787396513466
8767.0	0.19678281535206607	-2.5280137410150365	-6.231232514733576
8768.0	0.8453754979794286	-2.0914454798010924	-6.691157559978599
8769.0	1.6300962941502513	-4.316419266612225	-5.439269945961622
8770.0	1.549872148168441	-4.735254262123466	-4.922132403350778
8771.0	1.555622055207767	-4.546114730358374	-4.949445561281944
8772.0	2.027121847953174	-3.7821033798370065	-5.7261943408117695
8773.0	2.128559943290779	-3.764133921072998	-5.515724190230099
8774.0	0.9011540306617813	-3.8195114011757805	-4.766742271407922
8775.0	1.4171582720369327	-4.665120392274302	-4.61054054644822
8776.0	0.9980504064107854	-4.687610671546519	-4.324290766442287
8777.0	0.38724046432700887	-4.252469875427085	-4.34135524007842
8778.0	0.36430068925631764	-3.7470164241670814	-4.305839508411922
8779.0	-0.5731836932180229	-3.5037825015013215	-4.816501917919816
8780.0	0.10632581289778031	-3.150524525943948	-4.973726376136197
8781.0	0.20639403508212173	-2.799077664172789	-5.30569756110013
8782.0	0.19102471769028073	-2.6255487978896146	-5.042642083825083
8783.0	0.3215790876620142	-3.237600530261624	-5.420148583353615
8784.0	-0.062458642024692215	-3.0151333175998527	-5.894660818679138
8785.0	0.7639823689584027	-2.384364217426493	-5.648259743039819
8786.0	0.8189257919898224	-2.3088474627046858	-6.258352783048878
8787.0	1.2864425522359124	-2.702834840691436	-6.333793959813539
8788.0	0.09824883396554365	-3.262926832283993	-6.478565904517097
8789.0	0.19769005822612884	-2.474517378309091	-6.411641854130722
8790.0	-0.7946979271588428	-2.4934783578995487	-6.457523252382677
8791.0	-0.09844767154455489	-2.697120756765587	-6.587359469359257
8792.0	0.39975835742316784	-2.39781456313611	-6.21230040846978
8793.0	1.0488950149405027	-2.074494647401071	-5.963628898026847
8794.0	1.7936368374620368	-2.347657992042674	-5.69955602997514
8795.0	1.4294047581100362	-1.9579165197882642	-5.535013996085557
8796.0	1.5523024342409355	-2.322919096994858	-6.216725029374629
8797.0	2.0245832018303593	-2.3800211786388688	-5.453372002923677
8798.0	1.3721549169860925	-2.296036736645419	-5.888920415294616
8799.0	1.3450550087314048	-2.3109586207892168	-5.332286370908762
8800.0	1.7985765228096755	-2.4880353641244253	-5.249508685149975
8801.0	1.0528720003083465	-2.7197784322295124	-5.590810315762814
8802.0	-0.25915382351519267	-3.383958012640978	-5.4162024408709115
8803.0	-0.5874267732440841	-3.7173719636990645	-5.362489224161736
8804.0	-0.29150180735805664	-3.530851882849641	-5.755078748986872
8805.0	-0.32939411023404097	-3.6686976234890762	-6.404037766301849
8806.0	-0.20004315948748674	-3.7479285679553467	-7.203595020422313
8807.0	0.34370084212915214	-4.203540911206952	-7.061143288740955
8808.0	0.43323103290090814	-4.162562931729445	-7.410940484546355
8809.0	0.5055356146332638	-4.355359868726838	-7.482626075145235
8810.0	0.3345018221737231	-3.2437138449629046	-7.336393789540134
8811.0	-0.2931440159235882	-3.300044473750205	-7.348530987205819
8812.0	-0.7787661082959435	-3.398528573505058	-7.098945874080121
8813.0	-0.051105527131937334	-3.7221287459513523	-7.507512324244428
8814.0	0.5340473203550058	-3.2581398114676046	-7.468939666364867
8815.0	1.0889146211895466	-2.733147158034315	-7.401888190858746
8816.0	-0.05082899934550042	-2.7596257941517943	-7.60712616660691
8817.0	0.6615370591627612	-3.3114757366352587	-7.046719895235996
8818.0	0.8205442487717465	-3.4368827326428524	-8.014616166351242
8819.0	1.7822791725037548	-3.4747658313962373	-7.943000770456686
8820.0	2.017289250093178	-3.226060429172624	-8.135161556617176
8821.0	0.8044116239365878	-2.547366612154079	-7.997869816198116
8822.0	0.019272984109303067	-2.829347232363646	-8.210809241557927
8823.0	-0.8009381931037158	-2.7258316621671197	-7.782928986805797
8824.0	-0.5648166846171396	-2.988908678244667	-7.658275719973631
8825.0	-0.1593087857102435	-2.315039996613903	-7.679526772239216
8826.0	0.5469089082201427	-2.4409196205603894	-7.308152506115018
8827.0	0.9624863778749696	-1.9080455723299985	-6.936221616072634
8828.0	0.6305585409546772	-0.712313981902853	-6.851463513928792
8829.0	-1.052925581494952	-2.801467028875715	-6.729713769066731
8830.0	-0.57992428187981	-2.9785163671626735	-6.75300174477039
8831.0	-0.7193689067953597	-2.2722355182059073	-6.91581912644804
8832.0	-0.03561143496890501	-1.9873307040782955	-6.399351690332901
8833.0	0.042426412291958315	-2.175801884592391	-6.145205714997375
8834.0	-1.0273417982265787	-2.02387203987848	-6.6902373470639525
8835.0	-0.9618954556955445	-2.142864180554769	-7.552760642394214
8836.0	-2.5483476709979564	-2.441172520944884	-7.372569513839213
8837.0	-1.7120330905243935	-2.549747045144705	-7.070418355270001
8838.0	-1.8022785623774042	-3.5229831745637687	-6.9735540739759125
8839.0	-2.216043191385036	-3.4172336106398746	-7.2427036038913375
8840.0	-3.338278963129036	-3.0609165872057504	-7.328891025519644
8841.0	-3.023530625763153	-2.682036397032668	-7.187026700467054
8842.0	-2.091141225274111	-1.8620582744420677	-6.568127657020767
8843.0	-1.6763834555716137	-2.0956674012351555	-6.515228357220149
8844.0	-0.9080212923191455	-2.7440110544349037	-6.357122436546668
8845.0	-0.4743633163091977	-3.391755133019403	-6.264999785243122
8846.0	-0.7802272981253431	-2.5010271137326345	-6.010842774688719
8847.0	0.2436027226794145	-2.227706349482487	-5.640510579269527
8848.0	-0.680331373169779	-2.64250192750507	-5.175927082552574
8849.0	-0.8862316732837757	-2.8425785905300156	-5.228222534777052
8850.0	-0.5757543482313316	-2.8627800976852624	-5.589175559878363
8851.0	1.0940965644280847	-2.877965556060893	-5.416330284222731
8852.0	-0.2024009147900101	-3.5235722909137905	-6.023897582939786
8853.0	-0.1369577505962415	-2.534964156670822	-5.760885315016978
8854.0	-0.05906229577605315	-2.1643512537454646	-5.072432649958621
8855.0	-0.20663323295821323	-3.4395071760199007	-5.3600685126430605
8856.0	-0.5350352471016432	-2.830823342234452	-5.244851239169371
8857.0	-0.12180438150024786	-2.9771059721886237	-5.473254895462311
8858.0	0.2595283541374135	-2.504320446181012	-5.491050925323661
8859.0	-1.1207995525161731	-2.1985282869306104	-5.31336713879285
8860.0	-1.1009645261802885	-1.4007737603148152	-5.121052301473407
8861.0	-1.1188909568065126	-1.617479024814644	-5.341619795802344
8862.0	-1.2724287743261093	-1.678763640710098	-5.512063209256772
8863.0	-1.0663701609956544	-2.0425350271475575	-5.337623662652886
8864.0	-1.0102632266997889	-2.327673169750293	-5.677544573898006
8865.0	-0.8092686907833873	-1.8187487439451453	-5.6248677421344375
8866.0	-1.0646489182217116	-1.964147945403599	-6.235877252797476
8867.0	-0.3616994418737203	-1.3159662553027853	-6.822907986409448
8868.0	0.018688767304616327	-1.1152934672809482	-7.054651972077696
8869.0	-1.675741223254302	-1.0479544025746066	-7.017685909981543
8870.0	-1.8205644379151957	-1.4125763434616356	-7.167740137844986
8871.0	-0.9381487828165334	-1.7474399727409826	-7.3588053116556384
8872.0	-1.18685634939759	-2.545198565614326	-7.139316846218661
8873.0	-0.08624841687006929	-2.9814949961345083	-6.708658578106618
8874.0	0.11918019274221076	-2.7818516225950396	-6.630669510242513
8875.0	0.08714516695094807	-3.5556711496860376	-6.031960161012511
8876.0	0.2591729441281807	-3.102934941321701	-5.701465019544373
8877.0	0.6588194417081474	-2.527048097227878	-5.507123600683265
8878.0	0.8922505806237586	-2.540507852215503	-4.952641381909866
8879.0	1.203522202556583	-1.6186754199161082	-5.365293453844324
8880.0	1.2257966084782452	-2.1520465492003016	-5.301878815693973
8881.0	1.1253877244808104	-1.874972735087822	-5.386237306336652
8882.0	0.7356605076035345	-2.1173295340624017	-5.595203937224485
8883.0	1.1312837601346486	-2.1498529846127	-5.66576684908565
8884.0	-0.14032748324227456	-2.1699021809060746	-5.896358439857832
8885.0	-0.07884130029749692	-2.289048198273786	-5.461532281027516
8886.0	-1.1830737748815925	-2.0634371090808714	-5.546799378075877
8887.0	-0.309391010938832	-1.585183715278027	-5.906694237599506
8888.0	0.8821048109129969	-2.027796500525765	-5.811207407464245
8889.0	1.1502735869914296	-3.0070497700458607	-6.510905856492861
8890.0	0.799830649094954	-3.425544892138269	-6.477195818820639
8891.0	0.1451127984161574	-3.8148808225274253	-6.618674739001473
8892.0	0.4032088100841793	-3.3046151717011654	-6.526523465731653
8893.0	1.1796917238694633	-3.8037595275874345	-6.820859680495937
8894.0	-0.40375317487948936	-3.0914050125559305	-6.5564918731881425
8895.0	-0.3852518141642426	-3.9296704821755695	-6.751238949865909
8896.0	0.719664483918633	-4.272763633330352	-6.237624529502588
8897.0	0.17875918770111576	-4.096657128431273	-5.919824200392135
8898.0	-1.0498595172336238	-2.4770201500936513	-5.738612471044711
8899.0	-0.9540710459883849	-1.4816911050363728	-5.631759495116947
8900.0	-1.7886941822390026	-1.6460001002618105	-6.062250471815344
8901.0	-1.0763722282594248	-1.3118083447002498	-6.495823230019514
8902.0	0.00647571847202999	-1.152127313495659	-6.356255056676569
8903.0	-0.04607297152396428	-1.6048677570825307	-5.307941588382004
8904.0	0.006814675809078463	-2.940675482893237	-4.794413366875503
8905.0	0.50471835845392	-3.652938105680474	-4.669655978421936
8906.0	0.16754441336797743	-3.925806351114961	-4.361863878690206
8907.0	-0.6773875433887259	-3.57732371493781	-4.332800806962895
8908.0	-0.5060459336407457	-3.962287808441749	-3.9745545112269642
8909.0	-0.8510212296577768	-4.497719380812102	-3.6506220630910833
8910.0	-0.516024087579412	-3.534278044529616	-4.3424178978605426
8911.0	-0.5668320468856249	-3.143966498754418	-3.9104454216128386
8912.0	-0.7623684878475725	-3.2521384351989377	-4.497974385818245
8913.0	-0.6918454845621602	-3.019060048335094	-4.3039074950688905
8914.0	-1.0151512386157464	-3.3844297015728864	-4.583761952157838
8915.0	-1.0618340102002444	-3.2770816473386697	-5.001331433791122
8916.0	-0.9894659613105332	-3.1174259214764146	-4.938995347058513
8917.0	-0.20874395216346067	-3.035734211889525	-5.068433156623229
8918.0	0.8912031537384177	-3.7620674700824646	-4.838361353290315
8919.0	1.1533491719113107	-3.958617746951473	-5.004082406364287
8920.0	0.8632816897173106	-3.4452768289165436	-5.087185851702351
8921.0	1.476670317949257	-3.473204216925458	-4.5025070571736645
8922.0	1.03951186586757	-3.706561515960962	-4.185530811766641
8923.0	1.013304283371303	-3.5676403809351696	-4.753804747793836
8924.0	0.09389406771221187	-3.0760493324198928	-4.696989691013983
8925.0	-0.9460562038603572	-3.483667118745406	-4.740943178036005
8926.0	-0.797257246231045	-4.1120510234966	-4.671298609215878
8927.0	-1.029424365301095	-3.9269608833339547	-4.340449567817659
8928.0	-1.268964727453427	-3.9795774098086154	-4.274380724170076
8929.0	-0.21009514631959347	-3.7139826488412253	-4.543016459208393
8930.0	-0.34539919091731996	-3.8791977967894655	-4.698974312030283
8931.0	-0.13676477767696724	-3.6513295551938114	-4.738451626395786
8932.0	0.18658225939346726	-3.131371744450222	-5.2256732179432035
8933.0	-0.4965414002447234	-2.777333868828697	-5.605681461762949
8934.0	0.12507451216213555	-2.8382245807113633	-6.037222445807841
8935.0	-0.744595102328472	-3.3966772243508827	-6.4906168481131825
8936.0	-1.6494198007038365	-2.8610401463671273	-6.401241688220373
8937.0	-1.86307724018165	-2.7542059293547245	-6.205659712109348
8938.0	-2.1957334180378014	-1.6997622136151909	-6.638583105608387
8939.0	-2.0680350308973767	-1.348939685854607	-6.757860179572479
8940.0	-2.3469877287694367	-0.7668465589297595	-6.103746473124769
8941.0	-2.377435195684767	-1.527260379230837	-6.766255849329187
8942.0	-2.0329380378028996	-1.7013112219973725	-7.497299315141198
8943.0	-1.9991359078566457	-1.8445986687576836	-7.203773142862651
8944.0	-1.6787354568746204	-1.8491353909590234	-7.594236467606937
8945.0	-0.6974123957445353	-2.6431504252340767	-7.302556751750245
8946.0	-0.44967719639591386	-2.2730181151113213	-7.037162628475349
8947.0	-0.47142586545914217	-2.2463330161452606	-6.66730656932822
8948.0	-1.7434988269091547	-1.875799679141986	-6.543668525610172
8949.0	-1.760966224656033	-2.2984904853426786	-6.000894226233186
8950.0	-1.4903271807297405	-2.1926841640891053	-6.120650739135595
8951.0	-0.8835402083161307	-2.166284216715123	-5.985274298274382
8952.0	-1.1536190414308716	-2.355076396595174	-5.694614010998652
8953.0	-0.11727694811137424	-1.8826452931776148	-5.707846309600092
8954.0	0.507272966027486	-1.945820899182996	-5.94196454176525
8955.0	0.4082444118171501	-1.8068355663951348	-5.674318176169104
8956.0	0.380388933128534	-1.737348327290623	-5.747043679937503
8957.0	1.098203967820065	-2.580830390382615	-5.91596815221839
8958.0	0.8175035200037413	-2.2486970390737153	-5.91076879690976
8959.0	1.1443681815282083	-2.4552234548506657	-5.813298865276525
8960.0	0.7982848444063824	-3.0704904122406274	-6.296533168069961
8961.0	1.242597333579929	-2.8696935299636874	-5.938340261903031
8962.0	0.12531682497254415	-2.859746825610897	-5.6339768592304855
8963.0	0.05264868561156105	-2.999928309401588	-5.279201828444242
8964.0	0.7787269083834767	-2.707452748154797	-4.816854621385885
8965.0	0.6707483034871436	-3.3577653048077725	-5.16760508477459
8966.0	0.2904045315038997	-3.4249623393214277	-5.296337657573088
8967.0	0.15531790117251904	-3.6016346586573005	-5.521046655002413
8968.0	-0.566101157523567	-4.017387444594405	-5.741341508731657
8969.0	0.04953326977904848	-4.039730475688332	-6.0961733203649136
8970.0	1.079949289463137	-4.319357985742048	-5.972826090137515
8971.0	1.222086658700276	-4.664485879018605	-6.679529535663817
8972.0	0.6366877220636192	-4.406676268964932	-6.143894365481511
8973.0	1.1861832679172508	-3.905862040263737	-6.165446979988629
8974.0	0.7659345773061492	-2.770825629692958	-6.076609843611165
8975.0	-0.02365281600535979	-3.252760180507679	-6.129012417696309
8976.0	0.6633312019809302	-2.7395257685674275	-6.264106934954885
8977.0	0.38157945430216655	-3.382262003092633	-6.084362946631309
8978.0	0.19119852402495185	-3.2929589381550364	-5.972767726466292
8979.0	0.46439745629206036	-3.9049359989978645	-5.948530814852298
8980.0	-0.1703274472129313	-4.491038029823582	-6.081413958824614
8981.0	-1.3352071227544988	-4.420185825939479	-5.978796739620327
8982.0	-0.49223951000901667	-3.8485591862072037	-6.158748046270615
8983.0	-0.6826513575773822	-4.168185505476178	-6.530280908906723
8984.0	0.11917023275621347	-4.90253626813425	-6.632551591688262
8985.0	0.5896322980285869	-4.2325077211940725	-6.616376919096937
8986.0	0.04317739354565381	-4.197838990587862	-6.684433780056713
8987.0	0.4370079247494718	-4.091140328650579	-6.347482676518056
8988.0	-0.18380615239651837	-3.1046367217036703	-6.477908504870117
8989.0	0.19458637787541122	-3.7164459972734827	-6.04894735987968
8990.0	-0.1790312024442654	-3.680740520886448	-5.813498123697978
8991.0	-1.2924493792856286	-4.07350236678535	-6.309482025339078
8992.0	-0.3802968304479213	-3.47257305768549	-6.5465330150710015
8993.0	0.48559187521094993	-3.7853251689699308	-6.300019058960684
8994.0	1.5315959880838805	-3.1664336826513892	-6.905149328574881
8995.0	1.2602606277270751	-2.8348380277250795	-6.848292776210134
8996.0	1.6119703434848076	-3.02722307789724	-7.440627939954132
8997.0	2.62306014458017	-3.522311487844137	-6.916158161833639
8998.0	2.2824086668409236	-3.88192912036532	-7.076001756405868
8999.0	2.0053982375754775	-4.418062813488221	-7.181085350961287
9000.0	1.1746862196037138	-4.276927780214585	-7.431859140372502
9001.0	-1.1752758495279583	-4.4884336158865965	-7.187597051621796
9002.0	-0.6339016163120773	-4.387732700394642	-7.396205585611418
9003.0	-0.18608539044465167	-4.257854542425506	-7.25280785298271
9004.0	-0.07763285804512865	-4.4785098512239765	-7.180104757269249
9005.0	-0.09080113123435893	-4.628324920914775	-7.535655851337152
9006.0	-0.4295595280374497	-4.598692928141822	-7.089624383819064
9007.0	-0.8680979280948653	-4.8596335327617055	-7.3754467397967165
9008.0	0.26366120763104745	-4.386979898122497	-7.06926430370717
9009.0	-1.663393365511614	-4.184952210897681	-7.035029659949716
9010.0	-1.0682354542373123	-4.205130948012273	-6.69999636597826
9011.0	-0.8565026919418735	-4.073845934969147	-7.206680430419744
9012.0	-0.28269318723004655	-3.7030336541342344	-7.305696084135214
9013.0	0.5413118068447378	-2.9837795175578012	-6.102054657323728
9014.0	0.11079564299982295	-3.487760048966414	-6.07131159150768
9015.0	0.03556595182040467	-4.278172999343566	-5.973173649019737
9016.0	-0.44223048075301863	-4.0661239558950415	-6.045897075382962
9017.0	-0.08130839608794155	-4.487377848652111	-6.389942858867997
9018.0	0.14523592567577515	-4.435638475131429	-6.01726251959349
9019.0	-0.976800605794552	-4.257195902683957	-6.25854659045804
9020.0	-1.047664448756099	-4.2599544181948445	-6.752120715459521
9021.0	-1.0014950116718295	-4.703994980963122	-6.4682433583558385
9022.0	-1.1757692924655285	-4.275868918016732	-5.1644179754160575
9023.0	-1.3494805717220753	-4.156576317570213	-5.040276117029839
9024.0	-1.7536050111780686	-3.743809061002521	-5.119895020875029
9025.0	-1.1163430060432151	-2.4902240698233786	-5.0150346430920845
9026.0	-1.375683751313171	-1.427680908281131	-5.004898333313812
9027.0	-1.5642240883900422	-1.4922303964531947	-4.710284335684532
9028.0	-2.9342149658319476	-2.8078653844541446	-4.928824359330127
9029.0	-2.6471531783618825	-2.470176643102934	-4.336233804001209
9030.0	-1.7852889450325236	-2.5726179495617822	-4.289841100965206
9031.0	-0.34861062364259376	-3.356527737099058	-5.025265621924695
9032.0	0.06163853778159173	-3.5573957799737337	-4.866859546018806
9033.0	0.6037781428258466	-3.360637188732559	-4.463793355235738
9034.0	0.8558887935854549	-3.176846136277227	-4.640748076021724
9035.0	0.5038793501153439	-3.5012122392124425	-4.059029076693982
9036.0	-0.801162999906972	-3.4532535111610674	-3.7306611443642277
9037.0	-1.3579560336726926	-3.1250835082288644	-4.262391634466101
9038.0	-0.3692105509380596	-3.1607584952006587	-4.014353397742288
9039.0	-0.6944651551492209	-2.873128458774421	-4.648359029573317
9040.0	-0.08609886569883958	-3.8534999995714334	-5.19738454704637
9041.0	-0.02190845163396349	-3.4659778038311053	-5.1018096408240154
9042.0	-0.13766558201052728	-4.123645205118244	-5.125706672446443
9043.0	-1.698527223984056	-4.098676764374112	-5.00395751212763
9044.0	-0.526058187722416	-3.388313817846406	-4.634869485786632
9045.0	-0.7355297135203533	-2.9075381073153865	-3.6586557491392795
9046.0	0.31375126009498	-2.8200794626765613	-3.904530536786106
9047.0	-0.17769343892308942	-2.8382136465415275	-3.782190777206105
9048.0	-0.9099495856312241	-3.564375653625723	-3.9368166462092598
9049.0	-0.5735775387177064	-4.155113560708103	-3.113278416524378
9050.0	-0.5665197326865663	-4.65370411375106	-3.6563951446633753
9051.0	-0.10328112284574065	-4.885551757226658	-3.498800862371866
9052.0	-0.5311543114635957	-4.670797101488634	-3.2436355328455315
9053.0	-0.1732136210471752	-4.731317290141736	-4.616030674462771
9054.0	0.21369874282659518	-4.46987456364361	-4.72768466788332
9055.0	0.08755955342326482	-4.640221586689757	-4.450319105065732
9056.0	-0.4581118735694086	-3.9011123401012844	-4.466541686540603
9057.0	-1.0428297118988772	-4.439351029742218	-5.729195138915469
9058.0	0.026485545263033927	-3.9912921460774973	-6.107642043055454
9059.0	-0.5891334978108554	-3.827006633900074	-5.481477490810342
9060.0	0.2632082844736121	-3.3496727465423706	-5.605129956966152
9061.0	1.1072165758748587	-3.0288881328014416	-5.409973177752962
9062.0	1.681156837502674	-2.080474412410129	-5.349368980010844
9063.0	1.32388066683502	-2.054602700072278	-5.328742650350726
9064.0	1.100551024279628	-2.978141659184589	-5.93947556032221
9065.0	-0.2751333404095162	-2.685599206393157	-6.031572972895717
9066.0	-0.7793621992668628	-2.286273304179294	-6.597879873334539
9067.0	-0.503674337873045	-2.634582398438574	-7.079507605248903
9068.0	-0.3224155570836325	-2.609968532520569	-6.538461513837803
9069.0	-0.4255633956584112	-2.9689872096250407	-6.533480412770929
9070.0	0.40007735428170293	-3.3764000191573595	-6.627196700725704
9071.0	-0.24933442757165505	-3.432229125363597	-6.068104130138028
9072.0	-0.5235344482740274	-3.1386158584191515	-5.897830903534607
9073.0	-0.5195090258892558	-3.354942692885228	-5.186116864956079
9074.0	-0.2684674923102219	-3.037369462791485	-5.515617231494478
9075.0	0.7549278398354737	-3.3995009359800785	-5.632823340451177
9076.0	1.5436257631581762	-3.1468899294311026	-5.453981686468874
9077.0	0.1335161595124323	-3.494575687833473	-6.025010487363969
9078.0	-0.21011282737156972	-3.1107548975946546	-6.297306536865767
9079.0	0.6914675379229177	-2.8756473347788356	-6.305193600210455
9080.0	0.04121866216038916	-2.662743101897481	-5.863592412278371
9081.0	0.20957005152725422	-2.5472101778264475	-6.114301010687306
9082.0	-0.3393531885165135	-3.0064830053192075	-6.693672099627884
9083.0	-0.7401437707399723	-3.7634499357359	-6.656273202594434
9084.0	-0.5618571094011408	-4.1328235898569	-7.303649013239738
9085.0	0.09189437805880513	-3.737987263104579	-7.61478808499881
9086.0	1.2080964214418868	-4.1041704587214936	-7.680074326855113
9087.0	0.6595777640678635	-4.1399133213630535	-7.192252585355355
9088.0	0.5257472872988361	-4.4550030750859335	-6.933674013556616
9089.0	1.6812876215307757	-4.070038213109631	-7.165434971920156
9090.0	-0.2530117213712051	-3.7550411417294143	-7.250987868149302
9091.0	0.9041412316387265	-4.176023251460735	-7.32966371615
9092.0	0.6378259877031924	-4.015158415544146	-7.076521550164651
9093.0	0.02883951571421517	-4.2317382755388495	-6.65299805306651
9094.0	-0.27132773467779525	-3.68836832508808	-6.405266080147287
9095.0	-0.27014658475873266	-3.5130626071992963	-6.419942545190611
9096.0	-0.6590766973796125	-3.315127604980322	-6.890604998285067
9097.0	-0.39956813274659486	-3.618455354896877	-6.0816908229035045
9098.0	-0.5496828115487962	-3.2526029496159485	-6.145022169242728
9099.0	-0.44046080707038227	-3.0336870738479402	-6.467148358467373
9100.0	-0.15222891690003668	-2.4188921076451217	-6.450469492934004
9101.0	-0.5004474405348014	-2.349159187889337	-6.445222072617928
9102.0	-0.34148606699988276	-2.711461116330672	-6.005616633006213
9103.0	-1.8163553925361864	-3.027354402772512	-6.206003294824816
9104.0	-1.2646484133593723	-2.2806635385002467	-6.81371695248325
9105.0	-1.665925134012205	-1.910172672444963	-6.725870820854522
9106.0	-1.0924882819922852	-2.405276915405258	-6.44306308535776
9107.0	-0.473651829252938	-1.860796012818636	-6.821002851205243
9108.0	-0.48693403399925506	-2.4041328515693405	-6.92556637206983
9109.0	-0.3536590942640412	-1.2604682426241738	-7.42132139223231
9110.0	-0.31386136858793234	-1.5337804328945088	-8.221617247005021
9111.0	-0.7668652016311689	-1.6358532923575124	-7.816846020381688
9112.0	0.42801805089072753	-1.8906919460422507	-8.018726275697603
9113.0	0.17895623064810484	-2.327566423388369	-7.801503656191431
9114.0	0.2840061736662447	-3.135305346998018	-7.77643703939952
9115.0	-0.2499942945548871	-3.09698574952212	-7.756748195900067
9116.0	-0.6246628109273795	-3.086823745277628	-7.211636002364192
9117.0	-1.033109216381252	-2.815058994942516	-7.122738122046286
9118.0	-0.6394077969099323	-3.0078813844702683	-6.920156981581349
9119.0	-0.8410140990582284	-2.6250134868361252	-6.589065388398313
9120.0	0.2213715507421592	-2.7859855093274755	-6.327610404954845
9121.0	0.43337700106389054	-2.979437750002338	-6.257570869825227
9122.0	0.49491786660531367	-2.787863393668455	-6.213515965912399
9123.0	1.5834347811636171	-3.8502743760730014	-6.480517845744675
9124.0	0.6438520790542575	-3.7002576126125284	-6.30187791620555
9125.0	1.7690483937621297	-3.5792723028492937	-7.028581767626138
9126.0	1.365013193453228	-3.388478543385332	-7.194996389894028
9127.0	2.034313584973511	-3.0717801479086386	-7.599588777538097
9128.0	2.2435127554329615	-3.0256838403280617	-7.378054707199626
9129.0	1.530184898451608	-3.859107920174637	-7.546218155560089
9130.0	0.9849398442812611	-3.5391539879929974	-6.872653173436596
9131.0	0.36918521330572096	-2.7260633586010727	-7.004303697858663
9132.0	0.5864026915199685	-3.6641322889646504	-6.873313622558132
9133.0	0.9255502412537849	-3.092934322226503	-7.129586529555684
9134.0	0.708774766523195	-2.6604086877131277	-7.276577427395846
9135.0	1.0636694256261494	-1.9999943970998761	-7.056185411476026
9136.0	1.4486242408920225	-2.4226689706905002	-6.437060192822754
9137.0	1.5307713073204394	-2.133825526354504	-5.920568129795407
9138.0	0.6542629631987824	-3.144887495030703	-5.812108004839162
9139.0	1.6963317136657419	-3.198413929209567	-5.910674072955105
9140.0	0.5276654752785641	-3.6153045850307093	-6.261635540959371
9141.0	-0.3162566938466329	-2.626802760224443	-6.447154007471487
9142.0	-0.27976983178247194	-2.1911979068454057	-6.116355684953458
9143.0	0.63919667242593	-2.6476701133598954	-6.049336815595191
9144.0	1.048164327154055	-2.6454397501445124	-6.133931509828409
9145.0	0.0009466415922422811	-2.577486777559345	-6.035420215584862
9146.0	0.6589625606123656	-2.888144064168789	-6.176462712938077
9147.0	0.9623674038927168	-2.8168757395682364	-5.860571218670025
9148.0	0.6875989908281475	-2.028448032292414	-6.71598440549058
9149.0	-0.23069845667441496	-1.2935992951279651	-6.279957789258577
9150.0	-0.5289219236187577	-2.1733114709396766	-6.541360997006673
9151.0	0.4620754649315927	-2.7732290055100153	-6.596915365582176
9152.0	-0.2542461575892722	-2.4253380226594925	-6.311805405506737
9153.0	-0.5491940034566027	-2.6735996699923166	-6.096368582314115
9154.0	-0.3724235196976838	-2.88490081385577	-6.14633383783345
9155.0	0.4027891949316022	-2.941957432436688	-6.253613818449208
9156.0	0.8867867160012093	-2.2806907193200057	-5.938409261803966
9157.0	0.9897856400727814	-2.7911845783583256	-5.857430695762585
9158.0	1.6551770827290135	-2.3460382292301936	-6.17512776834645
9159.0	1.2220734750301439	-2.261808555245512	-5.962168788167684
9160.0	-0.9399333096385021	-2.600972327475406	-6.328560545376795
9161.0	-0.4881607178049961	-2.7948367569019417	-5.886844119503393
9162.0	-0.4628365629694552	-2.482556729822895	-6.111265002422035
9163.0	-0.5639131111715641	-2.459984449228857	-6.5303866937428925
9164.0	-0.7387379177917202	-1.981137959933855	-6.254235120030463
9165.0	-0.4713320193780536	-2.5058551215093448	-6.10961806587535
9166.0	-0.03402126621571809	-2.24538035366471	-6.298739950023823
9167.0	0.9005723948986839	-2.6028607810165334	-6.831237053958305
9168.0	0.9365235347785756	-2.2132664670772333	-6.510250669685043
9169.0	0.20455031359972686	-2.9652466989879778	-6.073668004092415
9170.0	0.8299920991469366	-3.394567599159027	-6.3803396412120055
9171.0	0.09004403443346415	-4.10763531051411	-6.341549941597668
9172.0	0.6983584068177545	-4.048647960182592	-5.875485352915352
9173.0	2.3293787587021635	-4.147453836819597	-5.60874396195333
9174.0	1.405577940656513	-3.980907430112218	-5.991141043032243
9175.0	0.839284267624759	-4.500612137525787	-6.062330298273066
9176.0	0.36682712014678476	-4.701045482354855	-6.388085308595142
9177.0	0.5949743498919781	-4.872896032925465	-6.619571417294706
9178.0	1.0059040513306614	-4.687602805032226	-6.7158573652016145
9179.0	1.9906997036955583	-4.1506814284572835	-6.593214448829678
9180.0	1.9896510037115238	-4.746922506096974	-6.901803058477347
9181.0	2.1163884394884063	-4.465332448852433	-6.2098035844546695
9182.0	1.2505631057434106	-4.244516007599866	-5.9617794641010065
9183.0	0.8317616113011508	-4.468931881722519	-5.769736135919109
9184.0	1.6840222100126168	-4.535505872102544	-6.040926673385068
9185.0	0.9414695932258569	-3.9378469027325815	-6.77790454978682
9186.0	0.5894528186007404	-4.093921918405008	-6.009512684304875
9187.0	1.0699018094501889	-3.7146335354044204	-6.06344567468894
9188.0	1.205449920075612	-3.8161548362280397	-6.060184201410932
9189.0	0.5861726682995272	-3.477403220280563	-5.832333996338726
9190.0	1.5022984677697349	-3.314345952891509	-5.909070680842672
9191.0	1.6932720281359481	-3.1839204515236004	-5.880538659855645
9192.0	0.17101684762521133	-3.260864139319747	-6.199373853534972
9193.0	0.7661660301963645	-3.5618846336024	-7.124674421847416
9194.0	0.18086620325201774	-3.909908330501864	-7.364223708861413
9195.0	-1.029780616372086	-4.255768989811767	-7.913201160679052
9196.0	-0.04161350188632994	-4.169910587470756	-7.885814546099304
9197.0	-0.7028321748421883	-3.9469412634865693	-7.503008691298359
9198.0	-0.7438555170833153	-4.103703328220117	-7.719479213101622
9199.0	-1.0020192114639208	-4.101070115576664	-7.74204601343861
9200.0	-0.2003982726029066	-3.2991946244426194	-7.388220224654333
9201.0	0.2968509193156662	-3.116669890596479	-7.474475210300438
9202.0	0.5729296468959564	-3.591710648656848	-7.500520032010664
9203.0	0.6904287546555592	-3.2932669146493176	-7.483088094192782
9204.0	0.9107543572190427	-3.1302180920349034	-7.297034853273375
9205.0	0.07655322215143492	-3.6236704730511153	-6.764775654304893
9206.0	0.2289896898798057	-3.229127681743334	-6.660391550693721
9207.0	-0.13615627029487004	-3.6764848719310987	-6.265907587548806
9208.0	-0.525068525965298	-3.877199988080997	-6.3936286208305155
9209.0	0.6322950834360985	-3.554418823452674	-5.548173536763349
9210.0	0.39342111321712475	-3.568884950770447	-5.669338099646691
9211.0	-0.17420511897520552	-3.6134220412405837	-5.944786466337597
9212.0	0.40128637685401436	-4.054809151517413	-5.989024965006824
9213.0	0.7072841986390236	-2.7538773543142696	-6.182123058875259
9214.0	0.8798208239552672	-2.574719079563499	-6.083624633002825
9215.0	0.5064324066370024	-3.382892818860824	-5.864292999513749
9216.0	0.20514523806988044	-3.0623372943670097	-6.08819921107425
9217.0	0.4902032312398424	-2.804062287429848	-5.919300537496265
9218.0	-0.3324583378927647	-2.577754769629135	-5.565036947389238
9219.0	-1.3306612593873555	-3.598826169152324	-5.283096724685647
9220.0	-0.40629266704945743	-3.4453889196169096	-4.850960832098794
9221.0	-0.7388171688509291	-3.0840222430501756	-5.565492595653835
9222.0	-0.7306558603873194	-3.2548532759477187	-5.388361324587345
9223.0	-0.18080925076026685	-3.530531841421915	-5.196760927490723
9224.0	-0.7911043499772101	-3.3638545028513667	-5.251845760490493
9225.0	-1.2258094126522434	-4.077211046992762	-5.170975476132151
9226.0	-0.7221030631988562	-3.337646715798645	-5.050144850773476
9227.0	-0.26279154240665936	-3.1613077363056714	-4.702462308046462
9228.0	-0.939806839994207	-3.363278283131499	-4.43701655505021
9229.0	-0.5779137304927466	-3.6155733087146977	-3.936671587139104
9230.0	0.16928494888901824	-3.676794283916492	-4.2803334735629575
9231.0	-0.07291741024296927	-3.218857969576927	-4.448870247765963
9232.0	0.4852402964839838	-3.096263652302861	-4.99142235957124
9233.0	0.7540309588386636	-3.831084284278216	-5.069879683364212
9234.0	0.5973791405845921	-4.331704889857551	-4.8857170187981085
9235.0	0.8213154783411877	-4.7627109293869845	-4.902926463189591
9236.0	1.2056033998143945	-4.18849843898768	-5.0111605572185285
9237.0	0.42739856010629074	-3.6743767198756787	-5.197367484679196
9238.0	-0.5853161880639295	-2.9972469845753325	-5.714610168099457
9239.0	0.45299079176689827	-3.496275621324516	-5.560359802460065
9240.0	-0.13948838693631072	-4.47315078330954	-5.790780043445839
9241.0	0.007014930065243341	-3.804639832970682	-5.804027293889796
9242.0	-0.01757722701350861	-3.0734423532997335	-5.567279840393877
9243.0	0.2651115046541485	-3.1470857521737896	-5.662965773603723
9244.0	0.35991652069969077	-2.6483044525855126	-5.921983298805159
9245.0	0.8175079938873533	-3.0384438127165367	-5.653369195859664
9246.0	0.4773127601079631	-2.7899854658190115	-5.600655284056785
9247.0	0.6212176670851425	-2.92447249145801	-5.546448660802906
9248.0	0.3361687184323319	-3.8432900649966344	-5.49878171985491
9249.0	-0.10450972536494851	-4.316413749849661	-5.4498386701419586
9250.0	0.09208425705932533	-3.408105444399616	-5.736983338404424
9251.0	-0.35943419541955235	-3.6168344988373775	-5.864580235715942
9252.0	0.08479001574114275	-3.5649621056793532	-6.202720583238329
9253.0	1.6081683012622163	-3.9800772601026733	-6.500618513263023
9254.0	1.259741582040307	-3.4911032836893616	-5.777184428150309
9255.0	1.4675779625020826	-2.493568757090343	-5.3800503426072135
9256.0	0.8525049050209015	-2.368585936341876	-4.8522435723893995
9257.0	0.9535967657536392	-2.503706988882126	-4.759767723158417
9258.0	-0.92670550391371	-3.3273618271251917	-4.54032806202856
9259.0	-0.18963659235320773	-3.124581255247543	-4.642141141988666
9260.0	0.2157218929921535	-4.522139368138574	-5.1020257914710925
9261.0	0.303789345923104	-3.6468740703097584	-5.07188167979804
9262.0	0.749892595096341	-3.392202320991719	-5.501779022317961
9263.0	0.8401379661389943	-3.702792557903333	-5.655090555582799
9264.0	-0.020739722828961304	-3.8739251450603662	-5.5857723124358
9265.0	-0.26419431742368926	-4.0070032460156675	-5.572721978272733
9266.0	0.21644335515689417	-3.9036541433748697	-6.002914989163735
9267.0	0.9200057708584053	-4.23070301481012	-5.532281653583125
9268.0	0.23337270121247133	-3.5935754484417886	-5.8690663462082515
9269.0	-0.38693408538327057	-3.281497289159643	-5.574386727184308
9270.0	-0.6971827199021332	-2.6277402550201936	-5.505456278767212
9271.0	-1.3494692555626258	-3.8361975248316984	-5.563888845898066
9272.0	-1.2550419772553663	-3.6444446133484463	-5.926281308147797
9273.0	-0.9092156679278086	-3.0212781801842254	-6.103476942694239
9274.0	-0.7790426151961407	-3.034791145265223	-6.406876909237969
9275.0	-0.9604338925765035	-3.1528796383959583	-6.411280032499314
9276.0	-0.37060563999565677	-3.400443061042119	-6.2937211164310325
9277.0	0.3135558498365205	-3.199708334989623	-5.597753047734993
9278.0	0.4838321999543842	-2.8777747108981195	-6.105300243742876
9279.0	-0.08461618601775012	-3.759020928758013	-5.769727656834533
9280.0	-0.2227310951427086	-4.182554858316443	-5.708389479109858
9281.0	-0.46321817641801694	-4.139927016652399	-5.767801475024911
9282.0	-0.25043343598276646	-4.2858088255214035	-5.9538751012058455
9283.0	-0.31050355977127664	-3.396716555646096	-5.67636677213787
9284.0	0.719507289936945	-3.098637562386419	-5.636417799761796
9285.0	0.61416764578226	-3.6007409246510034	-5.546261387301627
9286.0	-0.4101406577351393	-3.451555097358594	-5.469730712531084
9287.0	-0.9845908296361391	-4.012421052802789	-5.4382249758479775
9288.0	-0.38968786412082673	-3.943444478284065	-5.937882701282188
9289.0	0.28867806452408973	-4.268202463380312	-6.058620735596153
9290.0	-0.6096073017865242	-4.33555623536179	-6.145011490525388
9291.0	-0.8781968034736706	-4.13371304625593	-6.196114739679885
9292.0	-1.8210832732251507	-4.284994412301632	-6.598959999456573
9293.0	-1.4967769741294268	-4.399550901303014	-6.501930174164373
9294.0	-2.222668942105995	-4.259178658994175	-6.893440772906784
9295.0	-1.0259615606808992	-3.363180241689815	-7.09384380620286
9296.0	-0.9212428595452475	-3.0922360801546396	-7.062742422043377
9297.0	-1.5320642663550115	-2.1114593912009205	-6.862355891735801
9298.0	-1.678733130208722	-1.7007438119281972	-7.039937706930919
9299.0	-1.9365285751372572	-1.3659441223017112	-7.203908516623831
9300.0	-1.3969719095820272	-1.2223552361789938	-7.19583602898284
9301.0	-2.5707444634179657	-2.5160281931385855	-6.796844066379263
9302.0	-2.0266053024309865	-1.608683289369461	-6.633766246408899
9303.0	-1.651926728790504	-2.463680050228583	-6.459246483422984
9304.0	-0.19898355186287692	-2.4415132537999007	-6.506815393658996
9305.0	0.02942363373981055	-2.904307777502908	-6.805672600319494
9306.0	-1.1892842693142485	-2.606691179529444	-6.258964618331593
9307.0	-0.7687676921981866	-2.376373466826614	-6.626924037912627
9308.0	-1.132969219159789	-2.434427016003744	-7.056350603741725
9309.0	-0.9233067061820917	-2.202601900525483	-7.009649685232635
9310.0	-0.41098375212708027	-1.7100516647703836	-6.509961235761648
9311.0	-1.171474662441171	-1.760579503481296	-5.994270438285528
9312.0	-1.121377522179008	-3.5698626998370564	-6.337876933516386
9313.0	-1.3857276698175505	-3.090114463912532	-6.179143761384524
9314.0	-0.046516507185496436	-2.4190576896812965	-6.644471287502157
9315.0	-0.6745892535659967	-2.0433130633362495	-6.409967232382186
9316.0	-0.1265070841771226	-2.0997193064102557	-6.036752036090906
9317.0	-0.1439277750753612	-2.981633406863894	-6.236021060575014
9318.0	0.006644878846119084	-3.218394752270879	-6.30177770373671
9319.0	0.4660682259652327	-3.378518052055141	-6.005608090294167
9320.0	-0.3014115948632715	-3.7888098941631583	-6.523262918243876
9321.0	-0.3636956376556994	-4.230526893157053	-6.320323570741298
9322.0	1.0654774062001695	-4.371996397273374	-5.805520848397156
9323.0	0.45789322096989094	-4.617736283392778	-5.366816340569038
9324.0	-0.1438613832047167	-4.064529413057448	-5.273216205322399
9325.0	0.17837786223008595	-3.4971300603990967	-5.210506522523948
9326.0	-0.6045845996934173	-3.3870180577417166	-5.440842072910068
9327.0	0.17406790657087423	-3.909664468270849	-5.594180098026601
9328.0	0.2758156451057162	-3.9835525723702467	-5.361102147415139
9329.0	-0.01055637319763253	-3.7827380207208354	-5.128509411630437
9330.0	0.961756651217131	-3.8869290637861487	-5.246858382824323
9331.0	1.61506172154887	-3.6613281619114595	-5.4532612010690125
9332.0	2.251688286484287	-4.079955298388906	-5.471259290834364
9333.0	1.9718244038220847	-3.9271778265060764	-5.83495468360269
9334.0	1.7898613278494127	-2.8962119049157833	-5.64085428290421
9335.0	2.7953337691362026	-2.252966832221462	-6.04136687568467
9336.0	2.0023703062893667	-2.6897382102741716	-5.881444231463839
9337.0	1.7214210113625688	-2.47172162914803	-6.3138815210926875
9338.0	1.8603671538135442	-2.8114517275891533	-6.749515474069692
9339.0	1.1974999588821809	-2.269312133508384	-6.662973391982798
9340.0	1.3705264153759877	-2.73734840851077	-6.902565086951699
9341.0	0.44968867700326964	-3.0635425200882933	-7.1481634940607774
9342.0	0.8161208016977904	-3.7400590199456243	-5.9555186729129606
9343.0	0.5735166102478714	-3.050353781359941	-5.715839212503958
9344.0	0.8048615897870816	-3.7551883000686104	-5.80834929435367
9345.0	0.07036534604407008	-3.2246727615707367	-4.943782777537939
9346.0	0.5787716031512977	-3.674760278431888	-5.149164544602126
9347.0	0.6463088445536329	-4.079668520349188	-4.9733162634599735
9348.0	-0.38790420731367997	-3.532095137991964	-4.564566215035124
9349.0	-2.3538731133596733	-2.4365122804617725	-4.855453716106925
9350.0	-1.1115212576823696	-2.8641979143193192	-4.637479219305137
9351.0	-0.5490306500961498	-3.6830093130489296	-4.8618822893237175
9352.0	-1.1726084755506727	-3.7277593599399657	-5.245702275003945
9353.0	-1.234563127666381	-3.9324925729276075	-5.241760919176009
9354.0	-1.1141908141595356	-2.9486115327555753	-5.342454043024172
9355.0	-0.6227777398750545	-3.08347539706527	-6.0664809008077665
9356.0	-1.0598968834798095	-2.850875556561889	-5.915502461243985
9357.0	-1.36604594293249	-3.114236920922946	-6.274257186300805
9358.0	-0.7744381759173047	-2.7793971244615774	-6.705867814709593
9359.0	-0.24161403087599947	-2.318122295820128	-6.572739316490458
9360.0	0.28173460591782373	-2.54520253711831	-6.328582449892449
9361.0	0.06802312644357714	-2.8320045703265935	-6.310532743186068
9362.0	-1.685900619828426	-3.369226075947274	-6.223685264200033
9363.0	-0.8552831795892213	-2.8431145433499503	-6.210955884555452
9364.0	-1.162188107686688	-2.3866294651268114	-6.277604785632932
9365.0	-1.796772642417748	-2.5105185100532466	-6.38680679639602
9366.0	-1.8803211372647137	-2.7323884954409676	-6.09007989676997
9367.0	-1.998758872521989	-2.8936863768191783	-5.322583033677363
9368.0	-1.6869464348003533	-2.413554562545084	-5.231003453301104
9369.0	-1.813956707818693	-2.2974729234349742	-5.1668122718573875
9370.0	-1.8769181133370485	-2.278391943441194	-5.20643126273883
9371.0	-1.9600782820947587	-4.0299008766175906	-5.342831749004504
9372.0	-1.3838290101549524	-3.902687177449484	-5.964626584905633
9373.0	-1.0169329980808626	-4.347195890329099	-6.296171520381418
9374.0	-0.11271782747626435	-3.914962382901688	-6.5892968309410245
9375.0	-0.125787278272102	-3.0991199268090552	-6.153930669295755
9376.0	-0.4580807189466065	-4.0491473027372376	-6.13869352172473
9377.0	-1.403716097648874	-4.230991630174618	-6.879487761452028
9378.0	-1.9114089159414256	-4.188272846627253	-7.054302170080493
9379.0	-1.4658722341093204	-4.051683012358748	-6.828020985957659
9380.0	-1.3334381294162476	-3.921335223528383	-6.529417675541628
9381.0	-2.7335654051201486	-3.367459600537059	-6.286018897724342
9382.0	-2.2196242800946138	-3.289119360311066	-5.540232860850422
9383.0	-1.9170395900101123	-3.3980971277212846	-5.177654423133137
9384.0	-2.567051716146855	-3.32009907234137	-5.326036636726505
9385.0	-2.8021001569368345	-3.316906193015917	-6.317231800462607
9386.0	-2.065819945182452	-4.120564881296314	-6.584126024186733
9387.0	-2.236171874535842	-4.235833743119226	-7.108254552253406
9388.0	-1.727890122699252	-3.880560026188467	-7.357790218179416
9389.0	-1.5550525549602314	-4.746159556259153	-7.052091570770549
9390.0	-1.9207250598368122	-4.5559822586815875	-6.706385792348722
9391.0	-1.9783676561738828	-4.431138747625104	-6.612476480358255
9392.0	-1.6295201403567008	-4.465580874941131	-7.086211877739879
9393.0	-0.43366886133325	-4.837189769709418	-6.9443320005422935
9394.0	-0.3557259424769312	-4.893050126134235	-6.811530139679025
9395.0	-0.35596985574098533	-5.045027741784502	-7.048380424443681
9396.0	1.0757194437413262	-5.193184371196761	-7.008319524983447
9397.0	0.38110083810374407	-4.951542110683586	-7.0954115399349
9398.0	0.8822985192614952	-4.727448897109382	-6.968964120566848
9399.0	0.9674466188608066	-4.681122039214807	-6.7330949879594115
9400.0	0.8555389774081577	-4.784467904982375	-6.6588524913245095
9401.0	1.5800143484286804	-4.780219902951323	-7.195835039492295
9402.0	2.444156300100616	-5.134740118508539	-7.2873782838552215
9403.0	1.5909294167844474	-5.064682500996581	-7.40180700860635
9404.0	1.5340082913523854	-4.71930333512412	-7.1401823530175665
9405.0	0.6263268260410134	-4.906415093233515	-7.256000917434715
9406.0	1.3200229598392492	-4.677389851996596	-6.77801901649337
9407.0	1.6278140974384647	-3.9740802296294873	-6.6145351423819605
9408.0	2.3886289850897255	-3.405859922041651	-6.9333582913808085
9409.0	1.749361997690488	-4.012602799892071	-6.9520129169532785
9410.0	2.215644702014504	-3.9529463049633247	-7.2065550007027825
9411.0	0.7878613952532978	-4.333336224508046	-6.707597143220503
9412.0	1.6850566698174485	-3.9245722139225214	-6.970112824802454
9413.0	-0.0636385149160551	-3.49708388644828	-6.742004804266895
9414.0	-0.7786127709623407	-3.8375342981737726	-6.661628851743314
9415.0	-1.2047845009973814	-3.893314177726282	-7.029224734941729
9416.0	-0.23075405612754368	-3.4861393793587174	-7.373395644265847
9417.0	-0.8380879443719046	-2.9929152646950583	-7.335192470984332
9418.0	-0.274778058263982	-2.305359597386466	-7.5300553852778265
9419.0	-0.6598840819086114	-1.7077609457296816	-6.581208641670249
9420.0	-0.25747245332679136	-2.0200589927410832	-6.65141681110332
9421.0	0.09565666573200787	-2.389470079977483	-6.434499919975254
9422.0	0.2002731452763823	-2.5090758911739477	-6.327459645677264
9423.0	-0.22360526119475804	-2.6873817108676263	-6.197305597776024
9424.0	-0.5913306258843809	-2.468426911001118	-5.93133333975033
9425.0	-0.49548755155432533	-2.182684081469904	-5.800720165790529
9426.0	-1.651989515597378	-1.8968088915073484	-5.930988381346907
9427.0	-1.3809396168044494	-1.9145191868447573	-5.379297153814425
9428.0	-1.7235056027492197	-2.6379993378299518	-5.48028531694193
9429.0	-2.405005412160559	-1.74523969108703	-5.678715041086499
9430.0	-1.805608723840836	-2.118603088167095	-5.752190989242909
9431.0	-1.9646319942475432	-2.007507830654799	-5.811098666142803
9432.0	-1.5561498120111295	-1.3954731867958783	-6.074925079281888
9433.0	-0.634504794038304	-1.9170673194492645	-6.171406370116376
9434.0	0.319922443201623	-1.560876088826043	-7.139460454012932
9435.0	-0.15893241475486214	-1.4608021573014578	-7.462391460037891
9436.0	0.5134234281313733	-2.0345183330804995	-7.2971053931324095
9437.0	0.07810291576756626	-1.5167828268508554	-7.534453559185751
9438.0	-0.13362332354583117	-0.9834187902360045	-7.1306160680375115
9439.0	1.1004222330121165	-1.5302854151094702	-7.50435987887225
9440.0	0.2315982867451905	-2.2087140470060826	-7.461788320534815
9441.0	0.44282052413367545	-2.1235805520183355	-7.589109392152188
9442.0	1.0675747966436373	-2.1409335540953682	-7.3025919137984685
9443.0	-1.3938344299631797	-2.9826707297114368	-7.407131765537102
9444.0	-0.42774994566129987	-2.72260173388403	-6.6765855632179445
9445.0	0.0535012533451876	-2.486210426966272	-6.12420196588163
9446.0	0.6345957156942039	-2.6567325259152774	-5.623677507899259
9447.0	0.3227271064371805	-2.7399487959255855	-5.859983349682728
9448.0	0.3248743669136779	-2.9701572135623846	-5.853827678465831
9449.0	0.49581810597640374	-3.5475238504379023	-6.717346881333532
9450.0	0.1835953733553712	-3.042789654633908	-7.302847382998673
9451.0	-0.3306161531563092	-3.0264100871707553	-7.546293246521214
9452.0	0.24886111843218384	-2.902791765067175	-7.31043915371699
9453.0	0.23860608909283265	-3.3627816526276098	-6.217869836692545
9454.0	0.7848391859997049	-3.43005959837444	-6.0543211564854955
9455.0	0.1645400270071362	-3.199557386913474	-6.108983699349093
9456.0	0.10779300443675571	-3.5931402500948684	-5.758530728943804
9457.0	-0.10575533654091329	-3.104983841376885	-5.824576962904682
9458.0	0.6327899498704944	-2.4686310265607685	-6.370689605572752
9459.0	0.31296972616191704	-2.235271250939495	-5.94916039139548
9460.0	-0.10384296112681957	-2.7155115599619704	-5.974609974020505
9461.0	1.2691336191806617	-2.4817376463039373	-6.211675131334429
9462.0	0.7585330453870148	-2.78615485438397	-6.295560556719552
9463.0	1.5214564024587673	-2.2741929443875635	-6.9638205640506525
9464.0	1.3048769346781752	-2.5512378162433995	-7.117560264810221
9465.0	1.3537655129070592	-2.1250283938450263	-6.857001622066162
9466.0	1.5183373359842385	-3.025901514203849	-7.035272264705062
9467.0	1.2938958618840815	-2.892426357962269	-6.593317497145983
9468.0	2.150803752736635	-2.7193417695758506	-6.856123800709883
9469.0	0.9390658345993481	-1.707552166661692	-6.895051546190718
9470.0	1.2547630098451694	-1.450087572023988	-7.047231828680591
9471.0	1.8518832472273647	-2.0112861943903964	-7.041682002024307
9472.0	2.2939764140574437	-2.3410019731425913	-7.120324304863547
9473.0	1.2128003183373774	-2.178042690260046	-7.558856335705059
9474.0	1.285776696018998	-2.5377281438341286	-7.411257749028829
9475.0	1.1622648493267276	-1.9798492063504693	-7.1459807316325366
9476.0	0.6776483643876929	-2.5811914429625427	-7.757217091310359
9477.0	0.9353483186358433	-2.317754287096015	-7.57628805491549
9478.0	0.9438360525908898	-2.9686786573042525	-7.580730099500926
9479.0	0.8736940164956106	-3.400258386129253	-8.065961739498405
9480.0	-0.7566893704766732	-3.3174259450933685	-7.978066947769301
9481.0	-0.7462220532560446	-3.3996848527216734	-8.424496631262347
9482.0	-0.7797218464932965	-3.8394619146239255	-8.99513986203023
9483.0	0.456587931565452	-3.7148270100861107	-8.756286040739813
9484.0	-0.05687416816247337	-4.058400302595697	-8.14525935761789
9485.0	-0.6357025238279539	-3.883047189016995	-8.027973252660173
9486.0	-0.32898134272214963	-3.849869117536948	-7.377831628209265
9487.0	-0.7140081108690235	-3.8153693769963493	-7.524891102995933
9488.0	-0.4961549662930531	-3.9160886705272304	-7.559212566215425
9489.0	-0.7087163606435889	-3.9054547129306902	-7.294834803207993
9490.0	-0.7130125968300396	-4.187917489463865	-7.578539305140573
9491.0	-1.131234694012274	-4.294602736283297	-7.500026725498667
9492.0	-1.3371305212636844	-4.500166820281542	-7.552756271526426
9493.0	-0.9983565257316858	-3.758646489773988	-7.288170618040312
9494.0	-1.0201733562515838	-3.395738070455149	-7.064934064598702
9495.0	-0.5101526779305063	-2.7658810256966655	-6.666407828847537
9496.0	-1.597939269740297	-2.1938570406681586	-6.157474659271025
9497.0	-1.1964078453834355	-2.3707376546610774	-6.465090609189763
9498.0	-0.5563956219322322	-2.775572566463487	-6.192327672235362
9499.0	0.1690598400899157	-2.973361199599635	-6.27144836227623
9500.0	0.3743250435756459	-2.2143973263685908	-6.100257185865871
9501.0	0.30591647415682677	-2.4157411328629004	-5.907037109994722
9502.0	-0.31114088671493256	-2.679570982950262	-5.783244797405315
9503.0	0.14387007913901262	-3.296951637268502	-6.068072834068849
9504.0	-0.4738286683528192	-3.317844049092734	-6.296511049728235
9505.0	0.5756435336537147	-3.0925567130391722	-6.562391468594193
9506.0	1.3150701016028334	-2.191156548265376	-6.235640474136208
9507.0	0.35971261373683494	-2.429871411544693	-6.683399999625177
9508.0	0.8372282629983767	-2.9713840461265346	-6.778354786504474
9509.0	1.2378348780196837	-3.120555863675325	-6.919164832200783
9510.0	0.7306262438396365	-3.306084919103223	-6.556132080211542
9511.0	-0.5298224766309032	-3.1447471136668304	-6.286108481061782
9512.0	-0.7381105640022904	-3.200034975019046	-6.13058992511252
9513.0	-0.5388482293821057	-3.5827492952816318	-6.541007316275887
9514.0	-0.286548744239287	-3.523909756107909	-6.92946580289343
9515.0	-0.0243352633622414	-4.147016074219956	-6.99042839353976
9516.0	-0.5521538138879589	-3.4669206273189443	-6.868837928728766
9517.0	0.02961016666894175	-2.8063711186714624	-7.270852095821329
9518.0	-0.06118680321564984	-3.289270797401442	-7.254021417020496
9519.0	-0.5446563400416355	-3.8030554948910034	-6.603555082394988
9520.0	-1.5811636874054174	-3.8645572216846733	-6.268686243893826
9521.0	-1.0251006784433991	-3.9507474225667685	-6.313770576504689
9522.0	-0.40183613459022105	-2.7890462988254243	-6.21470233292584
9523.0	-0.5988178505192885	-1.6919353563894237	-6.417242162727338
9524.0	-1.054373552641006	-1.3023004780534322	-6.3704981476199
9525.0	-0.942567301199666	-2.5170628078845647	-5.66077960788941
9526.0	-1.871550310847031	-3.21595309167083	-5.636157526604043
9527.0	-1.375469283897791	-3.2106846201653627	-5.1394425503017445
9528.0	-1.7513805578911465	-3.1133347164986045	-4.884252410475401
9529.0	-1.4822778966314836	-3.542951634440414	-5.16026891998662
9530.0	-1.500562119642799	-2.8365759211392794	-4.315071167936986
9531.0	0.11051286085803036	-3.3419962853420753	-4.973332716563385
9532.0	0.7426809549036066	-2.3940686508563336	-5.3619625783901474
9533.0	0.7813437862731447	-2.203494984301974	-5.317078407255464
9534.0	-0.18942999759138543	-1.9064439413337972	-5.265983714545785
9535.0	-0.3180921205284498	-2.103952699178538	-4.864625258459664
9536.0	0.2206094445031932	-2.740713147596993	-4.947401400141521
9537.0	-0.7115629452226659	-3.109814014657636	-4.688010140719807
9538.0	-1.6759570146757796	-3.4420695431145143	-4.6972402978270535
9539.0	-1.3311365310321515	-4.062080872622667	-4.285479812110203
9540.0	-2.0135410120232367	-3.6569201864119107	-4.56427239800647
9541.0	-2.5446917002448273	-4.862942955670717	-4.571114812540842
9542.0	-2.8152087698971022	-4.110039988372883	-4.569721523044074
9543.0	-2.298543714447375	-4.028428121508462	-4.8551621788326385
9544.0	-2.068966217860014	-4.063595536792878	-4.750603633883143
9545.0	-1.1693005274705954	-3.8409902588310203	-4.580007585824264
9546.0	-0.1567947148223342	-3.235038051031834	-4.261108613588493
9547.0	-0.6035750510042206	-3.1848817087900496	-4.54392956523448
9548.0	0.26960841965763294	-3.5819150768925985	-4.264600661890189
9549.0	1.431538160259048	-4.217648820317809	-4.475364554762144
9550.0	1.6287199245621162	-3.1683098587344505	-5.265256362697341
9551.0	0.5836805824512183	-3.8646914664969874	-5.011341157325541
9552.0	0.12567015928897002	-3.296295802639008	-5.016896769913906
9553.0	-0.33440746486090256	-3.0715298642864948	-5.237841726441219
9554.0	-0.009708625984331754	-2.929124394246373	-5.972929776658101
9555.0	1.2679800505676035	-3.1414046678281284	-5.15612730563161
9556.0	1.9143975644885844	-2.6253507479850184	-5.212246407687603
9557.0	1.0669011170569178	-2.2631899338186767	-5.370761437906398
9558.0	0.4188303933586245	-1.7009039333306002	-5.148326275196286
9559.0	0.2698861414590362	-1.9888315198915885	-5.354145813615939
9560.0	-0.03376288462211385	-2.4226874308375246	-5.546753584267431
9561.0	-0.8634477341063365	-2.327600603835263	-5.579588462055813
9562.0	-0.27320601984845466	-2.559276994130311	-4.153610117078994
9563.0	-0.6568330662853736	-2.9890190063560187	-4.560701679497486
9564.0	-0.48891121491839556	-2.8435981347743984	-4.886322318222374
9565.0	-0.0671242167743285	-3.5402773616572967	-4.854831216115395
9566.0	-0.4569956202458565	-3.5328421492326845	-4.651788710406503
9567.0	-0.768838208338471	-3.258798606523595	-4.515829061473266
9568.0	-0.08444195170735067	-3.0382035109803796	-4.572466736956059
9569.0	-0.6866624537051733	-2.696236547772851	-4.695953028675866
9570.0	-1.450611795277173	-3.8240558580593507	-4.567525214136747
9571.0	-1.8199155771491318	-2.8672932944205973	-4.496438458529568
9572.0	-1.0866895880513208	-3.3345069761470914	-4.423658991798435
9573.0	-0.3973268314616105	-3.4723294785545145	-5.0650698178932725
9574.0	-0.2006113582949307	-3.8027615753121218	-5.704157227402147
9575.0	-0.6030544625828431	-3.705924948388411	-6.018770265759571
9576.0	-0.22041660010637132	-4.42790344953143	-4.842173193749655
9577.0	-0.04798826379889182	-5.077202478746971	-4.780333531289232
9578.0	-0.37999378078594687	-5.099472630040793	-5.102974209623185
9579.0	0.5525311898238916	-3.712424788142611	-5.293234420020212
9580.0	0.523077072722328	-4.038262072494932	-5.240478396353193
9581.0	1.0786348739551403	-3.601752562412501	-4.802934491454111
9582.0	1.6423875600887456	-2.8885415665439313	-4.706826301044058
9583.0	0.9196304569760195	-2.762970504780709	-4.216031431886038
9584.0	0.11770312130783472	-3.596965675923227	-4.548378551476602
9585.0	0.14330623025260653	-3.759315388216932	-4.8101416089881965
9586.0	-0.568332181416878	-2.8819944091905407	-4.859145025782914
9587.0	0.1327343044829416	-3.2274641667366186	-4.937803321705013
9588.0	0.7332898264394172	-3.6606300992575758	-5.390255885441875
9589.0	-1.380461189053099	-3.56862472111228	-5.340215226879015
9590.0	-1.152426543228434	-3.5531641031259635	-5.799649304061786
9591.0	-0.8509350832968173	-3.830392917106975	-5.647254521122061
9592.0	-0.35374066586591224	-3.165462473020316	-5.296511103591941
9593.0	0.01510657131955193	-3.8275722250839035	-5.565523815642763
9594.0	0.24066776808924745	-4.3225954247801734	-5.451616004692482
9595.0	0.32679147197522457	-4.039122488639244	-6.245676979045769
9596.0	-0.9639050824052475	-4.061864952243141	-6.368733930568121
9597.0	-0.7711299824046092	-4.560376590797338	-6.1933284367914
9598.0	0.2466215932683189	-3.221228158991698	-5.836435448369385
9599.0	0.653076223523086	-2.8514568556351163	-6.4835043756006545
9600.0	-0.1362018636078865	-2.832128741747446	-6.481690461318461
9601.0	0.21717814435042207	-2.4479736925274427	-6.009166853074482
9602.0	0.3703354458204908	-2.5238409587249597	-6.469095214696143
9603.0	0.12294890137461045	-2.9851185355240792	-6.4769962044476985
9604.0	-0.38126608785896	-2.5686974459699212	-6.550639608529907
9605.0	-0.8561943657909287	-2.6932907283693277	-6.531623071209744
9606.0	0.09328590294073918	-2.8624496477125847	-6.220232877075724
9607.0	0.27895337397019193	-3.347461644330134	-6.225164262616194
9608.0	1.6664481066257482	-3.5155655512176858	-6.051258283663534
9609.0	0.7433694831553338	-4.567714734039912	-7.230586358750086
9610.0	0.9646454000067448	-5.032949004311242	-6.587296699943913
9611.0	0.586635543532851	-5.087963997414326	-6.689504883314319
9612.0	0.5272352722415348	-3.60659764363243	-6.998231639489085
9613.0	0.4436249286606596	-3.575719567110687	-6.898817774634657
9614.0	0.18210299994543178	-3.8042678671905787	-6.242782470778892
9615.0	-0.34589735880551	-3.502407097869799	-6.453453186474417
9616.0	-0.8637048374367307	-3.6417826635468327	-6.261204628406328
9617.0	-0.5019757757369632	-3.724053021824501	-6.396079446508236
9618.0	-0.733690978766304	-4.165864869259038	-6.192408747808773
9619.0	0.35723916112885223	-3.1881023449581245	-6.436075405963352
9620.0	-0.2077407918477403	-3.5697301664038026	-7.2998066989198955
9621.0	1.1343226512317803	-2.3490036553995086	-7.248785223671519
9622.0	1.865516226619701	-2.942993650771209	-6.8098219111454235
9623.0	1.523878002360192	-3.3519340578355603	-6.552925166679445
9624.0	1.7849217896396035	-3.3923634571515726	-7.085420658414112
9625.0	1.6723144499744154	-3.9886838173946617	-6.207783330995803
9626.0	1.5568162035922246	-4.101752473000705	-5.954030537782969
9627.0	1.4794537016185607	-3.454714523123876	-5.5862749408842856
9628.0	1.301405413621189	-3.325654441055891	-6.009191210095221
9629.0	0.6606358012746238	-3.400516923153085	-6.035042009878266
9630.0	0.09215840239008857	-2.7154658842819055	-5.272242993283
9631.0	0.9148618359913849	-2.6862311846601576	-5.842899170693857
9632.0	1.1530191243029224	-3.165944278413631	-5.498886748602227
9633.0	0.17702821278425498	-2.7844189115352194	-5.677817543499317
9634.0	0.5668361651926632	-3.418659746358446	-6.0674007043103035
9635.0	0.0831551969705678	-3.4330331666216383	-6.015657952774054
9636.0	-0.5235512257583037	-4.281085738879582	-6.01641205875036
9637.0	0.5728475694309514	-4.577015983141351	-5.947164701834483
9638.0	0.9537761166092502	-5.242052947436894	-5.833773475029073
9639.0	0.4675263319290801	-4.755524308692672	-5.832568953403697
9640.0	0.7533723559104785	-4.096607919897081	-6.020277828580096
9641.0	1.4667042112689688	-3.7116020226286692	-5.662326681723497
9642.0	0.8920438225918847	-3.8233306029604375	-6.279941715494653
9643.0	1.2659633534149974	-4.565181745522732	-5.4931089812116785
9644.0	2.64455027910707	-3.8582568915675335	-5.8959931220178285
9645.0	2.3789982126888987	-3.7780434813522397	-6.2277808331046725
9646.0	1.448361671030768	-3.8921793396462965	-5.530096468956652
9647.0	1.5833813187867314	-4.194263514772803	-5.92667707809297
9648.0	1.161217820246583	-4.377422882955435	-6.085277201406049
9649.0	0.6202170144363058	-4.398008221943796	-6.32626485864727
9650.0	0.10592837753501616	-3.9924706990195244	-6.85942676097521
9651.0	-0.9174697909411272	-4.350698856566997	-6.820480998861513
9652.0	-0.5256182012803752	-3.768788110803962	-6.707521061998055
9653.0	-0.7968070912308416	-3.795123690397298	-6.104059892868266
9654.0	-0.3882881564103723	-3.7693304107356873	-5.874457869844208
9655.0	0.5104212451196615	-3.0256534851357797	-5.62519302718859
9656.0	0.11132967960062971	-3.710888749991548	-5.790339364996232
9657.0	0.04220887022797062	-3.891994739765062	-5.760338429886505
9658.0	0.34073293761577	-3.822291650421576	-5.475453885291701
9659.0	2.1710786388526593	-3.753026553463977	-5.635955141970873
9660.0	1.5933334197659774	-2.9368462617827804	-5.933619104135689
9661.0	3.1914948947329416	-3.0378287410619835	-6.228149846891582
9662.0	2.646812806061089	-2.025090622803678	-6.529429276641288
9663.0	1.3815008112020681	-2.1149498927693577	-6.422862221417783
9664.0	-0.35790884740724394	-1.5034379699130702	-6.077140394844096
9665.0	0.18366055582376056	-2.574177063053166	-5.869702185908681
9666.0	-0.04689014721429477	-1.9257513233281331	-6.164739760700287
9667.0	0.7573200282250228	-1.1481748196118975	-5.676880564873757
9668.0	0.3172721530446716	-2.171278190422713	-5.788882565532698
9669.0	-0.45090205040368303	-1.499034603203067	-5.451463185102085
9670.0	-1.4855883628672628	-1.8068247814024396	-5.770394765861798
9671.0	-0.7945188106344098	-1.202337087804844	-5.757810169419838
9672.0	0.279429366808583	-0.9474162904906541	-6.168356339130761
9673.0	0.9251541021893477	-0.9339686507839591	-6.410772510026327
9674.0	0.7057049797550595	-1.3132118738302725	-5.911287532290842
9675.0	1.712339959253431	-1.3325195950934927	-5.498730029497254
9676.0	1.1405884147539735	-1.8861435906491488	-4.940545392840853
9677.0	0.86826497057716	-1.256044502736751	-4.990697248309715
9678.0	0.031158045971539705	-1.6459505407721364	-4.447751783805285
9679.0	0.5431092567474326	-2.007525265046846	-5.184925631743652
9680.0	1.0173560299754243	-2.429156222977381	-4.677749200630489
9681.0	1.5287818082390126	-2.6967693443961567	-4.860876421170894
9682.0	1.628939212482302	-2.522905995246392	-5.408968050636204
9683.0	1.231328285263289	-2.615617804657396	-5.400490669605894
9684.0	1.0802662692051719	-3.0888249800138383	-5.143794034678931
9685.0	1.0949032368034475	-3.3852783170105694	-4.9321988052662435
9686.0	0.7930548283545793	-2.6356272336588322	-5.045786334068974
9687.0	0.022082316698479154	-2.813005332328392	-5.373349224118165
9688.0	0.10692480492681677	-4.215589775864261	-5.844723478581441
9689.0	0.7913041314077579	-4.14006279311155	-5.663221021777999
9690.0	0.8603168812800139	-3.407509492228365	-5.815548635534601
9691.0	0.6981104545598129	-3.0111968514145357	-5.873265455232161
9692.0	-0.2194638254445419	-2.873129871935446	-6.024505611698081
9693.0	0.006561418969358579	-3.0995294076062745	-6.683630159543888
9694.0	0.039592528004582905	-2.6872745930309785	-6.483163944766487
9695.0	0.2694108854977057	-2.3103910603052964	-6.073334697723891
9696.0	-0.735597783977864	-1.6348915484574675	-5.879081438954222
9697.0	-0.2584654335937469	-1.9225411783722042	-5.796703649941076
9698.0	-0.7554125382549854	-1.8640281852671607	-5.9752868777101975
9699.0	-0.324409480492883	-1.1352867206209578	-5.778985249527413
9700.0	-0.6844648559667883	-1.7191074508275719	-6.267445577644778
9701.0	-0.5289476653617338	-1.9056133939840132	-6.49682585462812
9702.0	-0.826737215433361	-1.9661231616283903	-5.8553853960226565
9703.0	-0.96514850489387	-1.4133266267309919	-5.577288547798224
9704.0	-1.0896551182936114	-1.579694406389632	-4.964861395916283
9705.0	-0.7458671628683733	-1.3953012370461773	-4.649948646503574
9706.0	-0.7824575597774113	-1.8708714905639234	-4.52928149675124
9707.0	-0.49828010982239795	-1.8095174929048232	-4.603107715502455
9708.0	-0.3547372059066223	-1.846740465507992	-4.787319038787663
9709.0	-0.2427437323997253	-2.6593481839708164	-4.3277739034736475
9710.0	-0.25599142916188244	-2.3195184070294257	-4.762503995199973
9711.0	-0.5325584172626162	-1.945174972448878	-4.953693448558128
9712.0	0.17692701734741334	-2.225664946900584	-5.356810856104469
9713.0	-0.5504288419040405	-2.291679068673578	-5.6423963091488325
9714.0	-1.3135463974036752	-3.0716056278383554	-5.41241182007678
9715.0	-1.6935313667640786	-3.125841678493999	-5.885027264628195
9716.0	0.17599630583283066	-3.6863314301445653	-5.955559461196689
9717.0	0.025175711809624024	-3.221209132593792	-6.3945145204686185
9718.0	0.5466529685271373	-3.5493805249763146	-6.939235032917325
9719.0	0.6605266397090155	-2.9280937701693346	-7.016285136784293
9720.0	1.2125380214234758	-3.916209917985093	-7.064978386898309
9721.0	0.1492117208109811	-4.064769035560134	-6.403220326138809
9722.0	-0.16353422761390013	-4.400106764307782	-6.166401611562092
9723.0	-0.23224212342838263	-4.196356113384388	-5.666640348052322
9724.0	1.0711690605257125	-3.9660510368082877	-5.2517554119760135
9725.0	1.0043613122775363	-3.776346668458349	-5.573269101469144
9726.0	0.8034719732608271	-3.5783736301025075	-5.189424928264316
9727.0	1.307239095237101	-3.548028173849986	-4.485039401941632
9728.0	1.1691672502324733	-2.124400078680414	-4.57008831138767
9729.0	0.7146095692301908	-1.7897190241701586	-5.275955994687058
9730.0	-0.3480275831006683	-1.1180742707731284	-5.363290616285505
9731.0	-0.41114570090340385	-1.6375985764537861	-5.311203964685155
9732.0	-0.8838970299765537	-2.1940562279483693	-5.4704859879833885
9733.0	-0.7299611972565438	-1.827670267357443	-5.17108210241048
9734.0	-0.7402276973814139	-2.7275087786103565	-5.071224382680741
9735.0	-0.48057623638722075	-3.0870425214157087	-4.214863778008956
9736.0	-0.15680815904788312	-2.4933483791657802	-4.328214877218748
9737.0	-0.16520526160044754	-3.341292933389798	-4.216772187854969
9738.0	0.32905992734560474	-3.540033765877495	-4.550421630883333
9739.0	-0.021868949865400666	-3.362385900139894	-5.013467940055568
9740.0	-0.06528535182552997	-3.2913846145996084	-4.904831350446304
9741.0	-0.6287737203783702	-3.053017701904677	-6.224468152285224
9742.0	-1.0245624700372251	-2.4061259680322067	-6.6378245956960455
9743.0	-0.18183501358721843	-1.8952824932391694	-6.952963978583272
9744.0	-0.41107245430292694	-1.553287570896197	-7.2580041235040476
9745.0	-0.5054475768873179	-1.8861375830667562	-6.869142373839887
9746.0	-0.571627948887165	-2.2865450799546903	-7.021554554608466
9747.0	-0.5539567601571123	-2.258520222721658	-7.0903058868681
9748.0	-0.35509736349751	-2.803208798970877	-6.224258521572901
9749.0	-0.927131178233014	-3.358022002768422	-6.232631827778445
9750.0	-0.7098801774397476	-3.3692002525923357	-5.514489104554801
9751.0	-0.7720825248737999	-3.1070154016563625	-5.494177472914837
9752.0	0.04443638063349209	-3.2917983619748337	-5.295645126028954
9753.0	0.2971968646088706	-3.1108298670978973	-4.957579862495404
9754.0	1.5621774467501397	-2.926365262552867	-5.142708426436106
9755.0	2.382478041032825	-2.129104905311817	-5.44684779232847
9756.0	2.479743542831142	-2.247867324714965	-4.404308335596089
9757.0	1.575198035023396	-2.7378663899559306	-4.6029807902904
9758.0	1.5121942534903263	-2.278337998882114	-5.177652842231048
9759.0	1.4119564596636365	-2.285633001378747	-4.934923828371966
9760.0	1.1113959044725295	-3.0030208228828688	-5.265760993008725
9761.0	0.6173366496030979	-2.9073982045011646	-4.808627642089982
9762.0	0.4105583471144275	-3.7181601455686746	-4.4136612933101
9763.0	-0.029331162877116138	-3.5285022276793163	-4.517511254217698
9764.0	0.1299454045712491	-3.41933806996696	-5.288300782202642
9765.0	-0.5223586304784572	-3.338318113108688	-5.127322973703642
9766.0	-1.497428082325635	-3.6218906699362816	-5.311059943390902
9767.0	-1.4141249310389812	-3.645809866596319	-5.446350822563215
9768.0	-0.7257413165001518	-3.6954384480279754	-5.288793914696483
9769.0	-0.021896775872028984	-3.6590836697160842	-4.513951304713759
9770.0	0.41614140806193844	-3.4342039295740374	-4.3089491676168175
9771.0	0.5466664684743399	-4.112091959510019	-4.513292120492049
9772.0	1.1474196314676572	-3.706837218748536	-4.714600142413439
9773.0	1.3429768547611718	-3.8438997029488213	-6.011919505912335
9774.0	1.4369116329478355	-4.2364608832597	-5.731013612762511
9775.0	1.1844765996249662	-4.642086090760726	-5.698210787769402
9776.0	2.3337620394768694	-4.686214630894696	-5.241848327719001
9777.0	2.8604414947493084	-5.244782664639527	-4.928229240170067
9778.0	2.445123564224245	-5.585351463379555	-5.5340648666767045
9779.0	0.5898334340980194	-5.076615033113525	-5.200524804364382
9780.0	0.10401938701934939	-4.837204919318198	-5.282545680466891
9781.0	-0.4982370597570346	-4.007833526224865	-4.644827460220913
9782.0	-0.06575397037488073	-3.2925527106465076	-4.539639929013528
9783.0	-0.49678592921696396	-2.4790921523854745	-4.5707134059652255
9784.0	-0.3569334441842116	-2.2865068240023705	-4.432684319025179
9785.0	0.34271534301811146	-2.4180035560523296	-4.565053529288196
9786.0	0.5926245159685957	-3.072149878813261	-4.351727430568751
9787.0	0.5639737598404531	-3.366739669551117	-4.369604726452747
9788.0	0.9642770131331618	-2.3916765436162004	-4.598623154089158
9789.0	0.8635646760429013	-2.495684804930556	-4.577279883632737
9790.0	0.7176799315074045	-3.081072898408335	-3.979937113340987
9791.0	1.0647654685406382	-3.08407790447421	-4.222360282865369
9792.0	0.20085824568052674	-2.766117580171826	-4.697422561218832
9793.0	-0.2727276909447361	-3.174277298391169	-5.036679229640002
9794.0	0.22979536774716613	-3.5427460471325922	-4.709593355976854
9795.0	-0.35051346269725325	-2.4180931642004007	-4.498134686138992
9796.0	-0.40105204544907946	-3.2670022887716565	-4.884524185559831
9797.0	-0.15551920559795313	-3.0331374684899086	-4.744046366502611
9798.0	0.04518499698678985	-3.590427640771776	-4.568187343555157
9799.0	-0.04540068617255105	-3.7498710534281776	-4.370214616954031
9800.0	0.307751643552838	-3.010492529610646	-4.7405301711665535
9801.0	0.08891194519090706	-3.107079666711129	-4.223156629794938
9802.0	0.011984129071387767	-3.5640391078979485	-4.089183915792652
9803.0	0.45348173690813476	-3.307568928998007	-4.152111017910397
9804.0	0.4015955011383251	-4.444401274038713	-4.234772333862841
9805.0	1.1843036358940533	-4.348540215276259	-3.9494492672432298
9806.0	0.812908450410692	-4.621406446733737	-4.200491211807449
9807.0	1.5806077428947187	-5.346501310137975	-4.241186206965131
9808.0	1.8067624670843112	-5.114159794428007	-4.517001139189569
9809.0	1.09688983029795	-6.082360371561443	-4.117244978933771
9810.0	0.07963500737556345	-5.738913593374567	-4.366316480501409
9811.0	0.3450278170641457	-4.70263814518355	-4.412505006692173
9812.0	1.3401296137579708	-4.156743861467956	-5.203806034086259
9813.0	1.0523853907020377	-4.506396512540523	-5.157352309294897
9814.0	1.0950533485740863	-4.285375288598647	-5.020645301713708
9815.0	1.4738095053457962	-4.467057421372282	-5.118789729039159
9816.0	1.1230622176353755	-5.1280885037855555	-4.6170082327980895
9817.0	0.8111617445692125	-5.325214493214352	-4.440078971706748
9818.0	0.7278693969115864	-5.144030035580637	-4.872710532361738
9819.0	0.655524855852538	-5.063174491096511	-5.541553263301881
9820.0	1.6900344071523565	-5.332677366796583	-5.818094256275645
9821.0	1.201741540323785	-5.946010689931089	-5.873667233104842
9822.0	0.3844308811132396	-5.678483885911931	-5.841350272283707
9823.0	1.381789403441579	-5.742433835532793	-5.9730793501034425
9824.0	2.63997648635893	-5.142913816798129	-6.056161369775911
9825.0	1.7099166026435757	-4.65079644592692	-5.965121310965321
9826.0	2.020082367049691	-4.510012678824779	-6.241149670991141
9827.0	2.307957523108994	-4.225650063295577	-6.268606150810119
9828.0	2.2060169583801765	-4.514765460861424	-6.187298326595404
9829.0	1.285418990569367	-3.583182730680467	-6.9253146890474335
9830.0	1.387996014166771	-3.8360409723885645	-6.9263147129288365
9831.0	0.21408348367792213	-3.828380001683622	-7.092269366454316
9832.0	0.8667969846858106	-4.218453025183619	-6.620681442874022
9833.0	0.9768024352418954	-4.649210902896049	-6.618348905645792
9834.0	1.5236096056861208	-4.536057832532196	-6.36409905546915
9835.0	0.3565281163849553	-4.148303025998162	-6.409708514067865
9836.0	-0.20857619485708417	-3.759382117063044	-6.51985135888191
9837.0	0.5129280476900621	-3.1348366034837665	-6.876696896117418
9838.0	0.785351624646283	-2.74590981467221	-6.7774737920558525
9839.0	0.4742836187081275	-2.5013368394493503	-6.639200006999127
9840.0	0.3263456191748566	-2.6180648948663507	-6.572598345758702
9841.0	-0.11916479826440884	-3.46667888471137	-7.210357677246475
9842.0	-0.07165455886618921	-3.306477769217571	-7.4827557733722125
9843.0	-0.3600682866909851	-3.118874534694197	-7.637586701462545
9844.0	0.00021966703499079476	-2.7941127625592856	-7.305681947892203
9845.0	-1.0416842100104544	-2.978487465633445	-7.425782245037359
9846.0	-1.730056946895525	-3.431716366185745	-8.207363505214282
9847.0	-0.8564101760749645	-3.7727503360149908	-7.781603164475282
9848.0	-0.7155146737024598	-4.030410408428884	-7.638531018768086
9849.0	-0.3348910922904409	-4.423834275732809	-7.391757669291745
9850.0	-0.2564685065216901	-3.51310924774778	-7.327429712396632
9851.0	0.05036914095456002	-3.7489943330884	-6.993440455696625
9852.0	0.01826628758283938	-3.161255125259668	-6.383589866130059
9853.0	-0.20306998001684357	-3.021111205819797	-6.28974041688505
9854.0	-0.9627306614110438	-3.1284510065976563	-6.195586834409798
9855.0	-0.7444626104832992	-4.145884365217934	-6.285722623091818
9856.0	-0.9728224794956122	-4.1380814591784905	-6.135878977098849
9857.0	-1.931103621884557	-3.9618283016116984	-5.887973774396587
9858.0	-2.2104154923529995	-3.3465761329897394	-5.509499402550298
9859.0	-2.28673047779807	-3.2018384179644794	-5.673748203585512
9860.0	-2.936044585105613	-3.18247049332723	-6.102512442295833
9861.0	-2.3773611155971075	-3.0651743144838797	-6.5353747559645345
9862.0	-2.7891194370133974	-3.1216006044850197	-6.349931247917913
9863.0	-3.0912206650389282	-2.745063101541877	-6.210546706382202
9864.0	-2.694835965004843	-2.3881049039657687	-6.38497638893948
9865.0	-2.7899009651860887	-2.7753877407891583	-6.53068221750827
9866.0	-2.2208145379305426	-2.71569281299864	-7.165329051342909
9867.0	-1.4833135581893098	-2.806122010961503	-7.0760484528234935
9868.0	-2.1056613587298485	-3.3602213938488874	-6.926351773469146
9869.0	-1.6792372407115095	-2.5272656874988506	-6.315747042757041
9870.0	-0.9520841834051402	-2.2718291539015008	-6.208128039513964
9871.0	-0.7941373054211044	-2.1797332327922767	-6.029783231987875
9872.0	-0.5438014733435712	-3.249981843650177	-6.6125029288683255
9873.0	-0.785311419739579	-3.1617175795957118	-6.300998633626158
9874.0	-0.2787186176927385	-2.9346760420512665	-6.093754263473002
9875.0	-0.011253490116806653	-3.376191462797952	-5.807462067258721
9876.0	0.40348237406231646	-2.765303146042861	-6.546723489971154
9877.0	0.48045507972047274	-3.093756817294275	-6.7217521459939125
9878.0	0.2583020790654079	-3.1579417328705794	-6.412707934044025
9879.0	0.2721059665252885	-2.795497959386084	-6.620551537551304
9880.0	1.0644307230013954	-2.3358231527650637	-6.9233647399887905
9881.0	1.0597331112888835	-2.6363189071554975	-6.583258304915162
9882.0	1.4541255455127327	-2.9916941530571357	-7.2451334966174565
9883.0	1.9380861222103176	-2.166086465969218	-6.9948154200125465
9884.0	2.532565365037435	-2.2839356841546037	-6.622919868697864
9885.0	1.5422667065118696	-2.11096724269595	-6.638404186525593
9886.0	2.273404258860098	-2.2593147251922696	-6.103626884322749
9887.0	1.3177807755970923	-1.8668125931232629	-5.916143550987119
9888.0	0.8709583231609125	-2.8747996075402447	-6.179677177560334
9889.0	0.6988497141937161	-2.582154547705943	-6.737061494288876
9890.0	1.3949558327067246	-2.5034845657171187	-6.9270190207977045
9891.0	0.9416792467414861	-3.0448908997773994	-7.091129333348482
9892.0	1.0620212328801153	-3.3782140984997637	-6.971822009029052
9893.0	0.9440915257268196	-3.2506199780499374	-6.446915328745775
9894.0	1.3059674529850853	-2.9829870127440326	-5.922993483391094
9895.0	-0.28031096762148977	-3.064315509103157	-6.331406847053805
9896.0	-0.4998773936971894	-3.2035758479166727	-6.044723368401757
9897.0	-0.22198392061198685	-3.9202669563416976	-6.104080106487608
9898.0	0.8364197843822664	-3.6856976086144058	-5.97540632377063
9899.0	0.47875771444377957	-4.374887371684569	-6.361644971385891
9900.0	0.6569691716847029	-4.5550233117910315	-6.5041815437896915
9901.0	-0.03494797427827978	-5.049325805725153	-6.100056838907525
9902.0	-0.743424356264486	-5.508577785125907	-5.948229218181236
9903.0	-1.497895594962686	-4.312385211832202	-6.15330828946168
9904.0	-1.8606773304137034	-4.429493095998231	-6.286645720076333
9905.0	-1.913569976926047	-4.8601942723090374	-6.731867258766443
9906.0	-2.071006502653983	-4.592645931592582	-6.557297494747791
9907.0	-0.8041457294556014	-4.664662563324822	-6.421926640208943
9908.0	0.4055536674269782	-4.680323441236605	-6.411451586816226
9909.0	0.3407298936438612	-3.971842723331766	-6.596269272210516
9910.0	0.847583419649889	-3.293101208937787	-7.081153428184065
9911.0	1.3484329271020008	-3.5111553929800765	-7.369053679800812
9912.0	1.4124766106396933	-3.6346674593631505	-7.930506262835037
9913.0	0.9917595665101369	-3.7571382877729738	-8.049204006348905
9914.0	0.6802363453937108	-3.38959615980617	-8.113613020271561
9915.0	0.3473693540833099	-3.4923816628665163	-7.541202774210961
9916.0	0.6519308178031591	-3.478724923144059	-6.9447662322647545
9917.0	0.5509356200600553	-3.5735723319114467	-6.427156052921442
9918.0	0.004914285664179174	-3.322432265826781	-6.664965167122124
9919.0	0.27121880894312994	-3.282133439851315	-6.440046698451506
9920.0	-0.4543993413650047	-2.8591659437002312	-6.7482973137363995
9921.0	-0.9545467580332806	-2.3538427218679105	-6.6810212381467275
9922.0	-0.3201526743630806	-2.6704866959982296	-6.630938877959678
9923.0	-1.2040079850397023	-2.57745989230423	-6.492447900230991
9924.0	-1.8479579806725255	-2.649853348843819	-6.945783171245998
9925.0	-2.03757150250222	-2.3783060300188192	-6.962062703234967
9926.0	-2.072296911629228	-2.266271338918428	-6.731647253391401
9927.0	-0.8143261891626457	-3.065403274586915	-6.87465825124748
9928.0	-0.6861362404930511	-3.3231240867127356	-7.069045423839846
9929.0	-0.8789886559841394	-3.276848195546603	-5.962865938374859
9930.0	-0.4438184041522616	-3.714390209425286	-6.379397703174896
9931.0	-0.8542752254908841	-2.725369727366528	-6.767412046852222
9932.0	-1.3651307763700318	-3.374626569572621	-6.730579978013336
9933.0	-0.5421409815641011	-2.9294490411130485	-7.2639881290516914
9934.0	-0.19016442352736385	-3.1910652692967396	-7.358181235140797
9935.0	-0.40640697455318475	-2.7474998904730565	-7.450728771439467
9936.0	0.25740066426279806	-3.751226977221842	-6.96403818025621
9937.0	0.6658533341049919	-3.296226687953251	-7.122495269395278
9938.0	-0.060247935627588844	-2.818762977893109	-7.256947564369577
9939.0	-0.7833791509186498	-3.3139929931176124	-7.840347522636897
9940.0	-1.0990166382523887	-2.7622177652668087	-7.150651449576514
9941.0	-2.0912589290210857	-2.557023919607765	-6.843649968315205
9942.0	-1.6226884299371127	-1.6294330259340306	-6.786580071227366
9943.0	-0.951241079842555	-1.3528568654439144	-6.95909592874023
9944.0	-0.5894324247708462	-1.5287299881453436	-6.6664698168677745
9945.0	-0.5781128802962762	-0.9179055809070065	-6.19282605328203
9946.0	-0.6453536238273408	-1.4594736417311358	-6.554775502741294
9947.0	-0.7850011401531974	-1.3688828565765638	-6.973918730060188
9948.0	-0.23678056873787	-1.3775889134667887	-6.607735324727363
9949.0	-0.9198863689260964	-0.8731317285995324	-6.756126125917921
9950.0	-0.33268577077173017	-0.8171919640912073	-6.977865557691025
9951.0	0.48770287718755	-1.412361662032484	-6.943686356786571
9952.0	0.9083713647062865	-2.149703721102952	-7.37603599122682
9953.0	0.6162233904347203	-1.9003877483525646	-7.3673171360095235
9954.0	0.6575388950436832	-2.000734902239415	-7.571981043572868
9955.0	-0.6772717467600855	-2.544232772849849	-7.988148078306843
9956.0	-0.584164609233899	-1.9063262868913842	-7.990639306326374
9957.0	-0.6875813425104369	-1.5880663624890174	-8.019082259762987
9958.0	-0.036628703923718336	-1.6987249503473987	-8.39923023865942
9959.0	0.17654724464067387	-2.055685905048682	-8.271864288473093
9960.0	0.057481030916889275	-2.073018063825089	-8.230981803976839
9961.0	0.3226411618988396	-2.332509557860361	-8.239738734799964
9962.0	-0.2852291120724846	-2.7336349322623272	-8.508892885461707
9963.0	0.1356267435882259	-1.4625033085640138	-8.071176136623853
9964.0	1.046543340658495	-1.7194837924542594	-7.972231491679229
9965.0	0.3415822402240027	-1.2252817632886637	-7.673084913455936
9966.0	0.4586266395035693	-1.5175263711111386	-7.465717256333555
9967.0	0.13006707682173568	-1.6311397134079506	-7.504291791326909
9968.0	-0.3950858104741471	-2.894493293181553	-7.434798368875377
9969.0	-0.28179452882239264	-3.099317292330667	-7.537682735713491
9970.0	-0.9730236451787753	-4.423519011733011	-7.422038662477863
9971.0	-1.139259349243939	-4.9861856210878965	-7.4994972676939184
9972.0	-0.6196609628480927	-5.651850678710462	-7.337914490423472
9973.0	-0.027196269419451524	-5.689119226975317	-7.173882507659867
9974.0	-0.20657094486570737	-5.428231784811958	-7.087548552207936
9975.0	-0.2514522424324015	-4.9699107873165165	-6.464571973603271
9976.0	0.7219819666389521	-5.05045765459987	-6.351148684538494
9977.0	-0.021557647003661584	-5.450833614762488	-6.366493028496861
9978.0	-0.37925306138714365	-4.196206795012175	-6.49667995166468
9979.0	-0.783101224645506	-3.8842552834144204	-6.686575464672305
9980.0	-1.1742351392642885	-3.554921825659785	-6.319985273660656
9981.0	-0.7519139353340367	-3.9727703594986723	-6.7199781903135385
9982.0	-1.0962942270029907	-4.532178825566557	-6.553203400193888
9983.0	-0.7731931595668387	-4.543896267938232	-6.633010896849887
9984.0	-0.8280106150703248	-4.046164594471084	-6.576566292461196
9985.0	-2.3086627953602434	-3.7974831507709736	-6.675971269287187
9986.0	-2.5953324129567354	-3.6735654498320574	-6.949264304057077
9987.0	-1.8037090688440425	-3.92918235350424	-6.3185726795710515
9988.0	-1.5412181487233108	-2.9873818150982423	-6.156158902572998
9989.0	-1.7907169491389034	-3.406444037245489	-6.233121072600969
9990.0	-1.0530888937194094	-4.120453274216267	-6.364198817091542
9991.0	0.06431061840159913	-3.4292394692231047	-6.395972812577406
9992.0	0.6813289857193927	-3.500414111270108	-6.644398123096655
9993.0	0.8705348755887443	-3.416858985942329	-6.2010048238514095
9994.0	-0.19824763563382888	-4.065260491119289	-6.5094937809266815
9995.0	-0.2740176420680732	-3.753174310109991	-6.698403632031071
9996.0	-0.2680924030367305	-4.249302019393838	-7.1963823868572385
9997.0	-1.330026131770291	-4.240792223904001	-6.878134458368116
9998.0	-0.3446821208575843	-4.167437239085627	-6.699274643724289
9999.0	0.7878866308477365	-3.2901233386337108	-6.774415753817087
10000.0	0.8125368757765323	-3.3902618032056555	-6.613765424340944
10001.0	1.3321536057582801	-2.7597734956298523	-6.355769579937854
