beta	gamma
1.4862583708535246	0.39415143686713033
1.4862583708535246	0.39415143686713033
1.5004881424403602	0.39161723663107295
1.5004881424403602	0.39161723663107295
1.5152079538511243	0.4042798033907047
1.5152079538511243	0.4042798033907047
1.5152079538511243	0.4042798033907047
1.5210250660982885	0.39434623506466027
1.5210250660982885	0.39434623506466027
1.5093378227780339	0.3833230072507329
1.5093378227780339	0.3833230072507329
1.5093378227780339	0.3833230072507329
1.5072629356395317	0.3848617214888173
1.5072629356395317	0.3848617214888173
1.5072629356395317	0.3848617214888173
1.5072629356395317	0.3848617214888173
1.5072629356395317	0.3848617214888173
1.5138778674408195	0.40119090242121536
1.5138778674408195	0.40119090242121536
1.5138778674408195	0.40119090242121536
1.5138778674408195	0.40119090242121536
1.5138778674408195	0.40119090242121536
1.5138778674408195	0.40119090242121536
1.4870210030063646	0.39501761920029527
1.4972534571020824	0.3882259109079722
1.4972534571020824	0.3882259109079722
1.4987246614569347	0.39437057795490205
1.4987246614569347	0.39437057795490205
1.4987246614569347	0.39437057795490205
1.4987246614569347	0.39437057795490205
1.4987246614569347	0.39437057795490205
1.4987246614569347	0.39437057795490205
1.4987246614569347	0.39437057795490205
1.5026520308055868	0.4012915555549059
1.5026520308055868	0.4012915555549059
1.5026520308055868	0.4012915555549059
1.5026520308055868	0.4012915555549059
1.5026520308055868	0.4012915555549059
1.5026520308055868	0.4012915555549059
1.5026520308055868	0.4012915555549059
1.5026520308055868	0.4012915555549059
1.5001525167346197	0.4018602590145505
1.5056030153233526	0.38707011926475393
1.5171008267275168	0.38904393612111227
1.5171008267275168	0.38904393612111227
1.5171008267275168	0.38904393612111227
1.5171008267275168	0.38904393612111227
1.4957300913428424	0.38992675349957234
1.4957300913428424	0.38992675349957234
1.513178510709619	0.3914386949704911
1.513178510709619	0.3914386949704911
1.513178510709619	0.3914386949704911
1.513178510709619	0.3914386949704911
1.5130712898458716	0.3871321806534327
1.5130712898458716	0.3871321806534327
1.5130712898458716	0.3871321806534327
1.5130712898458716	0.3871321806534327
1.500682282727588	0.3921399511049648
1.500682282727588	0.3921399511049648
1.500682282727588	0.3921399511049648
1.500682282727588	0.3921399511049648
1.500682282727588	0.3921399511049648
1.500682282727588	0.3921399511049648
1.500682282727588	0.3921399511049648
1.500682282727588	0.3921399511049648
1.500682282727588	0.3921399511049648
1.500682282727588	0.3921399511049648
1.500682282727588	0.3921399511049648
1.500682282727588	0.3921399511049648
1.500682282727588	0.3921399511049648
1.500682282727588	0.3921399511049648
1.500682282727588	0.3921399511049648
1.500682282727588	0.3921399511049648
1.500682282727588	0.3921399511049648
1.500682282727588	0.3921399511049648
1.500682282727588	0.3921399511049648
1.500682282727588	0.3921399511049648
1.5066879520816643	0.4004622219261423
1.5066879520816643	0.4004622219261423
1.5066879520816643	0.4004622219261423
1.5066879520816643	0.4004622219261423
1.5066879520816643	0.4004622219261423
1.5066879520816643	0.4004622219261423
1.5066879520816643	0.4004622219261423
1.5066879520816643	0.4004622219261423
1.5084016640996638	0.3975864311265817
1.5084016640996638	0.3975864311265817
1.5084016640996638	0.3975864311265817
1.5084016640996638	0.3975864311265817
1.513728299901356	0.40146086851561225
1.513728299901356	0.40146086851561225
1.513728299901356	0.40146086851561225
1.513728299901356	0.40146086851561225
1.513728299901356	0.40146086851561225
1.513728299901356	0.40146086851561225
1.513728299901356	0.40146086851561225
1.513728299901356	0.40146086851561225
1.513728299901356	0.40146086851561225
1.5117344828313635	0.3984662255997369
1.5117344828313635	0.3984662255997369
1.5117344828313635	0.3984662255997369
1.5140803857194383	0.3893183298405392
1.4912331505870207	0.39501560987213574
1.4787508984376239	0.39246430071855437
1.4862113934578878	0.3986060308310404
1.4862113934578878	0.3986060308310404
1.4862113934578878	0.3986060308310404
1.4862113934578878	0.3986060308310404
1.4862113934578878	0.3986060308310404
1.4862113934578878	0.3986060308310404
1.4862113934578878	0.3986060308310404
1.4862113934578878	0.3986060308310404
1.4862113934578878	0.3986060308310404
1.4896185842019531	0.39160528249504906
1.4896185842019531	0.39160528249504906
1.4896185842019531	0.39160528249504906
1.4896185842019531	0.39160528249504906
1.4950308998471893	0.39748566868731294
1.4950308998471893	0.39748566868731294
1.4950308998471893	0.39748566868731294
1.4999171485982097	0.40451540720684204
1.4998891425062375	0.3933365528310251
1.4998891425062375	0.3933365528310251
1.4998891425062375	0.3933365528310251
1.4998891425062375	0.3933365528310251
1.4998891425062375	0.3933365528310251
1.4998891425062375	0.3933365528310251
1.4998891425062375	0.3933365528310251
1.4998891425062375	0.3933365528310251
1.5119153688114266	0.38730544519863125
1.5119153688114266	0.38730544519863125
1.5119153688114266	0.38730544519863125
1.5119153688114266	0.38730544519863125
1.5084471614754937	0.37964849154027674
1.5084471614754937	0.37964849154027674
1.515970368612107	0.3997740442147642
1.515970368612107	0.3997740442147642
1.5003494160221162	0.40284370137251246
1.5003494160221162	0.40284370137251246
1.5025866705369495	0.392433832170321
1.5025866705369495	0.392433832170321
1.5025866705369495	0.392433832170321
1.5025866705369495	0.392433832170321
1.5025866705369495	0.392433832170321
1.5025866705369495	0.392433832170321
1.5025866705369495	0.392433832170321
1.519034642000522	0.3946887950173794
1.5257858640235715	0.39420592098048923
1.5257858640235715	0.39420592098048923
1.5117886023251572	0.38845740622393404
1.5117886023251572	0.38845740622393404
1.5117886023251572	0.38845740622393404
1.5117886023251572	0.38845740622393404
1.5117886023251572	0.38845740622393404
1.5117886023251572	0.38845740622393404
1.5117886023251572	0.38845740622393404
1.5117886023251572	0.38845740622393404
1.5117886023251572	0.38845740622393404
1.5117886023251572	0.38845740622393404
1.5117886023251572	0.38845740622393404
1.5197907029622115	0.3876836286328192
1.5197907029622115	0.3876836286328192
1.4993924773826277	0.4020723361677265
1.4993924773826277	0.4020723361677265
1.4993924773826277	0.4020723361677265
1.4993924773826277	0.4020723361677265
1.5253918369403423	0.3864631482952176
1.522044748931391	0.3891716966180926
1.4843955702727596	0.3961524022286467
1.4843955702727596	0.3961524022286467
1.508749813756817	0.3995672060974859
1.509963075771373	0.3936308062067946
1.509963075771373	0.3936308062067946
1.509963075771373	0.3936308062067946
1.509963075771373	0.3936308062067946
1.509963075771373	0.3936308062067946
1.509963075771373	0.3936308062067946
1.4943099314237063	0.39592460054524714
1.4943099314237063	0.39592460054524714
1.4943099314237063	0.39592460054524714
1.4943099314237063	0.39592460054524714
1.4943099314237063	0.39592460054524714
1.4943099314237063	0.39592460054524714
1.493196499843639	0.3984840877281872
1.493196499843639	0.3984840877281872
1.493196499843639	0.3984840877281872
1.5090243239678525	0.38919901972186616
1.5090243239678525	0.38919901972186616
1.5090243239678525	0.38919901972186616
1.5090243239678525	0.38919901972186616
1.5286430376748978	0.39385013912547334
1.509930817112775	0.4039501699494607
1.509930817112775	0.4039501699494607
1.509930817112775	0.4039501699494607
1.509930817112775	0.4039501699494607
1.5166052679947137	0.3878112664004044
1.5166052679947137	0.3878112664004044
1.5166052679947137	0.3878112664004044
1.5166052679947137	0.3878112664004044
1.5002911028702313	0.3972902523101714
1.5002911028702313	0.3972902523101714
1.5002911028702313	0.3972902523101714
1.5002911028702313	0.3972902523101714
1.5002911028702313	0.3972902523101714
1.524173828738899	0.39586535435997483
1.524173828738899	0.39586535435997483
1.524173828738899	0.39586535435997483
1.524173828738899	0.39586535435997483
1.492113351902283	0.3922825416101585
1.4998312079781873	0.40079212487375904
1.4998312079781873	0.40079212487375904
1.4998312079781873	0.40079212487375904
1.4998312079781873	0.40079212487375904
1.4998312079781873	0.40079212487375904
1.4998312079781873	0.40079212487375904
1.4907336057230938	0.38965411717399234
1.4976018206575639	0.39549519650231146
1.4976018206575639	0.39549519650231146
1.4976018206575639	0.39549519650231146
1.4976018206575639	0.39549519650231146
1.5004185291938519	0.40032203666542393
1.5031920646590515	0.3975940937662905
1.5024697971624017	0.39864231300696185
1.5024697971624017	0.39864231300696185
1.5024697971624017	0.39864231300696185
1.5024697971624017	0.39864231300696185
1.5024697971624017	0.39864231300696185
1.5024697971624017	0.39864231300696185
1.5024697971624017	0.39864231300696185
1.508904324932288	0.3994882769300186
1.508904324932288	0.3994882769300186
1.508904324932288	0.3994882769300186
1.508904324932288	0.3994882769300186
1.508904324932288	0.3994882769300186
1.5127266591191524	0.3962853083977432
1.5127266591191524	0.3962853083977432
1.5127266591191524	0.3962853083977432
1.5127266591191524	0.3962853083977432
1.5127266591191524	0.3962853083977432
1.5163857859112264	0.4005144172134947
1.5163857859112264	0.4005144172134947
1.5163857859112264	0.4005144172134947
1.5163857859112264	0.4005144172134947
1.5077558499294845	0.3854484498911201
1.5077558499294845	0.3854484498911201
1.5077558499294845	0.3854484498911201
1.5077558499294845	0.3854484498911201
1.5077558499294845	0.3854484498911201
1.5183826267217337	0.40033221802755653
1.4978194686012867	0.3896822283626161
1.4978194686012867	0.3896822283626161
1.4978194686012867	0.3896822283626161
1.515496020727871	0.3891734627369016
1.515496020727871	0.3891734627369016
1.515496020727871	0.3891734627369016
1.515496020727871	0.3891734627369016
1.4964625987556126	0.39688097872371836
1.4964625987556126	0.39688097872371836
1.4964625987556126	0.39688097872371836
1.5167302819294177	0.3975298591260641
1.5167302819294177	0.3975298591260641
1.508167770581709	0.40430224477356974
1.508167770581709	0.40430224477356974
1.508167770581709	0.40430224477356974
1.5044890907277764	0.3910175284274885
1.5044890907277764	0.3910175284274885
1.5044890907277764	0.3910175284274885
1.5044890907277764	0.3910175284274885
1.5085107405158953	0.39618295014388916
1.5085107405158953	0.39618295014388916
1.5085107405158953	0.39618295014388916
1.5085107405158953	0.39618295014388916
1.5085107405158953	0.39618295014388916
1.5085107405158953	0.39618295014388916
1.5085107405158953	0.39618295014388916
1.5085107405158953	0.39618295014388916
1.5085107405158953	0.39618295014388916
1.5085107405158953	0.39618295014388916
1.5085107405158953	0.39618295014388916
1.5085107405158953	0.39618295014388916
1.5085107405158953	0.39618295014388916
1.5085107405158953	0.39618295014388916
1.5085107405158953	0.39618295014388916
1.5085107405158953	0.39618295014388916
1.5085107405158953	0.39618295014388916
1.5085107405158953	0.39618295014388916
1.4951929465393499	0.3936057947051564
1.508939200853031	0.40465973774147734
1.508939200853031	0.40465973774147734
1.508939200853031	0.40465973774147734
1.508939200853031	0.40465973774147734
1.508939200853031	0.40465973774147734
1.508939200853031	0.40465973774147734
1.508939200853031	0.40465973774147734
1.508939200853031	0.40465973774147734
1.508939200853031	0.40465973774147734
1.508939200853031	0.40465973774147734
1.508939200853031	0.40465973774147734
1.508939200853031	0.40465973774147734
1.508939200853031	0.40465973774147734
1.4936814795641653	0.40189426135021505
1.4936814795641653	0.40189426135021505
1.4936814795641653	0.40189426135021505
1.5099495578113418	0.4015319480955191
1.521851125575282	0.4021951989979109
1.5124584308311406	0.3991523477428299
1.5124584308311406	0.3991523477428299
1.5124584308311406	0.3991523477428299
1.5124584308311406	0.3991523477428299
1.5109382392262236	0.3893868797274614
1.5109382392262236	0.3893868797274614
1.5109382392262236	0.3893868797274614
1.5109382392262236	0.3893868797274614
1.5109382392262236	0.3893868797274614
1.5109382392262236	0.3893868797274614
1.5109382392262236	0.3893868797274614
1.5109382392262236	0.3893868797274614
1.518380371596744	0.39402998718971005
1.518380371596744	0.39402998718971005
1.5004835416447724	0.39714173148413506
1.5004835416447724	0.39714173148413506
1.5004835416447724	0.39714173148413506
1.5004835416447724	0.39714173148413506
1.5004835416447724	0.39714173148413506
1.5004835416447724	0.39714173148413506
1.5004835416447724	0.39714173148413506
1.5004835416447724	0.39714173148413506
1.5004835416447724	0.39714173148413506
1.5004835416447724	0.39714173148413506
1.5004835416447724	0.39714173148413506
1.5150359984980104	0.3939615792559852
1.4984552547864254	0.4014799994985857
1.4984552547864254	0.4014799994985857
1.4984552547864254	0.4014799994985857
1.4984552547864254	0.4014799994985857
1.4984552547864254	0.4014799994985857
1.4984552547864254	0.4014799994985857
1.4984552547864254	0.4014799994985857
1.4984552547864254	0.4014799994985857
1.5186373280194396	0.39896239129780225
1.5186373280194396	0.39896239129780225
1.5186373280194396	0.39896239129780225
1.5186373280194396	0.39896239129780225
1.5186373280194396	0.39896239129780225
1.5186373280194396	0.39896239129780225
1.4973504058785283	0.39704897753203583
1.4973504058785283	0.39704897753203583
1.509475189633272	0.390279386807425
1.509475189633272	0.390279386807425
1.509475189633272	0.390279386807425
1.509475189633272	0.390279386807425
1.509475189633272	0.390279386807425
1.509475189633272	0.390279386807425
1.509475189633272	0.390279386807425
1.509475189633272	0.390279386807425
1.509475189633272	0.390279386807425
1.509475189633272	0.390279386807425
1.4878206123891757	0.389378609747659
1.4878206123891757	0.389378609747659
1.5080757024903635	0.3966410351136862
1.5080757024903635	0.3966410351136862
1.5080757024903635	0.3966410351136862
1.5080757024903635	0.3966410351136862
1.5080757024903635	0.3966410351136862
1.5080757024903635	0.3966410351136862
1.5080757024903635	0.3966410351136862
1.5080757024903635	0.3966410351136862
1.5080757024903635	0.3966410351136862
1.5080757024903635	0.3966410351136862
1.5080757024903635	0.3966410351136862
1.5305141686005364	0.3863040296314418
1.5305141686005364	0.3863040296314418
1.5305141686005364	0.3863040296314418
1.5000137874193145	0.39570445911879715
1.5000137874193145	0.39570445911879715
1.5000137874193145	0.39570445911879715
1.5000137874193145	0.39570445911879715
1.5061289411272947	0.3953466684496661
1.5061289411272947	0.3953466684496661
1.5061289411272947	0.3953466684496661
1.5061289411272947	0.3953466684496661
1.5061289411272947	0.3953466684496661
1.5061289411272947	0.3953466684496661
1.5061289411272947	0.3953466684496661
1.4956207086226312	0.3900941516828102
1.4956207086226312	0.3900941516828102
1.4956207086226312	0.3900941516828102
1.4956207086226312	0.3900941516828102
1.4956207086226312	0.3900941516828102
1.497801107052737	0.40010921314887304
1.5193224117149935	0.3854183682612227
1.5193224117149935	0.3854183682612227
1.5193224117149935	0.3854183682612227
1.5193224117149935	0.3854183682612227
1.5193224117149935	0.3854183682612227
1.5193224117149935	0.3854183682612227
1.5301843369096417	0.38914505534136457
1.5301843369096417	0.38914505534136457
1.4905246917702804	0.38861575072919813
1.4905246917702804	0.38861575072919813
1.488069192171358	0.39488269583016056
1.488069192171358	0.39488269583016056
1.488069192171358	0.39488269583016056
1.488069192171358	0.39488269583016056
1.488069192171358	0.39488269583016056
1.488069192171358	0.39488269583016056
1.488069192171358	0.39488269583016056
1.488069192171358	0.39488269583016056
1.488069192171358	0.39488269583016056
1.488069192171358	0.39488269583016056
1.488069192171358	0.39488269583016056
1.488069192171358	0.39488269583016056
1.4945872480433735	0.39329387440344865
1.4945872480433735	0.39329387440344865
1.4992367171150827	0.39201286952645875
1.5182036244081876	0.39059657221062444
1.5182036244081876	0.39059657221062444
1.5182036244081876	0.39059657221062444
1.5182036244081876	0.39059657221062444
1.5182036244081876	0.39059657221062444
1.5182036244081876	0.39059657221062444
1.5182036244081876	0.39059657221062444
1.5183541967340501	0.39759163484648113
1.5183541967340501	0.39759163484648113
1.5183541967340501	0.39759163484648113
1.5183541967340501	0.39759163484648113
1.5183541967340501	0.39759163484648113
1.5183541967340501	0.39759163484648113
1.5183541967340501	0.39759163484648113
1.5183541967340501	0.39759163484648113
1.5183541967340501	0.39759163484648113
1.5183541967340501	0.39759163484648113
1.5183541967340501	0.39759163484648113
1.5022414928255359	0.39612400883663235
1.5022414928255359	0.39612400883663235
1.5022414928255359	0.39612400883663235
1.5022414928255359	0.39612400883663235
1.5022414928255359	0.39612400883663235
1.5022414928255359	0.39612400883663235
1.5022414928255359	0.39612400883663235
1.5022414928255359	0.39612400883663235
1.5067453745289163	0.40296909901506006
1.5067453745289163	0.40296909901506006
1.5067453745289163	0.40296909901506006
1.5067453745289163	0.40296909901506006
1.5067453745289163	0.40296909901506006
1.5067453745289163	0.40296909901506006
1.5067453745289163	0.40296909901506006
1.5067453745289163	0.40296909901506006
1.5067453745289163	0.40296909901506006
1.5067453745289163	0.40296909901506006
1.5067453745289163	0.40296909901506006
1.521330463982071	0.3968649837857271
1.521330463982071	0.3968649837857271
1.521330463982071	0.3968649837857271
1.521330463982071	0.3968649837857271
1.521330463982071	0.3968649837857271
1.521330463982071	0.3968649837857271
1.521330463982071	0.3968649837857271
1.523846734188064	0.39334798954701594
1.5127236313242787	0.3961794195614128
1.5127236313242787	0.3961794195614128
1.5150583365929098	0.3949357183382509
1.52897155961731	0.3975916049246547
1.52897155961731	0.3975916049246547
1.52240875289105	0.3944314248360024
1.52240875289105	0.3944314248360024
1.52240875289105	0.3944314248360024
1.52240875289105	0.3944314248360024
1.5100534812185726	0.40100157783944657
1.5100534812185726	0.40100157783944657
1.5100534812185726	0.40100157783944657
1.5100534812185726	0.40100157783944657
1.5100534812185726	0.40100157783944657
1.5100534812185726	0.40100157783944657
1.5100534812185726	0.40100157783944657
1.5100534812185726	0.40100157783944657
1.5147089638028635	0.3946611461765862
1.5147089638028635	0.3946611461765862
1.5147089638028635	0.3946611461765862
1.5147089638028635	0.3946611461765862
1.5056824999984153	0.3967125163492702
1.5056824999984153	0.3967125163492702
1.5056824999984153	0.3967125163492702
1.5056824999984153	0.3967125163492702
1.5056824999984153	0.3967125163492702
1.5056824999984153	0.3967125163492702
1.5056824999984153	0.3967125163492702
1.5056824999984153	0.3967125163492702
1.5056824999984153	0.3967125163492702
1.5056824999984153	0.3967125163492702
1.5056824999984153	0.3967125163492702
1.5056824999984153	0.3967125163492702
1.5056824999984153	0.3967125163492702
1.5056824999984153	0.3967125163492702
1.5056824999984153	0.3967125163492702
1.5056824999984153	0.3967125163492702
1.5056824999984153	0.3967125163492702
1.5056824999984153	0.3967125163492702
1.5056824999984153	0.3967125163492702
1.5056824999984153	0.3967125163492702
1.5184802399292503	0.3903011655167996
1.5184802399292503	0.3903011655167996
1.524004076294564	0.38533924141868164
1.524556527734979	0.3998894884371371
1.524556527734979	0.3998894884371371
1.524556527734979	0.3998894884371371
1.524556527734979	0.3998894884371371
1.524556527734979	0.3998894884371371
1.524556527734979	0.3998894884371371
1.524556527734979	0.3998894884371371
1.524556527734979	0.3998894884371371
1.5276630011852401	0.39092846746762683
1.525174986087439	0.38570000356424633
1.525174986087439	0.38570000356424633
1.517594875180555	0.39042081220850017
1.517594875180555	0.39042081220850017
1.517594875180555	0.39042081220850017
1.517594875180555	0.39042081220850017
1.5173353521292898	0.39370250476722135
1.5173353521292898	0.39370250476722135
1.5173353521292898	0.39370250476722135
1.5194687948530847	0.40337587901160593
1.5114163508986274	0.4035115937625784
1.5114163508986274	0.4035115937625784
1.5114163508986274	0.4035115937625784
1.5114163508986274	0.4035115937625784
1.5114163508986274	0.4035115937625784
1.5122847278958758	0.38896766538507976
1.5122847278958758	0.38896766538507976
1.5122847278958758	0.38896766538507976
1.5122847278958758	0.38896766538507976
1.5041885084898128	0.3924721602146017
1.5041885084898128	0.3924721602146017
1.5041885084898128	0.3924721602146017
1.5041885084898128	0.3924721602146017
1.5041885084898128	0.3924721602146017
1.5041885084898128	0.3924721602146017
1.5147537784448666	0.3997852673546907
1.5147537784448666	0.3997852673546907
1.5147537784448666	0.3997852673546907
1.5155401333457712	0.401376208532861
1.5155401333457712	0.401376208532861
1.5155401333457712	0.401376208532861
1.5155401333457712	0.401376208532861
1.5198050893012804	0.389683225347321
1.5198050893012804	0.389683225347321
1.5196646401626017	0.39808134675919415
1.5196646401626017	0.39808134675919415
1.5196646401626017	0.39808134675919415
1.5196646401626017	0.39808134675919415
1.5212582643654058	0.39560894897201426
1.5212582643654058	0.39560894897201426
1.5212582643654058	0.39560894897201426
1.5212582643654058	0.39560894897201426
1.5212582643654058	0.39560894897201426
1.5212582643654058	0.39560894897201426
1.5212582643654058	0.39560894897201426
1.5212582643654058	0.39560894897201426
1.5212582643654058	0.39560894897201426
1.5212582643654058	0.39560894897201426
1.5212582643654058	0.39560894897201426
1.5212582643654058	0.39560894897201426
1.5212582643654058	0.39560894897201426
1.5212582643654058	0.39560894897201426
1.507185509095314	0.39882847647257474
1.507185509095314	0.39882847647257474
1.507185509095314	0.39882847647257474
1.507185509095314	0.39882847647257474
1.518986652002437	0.4009338530605391
1.518986652002437	0.4009338530605391
1.518986652002437	0.4009338530605391
1.518986652002437	0.4009338530605391
1.518986652002437	0.4009338530605391
1.518986652002437	0.4009338530605391
1.518986652002437	0.4009338530605391
1.518986652002437	0.4009338530605391
1.518986652002437	0.4009338530605391
1.5341283943801989	0.39148686952290823
1.5341283943801989	0.39148686952290823
1.5312054579668783	0.39845444326077434
1.5312054579668783	0.39845444326077434
1.5312054579668783	0.39845444326077434
1.495609563076524	0.40163838603533
1.495609563076524	0.40163838603533
1.495609563076524	0.40163838603533
1.495609563076524	0.40163838603533
1.495609563076524	0.40163838603533
1.495609563076524	0.40163838603533
1.495609563076524	0.40163838603533
1.495609563076524	0.40163838603533
1.495609563076524	0.40163838603533
1.5177087262236473	0.39382097411051015
1.5177087262236473	0.39382097411051015
1.5177087262236473	0.39382097411051015
1.5177087262236473	0.39382097411051015
1.5177087262236473	0.39382097411051015
1.5177087262236473	0.39382097411051015
1.5177087262236473	0.39382097411051015
1.5177087262236473	0.39382097411051015
1.5177087262236473	0.39382097411051015
1.5177087262236473	0.39382097411051015
1.5177087262236473	0.39382097411051015
1.5177087262236473	0.39382097411051015
1.5177087262236473	0.39382097411051015
1.5177087262236473	0.39382097411051015
1.5255374582423282	0.3986731246879561
1.5255374582423282	0.3986731246879561
1.5255374582423282	0.3986731246879561
1.5255374582423282	0.3986731246879561
1.5255374582423282	0.3986731246879561
1.5255374582423282	0.3986731246879561
1.5224530529786946	0.400841664366451
1.5224530529786946	0.400841664366451
1.5224530529786946	0.400841664366451
1.5224530529786946	0.400841664366451
1.5224530529786946	0.400841664366451
1.5206269461803323	0.39827937926554696
1.5206269461803323	0.39827937926554696
1.5206269461803323	0.39827937926554696
1.5206269461803323	0.39827937926554696
1.5206269461803323	0.39827937926554696
1.5206269461803323	0.39827937926554696
1.5206269461803323	0.39827937926554696
1.5206269461803323	0.39827937926554696
1.5206269461803323	0.39827937926554696
1.5221883275559749	0.3921728812582143
1.5221883275559749	0.3921728812582143
1.5150373118196379	0.39646534899906233
1.5150373118196379	0.39646534899906233
1.5277998675047286	0.3993856192017167
1.5277998675047286	0.3993856192017167
1.5277998675047286	0.3993856192017167
1.5277998675047286	0.3993856192017167
1.5277998675047286	0.3993856192017167
1.5277998675047286	0.3993856192017167
1.5277998675047286	0.3993856192017167
1.5285049877032966	0.39244450836093375
1.5285049877032966	0.39244450836093375
1.5285049877032966	0.39244450836093375
1.5285049877032966	0.39244450836093375
1.5285049877032966	0.39244450836093375
1.5285049877032966	0.39244450836093375
1.503884467963343	0.39545676220476816
1.503884467963343	0.39545676220476816
1.503884467963343	0.39545676220476816
1.503884467963343	0.39545676220476816
1.4913001242453978	0.3957255931551554
1.4913001242453978	0.3957255931551554
1.4942760073012997	0.39184757092986056
1.4942760073012997	0.39184757092986056
1.4942760073012997	0.39184757092986056
1.4942760073012997	0.39184757092986056
1.4942760073012997	0.39184757092986056
1.4942760073012997	0.39184757092986056
1.4942760073012997	0.39184757092986056
1.4942760073012997	0.39184757092986056
1.4942760073012997	0.39184757092986056
1.4942760073012997	0.39184757092986056
1.4881065397831994	0.3944127830033518
1.4881065397831994	0.3944127830033518
1.4881065397831994	0.3944127830033518
1.4881065397831994	0.3944127830033518
1.4896214021922218	0.4002217149486576
1.4896214021922218	0.4002217149486576
1.4896214021922218	0.4002217149486576
1.4896214021922218	0.4002217149486576
1.4896214021922218	0.4002217149486576
1.4896214021922218	0.4002217149486576
1.4896214021922218	0.4002217149486576
1.4896214021922218	0.4002217149486576
1.4896214021922218	0.4002217149486576
1.4896214021922218	0.4002217149486576
1.4896214021922218	0.4002217149486576
1.4896214021922218	0.4002217149486576
1.4896214021922218	0.4002217149486576
1.4896214021922218	0.4002217149486576
1.4896214021922218	0.4002217149486576
1.4896214021922218	0.4002217149486576
1.4896214021922218	0.4002217149486576
1.4896214021922218	0.4002217149486576
1.4896214021922218	0.4002217149486576
1.4896214021922218	0.4002217149486576
1.4896214021922218	0.4002217149486576
1.4896214021922218	0.4002217149486576
1.4896214021922218	0.4002217149486576
1.4896214021922218	0.4002217149486576
1.4896214021922218	0.4002217149486576
1.5241966655814678	0.3890664286380525
1.5241966655814678	0.3890664286380525
1.5241966655814678	0.3890664286380525
1.5148257051964324	0.4067545242706405
1.5148257051964324	0.4067545242706405
1.5148257051964324	0.4067545242706405
1.5148257051964324	0.4067545242706405
1.5148257051964324	0.4067545242706405
1.5000341108567392	0.3878604341181637
1.5000341108567392	0.3878604341181637
1.5468872362898205	0.3922149825476609
1.5468872362898205	0.3922149825476609
1.5468872362898205	0.3922149825476609
1.5468872362898205	0.3922149825476609
1.5359540279343107	0.39323282099716333
1.5359540279343107	0.39323282099716333
1.5359540279343107	0.39323282099716333
1.5359540279343107	0.39323282099716333
1.5359540279343107	0.39323282099716333
1.5359540279343107	0.39323282099716333
1.529601742536354	0.3922104935670723
1.529601742536354	0.3922104935670723
1.529601742536354	0.3922104935670723
1.529601742536354	0.3922104935670723
1.529601742536354	0.3922104935670723
1.529601742536354	0.3922104935670723
1.529601742536354	0.3922104935670723
1.529601742536354	0.3922104935670723
1.529601742536354	0.3922104935670723
1.529601742536354	0.3922104935670723
1.529601742536354	0.3922104935670723
1.516395214591563	0.38798838740258895
1.516395214591563	0.38798838740258895
1.516395214591563	0.38798838740258895
1.516395214591563	0.38798838740258895
1.516395214591563	0.38798838740258895
1.5020073534600238	0.39735736308525105
1.5020073534600238	0.39735736308525105
1.5020073534600238	0.39735736308525105
1.5020073534600238	0.39735736308525105
1.5020073534600238	0.39735736308525105
1.5020073534600238	0.39735736308525105
1.5255971970424476	0.39104997940532527
1.4888055162185665	0.39748933409240367
1.4888055162185665	0.39748933409240367
1.4888055162185665	0.39748933409240367
1.4888055162185665	0.39748933409240367
1.4888055162185665	0.39748933409240367
1.5013215456374058	0.40464059178053097
1.5249289120955145	0.39817268176160814
1.5249289120955145	0.39817268176160814
1.5249289120955145	0.39817268176160814
1.5249289120955145	0.39817268176160814
1.5216724273011075	0.4003615570454681
1.5216724273011075	0.4003615570454681
1.5216724273011075	0.4003615570454681
1.5216724273011075	0.4003615570454681
1.5216724273011075	0.4003615570454681
1.5216724273011075	0.4003615570454681
1.513879952726307	0.3980076184982636
1.513879952726307	0.3980076184982636
1.513879952726307	0.3980076184982636
1.513879952726307	0.3980076184982636
1.513879952726307	0.3980076184982636
1.513879952726307	0.3980076184982636
1.513879952726307	0.3980076184982636
1.513879952726307	0.3980076184982636
1.513879952726307	0.3980076184982636
1.513879952726307	0.3980076184982636
1.513879952726307	0.3980076184982636
1.513879952726307	0.3980076184982636
1.513879952726307	0.3980076184982636
1.513879952726307	0.3980076184982636
1.513879952726307	0.3980076184982636
1.5145209784211453	0.3984319579365435
1.5111231820525004	0.40061363923827703
1.5111231820525004	0.40061363923827703
1.5111231820525004	0.40061363923827703
1.5111231820525004	0.40061363923827703
1.5111231820525004	0.40061363923827703
1.5111231820525004	0.40061363923827703
1.5111231820525004	0.40061363923827703
1.5111231820525004	0.40061363923827703
1.5111231820525004	0.40061363923827703
1.5111231820525004	0.40061363923827703
1.5155392448625526	0.3898556897579556
1.5155392448625526	0.3898556897579556
1.4923517354596068	0.39718874241977886
1.4923517354596068	0.39718874241977886
1.4923517354596068	0.39718874241977886
1.4851215728906701	0.39096564557167884
1.4851215728906701	0.39096564557167884
1.4851215728906701	0.39096564557167884
1.4851215728906701	0.39096564557167884
1.5069724842136765	0.3961904713670088
1.5069724842136765	0.3961904713670088
1.5069724842136765	0.3961904713670088
1.5069724842136765	0.3961904713670088
1.5160776340438022	0.39731594078522714
1.5160776340438022	0.39731594078522714
1.5160776340438022	0.39731594078522714
1.5160776340438022	0.39731594078522714
1.50344408756392	0.39377427473454046
1.50344408756392	0.39377427473454046
1.5218312179854037	0.3956654092707267
1.5218312179854037	0.3956654092707267
1.5218312179854037	0.3956654092707267
1.5218312179854037	0.3956654092707267
1.5218312179854037	0.3956654092707267
1.5218312179854037	0.3956654092707267
1.5218312179854037	0.3956654092707267
1.5218312179854037	0.3956654092707267
1.5218312179854037	0.3956654092707267
1.5218312179854037	0.3956654092707267
1.5218312179854037	0.3956654092707267
1.5218312179854037	0.3956654092707267
1.5218312179854037	0.3956654092707267
1.5218312179854037	0.3956654092707267
1.5218312179854037	0.3956654092707267
1.5156772511376075	0.3990324432724635
1.5001358343226365	0.3978005174895344
1.5001358343226365	0.3978005174895344
1.5001358343226365	0.3978005174895344
1.5001358343226365	0.3978005174895344
1.5023726187432174	0.39156965181662734
1.5023726187432174	0.39156965181662734
1.5023726187432174	0.39156965181662734
1.5023726187432174	0.39156965181662734
1.5023726187432174	0.39156965181662734
1.5023726187432174	0.39156965181662734
1.5023726187432174	0.39156965181662734
1.5023726187432174	0.39156965181662734
1.5023726187432174	0.39156965181662734
1.5023726187432174	0.39156965181662734
1.5023726187432174	0.39156965181662734
1.5023726187432174	0.39156965181662734
1.5023726187432174	0.39156965181662734
1.5023726187432174	0.39156965181662734
1.5023726187432174	0.39156965181662734
1.509659947950057	0.3864277298622321
1.509659947950057	0.3864277298622321
1.509659947950057	0.3864277298622321
1.509659947950057	0.3864277298622321
1.509659947950057	0.3864277298622321
1.509659947950057	0.3864277298622321
1.509659947950057	0.3864277298622321
1.509659947950057	0.3864277298622321
1.509659947950057	0.3864277298622321
1.501706068855987	0.3929503551178461
1.5247828296681396	0.3917883332245595
1.5247828296681396	0.3917883332245595
1.4911468183503873	0.38907951351941816
1.4931550222470813	0.39784607207253125
1.4931550222470813	0.39784607207253125
1.4931550222470813	0.39784607207253125
1.4957520341957788	0.3992033307322862
1.4957520341957788	0.3992033307322862
1.4957520341957788	0.3992033307322862
1.4957520341957788	0.3992033307322862
1.4957520341957788	0.3992033307322862
1.4957520341957788	0.3992033307322862
1.5091946054898193	0.3933321298414255
1.5091946054898193	0.3933321298414255
1.5091946054898193	0.3933321298414255
1.5165228428258304	0.397846116081905
1.5095424907249486	0.39505742009724165
1.5095424907249486	0.39505742009724165
1.5095424907249486	0.39505742009724165
1.5095424907249486	0.39505742009724165
1.5095424907249486	0.39505742009724165
1.5095424907249486	0.39505742009724165
1.5095424907249486	0.39505742009724165
1.5095424907249486	0.39505742009724165
1.5095424907249486	0.39505742009724165
1.5095424907249486	0.39505742009724165
1.5095424907249486	0.39505742009724165
1.5095424907249486	0.39505742009724165
1.5089454963415716	0.39423874931548447
1.5089454963415716	0.39423874931548447
1.5089454963415716	0.39423874931548447
1.5089454963415716	0.39423874931548447
1.5089454963415716	0.39423874931548447
1.5089454963415716	0.39423874931548447
1.5089454963415716	0.39423874931548447
1.5089454963415716	0.39423874931548447
1.5089454963415716	0.39423874931548447
1.5089454963415716	0.39423874931548447
1.5089454963415716	0.39423874931548447
1.5089454963415716	0.39423874931548447
1.5089454963415716	0.39423874931548447
1.5089454963415716	0.39423874931548447
1.5089454963415716	0.39423874931548447
1.5089454963415716	0.39423874931548447
1.5089454963415716	0.39423874931548447
1.5089454963415716	0.39423874931548447
1.5089454963415716	0.39423874931548447
1.5047075679714137	0.38640497564144305
1.5047075679714137	0.38640497564144305
1.5047075679714137	0.38640497564144305
1.5076187687969695	0.4002405712894914
1.4965923288177818	0.400923607143461
1.4965923288177818	0.400923607143461
1.4965923288177818	0.400923607143461
1.4965923288177818	0.400923607143461
1.4965923288177818	0.400923607143461
1.4965923288177818	0.400923607143461
1.4965923288177818	0.400923607143461
1.4965923288177818	0.400923607143461
1.4965923288177818	0.400923607143461
1.4965923288177818	0.400923607143461
1.5022152633173507	0.410506743037833
1.5374454886315256	0.40083254309383176
1.5374454886315256	0.40083254309383176
1.550696107835556	0.3943980317730915
1.550696107835556	0.3943980317730915
1.550696107835556	0.3943980317730915
1.550696107835556	0.3943980317730915
1.550696107835556	0.3943980317730915
1.550696107835556	0.3943980317730915
1.550696107835556	0.3943980317730915
1.5001123087159725	0.41064064219756613
1.4826997098746681	0.4019465709947908
1.4826997098746681	0.4019465709947908
1.4826997098746681	0.4019465709947908
1.4826997098746681	0.4019465709947908
1.4826997098746681	0.4019465709947908
1.4975305028669696	0.39676749485817414
1.4975305028669696	0.39676749485817414
1.4975305028669696	0.39676749485817414
1.4975305028669696	0.39676749485817414
1.4975305028669696	0.39676749485817414
1.4975305028669696	0.39676749485817414
1.4975305028669696	0.39676749485817414
1.4975305028669696	0.39676749485817414
1.5010712423540857	0.39708284068910005
1.5010712423540857	0.39708284068910005
1.5175747840841372	0.3942185121136791
1.4900638546037286	0.38744466448665227
1.4900638546037286	0.38744466448665227
1.4900638546037286	0.38744466448665227
1.4900638546037286	0.38744466448665227
1.4900638546037286	0.38744466448665227
1.4900638546037286	0.38744466448665227
1.4893484799868957	0.39016610636706034
1.4893484799868957	0.39016610636706034
1.5165997223432972	0.4032282982265602
1.5165997223432972	0.4032282982265602
1.5193639147711824	0.39422968632967104
1.5193639147711824	0.39422968632967104
1.5193639147711824	0.39422968632967104
1.5193639147711824	0.39422968632967104
1.5193639147711824	0.39422968632967104
1.5193639147711824	0.39422968632967104
1.5193639147711824	0.39422968632967104
1.5193639147711824	0.39422968632967104
1.5017358163123513	0.39625380898909923
1.5034908893429706	0.3961004649964447
1.5034908893429706	0.3961004649964447
1.5034908893429706	0.3961004649964447
1.5034908893429706	0.3961004649964447
1.5034908893429706	0.3961004649964447
1.5034908893429706	0.3961004649964447
1.5034908893429706	0.3961004649964447
1.5034908893429706	0.3961004649964447
1.5034908893429706	0.3961004649964447
1.5012248243247999	0.4054376641895711
1.5012248243247999	0.4054376641895711
1.5362545679615576	0.39120086327460374
1.5321958556202906	0.3907390310083778
1.5321958556202906	0.3907390310083778
1.5124133548767997	0.39309908370675584
1.5124133548767997	0.39309908370675584
1.5124133548767997	0.39309908370675584
1.5124133548767997	0.39309908370675584
1.5124133548767997	0.39309908370675584
1.5124133548767997	0.39309908370675584
1.4883963476033588	0.3927772431393551
1.4883963476033588	0.3927772431393551
1.4883963476033588	0.3927772431393551
1.5226953394531708	0.38767224279738255
1.5226953394531708	0.38767224279738255
1.5226953394531708	0.38767224279738255
1.5226953394531708	0.38767224279738255
1.5226953394531708	0.38767224279738255
1.5226953394531708	0.38767224279738255
1.4946295553894864	0.39247129796916064
1.524830402719751	0.3937076950509494
1.506245189460823	0.3863230061257209
1.506245189460823	0.3863230061257209
1.506245189460823	0.3863230061257209
1.4874640315759493	0.3906038411486386
1.4874640315759493	0.3906038411486386
1.4874640315759493	0.3906038411486386
1.4874640315759493	0.3906038411486386
1.4874640315759493	0.3906038411486386
1.4874640315759493	0.3906038411486386
1.4874640315759493	0.3906038411486386
1.4874640315759493	0.3906038411486386
1.4874640315759493	0.3906038411486386
1.4958799445916946	0.3888118100058051
1.5173974662750358	0.3855262997862785
1.4922913319639075	0.39815889008475874
1.4922913319639075	0.39815889008475874
1.4989381471011658	0.4001228942363943
1.4989381471011658	0.4001228942363943
1.4989381471011658	0.4001228942363943
1.4989381471011658	0.4001228942363943
1.4989381471011658	0.4001228942363943
1.4989381471011658	0.4001228942363943
1.4989381471011658	0.4001228942363943
1.4989381471011658	0.4001228942363943
1.4989381471011658	0.4001228942363943
1.511642249483849	0.39464905405228234
1.514033844003233	0.39514711644517275
1.514033844003233	0.39514711644517275
1.514033844003233	0.39514711644517275
1.514033844003233	0.39514711644517275
1.5328605534878466	0.389848009192994
1.5328605534878466	0.389848009192994
1.5328605534878466	0.389848009192994
1.5328605534878466	0.389848009192994
1.5328605534878466	0.389848009192994
1.5328605534878466	0.389848009192994
1.4974946654366326	0.39073216519593135
1.4974946654366326	0.39073216519593135
1.4974946654366326	0.39073216519593135
1.4974946654366326	0.39073216519593135
1.4974946654366326	0.39073216519593135
1.4974946654366326	0.39073216519593135
1.4974946654366326	0.39073216519593135
1.4974946654366326	0.39073216519593135
1.4974946654366326	0.39073216519593135
1.5327248182429956	0.3881003230834076
1.4839417918455644	0.38929917151026777
1.4839417918455644	0.38929917151026777
1.4839417918455644	0.38929917151026777
1.5279017138298472	0.39342121032874605
1.5279017138298472	0.39342121032874605
1.5279017138298472	0.39342121032874605
1.5279017138298472	0.39342121032874605
1.5279017138298472	0.39342121032874605
1.5279017138298472	0.39342121032874605
1.5279017138298472	0.39342121032874605
1.517163065151746	0.39398329157557166
1.517163065151746	0.39398329157557166
1.517163065151746	0.39398329157557166
1.517163065151746	0.39398329157557166
1.517163065151746	0.39398329157557166
1.517163065151746	0.39398329157557166
1.517163065151746	0.39398329157557166
1.526676073951034	0.39346939316868307
1.526676073951034	0.39346939316868307
1.5021444058529902	0.3885926286123058
1.5077953868076934	0.39253269360603676
1.5077953868076934	0.39253269360603676
1.5077953868076934	0.39253269360603676
1.5077953868076934	0.39253269360603676
1.5039442623952601	0.39598572122907316
1.5167916357029818	0.39591535738686573
1.5167916357029818	0.39591535738686573
1.5167916357029818	0.39591535738686573
1.5167916357029818	0.39591535738686573
1.5167916357029818	0.39591535738686573
1.5167916357029818	0.39591535738686573
1.5167916357029818	0.39591535738686573
1.5126872433791676	0.39805097316891264
1.5126872433791676	0.39805097316891264
1.5126872433791676	0.39805097316891264
1.5126872433791676	0.39805097316891264
1.5126872433791676	0.39805097316891264
1.5126872433791676	0.39805097316891264
1.5126872433791676	0.39805097316891264
1.5126872433791676	0.39805097316891264
1.5126872433791676	0.39805097316891264
1.5126872433791676	0.39805097316891264
1.5126872433791676	0.39805097316891264
1.5126872433791676	0.39805097316891264
1.5126872433791676	0.39805097316891264
1.5126872433791676	0.39805097316891264
1.5126872433791676	0.39805097316891264
1.5126872433791676	0.39805097316891264
1.5126872433791676	0.39805097316891264
1.4966852054664972	0.39484988612067623
1.5223980390761207	0.4012869453825199
1.50019242221642	0.3931656531044554
1.50019242221642	0.3931656531044554
1.50019242221642	0.3931656531044554
1.5123798272841864	0.3852294177596211
1.5123798272841864	0.3852294177596211
1.500137977721858	0.38671354055167617
1.500137977721858	0.38671354055167617
1.520022734213958	0.39082984706677276
1.520022734213958	0.39082984706677276
1.520022734213958	0.39082984706677276
1.520022734213958	0.39082984706677276
1.5014790961789721	0.3928098545442367
1.5014790961789721	0.3928098545442367
1.5014790961789721	0.3928098545442367
1.5138933719587224	0.3881075023245264
1.5138933719587224	0.3881075023245264
1.5270751611482796	0.39289342032572205
1.5270751611482796	0.39289342032572205
1.519418322234551	0.39757498902120153
1.519418322234551	0.39757498902120153
1.519418322234551	0.39757498902120153
1.5088061189446342	0.3995611942336721
1.5088061189446342	0.3995611942336721
1.5088061189446342	0.3995611942336721
1.5088061189446342	0.3995611942336721
1.5088061189446342	0.3995611942336721
1.5112023312539953	0.3945834688747029
1.5112023312539953	0.3945834688747029
1.5112023312539953	0.3945834688747029
1.5112023312539953	0.3945834688747029
1.5112023312539953	0.3945834688747029
1.5112023312539953	0.3945834688747029
1.5112023312539953	0.3945834688747029
1.5112023312539953	0.3945834688747029
1.5112023312539953	0.3945834688747029
1.5065695911930246	0.40019855111842245
1.5065695911930246	0.40019855111842245
1.5065695911930246	0.40019855111842245
1.5065695911930246	0.40019855111842245
1.5257237430655493	0.3986697153576246
1.5257237430655493	0.3986697153576246
1.5257237430655493	0.3986697153576246
1.5257237430655493	0.3986697153576246
1.5257237430655493	0.3986697153576246
1.5257237430655493	0.3986697153576246
1.5257237430655493	0.3986697153576246
1.5339704219507857	0.39220647203149533
1.5005293369375758	0.39472667332708056
1.5005293369375758	0.39472667332708056
1.5005293369375758	0.39472667332708056
1.5005293369375758	0.39472667332708056
1.5108245866564505	0.3977300711245002
1.5108245866564505	0.3977300711245002
1.5108245866564505	0.3977300711245002
1.5080151523318448	0.38835947648894326
1.5080151523318448	0.38835947648894326
1.5080151523318448	0.38835947648894326
1.5068165503450963	0.3862485088392586
1.5068165503450963	0.3862485088392586
1.513880062946661	0.40318206934886025
1.513880062946661	0.40318206934886025
1.513880062946661	0.40318206934886025
1.513880062946661	0.40318206934886025
1.513880062946661	0.40318206934886025
1.513880062946661	0.40318206934886025
1.513880062946661	0.40318206934886025
1.513880062946661	0.40318206934886025
1.513880062946661	0.40318206934886025
1.513880062946661	0.40318206934886025
1.513880062946661	0.40318206934886025
1.513880062946661	0.40318206934886025
1.513880062946661	0.40318206934886025
1.513880062946661	0.40318206934886025
1.513880062946661	0.40318206934886025
1.5207120144413984	0.4045013149667592
1.5207120144413984	0.4045013149667592
1.5207120144413984	0.4045013149667592
1.5155530415744511	0.3939497993193958
1.4973783336156103	0.39626897759658175
1.4973783336156103	0.39626897759658175
1.4973783336156103	0.39626897759658175
1.4973783336156103	0.39626897759658175
1.4973783336156103	0.39626897759658175
1.4973783336156103	0.39626897759658175
1.4973783336156103	0.39626897759658175
1.4973783336156103	0.39626897759658175
1.4973783336156103	0.39626897759658175
1.4973783336156103	0.39626897759658175
1.5060303111651228	0.4031375097326558
1.5060303111651228	0.4031375097326558
1.5135602579607652	0.3993872216255596
1.5137822141639787	0.4003609598105428
1.5137822141639787	0.4003609598105428
1.5137822141639787	0.4003609598105428
1.5206540119353211	0.39436740626944594
1.5206540119353211	0.39436740626944594
1.5206540119353211	0.39436740626944594
1.5206540119353211	0.39436740626944594
1.5206540119353211	0.39436740626944594
1.5206540119353211	0.39436740626944594
1.5000177434614916	0.4015219515979044
1.5000177434614916	0.4015219515979044
1.5000177434614916	0.4015219515979044
1.5000177434614916	0.4015219515979044
1.5000177434614916	0.4015219515979044
1.507186533518092	0.3986444799758859
1.507186533518092	0.3986444799758859
1.507186533518092	0.3986444799758859
1.507186533518092	0.3986444799758859
1.5214962167640407	0.396100379818577
1.5214962167640407	0.396100379818577
1.5214962167640407	0.396100379818577
1.5214962167640407	0.396100379818577
1.5214962167640407	0.396100379818577
1.5214962167640407	0.396100379818577
1.5214962167640407	0.396100379818577
1.5214962167640407	0.396100379818577
1.5214962167640407	0.396100379818577
1.5214962167640407	0.396100379818577
1.5214962167640407	0.396100379818577
1.5214962167640407	0.396100379818577
1.5096931924052786	0.39251774613022217
1.5096931924052786	0.39251774613022217
1.5096931924052786	0.39251774613022217
1.5068774726560474	0.38781336916199544
1.5068774726560474	0.38781336916199544
1.5068774726560474	0.38781336916199544
1.5068774726560474	0.38781336916199544
1.5068774726560474	0.38781336916199544
1.5068774726560474	0.38781336916199544
1.500545398095529	0.3847601395484303
1.5117838496202767	0.39922268754382834
1.5117838496202767	0.39922268754382834
1.5117838496202767	0.39922268754382834
1.5081781834119632	0.4023361060313606
1.5081781834119632	0.4023361060313606
1.5081781834119632	0.4023361060313606
1.5081781834119632	0.4023361060313606
1.5081781834119632	0.4023361060313606
1.5081781834119632	0.4023361060313606
1.5081781834119632	0.4023361060313606
1.5145637313965106	0.3963532047954119
1.5145637313965106	0.3963532047954119
1.5145637313965106	0.3963532047954119
1.5145637313965106	0.3963532047954119
1.5313874920417678	0.3992012374303336
1.5313874920417678	0.3992012374303336
1.5313874920417678	0.3992012374303336
1.5313874920417678	0.3992012374303336
1.5313874920417678	0.3992012374303336
1.5313874920417678	0.3992012374303336
1.5088092561255837	0.4016944261539671
1.5088092561255837	0.4016944261539671
1.5088092561255837	0.4016944261539671
1.5088092561255837	0.4016944261539671
1.5088092561255837	0.4016944261539671
1.520175798260694	0.3887468304855598
1.520175798260694	0.3887468304855598
1.520175798260694	0.3887468304855598
1.520175798260694	0.3887468304855598
1.520175798260694	0.3887468304855598
1.5239222871183629	0.39282832401858386
1.5239222871183629	0.39282832401858386
1.5239222871183629	0.39282832401858386
1.5239222871183629	0.39282832401858386
1.5239222871183629	0.39282832401858386
1.5239222871183629	0.39282832401858386
1.5239222871183629	0.39282832401858386
1.5418905622116557	0.3948742835872392
1.5418905622116557	0.3948742835872392
1.5418905622116557	0.3948742835872392
1.5194969386581458	0.3873459198278052
1.5194969386581458	0.3873459198278052
1.5194969386581458	0.3873459198278052
1.5194969386581458	0.3873459198278052
1.5194969386581458	0.3873459198278052
1.5194969386581458	0.3873459198278052
1.5194969386581458	0.3873459198278052
1.5194969386581458	0.3873459198278052
1.5194969386581458	0.3873459198278052
1.5194969386581458	0.3873459198278052
1.5194969386581458	0.3873459198278052
1.5194969386581458	0.3873459198278052
1.5194969386581458	0.3873459198278052
1.5194969386581458	0.3873459198278052
1.4989420432907288	0.3918189836408421
1.4989420432907288	0.3918189836408421
1.4989420432907288	0.3918189836408421
1.4989420432907288	0.3918189836408421
1.4989420432907288	0.3918189836408421
1.4891947028125374	0.3959312560311308
1.4834189962552315	0.3927864359224585
1.4834189962552315	0.3927864359224585
1.4834189962552315	0.3927864359224585
1.4834189962552315	0.3927864359224585
1.4834189962552315	0.3927864359224585
1.505853390169299	0.3934581522100524
1.505853390169299	0.3934581522100524
1.505853390169299	0.3934581522100524
1.505853390169299	0.3934581522100524
1.505853390169299	0.3934581522100524
1.505853390169299	0.3934581522100524
1.505853390169299	0.3934581522100524
1.505853390169299	0.3934581522100524
1.505853390169299	0.3934581522100524
1.505853390169299	0.3934581522100524
1.505853390169299	0.3934581522100524
1.505853390169299	0.3934581522100524
1.505853390169299	0.3934581522100524
1.505853390169299	0.3934581522100524
1.505853390169299	0.3934581522100524
1.505853390169299	0.3934581522100524
1.5015352458289326	0.3958441505662157
1.5015352458289326	0.3958441505662157
1.5015352458289326	0.3958441505662157
1.5015352458289326	0.3958441505662157
1.5015352458289326	0.3958441505662157
1.5015352458289326	0.3958441505662157
1.5015352458289326	0.3958441505662157
1.5015352458289326	0.3958441505662157
1.5015352458289326	0.3958441505662157
1.5113469688293757	0.39958870030263993
1.5113469688293757	0.39958870030263993
1.508670895261629	0.3898708956326944
1.508670895261629	0.3898708956326944
1.508670895261629	0.3898708956326944
1.508670895261629	0.3898708956326944
1.508670895261629	0.3898708956326944
1.508670895261629	0.3898708956326944
1.508670895261629	0.3898708956326944
1.5154451209691795	0.4057905731911743
1.5154451209691795	0.4057905731911743
1.5154451209691795	0.4057905731911743
1.5092239363601176	0.39036578928604115
1.5149292926145568	0.3986089713944117
1.5149292926145568	0.3986089713944117
1.5149292926145568	0.3986089713944117
1.4911781376946036	0.3988322659865718
1.4911781376946036	0.3988322659865718
1.5191884992673048	0.3990187660584201
1.5191884992673048	0.3990187660584201
1.5018922475724887	0.39692879396247693
1.5018922475724887	0.39692879396247693
1.5018922475724887	0.39692879396247693
1.5018922475724887	0.39692879396247693
1.5018922475724887	0.39692879396247693
1.4936936196093944	0.39191459644151405
1.4936936196093944	0.39191459644151405
1.5067452538658472	0.39194340849076736
1.4882820265225507	0.39252467503051536
1.4882820265225507	0.39252467503051536
1.4876989011439423	0.39204474421356805
1.4861505908291985	0.39015267909531065
1.4861505908291985	0.39015267909531065
1.4861505908291985	0.39015267909531065
1.488749156309456	0.4017528137637324
1.488749156309456	0.4017528137637324
1.488749156309456	0.4017528137637324
1.5239608477100761	0.4057366514076367
1.5239608477100761	0.4057366514076367
1.5239608477100761	0.4057366514076367
1.5239608477100761	0.4057366514076367
1.5239608477100761	0.4057366514076367
1.5239608477100761	0.4057366514076367
1.5261487786215036	0.4025828557565378
1.5271700797159873	0.39134393375727766
1.5195147061169392	0.3877540733625583
1.5195147061169392	0.3877540733625583
1.5218122345076488	0.39179941757644793
1.5218122345076488	0.39179941757644793
1.5218122345076488	0.39179941757644793
1.5258217585248788	0.3995610929683546
1.5258217585248788	0.3995610929683546
1.5258217585248788	0.3995610929683546
1.521319710532772	0.4002316739317533
1.521319710532772	0.4002316739317533
1.5288157646135974	0.40254924030170236
1.5288157646135974	0.40254924030170236
1.5288157646135974	0.40254924030170236
1.5152033890603753	0.405216931039214
1.5152033890603753	0.405216931039214
1.5152033890603753	0.405216931039214
1.5219069490135364	0.3993761874759766
1.5219069490135364	0.3993761874759766
1.5219069490135364	0.3993761874759766
1.5219069490135364	0.3993761874759766
1.5129142379226324	0.3967259095346297
1.502655860793175	0.3977174518931337
1.502655860793175	0.3977174518931337
1.502655860793175	0.3977174518931337
1.502655860793175	0.3977174518931337
1.504232170967111	0.40078979543169096
1.504232170967111	0.40078979543169096
1.504232170967111	0.40078979543169096
1.4936518124816371	0.40131994168086593
1.4936518124816371	0.40131994168086593
1.4936518124816371	0.40131994168086593
1.4936518124816371	0.40131994168086593
1.4936518124816371	0.40131994168086593
1.4936518124816371	0.40131994168086593
1.518074466179047	0.39929808739212336
1.518074466179047	0.39929808739212336
1.518074466179047	0.39929808739212336
1.518074466179047	0.39929808739212336
1.516324883404508	0.4008460989009342
1.516324883404508	0.4008460989009342
1.516324883404508	0.4008460989009342
1.516324883404508	0.4008460989009342
1.516324883404508	0.4008460989009342
1.516324883404508	0.4008460989009342
1.5158289010573245	0.40374893579551796
1.5124648221450663	0.3943083380759317
1.5124648221450663	0.3943083380759317
1.5124648221450663	0.3943083380759317
1.5124648221450663	0.3943083380759317
1.5124648221450663	0.3943083380759317
1.5124648221450663	0.3943083380759317
1.5124648221450663	0.3943083380759317
1.5124648221450663	0.3943083380759317
1.5124648221450663	0.3943083380759317
1.5124648221450663	0.3943083380759317
1.5124648221450663	0.3943083380759317
1.5124648221450663	0.3943083380759317
1.5124648221450663	0.3943083380759317
1.5124648221450663	0.3943083380759317
1.5124648221450663	0.3943083380759317
1.518242600751481	0.3878506051101657
1.518242600751481	0.3878506051101657
1.508041242560923	0.390881891032518
1.508041242560923	0.390881891032518
1.508041242560923	0.390881891032518
1.508041242560923	0.390881891032518
1.5007210834062117	0.39986116614852774
1.5003811711403459	0.38536355265782973
1.5003811711403459	0.38536355265782973
1.5193022602744781	0.38377042442994136
1.5193022602744781	0.38377042442994136
1.5421739371454313	0.397142552148896
1.5421739371454313	0.397142552148896
1.5421739371454313	0.397142552148896
1.5421739371454313	0.397142552148896
1.5421739371454313	0.397142552148896
1.5421739371454313	0.397142552148896
1.5298388711304969	0.40150060014898864
1.5298388711304969	0.40150060014898864
1.5298388711304969	0.40150060014898864
1.5298388711304969	0.40150060014898864
1.5298388711304969	0.40150060014898864
1.5330037769979281	0.38818162257486133
1.5330037769979281	0.38818162257486133
1.515290226051711	0.39714192573952745
1.515290226051711	0.39714192573952745
1.515290226051711	0.39714192573952745
1.515290226051711	0.39714192573952745
1.515290226051711	0.39714192573952745
1.515290226051711	0.39714192573952745
1.515290226051711	0.39714192573952745
1.515290226051711	0.39714192573952745
1.515290226051711	0.39714192573952745
1.515290226051711	0.39714192573952745
1.510715552078807	0.3941488786765722
1.510715552078807	0.3941488786765722
1.510715552078807	0.3941488786765722
1.5340803129240244	0.3898578152474973
1.5340803129240244	0.3898578152474973
1.5311784620089444	0.3909944862317255
1.5311784620089444	0.3909944862317255
1.5311784620089444	0.3909944862317255
1.5311784620089444	0.3909944862317255
1.524004060710973	0.40276436023284046
1.4922150798953688	0.40017576607500843
1.4922150798953688	0.40017576607500843
1.507677276208284	0.3901481386394651
1.507677276208284	0.3901481386394651
1.507677276208284	0.3901481386394651
1.507677276208284	0.3901481386394651
1.507677276208284	0.3901481386394651
1.507677276208284	0.3901481386394651
1.507677276208284	0.3901481386394651
1.5217222319843478	0.39571849641362405
1.503794729693514	0.39766366302238393
1.5037014113151725	0.4016549909838211
1.5037014113151725	0.4016549909838211
1.5037014113151725	0.4016549909838211
1.5037014113151725	0.4016549909838211
1.5060732071940288	0.38890545894702266
1.5051206930293435	0.3964759816008949
1.5051206930293435	0.3964759816008949
1.5051206930293435	0.3964759816008949
1.5051206930293435	0.3964759816008949
1.5051206930293435	0.3964759816008949
1.5051206930293435	0.3964759816008949
1.5051206930293435	0.3964759816008949
1.5176436366751838	0.3866250015804344
1.5176436366751838	0.3866250015804344
1.5176436366751838	0.3866250015804344
1.5176436366751838	0.3866250015804344
1.5176436366751838	0.3866250015804344
1.5176436366751838	0.3866250015804344
1.499432882022616	0.3897452304383414
1.499432882022616	0.3897452304383414
1.499432882022616	0.3897452304383414
1.499432882022616	0.3897452304383414
1.5155121373012985	0.3976881631189965
1.5155121373012985	0.3976881631189965
1.5155121373012985	0.3976881631189965
1.5155121373012985	0.3976881631189965
1.5155121373012985	0.3976881631189965
1.5155121373012985	0.3976881631189965
1.5155121373012985	0.3976881631189965
1.5155121373012985	0.3976881631189965
1.5155121373012985	0.3976881631189965
1.5155121373012985	0.3976881631189965
1.5155121373012985	0.3976881631189965
1.5155121373012985	0.3976881631189965
1.5155121373012985	0.3976881631189965
1.5155121373012985	0.3976881631189965
1.5155121373012985	0.3976881631189965
1.5155121373012985	0.3976881631189965
1.5155121373012985	0.3976881631189965
1.5155121373012985	0.3976881631189965
1.5155121373012985	0.3976881631189965
1.5155121373012985	0.3976881631189965
1.5011147125918318	0.39416359525581607
1.486138634329811	0.39250488928257976
1.4905652342807632	0.38704817192693286
1.5212879954512941	0.3867473805182182
1.5212879954512941	0.3867473805182182
1.5212879954512941	0.3867473805182182
1.5212879954512941	0.3867473805182182
1.5273164085396904	0.386851054867549
1.5273164085396904	0.386851054867549
1.523728480952012	0.3933910893717034
1.523728480952012	0.3933910893717034
1.4961690036169482	0.39966809578226475
1.4963612219700493	0.3909560079727914
1.4843690202971263	0.39360348319832295
1.4843690202971263	0.39360348319832295
1.4843690202971263	0.39360348319832295
1.4843690202971263	0.39360348319832295
1.4834236911402674	0.3910511547966755
1.540464938531958	0.392158145658858
1.540464938531958	0.392158145658858
1.540464938531958	0.392158145658858
1.496119579036541	0.4049191194460187
1.496119579036541	0.4049191194460187
1.496119579036541	0.4049191194460187
1.5190870274525812	0.39903023033681123
1.5190870274525812	0.39903023033681123
1.5190870274525812	0.39903023033681123
1.5190870274525812	0.39903023033681123
1.5190870274525812	0.39903023033681123
1.5190870274525812	0.39903023033681123
1.5190870274525812	0.39903023033681123
1.5190870274525812	0.39903023033681123
1.5128330985110012	0.39577608860134267
1.5167716229038166	0.39124372898152626
1.5167716229038166	0.39124372898152626
1.5167716229038166	0.39124372898152626
1.5167716229038166	0.39124372898152626
1.5167716229038166	0.39124372898152626
1.5209089601237036	0.39721822223550135
1.5209089601237036	0.39721822223550135
1.5209089601237036	0.39721822223550135
1.5209089601237036	0.39721822223550135
1.5224822400112907	0.39346899049253575
1.5224822400112907	0.39346899049253575
1.5061404010127575	0.39626977664811674
1.5061404010127575	0.39626977664811674
1.49743556157846	0.39318912167597786
1.49743556157846	0.39318912167597786
1.49743556157846	0.39318912167597786
1.49743556157846	0.39318912167597786
1.4999436132475867	0.40180417223902265
1.5059209363621338	0.401676792183965
1.5059209363621338	0.401676792183965
1.5166539122695402	0.3927517288646028
1.5166539122695402	0.3927517288646028
1.5273016939580573	0.3959659503894418
1.4987633235067932	0.40245034869598606
1.4987633235067932	0.40245034869598606
1.5121644829372018	0.403894769945851
1.5121644829372018	0.403894769945851
1.5121644829372018	0.403894769945851
1.5121644829372018	0.403894769945851
1.5121644829372018	0.403894769945851
1.5121644829372018	0.403894769945851
1.5121644829372018	0.403894769945851
1.5121644829372018	0.403894769945851
1.5121644829372018	0.403894769945851
1.5121644829372018	0.403894769945851
1.5020906883524636	0.3927478427036535
1.5020906883524636	0.3927478427036535
1.5020906883524636	0.3927478427036535
1.5020906883524636	0.3927478427036535
1.520095595717052	0.3937660166484013
1.520095595717052	0.3937660166484013
1.520095595717052	0.3937660166484013
1.520095595717052	0.3937660166484013
1.520095595717052	0.3937660166484013
1.520095595717052	0.3937660166484013
1.520095595717052	0.3937660166484013
1.520095595717052	0.3937660166484013
1.520095595717052	0.3937660166484013
1.5068332901604127	0.40012333928058097
1.5068332901604127	0.40012333928058097
1.5068332901604127	0.40012333928058097
1.4979527153325982	0.39376322498539673
1.4979527153325982	0.39376322498539673
1.4979527153325982	0.39376322498539673
1.4979527153325982	0.39376322498539673
1.4921731711154342	0.39397119977327916
1.4921731711154342	0.39397119977327916
1.4987676459907522	0.3949218087802829
1.4987676459907522	0.3949218087802829
1.4987676459907522	0.3949218087802829
1.4939674108873833	0.40289042282921345
1.4939674108873833	0.40289042282921345
1.5157665369178595	0.4024045577513784
1.5263092925773631	0.39213297077366616
1.5263092925773631	0.39213297077366616
1.5328162252025506	0.3902225239865418
1.5328162252025506	0.3902225239865418
1.5328162252025506	0.3902225239865418
1.5148890611995038	0.39476852032507753
1.5148890611995038	0.39476852032507753
1.5148890611995038	0.39476852032507753
1.5148890611995038	0.39476852032507753
1.5148890611995038	0.39476852032507753
1.5107060250694146	0.39781378590915784
1.5107060250694146	0.39781378590915784
1.5107060250694146	0.39781378590915784
1.5107060250694146	0.39781378590915784
1.5107060250694146	0.39781378590915784
1.5107060250694146	0.39781378590915784
1.5107060250694146	0.39781378590915784
1.5107060250694146	0.39781378590915784
1.5107060250694146	0.39781378590915784
1.506985867289886	0.4076736044943627
1.506985867289886	0.4076736044943627
1.4998911940141426	0.3930915507341789
1.4998911940141426	0.3930915507341789
1.518450079560464	0.39029904660792497
1.518450079560464	0.39029904660792497
1.518450079560464	0.39029904660792497
1.518450079560464	0.39029904660792497
1.518450079560464	0.39029904660792497
1.518450079560464	0.39029904660792497
1.518450079560464	0.39029904660792497
1.5029447678803864	0.3934054568023909
1.5004051338545625	0.38302286375781175
1.5004051338545625	0.38302286375781175
1.4910996866629431	0.38674740446606676
1.4910996866629431	0.38674740446606676
1.5280874017104835	0.38992705553451784
1.5280874017104835	0.38992705553451784
1.516085795495051	0.39252087608355746
1.516085795495051	0.39252087608355746
1.516085795495051	0.39252087608355746
1.516085795495051	0.39252087608355746
1.516085795495051	0.39252087608355746
1.516085795495051	0.39252087608355746
1.4962041357830196	0.39554478912366936
1.4962041357830196	0.39554478912366936
1.4962041357830196	0.39554478912366936
1.4962041357830196	0.39554478912366936
1.4962041357830196	0.39554478912366936
1.4962041357830196	0.39554478912366936
1.4962041357830196	0.39554478912366936
1.4962041357830196	0.39554478912366936
1.4962041357830196	0.39554478912366936
1.4962041357830196	0.39554478912366936
1.490904448590486	0.4008238585115528
1.490904448590486	0.4008238585115528
1.490904448590486	0.4008238585115528
1.490904448590486	0.4008238585115528
1.4892217211901686	0.40112070791224885
1.4892217211901686	0.40112070791224885
1.4892217211901686	0.40112070791224885
1.4892217211901686	0.40112070791224885
1.4892217211901686	0.40112070791224885
1.5036688806707734	0.3945428085828028
1.502203429127738	0.39419859853939226
1.5007154190384606	0.3992851749063047
1.5007154190384606	0.3992851749063047
1.5202700155192663	0.39222415529703547
1.5202700155192663	0.39222415529703547
1.526499980779479	0.39305586418454125
1.526499980779479	0.39305586418454125
1.5156940780815051	0.3904150111479471
1.5156940780815051	0.3904150111479471
1.5156940780815051	0.3904150111479471
1.5156940780815051	0.3904150111479471
1.5156940780815051	0.3904150111479471
1.5156940780815051	0.3904150111479471
1.5156940780815051	0.3904150111479471
1.50199361424345	0.3928246950745737
1.50199361424345	0.3928246950745737
1.50199361424345	0.3928246950745737
1.50199361424345	0.3928246950745737
1.50199361424345	0.3928246950745737
1.50199361424345	0.3928246950745737
1.50199361424345	0.3928246950745737
1.50199361424345	0.3928246950745737
1.50199361424345	0.3928246950745737
1.50199361424345	0.3928246950745737
1.5244742230300072	0.39280958264600085
1.5244742230300072	0.39280958264600085
1.5244742230300072	0.39280958264600085
1.5244742230300072	0.39280958264600085
1.5244742230300072	0.39280958264600085
1.4969959306741203	0.4030503080871621
1.4969959306741203	0.4030503080871621
1.480465170475852	0.3990321452183261
1.480465170475852	0.3990321452183261
1.5091748478352403	0.3917303260328539
1.5091748478352403	0.3917303260328539
1.5091748478352403	0.3917303260328539
1.5091748478352403	0.3917303260328539
1.5091748478352403	0.3917303260328539
1.5091748478352403	0.3917303260328539
1.5091748478352403	0.3917303260328539
1.5091748478352403	0.3917303260328539
1.5091748478352403	0.3917303260328539
1.5091748478352403	0.3917303260328539
1.5091748478352403	0.3917303260328539
1.5091748478352403	0.3917303260328539
1.5091748478352403	0.3917303260328539
1.5091748478352403	0.3917303260328539
1.5313564188797626	0.39331433665241883
1.5313564188797626	0.39331433665241883
1.4870381513298014	0.38810909700614193
1.5340225988601104	0.39127245864673316
1.5340225988601104	0.39127245864673316
1.5085789907266418	0.39698274416629303
1.5085789907266418	0.39698274416629303
1.5085789907266418	0.39698274416629303
1.5085789907266418	0.39698274416629303
1.49577285728384	0.39397953416140974
1.49577285728384	0.39397953416140974
1.49577285728384	0.39397953416140974
1.49577285728384	0.39397953416140974
1.49577285728384	0.39397953416140974
1.4926745198891669	0.39124495228778444
1.5283839176387968	0.3901818335379715
1.5283839176387968	0.3901818335379715
1.5283839176387968	0.3901818335379715
1.5283839176387968	0.3901818335379715
1.5283839176387968	0.3901818335379715
1.5283839176387968	0.3901818335379715
1.5283839176387968	0.3901818335379715
1.5283839176387968	0.3901818335379715
1.5283839176387968	0.3901818335379715
1.5283839176387968	0.3901818335379715
1.5283839176387968	0.3901818335379715
1.5283839176387968	0.3901818335379715
1.5283839176387968	0.3901818335379715
1.5283839176387968	0.3901818335379715
1.5283839176387968	0.3901818335379715
1.5283839176387968	0.3901818335379715
1.5283839176387968	0.3901818335379715
1.5283839176387968	0.3901818335379715
1.5283839176387968	0.3901818335379715
1.5318979200894458	0.3931252833278931
1.5318979200894458	0.3931252833278931
1.5318979200894458	0.3931252833278931
1.5029212413780786	0.4071519027716377
1.5029212413780786	0.4071519027716377
1.5029212413780786	0.4071519027716377
1.4949664157378588	0.3915878802928039
1.4949664157378588	0.3915878802928039
1.4949664157378588	0.3915878802928039
1.4949664157378588	0.3915878802928039
1.4949664157378588	0.3915878802928039
1.4949664157378588	0.3915878802928039
1.4949664157378588	0.3915878802928039
1.4949664157378588	0.3915878802928039
1.5209138572757743	0.40054638034605206
1.5051698020767128	0.3994783062244248
1.5051698020767128	0.3994783062244248
1.5051698020767128	0.3994783062244248
1.5051698020767128	0.3994783062244248
1.5051698020767128	0.3994783062244248
1.5051698020767128	0.3994783062244248
1.5051698020767128	0.3994783062244248
1.5051698020767128	0.3994783062244248
1.5051698020767128	0.3994783062244248
1.5051698020767128	0.3994783062244248
1.5051698020767128	0.3994783062244248
1.4874429661579347	0.4043374429374293
1.4874429661579347	0.4043374429374293
1.4969027623582256	0.39675050529450306
1.4969027623582256	0.39675050529450306
1.5031723061493596	0.3941171061924451
1.4927826207867976	0.3973400715673605
1.4927826207867976	0.3973400715673605
1.4927826207867976	0.3973400715673605
1.4927826207867976	0.3973400715673605
1.4927826207867976	0.3973400715673605
1.4927826207867976	0.3973400715673605
1.4960297230835335	0.3981235875939244
1.4960297230835335	0.3981235875939244
1.4960297230835335	0.3981235875939244
1.4960297230835335	0.3981235875939244
1.4960297230835335	0.3981235875939244
1.4960297230835335	0.3981235875939244
1.4960297230835335	0.3981235875939244
1.4960297230835335	0.3981235875939244
1.4960297230835335	0.3981235875939244
1.4960297230835335	0.3981235875939244
1.4960297230835335	0.3981235875939244
1.4956089805272719	0.3894045135787533
1.495903436654384	0.3884097944864231
1.5035882103302032	0.3915510186263402
1.5035882103302032	0.3915510186263402
1.5035882103302032	0.3915510186263402
1.5035882103302032	0.3915510186263402
1.5035882103302032	0.3915510186263402
1.5095151138697571	0.39589481534163395
1.5095151138697571	0.39589481534163395
1.5095151138697571	0.39589481534163395
1.5235219472758263	0.3957868620558719
1.5235219472758263	0.3957868620558719
1.5235219472758263	0.3957868620558719
1.5235219472758263	0.3957868620558719
1.5235219472758263	0.3957868620558719
1.5235219472758263	0.3957868620558719
1.5154297127134106	0.39987676981265696
1.5154297127134106	0.39987676981265696
1.5154297127134106	0.39987676981265696
1.5154297127134106	0.39987676981265696
1.5154297127134106	0.39987676981265696
1.5154297127134106	0.39987676981265696
1.5154297127134106	0.39987676981265696
1.5154297127134106	0.39987676981265696
1.5154297127134106	0.39987676981265696
1.5154297127134106	0.39987676981265696
1.5165810901891317	0.39435426971712567
1.5165810901891317	0.39435426971712567
1.5094993495124258	0.39286168530040994
1.5111622199869532	0.39694512928005143
1.5111622199869532	0.39694512928005143
1.5111622199869532	0.39694512928005143
1.5111622199869532	0.39694512928005143
1.5111622199869532	0.39694512928005143
1.5111622199869532	0.39694512928005143
1.5111622199869532	0.39694512928005143
1.5111622199869532	0.39694512928005143
1.5111622199869532	0.39694512928005143
1.5111622199869532	0.39694512928005143
1.5111622199869532	0.39694512928005143
1.5111622199869532	0.39694512928005143
1.5051404922801956	0.39417329906586396
1.5051404922801956	0.39417329906586396
1.5051404922801956	0.39417329906586396
1.5051404922801956	0.39417329906586396
1.5085424823149647	0.38511584612742344
1.5085424823149647	0.38511584612742344
1.5085424823149647	0.38511584612742344
1.5085424823149647	0.38511584612742344
1.500777601104545	0.3920831239348747
1.500777601104545	0.3920831239348747
1.500777601104545	0.3920831239348747
1.500777601104545	0.3920831239348747
1.500777601104545	0.3920831239348747
1.500777601104545	0.3920831239348747
1.500777601104545	0.3920831239348747
1.500777601104545	0.3920831239348747
1.500777601104545	0.3920831239348747
1.525509681448807	0.38677452815653385
1.525509681448807	0.38677452815653385
1.521790932053839	0.40122603508325305
1.521790932053839	0.40122603508325305
1.521790932053839	0.40122603508325305
1.521790932053839	0.40122603508325305
1.521790932053839	0.40122603508325305
1.521790932053839	0.40122603508325305
1.521790932053839	0.40122603508325305
1.521790932053839	0.40122603508325305
1.4969161761427987	0.3908205380726277
1.4969161761427987	0.3908205380726277
1.4969161761427987	0.3908205380726277
1.4969161761427987	0.3908205380726277
1.4969161761427987	0.3908205380726277
1.4969161761427987	0.3908205380726277
1.4969161761427987	0.3908205380726277
1.509113994423493	0.3977021242299309
1.509113994423493	0.3977021242299309
1.509113994423493	0.3977021242299309
1.509113994423493	0.3977021242299309
1.509113994423493	0.3977021242299309
1.509113994423493	0.3977021242299309
1.509113994423493	0.3977021242299309
1.509113994423493	0.3977021242299309
1.509113994423493	0.3977021242299309
1.509113994423493	0.3977021242299309
1.509113994423493	0.3977021242299309
1.509113994423493	0.3977021242299309
1.4995723257296456	0.39512189167792106
1.4995723257296456	0.39512189167792106
1.4995723257296456	0.39512189167792106
1.4995723257296456	0.39512189167792106
1.4960218964510705	0.39434712488445417
1.513200975904214	0.3981688096165537
1.513200975904214	0.3981688096165537
1.513200975904214	0.3981688096165537
1.513200975904214	0.3981688096165537
1.513200975904214	0.3981688096165537
1.513200975904214	0.3981688096165537
1.513200975904214	0.3981688096165537
1.513200975904214	0.3981688096165537
1.513200975904214	0.3981688096165537
1.513200975904214	0.3981688096165537
1.5111208878782867	0.39947190678695604
1.5111208878782867	0.39947190678695604
1.5111208878782867	0.39947190678695604
1.5111208878782867	0.39947190678695604
1.5111208878782867	0.39947190678695604
1.4965956484223268	0.3951822568377607
1.5201732813385445	0.3970468853608465
1.5201732813385445	0.3970468853608465
1.5201732813385445	0.3970468853608465
1.4892575090929723	0.39583446859351396
1.4892575090929723	0.39583446859351396
1.4855868341749336	0.39895352993455263
1.4855868341749336	0.39895352993455263
1.4855868341749336	0.39895352993455263
1.5085256279340074	0.4058958881226398
1.5255816625191017	0.38138682496301574
1.5351985472711087	0.3920138702877239
1.5351985472711087	0.3920138702877239
1.5351985472711087	0.3920138702877239
1.5351985472711087	0.3920138702877239
1.5351985472711087	0.3920138702877239
1.5351985472711087	0.3920138702877239
1.5351985472711087	0.3920138702877239
1.5351985472711087	0.3920138702877239
1.5111261744990943	0.4019093597005417
1.5111261744990943	0.4019093597005417
1.5171771083294538	0.39254363921818214
1.5171771083294538	0.39254363921818214
1.5171771083294538	0.39254363921818214
1.5088399549626816	0.39217114046350304
1.5088399549626816	0.39217114046350304
1.5088399549626816	0.39217114046350304
1.5088399549626816	0.39217114046350304
1.5088399549626816	0.39217114046350304
1.5088399549626816	0.39217114046350304
1.5088399549626816	0.39217114046350304
1.5088399549626816	0.39217114046350304
1.5088399549626816	0.39217114046350304
1.5088399549626816	0.39217114046350304
1.526553960910602	0.39717528570732646
1.526553960910602	0.39717528570732646
1.526553960910602	0.39717528570732646
1.526553960910602	0.39717528570732646
1.526553960910602	0.39717528570732646
1.526553960910602	0.39717528570732646
1.526553960910602	0.39717528570732646
1.526553960910602	0.39717528570732646
1.526553960910602	0.39717528570732646
1.526553960910602	0.39717528570732646
1.526553960910602	0.39717528570732646
1.526553960910602	0.39717528570732646
1.52821764105097	0.3924751954392067
1.52821764105097	0.3924751954392067
1.5208096148395	0.39633996410241745
1.5208096148395	0.39633996410241745
1.5208096148395	0.39633996410241745
1.515222326027572	0.39635736994355414
1.515222326027572	0.39635736994355414
1.515222326027572	0.39635736994355414
1.515222326027572	0.39635736994355414
1.515222326027572	0.39635736994355414
1.515222326027572	0.39635736994355414
1.515222326027572	0.39635736994355414
1.515222326027572	0.39635736994355414
1.515222326027572	0.39635736994355414
1.515222326027572	0.39635736994355414
1.515222326027572	0.39635736994355414
1.515222326027572	0.39635736994355414
1.4986706837351884	0.39144195800442005
1.5016893035906766	0.39434807911370123
1.5016893035906766	0.39434807911370123
1.5016893035906766	0.39434807911370123
1.5016893035906766	0.39434807911370123
1.5016893035906766	0.39434807911370123
1.5016893035906766	0.39434807911370123
1.5016893035906766	0.39434807911370123
1.5100169874617522	0.3984053080940371
1.5100169874617522	0.3984053080940371
1.5100169874617522	0.3984053080940371
1.5100169874617522	0.3984053080940371
1.5100169874617522	0.3984053080940371
1.5100169874617522	0.3984053080940371
1.5147162988775953	0.38967074605244084
1.5286288118481852	0.3914261729553617
1.5286288118481852	0.3914261729553617
1.4951209534409364	0.3966915322538815
1.4951209534409364	0.3966915322538815
1.4951209534409364	0.3966915322538815
1.4951209534409364	0.3966915322538815
1.4951209534409364	0.3966915322538815
1.4951209534409364	0.3966915322538815
1.4951209534409364	0.3966915322538815
1.4951209534409364	0.3966915322538815
1.4951209534409364	0.3966915322538815
1.4951209534409364	0.3966915322538815
1.517701178862449	0.403734130410702
1.5052743497846457	0.4041402360755518
1.5303679333345415	0.3877974303792824
1.5095468840647601	0.3820034033216406
1.4926826098701012	0.3849402525273796
1.4926826098701012	0.3849402525273796
1.4926826098701012	0.3849402525273796
1.4926826098701012	0.3849402525273796
1.5077303052712643	0.39734618865980753
1.5077303052712643	0.39734618865980753
1.4953307738418578	0.38444254933535754
1.4953307738418578	0.38444254933535754
1.4953307738418578	0.38444254933535754
1.4953307738418578	0.38444254933535754
1.4953307738418578	0.38444254933535754
1.4953307738418578	0.38444254933535754
1.4953307738418578	0.38444254933535754
1.5253491046509513	0.4057643385873181
1.4963367980883484	0.4002625701107075
1.4963367980883484	0.4002625701107075
1.4963367980883484	0.4002625701107075
1.500930942404689	0.4024989922890326
1.5057504226873613	0.39560507335339923
1.5057504226873613	0.39560507335339923
1.512187273189603	0.3904542211781476
1.512187273189603	0.3904542211781476
1.512187273189603	0.3904542211781476
1.512187273189603	0.3904542211781476
1.512187273189603	0.3904542211781476
1.512187273189603	0.3904542211781476
1.512187273189603	0.3904542211781476
1.512187273189603	0.3904542211781476
1.512187273189603	0.3904542211781476
1.512187273189603	0.3904542211781476
1.512187273189603	0.3904542211781476
1.512187273189603	0.3904542211781476
1.512187273189603	0.3904542211781476
1.5212131472389294	0.39327861048159085
1.5212131472389294	0.39327861048159085
1.5212131472389294	0.39327861048159085
1.5212131472389294	0.39327861048159085
1.501130384689304	0.3956380880957077
1.501130384689304	0.3956380880957077
1.4900835078035775	0.39500063699862914
1.4900835078035775	0.39500063699862914
1.4891718730166976	0.39764443854919795
1.4795130804679555	0.3988942924590769
1.5008559471183092	0.3910639613974075
1.5008559471183092	0.3910639613974075
1.5008559471183092	0.3910639613974075
1.5008559471183092	0.3910639613974075
1.5008559471183092	0.3910639613974075
1.5008559471183092	0.3910639613974075
1.5008559471183092	0.3910639613974075
1.5008559471183092	0.3910639613974075
1.5008559471183092	0.3910639613974075
1.5008559471183092	0.3910639613974075
1.4916953011640937	0.3918683936929132
1.5291008469307883	0.39817525155615463
1.5138309417443871	0.38631671103718557
1.5138309417443871	0.38631671103718557
1.5138309417443871	0.38631671103718557
1.5138309417443871	0.38631671103718557
1.5138309417443871	0.38631671103718557
1.5138309417443871	0.38631671103718557
1.5138309417443871	0.38631671103718557
1.4881518670373164	0.3949058538846386
1.4881518670373164	0.3949058538846386
1.4698008020211304	0.39753412825288875
1.4698008020211304	0.39753412825288875
1.4858786707084637	0.4010284534805892
1.4858786707084637	0.4010284534805892
1.4858786707084637	0.4010284534805892
1.488837600121264	0.4025916485855541
1.488837600121264	0.4025916485855541
1.518309368939333	0.38428319525872323
1.518309368939333	0.38428319525872323
1.518309368939333	0.38428319525872323
1.520613404217418	0.4020543385982206
1.520613404217418	0.4020543385982206
1.520613404217418	0.4020543385982206
1.5131540963978416	0.39320895718959625
1.5131540963978416	0.39320895718959625
1.5131540963978416	0.39320895718959625
1.5131540963978416	0.39320895718959625
1.5140365388911727	0.3947413754598798
1.521817562561405	0.4000514814847889
1.521817562561405	0.4000514814847889
1.521817562561405	0.4000514814847889
1.521817562561405	0.4000514814847889
1.5252511151539234	0.39677190050073674
1.5252511151539234	0.39677190050073674
1.5136353879634539	0.40006399904246553
1.5136353879634539	0.40006399904246553
1.5136353879634539	0.40006399904246553
1.5136353879634539	0.40006399904246553
1.5136353879634539	0.40006399904246553
1.5136353879634539	0.40006399904246553
1.5136353879634539	0.40006399904246553
1.5136353879634539	0.40006399904246553
1.5136353879634539	0.40006399904246553
1.5136353879634539	0.40006399904246553
1.504475388733636	0.4062979333012128
1.504475388733636	0.4062979333012128
1.504475388733636	0.4062979333012128
1.5067108495977817	0.3953839304077709
1.5067108495977817	0.3953839304077709
1.5067108495977817	0.3953839304077709
1.5067108495977817	0.3953839304077709
1.5067108495977817	0.3953839304077709
1.5029866890731483	0.3917259569005907
1.5029866890731483	0.3917259569005907
1.5029866890731483	0.3917259569005907
1.5029866890731483	0.3917259569005907
1.511876999756272	0.388697468211532
1.511876999756272	0.388697468211532
1.511876999756272	0.388697468211532
1.505943555977425	0.3946441979306004
1.505943555977425	0.3946441979306004
1.505943555977425	0.3946441979306004
1.505943555977425	0.3946441979306004
1.505943555977425	0.3946441979306004
1.505943555977425	0.3946441979306004
1.514348487286999	0.39371491636275663
1.514348487286999	0.39371491636275663
1.5027788936320081	0.3970487234387565
1.5027788936320081	0.3970487234387565
1.5027788936320081	0.3970487234387565
1.5027788936320081	0.3970487234387565
1.5027788936320081	0.3970487234387565
1.5027788936320081	0.3970487234387565
1.5027788936320081	0.3970487234387565
1.5027788936320081	0.3970487234387565
1.5027788936320081	0.3970487234387565
1.5027788936320081	0.3970487234387565
1.5027788936320081	0.3970487234387565
1.5027788936320081	0.3970487234387565
1.5027788936320081	0.3970487234387565
1.5027788936320081	0.3970487234387565
1.5027788936320081	0.3970487234387565
1.5027788936320081	0.3970487234387565
1.5027788936320081	0.3970487234387565
1.5027788936320081	0.3970487234387565
1.5027788936320081	0.3970487234387565
1.5027788936320081	0.3970487234387565
1.5027788936320081	0.3970487234387565
1.5130561738097055	0.39298752058932473
1.5126611332490252	0.3931320578684379
1.5126611332490252	0.3931320578684379
1.5126611332490252	0.3931320578684379
1.5126611332490252	0.3931320578684379
1.5126611332490252	0.3931320578684379
1.5126611332490252	0.3931320578684379
1.5126611332490252	0.3931320578684379
1.5162287053530248	0.3978211964843374
1.523606991187007	0.3978559807164774
1.523606991187007	0.3978559807164774
1.523606991187007	0.3978559807164774
1.523606991187007	0.3978559807164774
1.5232053090329403	0.393005144105658
1.5232053090329403	0.393005144105658
1.5232053090329403	0.393005144105658
1.5232053090329403	0.393005144105658
1.5232053090329403	0.393005144105658
1.5232053090329403	0.393005144105658
1.5232053090329403	0.393005144105658
1.5232053090329403	0.393005144105658
1.5141170293666188	0.3957078976446026
1.5141170293666188	0.3957078976446026
1.5141170293666188	0.3957078976446026
1.5141170293666188	0.3957078976446026
1.5141170293666188	0.3957078976446026
1.5141170293666188	0.3957078976446026
1.5179001791191478	0.38609449932553513
1.5150664502584745	0.3897458543406076
1.5150664502584745	0.3897458543406076
1.5150664502584745	0.3897458543406076
1.5150664502584745	0.3897458543406076
1.5150664502584745	0.3897458543406076
1.5150664502584745	0.3897458543406076
1.5150664502584745	0.3897458543406076
1.5150664502584745	0.3897458543406076
1.5150664502584745	0.3897458543406076
1.5150664502584745	0.3897458543406076
1.5150664502584745	0.3897458543406076
1.5150664502584745	0.3897458543406076
1.5150664502584745	0.3897458543406076
1.5150664502584745	0.3897458543406076
1.5173779750896699	0.3929972842770913
1.5213631856421976	0.3870267657598342
1.5213631856421976	0.3870267657598342
1.5213631856421976	0.3870267657598342
1.5068344057058347	0.38253021750013316
1.5068344057058347	0.38253021750013316
1.5068344057058347	0.38253021750013316
1.4881782761309297	0.3880418502276395
1.4881782761309297	0.3880418502276395
1.4843136303570696	0.3963517030065054
1.505128352980439	0.39885309660206525
1.505128352980439	0.39885309660206525
1.505128352980439	0.39885309660206525
1.505128352980439	0.39885309660206525
1.505128352980439	0.39885309660206525
1.505128352980439	0.39885309660206525
1.505128352980439	0.39885309660206525
1.505128352980439	0.39885309660206525
1.505128352980439	0.39885309660206525
1.505128352980439	0.39885309660206525
1.505128352980439	0.39885309660206525
1.505128352980439	0.39885309660206525
1.505128352980439	0.39885309660206525
1.5016464763137158	0.3993004672478331
1.470797807454246	0.3877582046250718
1.470797807454246	0.3877582046250718
1.4779247180833468	0.3890464157017599
1.4852204830254618	0.3922357722169406
1.4852204830254618	0.3922357722169406
1.4852204830254618	0.3922357722169406
1.4852204830254618	0.3922357722169406
1.4852204830254618	0.3922357722169406
1.500180715801324	0.3957069889508275
1.500180715801324	0.3957069889508275
1.500180715801324	0.3957069889508275
1.5036780183349436	0.39515030760333847
1.5098591280119569	0.40854768974819333
1.5098591280119569	0.40854768974819333
1.5098591280119569	0.40854768974819333
1.5098591280119569	0.40854768974819333
1.5098591280119569	0.40854768974819333
1.5098591280119569	0.40854768974819333
1.5098591280119569	0.40854768974819333
1.5098591280119569	0.40854768974819333
1.5098591280119569	0.40854768974819333
1.5098591280119569	0.40854768974819333
1.49973863444976	0.39400550520774763
1.49973863444976	0.39400550520774763
1.49973863444976	0.39400550520774763
1.49973863444976	0.39400550520774763
1.49973863444976	0.39400550520774763
1.49973863444976	0.39400550520774763
1.49973863444976	0.39400550520774763
1.49973863444976	0.39400550520774763
1.49973863444976	0.39400550520774763
1.49973863444976	0.39400550520774763
1.49973863444976	0.39400550520774763
1.5072127152804984	0.38788929254175913
1.5072127152804984	0.38788929254175913
1.4817505791177865	0.3960755751111797
1.4817505791177865	0.3960755751111797
1.487438038076956	0.4003513713522047
1.4723561874926292	0.39703553079662923
1.5428021148901256	0.39176902886804144
1.5428021148901256	0.39176902886804144
1.5428021148901256	0.39176902886804144
1.5291586111828221	0.38930568946400884
1.505984266630139	0.3936409219981112
1.505984266630139	0.3936409219981112
1.5170003183981782	0.4044491262164121
1.5030042574050269	0.397779929835365
1.5139759956648537	0.39801069917319043
1.5139759956648537	0.39801069917319043
1.5139759956648537	0.39801069917319043
1.5139759956648537	0.39801069917319043
1.5139759956648537	0.39801069917319043
1.5139759956648537	0.39801069917319043
1.52814782709708	0.39586419022308633
1.52814782709708	0.39586419022308633
1.5222213556161008	0.383682171379306
1.5117447382736977	0.38815649384390444
1.5117447382736977	0.38815649384390444
1.5117447382736977	0.38815649384390444
1.5117447382736977	0.38815649384390444
1.5117447382736977	0.38815649384390444
1.4939601924615011	0.39612757978387775
1.4939601924615011	0.39612757978387775
1.5246370407185799	0.39507955205946643
1.5246370407185799	0.39507955205946643
1.5331193442055664	0.40444427001455063
1.5331193442055664	0.40444427001455063
1.516625617807404	0.38398509873871656
1.5137652396083188	0.38610135736606915
1.5137652396083188	0.38610135736606915
1.501762490440688	0.395293082680032
1.501762490440688	0.395293082680032
1.5099930277427351	0.3985161310701581
1.5099930277427351	0.3985161310701581
1.5099930277427351	0.3985161310701581
1.4766700769064003	0.3939647213101511
1.4982475553554884	0.3884302360620776
1.4982475553554884	0.3884302360620776
1.4982475553554884	0.3884302360620776
1.4982475553554884	0.3884302360620776
1.4982475553554884	0.3884302360620776
1.4797572926475002	0.3913425630662964
1.4797572926475002	0.3913425630662964
1.4797572926475002	0.3913425630662964
1.4983541952795858	0.3986099143941721
1.4983541952795858	0.3986099143941721
1.4787997293375883	0.3977205898802735
1.4888076849804912	0.40570631149580155
1.4888076849804912	0.40570631149580155
1.5170162607059752	0.4125603146138733
1.5170162607059752	0.4125603146138733
1.5170162607059752	0.4125603146138733
1.4827763314389417	0.40645864506070817
1.4827763314389417	0.40645864506070817
1.4827763314389417	0.40645864506070817
1.4827763314389417	0.40645864506070817
1.4827763314389417	0.40645864506070817
1.4827763314389417	0.40645864506070817
1.4846845220744587	0.408272534762978
1.4846845220744587	0.408272534762978
1.4846845220744587	0.408272534762978
1.4846845220744587	0.408272534762978
1.4846845220744587	0.408272534762978
1.4846845220744587	0.408272534762978
1.4846845220744587	0.408272534762978
1.5034240810001303	0.39717056564957204
1.5263650118057261	0.4027409989420397
1.5263650118057261	0.4027409989420397
1.5263650118057261	0.4027409989420397
1.5263650118057261	0.4027409989420397
1.5263650118057261	0.4027409989420397
1.5263650118057261	0.4027409989420397
1.5263650118057261	0.4027409989420397
1.5239554016684858	0.3958067497204442
1.5239554016684858	0.3958067497204442
1.4963198276444407	0.39496538247324453
1.4963198276444407	0.39496538247324453
1.4963198276444407	0.39496538247324453
1.4963198276444407	0.39496538247324453
1.4963198276444407	0.39496538247324453
1.4963198276444407	0.39496538247324453
1.4963198276444407	0.39496538247324453
1.4963198276444407	0.39496538247324453
1.4963198276444407	0.39496538247324453
1.4963198276444407	0.39496538247324453
1.495453297760457	0.39709162196668524
1.495453297760457	0.39709162196668524
1.506714843996298	0.39381195070256103
1.506714843996298	0.39381195070256103
1.5029591717736983	0.3997288811407863
1.5184050428934495	0.39722322778260843
1.5184050428934495	0.39722322778260843
1.5184050428934495	0.39722322778260843
1.5184050428934495	0.39722322778260843
1.5184050428934495	0.39722322778260843
1.5184050428934495	0.39722322778260843
1.5184050428934495	0.39722322778260843
1.5184050428934495	0.39722322778260843
1.5184050428934495	0.39722322778260843
1.5184050428934495	0.39722322778260843
1.5184050428934495	0.39722322778260843
1.5184050428934495	0.39722322778260843
1.5022016479367748	0.3862837905844743
1.5022016479367748	0.3862837905844743
1.5022016479367748	0.3862837905844743
1.5022016479367748	0.3862837905844743
1.4995189354644238	0.3901176959880698
1.4995189354644238	0.3901176959880698
1.4995189354644238	0.3901176959880698
1.4995189354644238	0.3901176959880698
1.4995189354644238	0.3901176959880698
1.4995189354644238	0.3901176959880698
1.4995189354644238	0.3901176959880698
1.4995189354644238	0.3901176959880698
1.4995189354644238	0.3901176959880698
1.5082437893076033	0.38843483136537477
1.5082437893076033	0.38843483136537477
1.5082437893076033	0.38843483136537477
1.5082437893076033	0.38843483136537477
1.5082437893076033	0.38843483136537477
1.5082437893076033	0.38843483136537477
1.5082437893076033	0.38843483136537477
1.5407717480567964	0.3963271037535898
1.491896046246684	0.395488955039239
1.5057649622076599	0.3979849321882322
1.5057649622076599	0.3979849321882322
1.5057649622076599	0.3979849321882322
1.5057649622076599	0.3979849321882322
1.5057649622076599	0.3979849321882322
1.5057649622076599	0.3979849321882322
1.5057649622076599	0.3979849321882322
1.5057649622076599	0.3979849321882322
1.5057649622076599	0.3979849321882322
1.5057649622076599	0.3979849321882322
1.5057649622076599	0.3979849321882322
1.5057649622076599	0.3979849321882322
1.5057649622076599	0.3979849321882322
1.5057649622076599	0.3979849321882322
1.5057649622076599	0.3979849321882322
1.5057649622076599	0.3979849321882322
1.5057649622076599	0.3979849321882322
1.5100649017609813	0.3963114977484615
1.5100649017609813	0.3963114977484615
1.4986644802425655	0.3958274794772191
1.4986644802425655	0.3958274794772191
1.4986644802425655	0.3958274794772191
1.5252970583360421	0.3901765146341185
1.5214228793527447	0.38814682180897947
1.5214228793527447	0.38814682180897947
1.5214228793527447	0.38814682180897947
1.5214228793527447	0.38814682180897947
1.5214228793527447	0.38814682180897947
1.5214228793527447	0.38814682180897947
1.5214228793527447	0.38814682180897947
1.5214228793527447	0.38814682180897947
1.5052865115033474	0.4036528653176594
1.5052865115033474	0.4036528653176594
1.5052865115033474	0.4036528653176594
1.5052865115033474	0.4036528653176594
1.5052865115033474	0.4036528653176594
1.4957776085025114	0.4133598482769147
1.5129904265649727	0.3960153981951343
1.5129904265649727	0.3960153981951343
1.4868080315129955	0.39581209181179816
1.4868080315129955	0.39581209181179816
1.5201094194151217	0.38773445335849677
1.5260181503206705	0.40143064205271684
1.5260181503206705	0.40143064205271684
1.5260181503206705	0.40143064205271684
1.5260181503206705	0.40143064205271684
1.5260181503206705	0.40143064205271684
1.5260181503206705	0.40143064205271684
1.516828514689036	0.39946266125783825
1.516828514689036	0.39946266125783825
1.5099692399689062	0.3891389555092373
1.5099692399689062	0.3891389555092373
1.5099692399689062	0.3891389555092373
1.5099692399689062	0.3891389555092373
1.5099692399689062	0.3891389555092373
1.5099692399689062	0.3891389555092373
1.52691558555981	0.39536716438480635
1.52691558555981	0.39536716438480635
1.52691558555981	0.39536716438480635
1.52691558555981	0.39536716438480635
1.52691558555981	0.39536716438480635
1.52691558555981	0.39536716438480635
1.52691558555981	0.39536716438480635
1.52691558555981	0.39536716438480635
1.5129467049240046	0.3900732300912143
1.5129467049240046	0.3900732300912143
1.5129467049240046	0.3900732300912143
1.5129467049240046	0.3900732300912143
1.51672713669141	0.3858300613945615
1.51672713669141	0.3858300613945615
1.4883294163507346	0.39129346552804734
1.4883294163507346	0.39129346552804734
1.4883294163507346	0.39129346552804734
1.4883294163507346	0.39129346552804734
1.4883294163507346	0.39129346552804734
1.4883294163507346	0.39129346552804734
1.4883294163507346	0.39129346552804734
1.4883294163507346	0.39129346552804734
1.4947306848202266	0.399594211751383
1.4947306848202266	0.399594211751383
1.4856618876270415	0.3960371229088615
1.4856618876270415	0.3960371229088615
1.4856618876270415	0.3960371229088615
1.493674929552821	0.3909062024974226
1.4962538937259882	0.38830018308261577
1.4962538937259882	0.38830018308261577
1.4962538937259882	0.38830018308261577
1.505582297246245	0.3922710818707085
1.5013551960104727	0.4034283322031556
1.5013551960104727	0.4034283322031556
1.5013551960104727	0.4034283322031556
1.5013551960104727	0.4034283322031556
1.5013551960104727	0.4034283322031556
1.5013551960104727	0.4034283322031556
1.5013551960104727	0.4034283322031556
1.5013551960104727	0.4034283322031556
1.5013551960104727	0.4034283322031556
1.5013551960104727	0.4034283322031556
1.5013551960104727	0.4034283322031556
1.5033985600780206	0.40485528729351866
1.5088514448774017	0.4019078889075688
1.5088514448774017	0.4019078889075688
1.5088514448774017	0.4019078889075688
1.5088514448774017	0.4019078889075688
1.5062485685672495	0.38969485521597524
1.5062485685672495	0.38969485521597524
1.5181019617301106	0.39159930451212355
1.5181019617301106	0.39159930451212355
1.5162975392376523	0.393546748429679
1.5162975392376523	0.393546748429679
1.5162975392376523	0.393546748429679
1.5162975392376523	0.393546748429679
1.5162975392376523	0.393546748429679
1.5162975392376523	0.393546748429679
1.4978818914346463	0.39508429619123303
1.4978818914346463	0.39508429619123303
1.4978818914346463	0.39508429619123303
1.4978818914346463	0.39508429619123303
1.4978818914346463	0.39508429619123303
1.4978818914346463	0.39508429619123303
1.4978818914346463	0.39508429619123303
1.4978818914346463	0.39508429619123303
1.4978818914346463	0.39508429619123303
1.4978818914346463	0.39508429619123303
1.5216397050179797	0.38718404859479255
1.5216397050179797	0.38718404859479255
1.5216397050179797	0.38718404859479255
1.5021833357560204	0.40187706581564653
1.4926673484412256	0.39512890991878746
1.4926673484412256	0.39512890991878746
1.4926673484412256	0.39512890991878746
1.4926673484412256	0.39512890991878746
1.4926673484412256	0.39512890991878746
1.4926673484412256	0.39512890991878746
1.4926673484412256	0.39512890991878746
1.5099735673365415	0.39039829632680934
1.5099735673365415	0.39039829632680934
1.5099735673365415	0.39039829632680934
1.5099735673365415	0.39039829632680934
1.5099735673365415	0.39039829632680934
1.521781548815198	0.3956512960179555
1.521781548815198	0.3956512960179555
1.521781548815198	0.3956512960179555
1.500575053298868	0.3992892046143136
1.500575053298868	0.3992892046143136
1.4934448147996493	0.3946376033959851
1.4858296457096056	0.39728266896264847
1.4858296457096056	0.39728266896264847
1.5207600244128292	0.39721028412068443
1.5207600244128292	0.39721028412068443
1.5207600244128292	0.39721028412068443
1.5207600244128292	0.39721028412068443
1.5207600244128292	0.39721028412068443
1.5207600244128292	0.39721028412068443
1.5207600244128292	0.39721028412068443
1.5207600244128292	0.39721028412068443
1.5207600244128292	0.39721028412068443
1.5207600244128292	0.39721028412068443
1.5207600244128292	0.39721028412068443
1.5207600244128292	0.39721028412068443
1.5207600244128292	0.39721028412068443
1.5207600244128292	0.39721028412068443
1.5207600244128292	0.39721028412068443
1.5207600244128292	0.39721028412068443
1.5207600244128292	0.39721028412068443
1.5388543026524013	0.3939121408730751
1.5388543026524013	0.3939121408730751
1.5388543026524013	0.3939121408730751
1.5020216305355518	0.39658867296800115
1.5020216305355518	0.39658867296800115
1.5020216305355518	0.39658867296800115
1.5020216305355518	0.39658867296800115
1.5045331882174802	0.4023034087800363
1.5045331882174802	0.4023034087800363
1.5045331882174802	0.4023034087800363
1.5116380999964165	0.3900476606693437
1.5116380999964165	0.3900476606693437
1.5116380999964165	0.3900476606693437
1.5116380999964165	0.3900476606693437
1.5116380999964165	0.3900476606693437
1.5116380999964165	0.3900476606693437
1.4897611803611739	0.39828970253254464
1.4897611803611739	0.39828970253254464
1.4897611803611739	0.39828970253254464
1.4897611803611739	0.39828970253254464
1.502950275738731	0.3989286752605859
1.502950275738731	0.3989286752605859
1.502950275738731	0.3989286752605859
1.502950275738731	0.3989286752605859
1.502950275738731	0.3989286752605859
1.502950275738731	0.3989286752605859
1.502950275738731	0.3989286752605859
1.502950275738731	0.3989286752605859
1.502950275738731	0.3989286752605859
1.502950275738731	0.3989286752605859
1.502950275738731	0.3989286752605859
1.502950275738731	0.3989286752605859
1.502950275738731	0.3989286752605859
1.502950275738731	0.3989286752605859
1.502950275738731	0.3989286752605859
1.502950275738731	0.3989286752605859
1.5166124847424118	0.39715998488363263
1.5166124847424118	0.39715998488363263
1.5166124847424118	0.39715998488363263
1.5166124847424118	0.39715998488363263
1.5166124847424118	0.39715998488363263
1.5126925904755852	0.3973720074412259
1.5126925904755852	0.3973720074412259
1.5126925904755852	0.3973720074412259
1.5126925904755852	0.3973720074412259
1.5183592168785522	0.40549349341971985
1.5183592168785522	0.40549349341971985
1.5328076260327779	0.39960461061750857
1.5035564753362571	0.4018130728453643
1.5035564753362571	0.4018130728453643
1.5035564753362571	0.4018130728453643
1.5035564753362571	0.4018130728453643
1.5035564753362571	0.4018130728453643
1.5065820438440183	0.3946611591444728
1.502137051408233	0.39638440847889583
1.502137051408233	0.39638440847889583
1.502137051408233	0.39638440847889583
1.502137051408233	0.39638440847889583
1.502137051408233	0.39638440847889583
1.502137051408233	0.39638440847889583
1.502137051408233	0.39638440847889583
1.521254744388828	0.40073348480665427
1.521254744388828	0.40073348480665427
1.521254744388828	0.40073348480665427
1.521254744388828	0.40073348480665427
1.521254744388828	0.40073348480665427
1.521254744388828	0.40073348480665427
1.521254744388828	0.40073348480665427
1.521254744388828	0.40073348480665427
1.521254744388828	0.40073348480665427
1.5240874029488936	0.3917569132849483
1.5240874029488936	0.3917569132849483
1.5119640132559926	0.39647846248019
1.5119640132559926	0.39647846248019
1.5119640132559926	0.39647846248019
1.5119640132559926	0.39647846248019
1.5119640132559926	0.39647846248019
1.4972372311421156	0.3975085671295658
1.4972372311421156	0.3975085671295658
1.4972372311421156	0.3975085671295658
1.4972372311421156	0.3975085671295658
1.4972372311421156	0.3975085671295658
1.4972372311421156	0.3975085671295658
1.4972372311421156	0.3975085671295658
1.4972372311421156	0.3975085671295658
1.4972372311421156	0.3975085671295658
1.4972372311421156	0.3975085671295658
1.4972372311421156	0.3975085671295658
1.4972372311421156	0.3975085671295658
1.4972372311421156	0.3975085671295658
1.4917515966616053	0.3969844487199064
1.4917515966616053	0.3969844487199064
1.4917515966616053	0.3969844487199064
1.4917515966616053	0.3969844487199064
1.4917515966616053	0.3969844487199064
1.4917515966616053	0.3969844487199064
1.4917515966616053	0.3969844487199064
1.4917515966616053	0.3969844487199064
1.4917515966616053	0.3969844487199064
1.4917515966616053	0.3969844487199064
1.5034403213831626	0.4044617717826808
1.5034403213831626	0.4044617717826808
1.5202359493090734	0.40594250876262705
1.5202359493090734	0.40594250876262705
1.5316693279861644	0.4022913418507497
1.4904639190174966	0.39379602502880656
1.4904639190174966	0.39379602502880656
1.4904639190174966	0.39379602502880656
1.4904639190174966	0.39379602502880656
1.5024845346868352	0.4028553857428681
1.5024845346868352	0.4028553857428681
1.5024845346868352	0.4028553857428681
1.5001556199310482	0.39383518235958326
1.5212552567941724	0.39141280441668264
1.5212552567941724	0.39141280441668264
1.5212552567941724	0.39141280441668264
1.5212552567941724	0.39141280441668264
1.5212552567941724	0.39141280441668264
1.5212552567941724	0.39141280441668264
1.5212552567941724	0.39141280441668264
1.5212552567941724	0.39141280441668264
1.5212552567941724	0.39141280441668264
1.5212552567941724	0.39141280441668264
1.5212552567941724	0.39141280441668264
1.513209385645812	0.39666906969073434
1.513209385645812	0.39666906969073434
1.513209385645812	0.39666906969073434
1.513209385645812	0.39666906969073434
1.513209385645812	0.39666906969073434
1.513209385645812	0.39666906969073434
1.5124798422926733	0.384248942675633
1.5124798422926733	0.384248942675633
1.5032355701542988	0.38397181932912205
1.5032355701542988	0.38397181932912205
1.5032355701542988	0.38397181932912205
1.4998874769465709	0.4011482311274017
1.5089679651282264	0.3965138036224242
1.5089679651282264	0.3965138036224242
1.4679177842677789	0.3978615486069169
1.4679177842677789	0.3978615486069169
1.4679177842677789	0.3978615486069169
1.4679177842677789	0.3978615486069169
1.4679177842677789	0.3978615486069169
1.4679177842677789	0.3978615486069169
1.4679177842677789	0.3978615486069169
1.4679177842677789	0.3978615486069169
1.4679177842677789	0.3978615486069169
1.4679177842677789	0.3978615486069169
1.4679177842677789	0.3978615486069169
1.4679177842677789	0.3978615486069169
1.4679177842677789	0.3978615486069169
1.4520972325733934	0.4045688786723085
1.481102647561448	0.4081060260944734
1.4756199053101222	0.40454638419028266
1.4756199053101222	0.40454638419028266
1.4756199053101222	0.40454638419028266
1.4756199053101222	0.40454638419028266
1.4857537684120166	0.400401138925695
1.4857537684120166	0.400401138925695
1.5238640298332977	0.39522534545529836
1.5238640298332977	0.39522534545529836
1.5245101557084633	0.3936834128238674
1.5245101557084633	0.3936834128238674
1.5245101557084633	0.3936834128238674
1.5245101557084633	0.3936834128238674
1.5245101557084633	0.3936834128238674
1.5036586540923076	0.39774144996827543
1.5036586540923076	0.39774144996827543
1.5036586540923076	0.39774144996827543
1.5036586540923076	0.39774144996827543
1.4927776670120625	0.3915149054416893
1.4927776670120625	0.3915149054416893
1.4927776670120625	0.3915149054416893
1.4927776670120625	0.3915149054416893
1.4927776670120625	0.3915149054416893
1.4927776670120625	0.3915149054416893
1.4927776670120625	0.3915149054416893
1.4927776670120625	0.3915149054416893
1.4927776670120625	0.3915149054416893
1.4927776670120625	0.3915149054416893
1.4927776670120625	0.3915149054416893
1.4927776670120625	0.3915149054416893
1.4927776670120625	0.3915149054416893
1.4927776670120625	0.3915149054416893
1.4927776670120625	0.3915149054416893
1.4927776670120625	0.3915149054416893
1.4976569106486473	0.38643110406957265
1.4976569106486473	0.38643110406957265
1.4976569106486473	0.38643110406957265
1.4976569106486473	0.38643110406957265
1.4976569106486473	0.38643110406957265
1.4976569106486473	0.38643110406957265
1.5308159482155586	0.39229155625292894
1.5124560300071523	0.4020102313488859
1.5124560300071523	0.4020102313488859
1.5124560300071523	0.4020102313488859
1.5124560300071523	0.4020102313488859
1.5072605204157832	0.39747622296631757
1.5072605204157832	0.39747622296631757
1.5072605204157832	0.39747622296631757
1.5083651274883296	0.39500046596757266
1.5083651274883296	0.39500046596757266
1.494117142379325	0.40347296666480875
1.5071877012079038	0.40546742924343276
1.5071877012079038	0.40546742924343276
1.5071877012079038	0.40546742924343276
1.5071877012079038	0.40546742924343276
1.5071877012079038	0.40546742924343276
1.4932137411842283	0.4026420326624932
1.4932137411842283	0.4026420326624932
1.5040897993569506	0.4052986240873779
1.5040897993569506	0.4052986240873779
1.5040897993569506	0.4052986240873779
1.5040897993569506	0.4052986240873779
1.5040897993569506	0.4052986240873779
1.5169268943780776	0.39335882134076056
1.5169268943780776	0.39335882134076056
1.5169268943780776	0.39335882134076056
1.5169268943780776	0.39335882134076056
1.5169268943780776	0.39335882134076056
1.5169268943780776	0.39335882134076056
1.5169268943780776	0.39335882134076056
1.5169268943780776	0.39335882134076056
1.5169268943780776	0.39335882134076056
1.5169268943780776	0.39335882134076056
1.5169268943780776	0.39335882134076056
1.5169268943780776	0.39335882134076056
1.5169268943780776	0.39335882134076056
1.5169268943780776	0.39335882134076056
1.5169268943780776	0.39335882134076056
1.5169268943780776	0.39335882134076056
1.5169268943780776	0.39335882134076056
1.5150285796233702	0.39205128014556234
1.5209553865648675	0.3916205595818344
1.5209553865648675	0.3916205595818344
1.5209553865648675	0.3916205595818344
1.5107576404808578	0.3965178054012219
1.5107576404808578	0.3965178054012219
1.5107576404808578	0.3965178054012219
1.5054124936307174	0.3914402682688631
1.5058307679885181	0.39634129938958745
1.5058307679885181	0.39634129938958745
1.5092181025171232	0.39202402697989874
1.5092181025171232	0.39202402697989874
1.519043465805274	0.3935938532786653
1.519043465805274	0.3935938532786653
1.519043465805274	0.3935938532786653
1.519043465805274	0.3935938532786653
1.519043465805274	0.3935938532786653
1.519043465805274	0.3935938532786653
1.519043465805274	0.3935938532786653
1.519043465805274	0.3935938532786653
1.519043465805274	0.3935938532786653
1.5264210107890779	0.39219758516455383
1.5264210107890779	0.39219758516455383
1.5115534968845812	0.3903811295398925
1.506261100013781	0.3962622389063259
1.506261100013781	0.3962622389063259
1.5139378936542691	0.3876538106742356
1.5139378936542691	0.3876538106742356
1.4967126524438705	0.4004170638269031
1.507970894103823	0.3877767652926991
1.523504688643592	0.3951956562244347
1.523504688643592	0.3951956562244347
1.523504688643592	0.3951956562244347
1.510937948447221	0.39249479372785456
1.510937948447221	0.39249479372785456
1.510937948447221	0.39249479372785456
1.5195083626414108	0.39114025950172276
1.5195083626414108	0.39114025950172276
1.524786848179003	0.40025881404155567
1.524786848179003	0.40025881404155567
1.513217996578534	0.3974807111458715
1.513217996578534	0.3974807111458715
1.513217996578534	0.3974807111458715
1.513217996578534	0.3974807111458715
1.513217996578534	0.3974807111458715
1.513217996578534	0.3974807111458715
1.513217996578534	0.3974807111458715
1.513217996578534	0.3974807111458715
1.513217996578534	0.3974807111458715
1.5085147037394744	0.39334870948732736
1.5085147037394744	0.39334870948732736
1.5085147037394744	0.39334870948732736
1.5085147037394744	0.39334870948732736
1.5085147037394744	0.39334870948732736
1.5085147037394744	0.39334870948732736
1.5085147037394744	0.39334870948732736
1.5085147037394744	0.39334870948732736
1.5085147037394744	0.39334870948732736
1.5085147037394744	0.39334870948732736
1.5085147037394744	0.39334870948732736
1.5085147037394744	0.39334870948732736
1.5085147037394744	0.39334870948732736
1.5085147037394744	0.39334870948732736
1.5085147037394744	0.39334870948732736
1.5171727683637635	0.3943247584247313
1.5171727683637635	0.3943247584247313
1.5171727683637635	0.3943247584247313
1.5171727683637635	0.3943247584247313
1.5250387486501795	0.3914785652350885
1.5250387486501795	0.3914785652350885
1.505672249829667	0.4092443898012574
1.505672249829667	0.4092443898012574
1.505672249829667	0.4092443898012574
1.512609999651536	0.4071544883397217
1.512609999651536	0.4071544883397217
1.512609999651536	0.4071544883397217
1.512609999651536	0.4071544883397217
1.512609999651536	0.4071544883397217
1.512609999651536	0.4071544883397217
1.5079712426134866	0.40320746147257164
1.4986948055708322	0.3974074635490414
1.4986948055708322	0.3974074635490414
1.4986948055708322	0.3974074635490414
1.4986948055708322	0.3974074635490414
1.4971635037318565	0.3944440137475852
1.4971635037318565	0.3944440137475852
1.4971635037318565	0.3944440137475852
1.4971635037318565	0.3944440137475852
1.4971635037318565	0.3944440137475852
1.4971635037318565	0.3944440137475852
1.4971635037318565	0.3944440137475852
1.4971635037318565	0.3944440137475852
1.4971635037318565	0.3944440137475852
1.4971635037318565	0.3944440137475852
1.4918497035707796	0.39574507655936475
1.4918497035707796	0.39574507655936475
1.4918497035707796	0.39574507655936475
1.4918497035707796	0.39574507655936475
1.4918497035707796	0.39574507655936475
1.4918497035707796	0.39574507655936475
1.4918497035707796	0.39574507655936475
1.4918497035707796	0.39574507655936475
1.4918497035707796	0.39574507655936475
1.4918497035707796	0.39574507655936475
1.4918497035707796	0.39574507655936475
1.4958068438140204	0.38838926109203514
1.4958068438140204	0.38838926109203514
1.4958068438140204	0.38838926109203514
1.493985409414942	0.38992530941546255
1.5072814688540948	0.38972832943291646
1.5072814688540948	0.38972832943291646
1.5072814688540948	0.38972832943291646
1.5072814688540948	0.38972832943291646
1.5072814688540948	0.38972832943291646
1.5020008191374388	0.39039739819758024
1.5258284118057717	0.3910467577638355
1.5019982209093592	0.3805308161228119
1.5019982209093592	0.3805308161228119
1.51222399685222	0.3798041072602049
1.51222399685222	0.3798041072602049
1.5209929647259517	0.3865759134531055
1.5209929647259517	0.3865759134531055
1.5209929647259517	0.3865759134531055
1.5209929647259517	0.3865759134531055
1.5255526574728755	0.39171904757214904
1.5255526574728755	0.39171904757214904
1.5212562523233881	0.39171758678206753
1.5212562523233881	0.39171758678206753
1.5212562523233881	0.39171758678206753
1.5269123618841154	0.4025119549899588
1.5269123618841154	0.4025119549899588
1.5269123618841154	0.4025119549899588
1.5269123618841154	0.4025119549899588
1.5269123618841154	0.4025119549899588
1.5269123618841154	0.4025119549899588
1.5269123618841154	0.4025119549899588
1.4842513831885686	0.3885122371638677
1.4842513831885686	0.3885122371638677
1.4842513831885686	0.3885122371638677
1.4842513831885686	0.3885122371638677
1.4903912649386677	0.3937046916188875
1.4903912649386677	0.3937046916188875
1.5141268383529674	0.38351973218060165
1.507894966301188	0.38880271570729225
1.507894966301188	0.38880271570729225
1.507894966301188	0.38880271570729225
1.507894966301188	0.38880271570729225
1.5098759548947032	0.3919427162752726
1.5098759548947032	0.3919427162752726
1.5098759548947032	0.3919427162752726
1.5115747570944176	0.4012669809347546
1.5115747570944176	0.4012669809347546
1.5115747570944176	0.4012669809347546
1.5115747570944176	0.4012669809347546
1.5115747570944176	0.4012669809347546
1.4918995413694314	0.39876269065982145
1.4918995413694314	0.39876269065982145
1.4918995413694314	0.39876269065982145
1.5112057382214883	0.39084833714301137
1.5112057382214883	0.39084833714301137
1.5112057382214883	0.39084833714301137
1.5112057382214883	0.39084833714301137
1.5112057382214883	0.39084833714301137
1.5112057382214883	0.39084833714301137
1.5112057382214883	0.39084833714301137
1.5112057382214883	0.39084833714301137
1.5112057382214883	0.39084833714301137
1.5112057382214883	0.39084833714301137
1.5112057382214883	0.39084833714301137
1.5112057382214883	0.39084833714301137
1.5112057382214883	0.39084833714301137
1.5112057382214883	0.39084833714301137
1.5112057382214883	0.39084833714301137
1.5112057382214883	0.39084833714301137
1.5036101400897781	0.3963879875181095
1.5036101400897781	0.3963879875181095
1.5036101400897781	0.3963879875181095
1.5036101400897781	0.3963879875181095
1.5036101400897781	0.3963879875181095
1.5036101400897781	0.3963879875181095
1.5036101400897781	0.3963879875181095
1.5036101400897781	0.3963879875181095
1.5036101400897781	0.3963879875181095
1.5036101400897781	0.3963879875181095
1.5036101400897781	0.3963879875181095
1.5036101400897781	0.3963879875181095
1.5107277699729995	0.38888804176056796
1.5107277699729995	0.38888804176056796
1.5107277699729995	0.38888804176056796
1.5107277699729995	0.38888804176056796
1.5107277699729995	0.38888804176056796
1.5107277699729995	0.38888804176056796
1.5107277699729995	0.38888804176056796
1.5003275910278513	0.4005728592244798
1.5003275910278513	0.4005728592244798
1.5003275910278513	0.4005728592244798
1.5003275910278513	0.4005728592244798
1.5003275910278513	0.4005728592244798
1.5003275910278513	0.4005728592244798
1.5003275910278513	0.4005728592244798
1.5085052799209135	0.39814032973615404
1.5085052799209135	0.39814032973615404
1.5085052799209135	0.39814032973615404
1.5085052799209135	0.39814032973615404
1.5085052799209135	0.39814032973615404
1.5085052799209135	0.39814032973615404
1.5085052799209135	0.39814032973615404
1.505238738995924	0.39047842849486186
1.505238738995924	0.39047842849486186
1.505238738995924	0.39047842849486186
1.505238738995924	0.39047842849486186
1.505238738995924	0.39047842849486186
1.5110571376430266	0.3989422195528648
1.5110571376430266	0.3989422195528648
1.5110571376430266	0.3989422195528648
1.5110571376430266	0.3989422195528648
1.5110571376430266	0.3989422195528648
1.5110571376430266	0.3989422195528648
1.5110571376430266	0.3989422195528648
1.5359955485247336	0.40059419534843543
1.5359955485247336	0.40059419534843543
1.5359955485247336	0.40059419534843543
1.5359955485247336	0.40059419534843543
1.5359955485247336	0.40059419534843543
1.5359955485247336	0.40059419534843543
1.5359955485247336	0.40059419534843543
1.5359955485247336	0.40059419534843543
1.5359955485247336	0.40059419534843543
1.5359955485247336	0.40059419534843543
1.5359955485247336	0.40059419534843543
1.5359955485247336	0.40059419534843543
1.5117331840427901	0.3878801905083686
1.5117331840427901	0.3878801905083686
1.5117331840427901	0.3878801905083686
1.5117331840427901	0.3878801905083686
1.5117331840427901	0.3878801905083686
1.5117331840427901	0.3878801905083686
1.510262808061256	0.3900612011637833
1.510262808061256	0.3900612011637833
1.510262808061256	0.3900612011637833
1.5043073112779266	0.39353813250936204
1.5403604773528758	0.3880036518656999
1.5371020898054983	0.3930068680844685
1.5257790093744399	0.3984988495969402
1.5257790093744399	0.3984988495969402
1.5257790093744399	0.3984988495969402
1.5257790093744399	0.3984988495969402
1.4948986094595476	0.38935398166878266
1.4948986094595476	0.38935398166878266
1.4948986094595476	0.38935398166878266
1.5302721193996662	0.39627955541071375
1.5014010775749937	0.4042643879823291
1.5014010775749937	0.4042643879823291
1.5014010775749937	0.4042643879823291
1.5014010775749937	0.4042643879823291
1.5014010775749937	0.4042643879823291
1.5014010775749937	0.4042643879823291
1.5109349800640697	0.4009275572128624
1.5132598544071274	0.3991388601759732
1.5029101100747126	0.4011035768721253
1.4946789675471663	0.39828234853719635
1.4946789675471663	0.39828234853719635
1.4946789675471663	0.39828234853719635
1.4946789675471663	0.39828234853719635
1.4946789675471663	0.39828234853719635
1.498012323404597	0.38933502810710313
1.498012323404597	0.38933502810710313
1.498012323404597	0.38933502810710313
1.4997970675263257	0.3979809192544612
1.4893156585474119	0.39737803906962843
1.4893156585474119	0.39737803906962843
1.4893156585474119	0.39737803906962843
1.4893156585474119	0.39737803906962843
1.5017661663349504	0.4005613629352438
1.5017661663349504	0.4005613629352438
1.4884921022219832	0.3937365029731913
1.5258894637312033	0.40255641365209976
1.5258894637312033	0.40255641365209976
1.5258894637312033	0.40255641365209976
1.5258894637312033	0.40255641365209976
1.5258894637312033	0.40255641365209976
1.5258894637312033	0.40255641365209976
1.5258894637312033	0.40255641365209976
1.5258894637312033	0.40255641365209976
1.5384952370859344	0.39131195081170317
1.5384952370859344	0.39131195081170317
1.5384952370859344	0.39131195081170317
1.5384952370859344	0.39131195081170317
1.5384952370859344	0.39131195081170317
1.5039140943507356	0.4064948474454357
1.5039140943507356	0.4064948474454357
1.520038726540858	0.40513597457869543
1.520038726540858	0.40513597457869543
1.520038726540858	0.40513597457869543
1.520038726540858	0.40513597457869543
1.520038726540858	0.40513597457869543
1.520038726540858	0.40513597457869543
1.4948683476046054	0.4004038069847779
1.4948683476046054	0.4004038069847779
1.4948683476046054	0.4004038069847779
1.4983678554910005	0.393558585302623
1.512681026837655	0.3983720789842258
1.5144334073194465	0.40350327514794976
1.4907801132850194	0.39032394374040125
1.4907801132850194	0.39032394374040125
1.4907801132850194	0.39032394374040125
1.4907801132850194	0.39032394374040125
1.4907801132850194	0.39032394374040125
1.4907801132850194	0.39032394374040125
1.4907801132850194	0.39032394374040125
1.5222437165303118	0.3970132911916817
1.5222437165303118	0.3970132911916817
1.5222437165303118	0.3970132911916817
1.5222437165303118	0.3970132911916817
1.5222437165303118	0.3970132911916817
1.4927519695836275	0.3855919936700838
1.4927519695836275	0.3855919936700838
1.4927519695836275	0.3855919936700838
1.4927519695836275	0.3855919936700838
1.5236901943254177	0.3826046726345229
1.5128319387558895	0.3984115300563394
1.5128319387558895	0.3984115300563394
1.5128319387558895	0.3984115300563394
1.5128319387558895	0.3984115300563394
1.5128319387558895	0.3984115300563394
1.5272666415076137	0.4013680716559458
1.5272666415076137	0.4013680716559458
1.5159924979522537	0.4006895534521577
1.5159924979522537	0.4006895534521577
1.5159924979522537	0.4006895534521577
1.5159924979522537	0.4006895534521577
1.498881226714511	0.38535318908495064
1.498881226714511	0.38535318908495064
1.498881226714511	0.38535318908495064
1.498881226714511	0.38535318908495064
1.498881226714511	0.38535318908495064
1.498881226714511	0.38535318908495064
1.498881226714511	0.38535318908495064
1.498881226714511	0.38535318908495064
1.5300018447566954	0.3993804237654901
1.5300018447566954	0.3993804237654901
1.5300018447566954	0.3993804237654901
1.5300018447566954	0.3993804237654901
1.5300018447566954	0.3993804237654901
1.5137282672245604	0.3870069840161403
1.5102182835145077	0.3951123293404691
1.5102182835145077	0.3951123293404691
1.4983472565053961	0.3957406652003922
1.4983472565053961	0.3957406652003922
1.4983472565053961	0.3957406652003922
1.4983472565053961	0.3957406652003922
1.4983472565053961	0.3957406652003922
1.4983472565053961	0.3957406652003922
1.4983472565053961	0.3957406652003922
1.4983472565053961	0.3957406652003922
1.4983472565053961	0.3957406652003922
1.4983472565053961	0.3957406652003922
1.4983472565053961	0.3957406652003922
1.4983472565053961	0.3957406652003922
1.4983472565053961	0.3957406652003922
1.4983472565053961	0.3957406652003922
1.500671025862432	0.39767109548451
1.500671025862432	0.39767109548451
1.500671025862432	0.39767109548451
1.500671025862432	0.39767109548451
1.500671025862432	0.39767109548451
1.500671025862432	0.39767109548451
1.500671025862432	0.39767109548451
1.4929547588750915	0.39800244251325834
1.4929547588750915	0.39800244251325834
1.4929547588750915	0.39800244251325834
1.4929547588750915	0.39800244251325834
1.4929547588750915	0.39800244251325834
1.4929547588750915	0.39800244251325834
1.4929547588750915	0.39800244251325834
1.5269477396673188	0.3887173936347209
1.5269477396673188	0.3887173936347209
1.5193393644164264	0.3823700679967829
1.5193393644164264	0.3823700679967829
1.5193393644164264	0.3823700679967829
1.4950780516627495	0.38576282656154703
1.4950780516627495	0.38576282656154703
1.5091629306487977	0.3927450143347413
1.5091629306487977	0.3927450143347413
1.5091629306487977	0.3927450143347413
1.5091629306487977	0.3927450143347413
1.5091629306487977	0.3927450143347413
1.5091629306487977	0.3927450143347413
1.5091629306487977	0.3927450143347413
1.5091629306487977	0.3927450143347413
1.5091629306487977	0.3927450143347413
1.5091629306487977	0.3927450143347413
1.5030978904586796	0.3924668159061749
1.5030978904586796	0.3924668159061749
1.5030978904586796	0.3924668159061749
1.5030978904586796	0.3924668159061749
1.5030978904586796	0.3924668159061749
1.5030978904586796	0.3924668159061749
1.4963657727993676	0.38443233496949447
1.4963657727993676	0.38443233496949447
1.4963657727993676	0.38443233496949447
1.4963657727993676	0.38443233496949447
1.4963657727993676	0.38443233496949447
1.4963657727993676	0.38443233496949447
1.4963657727993676	0.38443233496949447
1.4963657727993676	0.38443233496949447
1.4963657727993676	0.38443233496949447
1.4864358083149363	0.40142083117822985
1.4864358083149363	0.40142083117822985
1.5021359350921573	0.40406716724777914
1.5021359350921573	0.40406716724777914
1.4956053428339044	0.38670188902832947
1.525441055432215	0.38825847484679105
1.525441055432215	0.38825847484679105
1.525441055432215	0.38825847484679105
1.525441055432215	0.38825847484679105
1.525441055432215	0.38825847484679105
1.525441055432215	0.38825847484679105
1.525441055432215	0.38825847484679105
1.5083979987048266	0.3865552642208981
1.5083979987048266	0.3865552642208981
1.5083979987048266	0.3865552642208981
1.4956504689869912	0.3898790887168255
1.4956504689869912	0.3898790887168255
1.5020214240112362	0.4021700186100884
1.5020214240112362	0.4021700186100884
1.5020214240112362	0.4021700186100884
1.4925742550808103	0.40028255055731055
1.5079521939669753	0.38761418195280045
1.5079521939669753	0.38761418195280045
1.5221244636498175	0.396763905434839
1.4755290711485642	0.4086621494107023
1.5206785879380809	0.40623958056614756
1.5206785879380809	0.40623958056614756
1.5206785879380809	0.40623958056614756
1.5206785879380809	0.40623958056614756
1.4944414853992958	0.4019679152315231
1.4944414853992958	0.4019679152315231
1.4944414853992958	0.4019679152315231
1.5135664675396754	0.39742707874355965
1.5135664675396754	0.39742707874355965
1.5135664675396754	0.39742707874355965
1.5135664675396754	0.39742707874355965
1.5135664675396754	0.39742707874355965
1.5135664675396754	0.39742707874355965
1.5135664675396754	0.39742707874355965
1.5135664675396754	0.39742707874355965
1.5135664675396754	0.39742707874355965
1.5135664675396754	0.39742707874355965
1.5135664675396754	0.39742707874355965
1.5242948751591612	0.39002695916813374
1.5242948751591612	0.39002695916813374
1.5167914284233301	0.38738447343715104
1.5167914284233301	0.38738447343715104
1.5167914284233301	0.38738447343715104
1.5213878212215688	0.39909338162933977
1.5213878212215688	0.39909338162933977
1.5213878212215688	0.39909338162933977
1.5414654858465764	0.39542778281771246
1.5414654858465764	0.39542778281771246
1.5414654858465764	0.39542778281771246
1.5414654858465764	0.39542778281771246
1.548557961495587	0.3916028111022429
1.5408301516266614	0.4059906839109268
1.5408301516266614	0.4059906839109268
1.5292344593292233	0.3791590543631339
1.5292344593292233	0.3791590543631339
1.5292344593292233	0.3791590543631339
1.5292344593292233	0.3791590543631339
1.5292344593292233	0.3791590543631339
1.5159869791375395	0.3877633146841529
1.5034254363924713	0.396176666662676
1.5141295101130214	0.3995951118942913
1.5141295101130214	0.3995951118942913
1.5141295101130214	0.3995951118942913
1.5141295101130214	0.3995951118942913
1.5141295101130214	0.3995951118942913
1.5141295101130214	0.3995951118942913
1.5141295101130214	0.3995951118942913
1.5141295101130214	0.3995951118942913
1.5141295101130214	0.3995951118942913
1.4964421716112946	0.3892451360300898
1.4964421716112946	0.3892451360300898
1.5328071115188642	0.40542252740129
1.5169661049198648	0.40171470414360305
1.5169661049198648	0.40171470414360305
1.5169661049198648	0.40171470414360305
1.5169661049198648	0.40171470414360305
1.5169661049198648	0.40171470414360305
1.5169661049198648	0.40171470414360305
1.5169661049198648	0.40171470414360305
1.5169661049198648	0.40171470414360305
1.4822477095785993	0.39227800472794533
1.5182054032585741	0.39960845524475885
1.5141616460836413	0.39785028501877423
1.5141616460836413	0.39785028501877423
1.5141616460836413	0.39785028501877423
1.5141616460836413	0.39785028501877423
1.5009032271341431	0.3888568035908917
1.5009032271341431	0.3888568035908917
1.5009032271341431	0.3888568035908917
1.5009032271341431	0.3888568035908917
1.5137052688292942	0.3948991269749069
1.5137052688292942	0.3948991269749069
1.5137052688292942	0.3948991269749069
1.5137052688292942	0.3948991269749069
1.5257806849762348	0.39669155270790796
1.5076722614764304	0.40835164969390836
1.5076722614764304	0.40835164969390836
1.5076722614764304	0.40835164969390836
1.5208896151172104	0.3993143359024903
1.5208896151172104	0.3993143359024903
1.5362448719707853	0.39245665554893844
1.5362448719707853	0.39245665554893844
1.5362448719707853	0.39245665554893844
1.5362448719707853	0.39245665554893844
1.5362448719707853	0.39245665554893844
1.5040703935982553	0.38733955541375126
1.5040703935982553	0.38733955541375126
1.5040703935982553	0.38733955541375126
1.5040703935982553	0.38733955541375126
1.5040703935982553	0.38733955541375126
1.5040703935982553	0.38733955541375126
1.5040703935982553	0.38733955541375126
1.5040703935982553	0.38733955541375126
1.5040703935982553	0.38733955541375126
1.5040703935982553	0.38733955541375126
1.5108430463112588	0.3839327558081089
1.5108430463112588	0.3839327558081089
1.5108430463112588	0.3839327558081089
1.5170656555844317	0.3934502802761338
1.5003841464947907	0.3957258290207726
1.5003841464947907	0.3957258290207726
1.5003841464947907	0.3957258290207726
1.5258273765285897	0.3966207467547699
1.499945779984179	0.398714076612779
1.5187440397575684	0.3939403491715032
1.5187440397575684	0.3939403491715032
1.5187440397575684	0.3939403491715032
1.4975566442187849	0.4087582545717742
1.4988277830275252	0.3994617876277605
1.5196367866184781	0.3979833068248769
1.5196367866184781	0.3979833068248769
1.5196367866184781	0.3979833068248769
1.5196367866184781	0.3979833068248769
1.5196367866184781	0.3979833068248769
1.5196367866184781	0.3979833068248769
1.5196367866184781	0.3979833068248769
1.4986089260750162	0.3991672988628314
1.4986089260750162	0.3991672988628314
1.5170876211416837	0.3967279274655883
1.4887985253358678	0.40046230111281483
1.4887985253358678	0.40046230111281483
1.4887985253358678	0.40046230111281483
1.4887985253358678	0.40046230111281483
1.4887985253358678	0.40046230111281483
1.4887985253358678	0.40046230111281483
1.4887985253358678	0.40046230111281483
1.5076790235628466	0.39437628683882736
1.5076790235628466	0.39437628683882736
1.5076790235628466	0.39437628683882736
1.5076790235628466	0.39437628683882736
1.5076790235628466	0.39437628683882736
1.5076790235628466	0.39437628683882736
1.5076790235628466	0.39437628683882736
1.5076790235628466	0.39437628683882736
1.5076790235628466	0.39437628683882736
1.5076790235628466	0.39437628683882736
1.5076790235628466	0.39437628683882736
1.5076790235628466	0.39437628683882736
1.5076790235628466	0.39437628683882736
1.5076790235628466	0.39437628683882736
1.5076790235628466	0.39437628683882736
1.5076790235628466	0.39437628683882736
1.5076790235628466	0.39437628683882736
1.5076790235628466	0.39437628683882736
1.5076790235628466	0.39437628683882736
1.5076790235628466	0.39437628683882736
1.5076790235628466	0.39437628683882736
1.51543825157269	0.40355313135174553
1.51543825157269	0.40355313135174553
1.51543825157269	0.40355313135174553
1.51543825157269	0.40355313135174553
1.51543825157269	0.40355313135174553
1.51543825157269	0.40355313135174553
1.51543825157269	0.40355313135174553
1.51543825157269	0.40355313135174553
1.5217301759757482	0.40758567759014763
1.5161892546906297	0.40268423312905954
1.5161892546906297	0.40268423312905954
1.5161892546906297	0.40268423312905954
1.5161892546906297	0.40268423312905954
1.5161892546906297	0.40268423312905954
1.5161892546906297	0.40268423312905954
1.5337906725733534	0.39914022003181826
1.5253855823296505	0.38987547186175586
1.5253855823296505	0.38987547186175586
1.5253855823296505	0.38987547186175586
1.5206046147330758	0.38564987189980904
1.5206046147330758	0.38564987189980904
1.5236798791320665	0.3991907688627763
1.5159571592135206	0.3901703458597982
1.5153968555467467	0.39694772706215303
1.5126770104604614	0.3856686931032698
1.5126770104604614	0.3856686931032698
1.5126770104604614	0.3856686931032698
1.5126770104604614	0.3856686931032698
1.5420495611400964	0.38364903759985153
1.5420495611400964	0.38364903759985153
1.5420495611400964	0.38364903759985153
1.5296446935335515	0.3808839119353342
1.5296446935335515	0.3808839119353342
1.536129848418587	0.38408684899981943
1.536129848418587	0.38408684899981943
1.5143829238190332	0.3869596254446875
1.5143829238190332	0.3869596254446875
1.5143829238190332	0.3869596254446875
1.5143829238190332	0.3869596254446875
1.5044983754866068	0.38688967072898517
1.5044983754866068	0.38688967072898517
1.5044983754866068	0.38688967072898517
1.5044983754866068	0.38688967072898517
1.5044983754866068	0.38688967072898517
1.5044983754866068	0.38688967072898517
1.52409735211809	0.3847220270730978
1.52409735211809	0.3847220270730978
1.52409735211809	0.3847220270730978
1.52409735211809	0.3847220270730978
1.52409735211809	0.3847220270730978
1.52409735211809	0.3847220270730978
1.52409735211809	0.3847220270730978
1.52409735211809	0.3847220270730978
1.5018566937993487	0.38264072955404904
1.5226262399449162	0.3898710001306472
1.5226262399449162	0.3898710001306472
1.5226262399449162	0.3898710001306472
1.525702609412895	0.385231850490432
1.525702609412895	0.385231850490432
1.5261771033885665	0.38787665189377984
1.5480543556878377	0.38717072305755956
1.5480543556878377	0.38717072305755956
1.5480543556878377	0.38717072305755956
1.5480543556878377	0.38717072305755956
1.5480543556878377	0.38717072305755956
1.5480543556878377	0.38717072305755956
1.5008923907892673	0.3855281614345043
1.5008923907892673	0.3855281614345043
1.5008923907892673	0.3855281614345043
1.5008923907892673	0.3855281614345043
1.5008923907892673	0.3855281614345043
1.5008923907892673	0.3855281614345043
1.523600519394995	0.3878309601776548
1.523600519394995	0.3878309601776548
1.523600519394995	0.3878309601776548
1.483851924052332	0.39865857579544833
1.483851924052332	0.39865857579544833
1.483851924052332	0.39865857579544833
1.483851924052332	0.39865857579544833
1.483851924052332	0.39865857579544833
1.5342588431006918	0.3956436462243368
1.5092548535123735	0.4017131289392207
1.5092548535123735	0.4017131289392207
1.511339206904027	0.39413645088769733
1.511339206904027	0.39413645088769733
1.511339206904027	0.39413645088769733
1.511339206904027	0.39413645088769733
1.511339206904027	0.39413645088769733
1.511339206904027	0.39413645088769733
1.5124136831334098	0.39456930230833764
1.5150108797654582	0.3843934249778949
1.5150108797654582	0.3843934249778949
1.5150108797654582	0.3843934249778949
1.5150108797654582	0.3843934249778949
1.5018689392856783	0.38624157743548637
1.5018689392856783	0.38624157743548637
1.5018689392856783	0.38624157743548637
1.5054228279694197	0.39264442076764056
1.5054228279694197	0.39264442076764056
1.5054228279694197	0.39264442076764056
1.5297176809739665	0.3923871857677409
1.5297176809739665	0.3923871857677409
1.5297176809739665	0.3923871857677409
1.5297176809739665	0.3923871857677409
1.5297176809739665	0.3923871857677409
1.495649188024719	0.396386503408991
1.5094959360731361	0.390849396365879
1.5094959360731361	0.390849396365879
1.5094959360731361	0.390849396365879
1.5094959360731361	0.390849396365879
1.5094959360731361	0.390849396365879
1.5094959360731361	0.390849396365879
1.5094959360731361	0.390849396365879
1.5094959360731361	0.390849396365879
1.5094959360731361	0.390849396365879
1.5094959360731361	0.390849396365879
1.5094959360731361	0.390849396365879
1.5094959360731361	0.390849396365879
1.5094959360731361	0.390849396365879
1.4974333519050769	0.3907035441856361
1.4974333519050769	0.3907035441856361
1.4974333519050769	0.3907035441856361
1.4974333519050769	0.3907035441856361
1.509996493433073	0.39498340064261306
1.5110237654578287	0.39311542797340954
1.5110237654578287	0.39311542797340954
1.5110237654578287	0.39311542797340954
1.5110237654578287	0.39311542797340954
1.5110237654578287	0.39311542797340954
1.5110237654578287	0.39311542797340954
1.5110237654578287	0.39311542797340954
1.5110237654578287	0.39311542797340954
1.5110237654578287	0.39311542797340954
1.5196798037030759	0.39442041802964445
1.512787056778126	0.39792596578118405
1.506202751229793	0.397294414977762
1.506202751229793	0.397294414977762
1.506202751229793	0.397294414977762
1.506202751229793	0.397294414977762
1.506202751229793	0.397294414977762
1.4956359120534914	0.39797479508265504
1.5074498960783982	0.39915845796126687
1.5074498960783982	0.39915845796126687
1.5074498960783982	0.39915845796126687
1.5185651863257956	0.39465814680986344
1.5119360015578167	0.38977776469663
1.5119360015578167	0.38977776469663
1.5014616144357662	0.39306907114010453
1.5014616144357662	0.39306907114010453
1.5014616144357662	0.39306907114010453
1.5014616144357662	0.39306907114010453
1.4889875673191109	0.39736003809162795
1.5070522486190194	0.3992666726980874
1.5070522486190194	0.3992666726980874
1.5070522486190194	0.3992666726980874
1.5070522486190194	0.3992666726980874
1.5070522486190194	0.3992666726980874
1.5070522486190194	0.3992666726980874
1.5070522486190194	0.3992666726980874
1.5087600715117255	0.4033444043543714
1.5087600715117255	0.4033444043543714
1.5087600715117255	0.4033444043543714
1.5087600715117255	0.4033444043543714
1.4823987692220513	0.39740317771788336
1.5027567377142783	0.39279003786365674
1.5154579825062362	0.38376119425657224
1.525520582087941	0.39044702480444826
1.5248004399578872	0.39592960409402367
1.5248004399578872	0.39592960409402367
1.5248004399578872	0.39592960409402367
1.5248004399578872	0.39592960409402367
1.5248004399578872	0.39592960409402367
1.5248004399578872	0.39592960409402367
1.5248004399578872	0.39592960409402367
1.5248004399578872	0.39592960409402367
1.5248004399578872	0.39592960409402367
1.5248004399578872	0.39592960409402367
1.5217700466266146	0.39579880850230875
1.5217700466266146	0.39579880850230875
1.5217700466266146	0.39579880850230875
1.5217700466266146	0.39579880850230875
1.5217700466266146	0.39579880850230875
1.5142036394783744	0.3948533797085597
1.5142036394783744	0.3948533797085597
1.5142036394783744	0.3948533797085597
1.5142036394783744	0.3948533797085597
1.5136077809475657	0.3932429566247317
1.5136077809475657	0.3932429566247317
1.5136077809475657	0.3932429566247317
1.5136077809475657	0.3932429566247317
1.5136077809475657	0.3932429566247317
1.5136077809475657	0.3932429566247317
1.5136077809475657	0.3932429566247317
1.4895333505998762	0.38735883694007733
1.4895333505998762	0.38735883694007733
1.4875677651602863	0.40505985783722925
1.4875677651602863	0.40505985783722925
1.4875677651602863	0.40505985783722925
1.4882764519896865	0.3979845573835368
1.4882764519896865	0.3979845573835368
1.4926339256609715	0.39262600375525114
1.4926339256609715	0.39262600375525114
1.4926339256609715	0.39262600375525114
1.4926339256609715	0.39262600375525114
1.5026493365995175	0.3864746064899897
1.5054108158792798	0.4016197616485604
1.5184781789663182	0.40168088343969677
1.5184781789663182	0.40168088343969677
1.5184781789663182	0.40168088343969677
1.5184781789663182	0.40168088343969677
1.5184781789663182	0.40168088343969677
1.5184781789663182	0.40168088343969677
1.5184781789663182	0.40168088343969677
1.5184781789663182	0.40168088343969677
1.5184781789663182	0.40168088343969677
1.5142902363207555	0.4029214814243954
1.5142902363207555	0.4029214814243954
1.5142902363207555	0.4029214814243954
1.5138801229628016	0.40418932303970195
1.51087455900486	0.400644056422793
1.51087455900486	0.400644056422793
1.5036966416325257	0.39199614247650694
1.5036966416325257	0.39199614247650694
1.5036966416325257	0.39199614247650694
1.5036966416325257	0.39199614247650694
1.5036966416325257	0.39199614247650694
1.5036966416325257	0.39199614247650694
1.5036966416325257	0.39199614247650694
1.4979985995054246	0.3965361414274511
1.495324523726982	0.3980896738874463
1.495324523726982	0.3980896738874463
1.495324523726982	0.3980896738874463
1.5009222172404022	0.3960658860570708
1.5009222172404022	0.3960658860570708
1.5411673996011277	0.39418256318598427
1.5284289649042613	0.3844512124279727
1.5266235441047218	0.39237023893275913
1.5266235441047218	0.39237023893275913
1.5266235441047218	0.39237023893275913
1.5266235441047218	0.39237023893275913
1.5266235441047218	0.39237023893275913
1.5281793248204547	0.3966307992407504
1.5281793248204547	0.3966307992407504
1.5281793248204547	0.3966307992407504
1.5281793248204547	0.3966307992407504
1.5257939027131577	0.3975008544541672
1.5257939027131577	0.3975008544541672
1.5257939027131577	0.3975008544541672
1.5257939027131577	0.3975008544541672
1.5257939027131577	0.3975008544541672
1.5257939027131577	0.3975008544541672
1.5257939027131577	0.3975008544541672
1.5257939027131577	0.3975008544541672
1.5257939027131577	0.3975008544541672
1.5257939027131577	0.3975008544541672
1.5257939027131577	0.3975008544541672
1.523757027142746	0.40154939809205087
1.5143374750654217	0.39051306182708334
1.5143374750654217	0.39051306182708334
1.5143374750654217	0.39051306182708334
1.5143374750654217	0.39051306182708334
1.5143374750654217	0.39051306182708334
1.5143374750654217	0.39051306182708334
1.5143374750654217	0.39051306182708334
1.5143374750654217	0.39051306182708334
1.5143374750654217	0.39051306182708334
1.4966843908112453	0.39794858982863235
1.5024322619016144	0.3980839911358758
1.5024322619016144	0.3980839911358758
1.5024322619016144	0.3980839911358758
1.5024322619016144	0.3980839911358758
1.5024322619016144	0.3980839911358758
1.5024322619016144	0.3980839911358758
1.4970901707344855	0.3930263799696198
1.5146281801555808	0.40047543566817606
1.5146281801555808	0.40047543566817606
1.5146281801555808	0.40047543566817606
1.5146281801555808	0.40047543566817606
1.5146281801555808	0.40047543566817606
1.5146281801555808	0.40047543566817606
1.5146281801555808	0.40047543566817606
1.522142928286294	0.3926968932161107
1.513169931574063	0.3998519307700119
1.513169931574063	0.3998519307700119
1.513169931574063	0.3998519307700119
1.513169931574063	0.3998519307700119
1.513169931574063	0.3998519307700119
1.513169931574063	0.3998519307700119
1.4994722864149785	0.4022440173380666
1.522717059155767	0.39557114083891926
1.4923752076693495	0.38789659006745864
1.5185547855805102	0.3851388534351877
1.5185547855805102	0.3851388534351877
1.5185547855805102	0.3851388534351877
1.5185547855805102	0.3851388534351877
1.5031886495458688	0.3928462644066494
1.5031886495458688	0.3928462644066494
1.5031886495458688	0.3928462644066494
1.5031886495458688	0.3928462644066494
1.5031886495458688	0.3928462644066494
1.5031886495458688	0.3928462644066494
1.5031886495458688	0.3928462644066494
1.5031886495458688	0.3928462644066494
1.5031886495458688	0.3928462644066494
1.5031886495458688	0.3928462644066494
1.5031886495458688	0.3928462644066494
1.5031886495458688	0.3928462644066494
1.5031886495458688	0.3928462644066494
1.490231288657155	0.39037184538435377
1.490231288657155	0.39037184538435377
1.5193714546320876	0.3948557445553826
1.495865342747629	0.394483218553529
1.495865342747629	0.394483218553529
1.495865342747629	0.394483218553529
1.495865342747629	0.394483218553529
1.495865342747629	0.394483218553529
1.495865342747629	0.394483218553529
1.495865342747629	0.394483218553529
1.495865342747629	0.394483218553529
1.495865342747629	0.394483218553529
1.495865342747629	0.394483218553529
1.495865342747629	0.394483218553529
1.495865342747629	0.394483218553529
1.495865342747629	0.394483218553529
1.495865342747629	0.394483218553529
1.495865342747629	0.394483218553529
1.495865342747629	0.394483218553529
1.495865342747629	0.394483218553529
1.495865342747629	0.394483218553529
1.5234635563209198	0.39091287487620796
1.5234635563209198	0.39091287487620796
1.5234635563209198	0.39091287487620796
1.5234635563209198	0.39091287487620796
1.5026528595715989	0.39137891096925137
1.5026528595715989	0.39137891096925137
1.5026528595715989	0.39137891096925137
1.5026528595715989	0.39137891096925137
1.5026528595715989	0.39137891096925137
1.5026528595715989	0.39137891096925137
1.5026528595715989	0.39137891096925137
1.5026528595715989	0.39137891096925137
1.5026528595715989	0.39137891096925137
1.5081508351124122	0.3945651767618735
1.5081508351124122	0.3945651767618735
1.5081508351124122	0.3945651767618735
1.505186002299732	0.39648335864882495
1.505186002299732	0.39648335864882495
1.498510936465694	0.39832769447401906
1.4906734981051613	0.3897252527420206
1.4906734981051613	0.3897252527420206
1.4906734981051613	0.3897252527420206
1.5310306378261427	0.39055809611881914
1.5310306378261427	0.39055809611881914
1.5066533509059725	0.3858353148776582
1.5066533509059725	0.3858353148776582
1.5126694188386467	0.4036664682585147
1.525964142015222	0.39983259533449333
1.4936245074275842	0.3993867841875638
1.4936245074275842	0.3993867841875638
1.4936245074275842	0.3993867841875638
1.4936245074275842	0.3993867841875638
1.4936245074275842	0.3993867841875638
1.4936245074275842	0.3993867841875638
1.515549927769356	0.38837934874186864
1.515549927769356	0.38837934874186864
1.515549927769356	0.38837934874186864
1.515549927769356	0.38837934874186864
1.515549927769356	0.38837934874186864
1.515549927769356	0.38837934874186864
1.5000646565650249	0.3961053847060251
1.5000646565650249	0.3961053847060251
1.5000646565650249	0.3961053847060251
1.5110716790999168	0.397082983815942
1.5110716790999168	0.397082983815942
1.5110716790999168	0.397082983815942
1.5110716790999168	0.397082983815942
1.5110716790999168	0.397082983815942
1.5110716790999168	0.397082983815942
1.5110716790999168	0.397082983815942
1.5110716790999168	0.397082983815942
1.5110716790999168	0.397082983815942
1.531476679121694	0.39240481897424095
1.531476679121694	0.39240481897424095
1.531476679121694	0.39240481897424095
1.5214170787998915	0.4037769976008912
1.5095909173323407	0.4067817720875216
1.5095909173323407	0.4067817720875216
1.5095909173323407	0.4067817720875216
1.5095909173323407	0.4067817720875216
1.5095909173323407	0.4067817720875216
1.5096861878718248	0.39982433268467876
1.5096861878718248	0.39982433268467876
1.5019693663207776	0.40002816471639313
1.5019693663207776	0.40002816471639313
1.5019693663207776	0.40002816471639313
1.5019693663207776	0.40002816471639313
1.5019693663207776	0.40002816471639313
1.5019693663207776	0.40002816471639313
1.5000017811178186	0.38953652095295493
1.5000017811178186	0.38953652095295493
1.5000017811178186	0.38953652095295493
1.5000017811178186	0.38953652095295493
1.5000017811178186	0.38953652095295493
1.5000017811178186	0.38953652095295493
1.5000017811178186	0.38953652095295493
1.5060286009303592	0.40041587986393573
1.5060286009303592	0.40041587986393573
1.5060286009303592	0.40041587986393573
1.511028983218753	0.38847292161924185
1.5143628902586714	0.38765739425437373
1.5143628902586714	0.38765739425437373
1.5143628902586714	0.38765739425437373
1.4990808802424798	0.38812985991842197
1.4990808802424798	0.38812985991842197
1.4939876860278472	0.3898229336186054
1.4939876860278472	0.3898229336186054
1.4939876860278472	0.3898229336186054
1.5067680641022092	0.3917803400663392
1.5067680641022092	0.3917803400663392
1.5067680641022092	0.3917803400663392
1.5067680641022092	0.3917803400663392
1.5113754486493376	0.393284314209884
1.5113754486493376	0.393284314209884
1.5113754486493376	0.393284314209884
1.5113754486493376	0.393284314209884
1.5045484874932065	0.39463883782085935
1.5045484874932065	0.39463883782085935
1.5045484874932065	0.39463883782085935
1.5045484874932065	0.39463883782085935
1.5045484874932065	0.39463883782085935
1.5045484874932065	0.39463883782085935
1.5045484874932065	0.39463883782085935
1.4956537784571247	0.4011566135492296
1.4956537784571247	0.4011566135492296
1.5246308799923725	0.3914292348993815
1.5246308799923725	0.3914292348993815
1.5246308799923725	0.3914292348993815
1.5263662960510598	0.387225986547083
1.5263662960510598	0.387225986547083
1.5263662960510598	0.387225986547083
1.5263662960510598	0.387225986547083
1.5347220606521532	0.38743925706827476
1.5347220606521532	0.38743925706827476
1.4868637753927432	0.3938679225727634
1.4868637753927432	0.3938679225727634
1.4868637753927432	0.3938679225727634
1.4999738395351216	0.3952050902666337
1.4999738395351216	0.3952050902666337
1.4999738395351216	0.3952050902666337
1.4999738395351216	0.3952050902666337
1.4999738395351216	0.3952050902666337
1.4999738395351216	0.3952050902666337
1.4999738395351216	0.3952050902666337
1.505593990635806	0.3967388396975289
1.505593990635806	0.3967388396975289
1.523340308181135	0.3905942903258896
1.523340308181135	0.3905942903258896
1.523340308181135	0.3905942903258896
1.523340308181135	0.3905942903258896
1.5252748685915556	0.3909967059141604
1.5252748685915556	0.3909967059141604
1.5252748685915556	0.3909967059141604
1.5252748685915556	0.3909967059141604
1.5248391547691447	0.3867510141877429
1.5248391547691447	0.3867510141877429
1.5186269595186235	0.3863093526739203
1.5186269595186235	0.3863093526739203
1.5186269595186235	0.3863093526739203
1.5186269595186235	0.3863093526739203
1.5186269595186235	0.3863093526739203
1.5186269595186235	0.3863093526739203
1.5186269595186235	0.3863093526739203
1.5186269595186235	0.3863093526739203
1.5186269595186235	0.3863093526739203
1.5186269595186235	0.3863093526739203
1.5186269595186235	0.3863093526739203
1.5186269595186235	0.3863093526739203
1.5186269595186235	0.3863093526739203
1.5186269595186235	0.3863093526739203
1.5186269595186235	0.3863093526739203
1.5186269595186235	0.3863093526739203
1.5186269595186235	0.3863093526739203
1.5186269595186235	0.3863093526739203
1.5186269595186235	0.3863093526739203
1.5115308465568043	0.38476987598027207
1.5115308465568043	0.38476987598027207
1.5115308465568043	0.38476987598027207
1.5211145848968182	0.38672323240569134
1.5211145848968182	0.38672323240569134
1.5211145848968182	0.38672323240569134
1.5211145848968182	0.38672323240569134
1.5078506581458568	0.39560368071066343
1.5078506581458568	0.39560368071066343
1.5078506581458568	0.39560368071066343
1.5078506581458568	0.39560368071066343
1.5078506581458568	0.39560368071066343
1.5078506581458568	0.39560368071066343
1.5078506581458568	0.39560368071066343
1.5078506581458568	0.39560368071066343
1.5078506581458568	0.39560368071066343
1.5078506581458568	0.39560368071066343
1.5078506581458568	0.39560368071066343
1.5078506581458568	0.39560368071066343
1.5078506581458568	0.39560368071066343
1.5078506581458568	0.39560368071066343
1.5078506581458568	0.39560368071066343
1.5078506581458568	0.39560368071066343
1.5078506581458568	0.39560368071066343
1.5078506581458568	0.39560368071066343
1.4860359511395205	0.3819627414186629
1.4860359511395205	0.3819627414186629
1.5093933918439277	0.40232974090828016
1.5093933918439277	0.40232974090828016
1.5093933918439277	0.40232974090828016
1.5151804109273088	0.3921404144140216
1.5151804109273088	0.3921404144140216
1.5151804109273088	0.3921404144140216
1.5151804109273088	0.3921404144140216
1.5151804109273088	0.3921404144140216
1.5151804109273088	0.3921404144140216
1.5151804109273088	0.3921404144140216
1.5055742592559185	0.3975838772975513
1.5055742592559185	0.3975838772975513
1.5055742592559185	0.3975838772975513
1.5055742592559185	0.3975838772975513
1.5055742592559185	0.3975838772975513
1.5055742592559185	0.3975838772975513
1.5055742592559185	0.3975838772975513
1.5055742592559185	0.3975838772975513
1.503850903597716	0.39280337168207624
1.503850903597716	0.39280337168207624
1.503850903597716	0.39280337168207624
1.503850903597716	0.39280337168207624
1.503850903597716	0.39280337168207624
1.503850903597716	0.39280337168207624
1.503850903597716	0.39280337168207624
1.503850903597716	0.39280337168207624
1.503850903597716	0.39280337168207624
1.503850903597716	0.39280337168207624
1.503850903597716	0.39280337168207624
1.4942052711858003	0.38754314462019446
1.519699296248589	0.4042008073566085
1.4896296384152565	0.3947724520564871
1.4896296384152565	0.3947724520564871
1.4896296384152565	0.3947724520564871
1.4896296384152565	0.3947724520564871
1.4896296384152565	0.3947724520564871
1.487989420273296	0.40041576923913946
1.487989420273296	0.40041576923913946
1.487989420273296	0.40041576923913946
1.487989420273296	0.40041576923913946
1.487989420273296	0.40041576923913946
1.487989420273296	0.40041576923913946
1.487989420273296	0.40041576923913946
1.5097957736961916	0.3985558820309939
1.5097957736961916	0.3985558820309939
1.4857120762486808	0.4031822439140067
1.474574670013182	0.39749265690080654
1.474574670013182	0.39749265690080654
1.474574670013182	0.39749265690080654
1.4958547276777472	0.3959003011266792
1.4958547276777472	0.3959003011266792
1.4958547276777472	0.3959003011266792
1.4958547276777472	0.3959003011266792
1.4958547276777472	0.3959003011266792
1.4958547276777472	0.3959003011266792
1.500211374236323	0.3955564882901985
1.513462378009164	0.38874457517156685
1.513462378009164	0.38874457517156685
1.513462378009164	0.38874457517156685
1.495996262870351	0.4072916455404936
1.5361051092373585	0.40081761536710253
1.5259860546686412	0.4017386410141707
1.5259860546686412	0.4017386410141707
1.5259860546686412	0.4017386410141707
1.5209670654026484	0.40323609947634564
1.4994912413318688	0.40309652127001067
1.4994912413318688	0.40309652127001067
1.4994912413318688	0.40309652127001067
1.5239733866154905	0.3992848503609621
1.5239733866154905	0.3992848503609621
1.5175017686063004	0.402461821282551
1.5175017686063004	0.402461821282551
1.5175017686063004	0.402461821282551
1.5175017686063004	0.402461821282551
1.5175017686063004	0.402461821282551
1.5175017686063004	0.402461821282551
1.5175017686063004	0.402461821282551
1.5175017686063004	0.402461821282551
1.5175017686063004	0.402461821282551
1.5175017686063004	0.402461821282551
1.5175017686063004	0.402461821282551
1.5175017686063004	0.402461821282551
1.5175017686063004	0.402461821282551
1.5175017686063004	0.402461821282551
1.5029565380697187	0.3981739115093893
1.5029565380697187	0.3981739115093893
1.5029565380697187	0.3981739115093893
1.5029565380697187	0.3981739115093893
1.5000106818698005	0.4030265868807553
1.5000106818698005	0.4030265868807553
1.5000106818698005	0.4030265868807553
1.5000106818698005	0.4030265868807553
1.5000106818698005	0.4030265868807553
1.5176271849472187	0.39778967458287806
1.5176271849472187	0.39778967458287806
1.5176271849472187	0.39778967458287806
1.534591633662906	0.39475929552895933
1.4994570156776932	0.39727187318526436
1.4994570156776932	0.39727187318526436
1.4994570156776932	0.39727187318526436
1.4994570156776932	0.39727187318526436
1.5176822160158205	0.40612757763922064
1.5176822160158205	0.40612757763922064
1.5176822160158205	0.40612757763922064
1.5136689280712428	0.4069121649849399
1.5136689280712428	0.4069121649849399
1.5136689280712428	0.4069121649849399
1.5136689280712428	0.4069121649849399
1.520762228915032	0.39583687851359434
1.488837060109682	0.39833272587588636
1.488837060109682	0.39833272587588636
1.4945459903523923	0.402179224620137
1.4945459903523923	0.402179224620137
1.5307231079319754	0.40247762640597334
1.5070696482086798	0.3992588232600526
1.5070696482086798	0.3992588232600526
1.5070696482086798	0.3992588232600526
1.5070696482086798	0.3992588232600526
1.5070696482086798	0.3992588232600526
1.5070696482086798	0.3992588232600526
1.5070696482086798	0.3992588232600526
1.5070696482086798	0.3992588232600526
1.5172856270131363	0.3903909922505747
1.5088906586435742	0.39205367159069376
1.5088906586435742	0.39205367159069376
1.5088906586435742	0.39205367159069376
1.5088906586435742	0.39205367159069376
1.5088906586435742	0.39205367159069376
1.5088906586435742	0.39205367159069376
1.5088906586435742	0.39205367159069376
1.5088906586435742	0.39205367159069376
1.5088906586435742	0.39205367159069376
1.5088906586435742	0.39205367159069376
1.5088906586435742	0.39205367159069376
1.5088906586435742	0.39205367159069376
1.5088906586435742	0.39205367159069376
1.5088906586435742	0.39205367159069376
1.4981510377084282	0.39770736625970515
1.4981510377084282	0.39770736625970515
1.5194734056436097	0.38385652363494777
1.5194734056436097	0.38385652363494777
1.513606398774022	0.40627378505814976
1.513606398774022	0.40627378505814976
1.513606398774022	0.40627378505814976
1.4996409287796209	0.4044564147429956
1.4996409287796209	0.4044564147429956
1.4996409287796209	0.4044564147429956
1.4996409287796209	0.4044564147429956
1.4996409287796209	0.4044564147429956
1.4996409287796209	0.4044564147429956
1.4996409287796209	0.4044564147429956
1.4979854431136213	0.3976248727742423
1.4979854431136213	0.3976248727742423
1.516664018018011	0.39683055711709553
1.501090663879448	0.3904905534669553
1.501090663879448	0.3904905534669553
1.501090663879448	0.3904905534669553
1.501090663879448	0.3904905534669553
1.531303702846837	0.3903082580981183
1.531303702846837	0.3903082580981183
1.5231179180649634	0.400466454269724
1.5231179180649634	0.400466454269724
1.5231179180649634	0.400466454269724
1.5231179180649634	0.400466454269724
1.5231179180649634	0.400466454269724
1.5217460530114304	0.3974444074256426
1.5217460530114304	0.3974444074256426
1.5217460530114304	0.3974444074256426
1.5217460530114304	0.3974444074256426
1.5217460530114304	0.3974444074256426
1.5217460530114304	0.3974444074256426
1.5159511149756617	0.3917273361331552
1.5159511149756617	0.3917273361331552
1.511657746556828	0.3961028704588973
1.511657746556828	0.3961028704588973
1.511657746556828	0.3961028704588973
1.508839079424468	0.3915951023455406
1.508839079424468	0.3915951023455406
1.508839079424468	0.3915951023455406
1.508839079424468	0.3915951023455406
1.508839079424468	0.3915951023455406
1.508839079424468	0.3915951023455406
1.508839079424468	0.3915951023455406
1.508839079424468	0.3915951023455406
1.508839079424468	0.3915951023455406
1.5074939310699733	0.39060169190061117
1.5074939310699733	0.39060169190061117
1.5074939310699733	0.39060169190061117
1.5074939310699733	0.39060169190061117
1.5074939310699733	0.39060169190061117
1.5074939310699733	0.39060169190061117
1.5074939310699733	0.39060169190061117
1.5042706312150607	0.3903709834365389
1.5042706312150607	0.3903709834365389
1.5042706312150607	0.3903709834365389
1.5042706312150607	0.3903709834365389
1.5042706312150607	0.3903709834365389
1.5042706312150607	0.3903709834365389
1.5042706312150607	0.3903709834365389
1.520869856981589	0.39320511916345435
1.520869856981589	0.39320511916345435
1.5299016609966518	0.3880992728961385
1.5299016609966518	0.3880992728961385
1.5299016609966518	0.3880992728961385
1.5299016609966518	0.3880992728961385
1.5299016609966518	0.3880992728961385
1.538981223267257	0.3928489329656006
1.538981223267257	0.3928489329656006
1.5255568965778865	0.3879888333867432
1.5255568965778865	0.3879888333867432
1.5255568965778865	0.3879888333867432
1.488660762196289	0.40428474535897607
1.488660762196289	0.40428474535897607
1.488660762196289	0.40428474535897607
1.488660762196289	0.40428474535897607
1.488660762196289	0.40428474535897607
1.488660762196289	0.40428474535897607
1.488660762196289	0.40428474535897607
1.488660762196289	0.40428474535897607
1.505081898972422	0.38401379427537213
1.5048417585280818	0.39402141384928024
1.5048417585280818	0.39402141384928024
1.517521467839126	0.39385988038103437
1.51713884652446	0.3952101825255166
1.51713884652446	0.3952101825255166
1.5116149552195133	0.39242304168607484
1.5116149552195133	0.39242304168607484
1.5116149552195133	0.39242304168607484
1.5116149552195133	0.39242304168607484
1.5116149552195133	0.39242304168607484
1.5116149552195133	0.39242304168607484
1.5116149552195133	0.39242304168607484
1.494965254332855	0.39165505074451806
1.494965254332855	0.39165505074451806
1.494965254332855	0.39165505074451806
1.494965254332855	0.39165505074451806
1.494965254332855	0.39165505074451806
1.494965254332855	0.39165505074451806
1.494965254332855	0.39165505074451806
1.494965254332855	0.39165505074451806
1.494965254332855	0.39165505074451806
1.494965254332855	0.39165505074451806
1.5172156108396273	0.39613483601604044
1.5172156108396273	0.39613483601604044
1.5172156108396273	0.39613483601604044
1.5172156108396273	0.39613483601604044
1.5174923164016778	0.3995014102748522
1.5174923164016778	0.3995014102748522
1.5174923164016778	0.3995014102748522
1.5174923164016778	0.3995014102748522
1.5174923164016778	0.3995014102748522
1.5174923164016778	0.3995014102748522
1.5174923164016778	0.3995014102748522
1.5174923164016778	0.3995014102748522
1.5174923164016778	0.3995014102748522
1.5174923164016778	0.3995014102748522
1.5013414383060004	0.3947094188298495
1.5013414383060004	0.3947094188298495
1.5013414383060004	0.3947094188298495
1.5013414383060004	0.3947094188298495
1.5013414383060004	0.3947094188298495
1.5013414383060004	0.3947094188298495
1.5225576494986315	0.3963953976868149
1.5187601732001348	0.39263937624708695
1.500877410352586	0.3895395644077066
1.500877410352586	0.3895395644077066
1.500877410352586	0.3895395644077066
1.5063558936973895	0.39414909797538017
1.5063558936973895	0.39414909797538017
1.5063558936973895	0.39414909797538017
1.5063558936973895	0.39414909797538017
1.5063558936973895	0.39414909797538017
1.5063558936973895	0.39414909797538017
1.5266031227593873	0.38931802959660705
1.5266031227593873	0.38931802959660705
1.5266031227593873	0.38931802959660705
1.5266031227593873	0.38931802959660705
1.5266031227593873	0.38931802959660705
1.5266031227593873	0.38931802959660705
1.5266031227593873	0.38931802959660705
1.509874294745665	0.39458888371901024
1.5131210977122476	0.3960926943289573
1.499193009847364	0.39353661603991763
1.4944508991766114	0.39544554915784313
1.506934590850474	0.3979600494324909
1.506934590850474	0.3979600494324909
1.506934590850474	0.3979600494324909
1.506934590850474	0.3979600494324909
1.506934590850474	0.3979600494324909
1.4987112772209537	0.3934523695663031
1.4987112772209537	0.3934523695663031
1.4987112772209537	0.3934523695663031
1.4987112772209537	0.3934523695663031
1.4987112772209537	0.3934523695663031
1.4987112772209537	0.3934523695663031
1.4987112772209537	0.3934523695663031
1.4987112772209537	0.3934523695663031
1.4987112772209537	0.3934523695663031
1.4987112772209537	0.3934523695663031
1.4987112772209537	0.3934523695663031
1.4987112772209537	0.3934523695663031
1.504562164237569	0.3970620862420504
1.504562164237569	0.3970620862420504
1.5017364720124577	0.4014891037867334
1.5017364720124577	0.4014891037867334
1.5017364720124577	0.4014891037867334
1.5191472383573763	0.3966566276767
1.5191472383573763	0.3966566276767
1.5191472383573763	0.3966566276767
1.5191472383573763	0.3966566276767
1.5191472383573763	0.3966566276767
1.5191472383573763	0.3966566276767
1.5191472383573763	0.3966566276767
1.5191472383573763	0.3966566276767
1.5191472383573763	0.3966566276767
1.5191472383573763	0.3966566276767
1.4944630053218935	0.39917189416082555
1.4993624761316469	0.40520993013437856
1.4993624761316469	0.40520993013437856
1.4993624761316469	0.40520993013437856
1.5297286923434104	0.40253452149684804
1.5297286923434104	0.40253452149684804
1.5222199863073238	0.3970034564273087
1.5222199863073238	0.3970034564273087
1.5222199863073238	0.3970034564273087
1.5222199863073238	0.3970034564273087
1.5222199863073238	0.3970034564273087
1.493598680812108	0.3953195619340202
1.515282269953906	0.39356643258859947
1.515282269953906	0.39356643258859947
1.515282269953906	0.39356643258859947
1.515282269953906	0.39356643258859947
1.515282269953906	0.39356643258859947
1.515282269953906	0.39356643258859947
1.515282269953906	0.39356643258859947
1.515282269953906	0.39356643258859947
1.515282269953906	0.39356643258859947
1.487607110891799	0.39100904978409284
1.5038512689092336	0.39369079560330195
1.5038512689092336	0.39369079560330195
1.5038512689092336	0.39369079560330195
1.5038512689092336	0.39369079560330195
1.5038512689092336	0.39369079560330195
1.497017188767328	0.3926832147045529
1.497017188767328	0.3926832147045529
1.5276401478523565	0.3933809806689779
1.5276401478523565	0.3933809806689779
1.5276401478523565	0.3933809806689779
1.5235634106325218	0.39884656958695247
1.5235634106325218	0.39884656958695247
1.5410659682367245	0.394666165213406
1.5410659682367245	0.394666165213406
1.5410659682367245	0.394666165213406
1.5410659682367245	0.394666165213406
1.5410659682367245	0.394666165213406
1.5118427399496104	0.38547580092533096
1.5118427399496104	0.38547580092533096
1.5118427399496104	0.38547580092533096
1.5118427399496104	0.38547580092533096
1.5118427399496104	0.38547580092533096
1.5118427399496104	0.38547580092533096
1.5118427399496104	0.38547580092533096
1.5118427399496104	0.38547580092533096
1.5118427399496104	0.38547580092533096
1.496049449701657	0.397085402045901
1.496049449701657	0.397085402045901
1.496049449701657	0.397085402045901
1.5172037402333185	0.3840411377364745
1.538552299510639	0.39285453101179557
1.538552299510639	0.39285453101179557
1.5207719360530672	0.4024505817814832
1.5207719360530672	0.4024505817814832
1.5207719360530672	0.4024505817814832
1.5207719360530672	0.4024505817814832
1.5207719360530672	0.4024505817814832
1.5207719360530672	0.4024505817814832
1.5207719360530672	0.4024505817814832
1.5432090267929788	0.3891171816248825
1.5432090267929788	0.3891171816248825
1.5432090267929788	0.3891171816248825
1.5239293829470577	0.4057495520325352
1.506572231068115	0.39031175975376825
1.506572231068115	0.39031175975376825
1.506572231068115	0.39031175975376825
1.506572231068115	0.39031175975376825
1.5114662707161515	0.39782923754719446
1.5114662707161515	0.39782923754719446
1.5114662707161515	0.39782923754719446
1.5114662707161515	0.39782923754719446
1.5107718800240613	0.3912364951656633
1.483233194199351	0.403586478672829
1.4922685491733731	0.3841491452933867
1.4922685491733731	0.3841491452933867
1.4922685491733731	0.3841491452933867
1.5060011900222237	0.39484405075824286
1.5060011900222237	0.39484405075824286
1.4832822022501588	0.3902936656572518
1.4832822022501588	0.3902936656572518
1.4832822022501588	0.3902936656572518
1.4832822022501588	0.3902936656572518
1.4795162310980665	0.3893458106849322
1.4795162310980665	0.3893458106849322
1.4795162310980665	0.3893458106849322
1.4790652783963012	0.39576136572702275
1.4790652783963012	0.39576136572702275
1.4998125707862315	0.3951124705783345
1.4998125707862315	0.3951124705783345
1.4998125707862315	0.3951124705783345
1.4998125707862315	0.3951124705783345
1.4998125707862315	0.3951124705783345
1.4998125707862315	0.3951124705783345
1.4998125707862315	0.3951124705783345
1.4998125707862315	0.3951124705783345
1.4998125707862315	0.3951124705783345
1.4998125707862315	0.3951124705783345
1.5117519214731094	0.39148574491867427
1.5117519214731094	0.39148574491867427
1.494016698216849	0.3868501895061011
1.5012105334840455	0.3976313561528095
1.5012105334840455	0.3976313561528095
1.5012105334840455	0.3976313561528095
1.5033335138503259	0.39560098760343687
1.5033335138503259	0.39560098760343687
1.5033335138503259	0.39560098760343687
1.5033335138503259	0.39560098760343687
1.5033335138503259	0.39560098760343687
1.5033335138503259	0.39560098760343687
1.5033335138503259	0.39560098760343687
1.5033335138503259	0.39560098760343687
1.5033335138503259	0.39560098760343687
1.5033335138503259	0.39560098760343687
1.5033335138503259	0.39560098760343687
1.5033335138503259	0.39560098760343687
1.5129205312904292	0.39735440649571324
1.5129205312904292	0.39735440649571324
1.5129205312904292	0.39735440649571324
1.5129205312904292	0.39735440649571324
1.5129205312904292	0.39735440649571324
1.5129205312904292	0.39735440649571324
1.5129205312904292	0.39735440649571324
1.5129205312904292	0.39735440649571324
1.5129205312904292	0.39735440649571324
1.5129205312904292	0.39735440649571324
1.50362906798635	0.39535922080446056
1.50362906798635	0.39535922080446056
1.4985395161276243	0.3947410720790007
1.4985395161276243	0.3947410720790007
1.4985395161276243	0.3947410720790007
1.4985395161276243	0.3947410720790007
1.4985395161276243	0.3947410720790007
1.4985395161276243	0.3947410720790007
1.4848404211488042	0.3962164764227579
1.4848404211488042	0.3962164764227579
1.5244216970567888	0.3879398984183369
1.5244216970567888	0.3879398984183369
1.5244216970567888	0.3879398984183369
1.5244216970567888	0.3879398984183369
1.5244216970567888	0.3879398984183369
1.5244216970567888	0.3879398984183369
1.54026622612712	0.40453024205372934
1.54026622612712	0.40453024205372934
1.5359474782915243	0.37863684770608264
1.5359474782915243	0.37863684770608264
1.534269580454509	0.3851940341541701
1.534269580454509	0.3851940341541701
1.534269580454509	0.3851940341541701
1.534269580454509	0.3851940341541701
1.534269580454509	0.3851940341541701
1.534269580454509	0.3851940341541701
1.534269580454509	0.3851940341541701
1.534269580454509	0.3851940341541701
1.5174022497678454	0.38210198047959176
1.5174022497678454	0.38210198047959176
1.5174022497678454	0.38210198047959176
1.5189142076164153	0.39176587177076055
1.5232607334746757	0.3951311493711001
1.5232607334746757	0.3951311493711001
1.5232607334746757	0.3951311493711001
1.5232607334746757	0.3951311493711001
1.5232607334746757	0.3951311493711001
1.5121050355737504	0.39881941721786923
1.5121050355737504	0.39881941721786923
1.5121050355737504	0.39881941721786923
1.5121050355737504	0.39881941721786923
1.5121050355737504	0.39881941721786923
1.5121050355737504	0.39881941721786923
1.5121050355737504	0.39881941721786923
1.5121050355737504	0.39881941721786923
1.5121050355737504	0.39881941721786923
1.5121050355737504	0.39881941721786923
1.5121050355737504	0.39881941721786923
1.5121050355737504	0.39881941721786923
1.5121050355737504	0.39881941721786923
1.5121050355737504	0.39881941721786923
1.5121050355737504	0.39881941721786923
1.5121050355737504	0.39881941721786923
1.5121050355737504	0.39881941721786923
1.5121050355737504	0.39881941721786923
1.5121050355737504	0.39881941721786923
1.5121050355737504	0.39881941721786923
1.5121050355737504	0.39881941721786923
1.5121050355737504	0.39881941721786923
1.5121050355737504	0.39881941721786923
1.5121050355737504	0.39881941721786923
1.5121050355737504	0.39881941721786923
1.5121050355737504	0.39881941721786923
1.5121050355737504	0.39881941721786923
1.5227171195791693	0.39224240256575055
1.5227171195791693	0.39224240256575055
1.5227171195791693	0.39224240256575055
1.5346900717093275	0.3928600855560743
1.5346900717093275	0.3928600855560743
1.5206767297325645	0.3860965997955413
1.4749962717730287	0.39462111031396885
1.4968809287344589	0.39717077743931256
1.4968809287344589	0.39717077743931256
1.5082391707410447	0.39816061475736847
1.5127748722741934	0.39179757927789677
1.5127748722741934	0.39179757927789677
1.5127748722741934	0.39179757927789677
1.5127748722741934	0.39179757927789677
1.4944066520899495	0.39618235994149653
1.4944066520899495	0.39618235994149653
1.4944066520899495	0.39618235994149653
1.4944066520899495	0.39618235994149653
1.4944066520899495	0.39618235994149653
1.4944066520899495	0.39618235994149653
1.4944066520899495	0.39618235994149653
1.4944066520899495	0.39618235994149653
1.4944066520899495	0.39618235994149653
1.50470094094972	0.3913782200499178
1.50470094094972	0.3913782200499178
1.50470094094972	0.3913782200499178
1.50470094094972	0.3913782200499178
1.50470094094972	0.3913782200499178
1.50470094094972	0.3913782200499178
1.50470094094972	0.3913782200499178
1.50470094094972	0.3913782200499178
1.5032174411553527	0.39469673378301734
1.5212040080277858	0.3993082356752342
1.5236661791972932	0.39608648290859233
1.5236661791972932	0.39608648290859233
1.5236661791972932	0.39608648290859233
1.5236661791972932	0.39608648290859233
1.4820455488928181	0.3988784175255255
1.4820455488928181	0.3988784175255255
1.4820455488928181	0.3988784175255255
1.505640355297068	0.39829734035345876
1.505640355297068	0.39829734035345876
1.505640355297068	0.39829734035345876
1.505640355297068	0.39829734035345876
1.539562167978032	0.39167482865978603
1.539562167978032	0.39167482865978603
1.539562167978032	0.39167482865978603
1.539562167978032	0.39167482865978603
1.539562167978032	0.39167482865978603
1.527619450025274	0.3886557783611812
1.4983197286697074	0.39117681414644656
1.5278145946605617	0.39276991073593914
1.5278145946605617	0.39276991073593914
1.5278145946605617	0.39276991073593914
1.4920557252293507	0.3863914496972096
1.5127444822161922	0.40523220316375286
1.5127444822161922	0.40523220316375286
1.5127444822161922	0.40523220316375286
1.5333475654031505	0.39095267078160995
1.5336266443309277	0.39416756507923956
1.5336266443309277	0.39416756507923956
1.5008171372434316	0.38992820099676495
1.5008171372434316	0.38992820099676495
1.5008171372434316	0.38992820099676495
1.5008171372434316	0.38992820099676495
1.5008171372434316	0.38992820099676495
1.5008171372434316	0.38992820099676495
1.5008171372434316	0.38992820099676495
1.5008171372434316	0.38992820099676495
1.5008171372434316	0.38992820099676495
1.5008171372434316	0.38992820099676495
1.5008171372434316	0.38992820099676495
1.5008171372434316	0.38992820099676495
1.5008171372434316	0.38992820099676495
1.5008171372434316	0.38992820099676495
1.5008171372434316	0.38992820099676495
1.5008171372434316	0.38992820099676495
1.5008171372434316	0.38992820099676495
1.5008171372434316	0.38992820099676495
1.5008171372434316	0.38992820099676495
1.5008171372434316	0.38992820099676495
1.5008171372434316	0.38992820099676495
1.5008171372434316	0.38992820099676495
1.5008171372434316	0.38992820099676495
1.5008171372434316	0.38992820099676495
1.5008171372434316	0.38992820099676495
1.5008171372434316	0.38992820099676495
1.5008171372434316	0.38992820099676495
1.5008171372434316	0.38992820099676495
1.495368655248073	0.3970814833915975
1.5152118751830657	0.39394051168522765
1.5152118751830657	0.39394051168522765
1.5152118751830657	0.39394051168522765
1.5152118751830657	0.39394051168522765
1.5152118751830657	0.39394051168522765
1.520149184875427	0.3925944462010849
1.520149184875427	0.3925944462010849
1.4909855375384258	0.3882262638603015
1.4909855375384258	0.3882262638603015
1.4909855375384258	0.3882262638603015
1.4909855375384258	0.3882262638603015
1.4840388826934774	0.39647885321081744
1.4840388826934774	0.39647885321081744
1.5321367311577094	0.3894615514733494
1.5434423104922355	0.39501778180019054
1.5434423104922355	0.39501778180019054
1.5222992401181332	0.39057596156598073
1.5240410925295018	0.3931908804477828
1.52862557780204	0.395721399014462
1.52862557780204	0.395721399014462
1.52862557780204	0.395721399014462
1.5110628770699077	0.39275737599527333
1.5028234578168753	0.3967287788997463
1.5028234578168753	0.3967287788997463
1.5091755007670387	0.39176235714972457
1.5091755007670387	0.39176235714972457
1.5221757036402717	0.4033444937485502
1.5262056293413855	0.38921280290102755
1.5262056293413855	0.38921280290102755
1.5262056293413855	0.38921280290102755
1.5262056293413855	0.38921280290102755
1.525013656520246	0.39136779310304914
1.5105806065729033	0.3884114040693196
1.5035491412633215	0.40054956827678107
1.5035491412633215	0.40054956827678107
1.5035491412633215	0.40054956827678107
1.5035491412633215	0.40054956827678107
1.5035491412633215	0.40054956827678107
1.5035491412633215	0.40054956827678107
1.5035491412633215	0.40054956827678107
1.5035491412633215	0.40054956827678107
1.5035491412633215	0.40054956827678107
1.513074010994588	0.4053202830570421
1.503562000245805	0.4045716459976996
1.503562000245805	0.4045716459976996
1.503562000245805	0.4045716459976996
1.503562000245805	0.4045716459976996
1.4940404727497794	0.39723033904160315
1.4940404727497794	0.39723033904160315
1.4940404727497794	0.39723033904160315
1.4940404727497794	0.39723033904160315
1.4927005272031801	0.39474297447511314
1.4927005272031801	0.39474297447511314
1.5014151611707218	0.39894208181486757
1.529903579681275	0.3984688231734081
1.529903579681275	0.3984688231734081
1.529903579681275	0.3984688231734081
1.529903579681275	0.3984688231734081
1.529903579681275	0.3984688231734081
1.529903579681275	0.3984688231734081
1.524209715017077	0.3957505181571855
1.524209715017077	0.3957505181571855
1.524209715017077	0.3957505181571855
1.491559487819661	0.39252621933405185
1.491559487819661	0.39252621933405185
1.491559487819661	0.39252621933405185
1.491559487819661	0.39252621933405185
1.491559487819661	0.39252621933405185
1.491559487819661	0.39252621933405185
1.487372141378745	0.39329183708489474
1.487372141378745	0.39329183708489474
1.487372141378745	0.39329183708489474
1.4984733226012976	0.3999016827553285
1.4984733226012976	0.3999016827553285
1.4984733226012976	0.3999016827553285
1.4984733226012976	0.3999016827553285
1.4984733226012976	0.3999016827553285
1.4984733226012976	0.3999016827553285
1.4984733226012976	0.3999016827553285
1.4984733226012976	0.3999016827553285
1.4984733226012976	0.3999016827553285
1.4984733226012976	0.3999016827553285
1.4984733226012976	0.3999016827553285
1.4984733226012976	0.3999016827553285
1.4984733226012976	0.3999016827553285
1.4957846434372983	0.3991557396537949
1.4957846434372983	0.3991557396537949
1.4957846434372983	0.3991557396537949
1.496295466643907	0.3930663693580093
1.496295466643907	0.3930663693580093
1.496295466643907	0.3930663693580093
1.496295466643907	0.3930663693580093
1.496295466643907	0.3930663693580093
1.496295466643907	0.3930663693580093
1.496295466643907	0.3930663693580093
1.496295466643907	0.3930663693580093
1.496295466643907	0.3930663693580093
1.496295466643907	0.3930663693580093
1.496295466643907	0.3930663693580093
1.496295466643907	0.3930663693580093
1.496295466643907	0.3930663693580093
1.496295466643907	0.3930663693580093
1.5017801596154774	0.3911655182360774
1.5017801596154774	0.3911655182360774
1.5019430010458916	0.3987815087172611
1.5019430010458916	0.3987815087172611
1.5019430010458916	0.3987815087172611
1.5019430010458916	0.3987815087172611
1.5019430010458916	0.3987815087172611
1.5019430010458916	0.3987815087172611
1.5058785920271796	0.39542187297092574
1.5058785920271796	0.39542187297092574
1.5058785920271796	0.39542187297092574
1.511116751017173	0.39372312779187707
1.511116751017173	0.39372312779187707
1.511116751017173	0.39372312779187707
1.511116751017173	0.39372312779187707
1.5121829574901173	0.3923595818933541
1.5166849503412072	0.38248505600290905
1.5166849503412072	0.38248505600290905
1.5166849503412072	0.38248505600290905
1.5166849503412072	0.38248505600290905
1.5103259516867085	0.39303280574747584
1.5103259516867085	0.39303280574747584
1.5103259516867085	0.39303280574747584
1.5184237646640097	0.39356541953100566
1.5184237646640097	0.39356541953100566
1.5184237646640097	0.39356541953100566
1.5184237646640097	0.39356541953100566
1.5184237646640097	0.39356541953100566
1.5251356869463382	0.39603016478616476
1.5251356869463382	0.39603016478616476
1.5251356869463382	0.39603016478616476
1.5251356869463382	0.39603016478616476
1.5251356869463382	0.39603016478616476
1.5251356869463382	0.39603016478616476
1.5251356869463382	0.39603016478616476
1.5251356869463382	0.39603016478616476
1.5251356869463382	0.39603016478616476
1.5251356869463382	0.39603016478616476
1.5251356869463382	0.39603016478616476
1.5189804006833925	0.4045401450363876
1.5229109584821858	0.407171190117377
1.5229109584821858	0.407171190117377
1.5060730914521958	0.39829816178025396
1.5060730914521958	0.39829816178025396
1.5060730914521958	0.39829816178025396
1.5060730914521958	0.39829816178025396
1.5060730914521958	0.39829816178025396
1.5060730914521958	0.39829816178025396
1.5060730914521958	0.39829816178025396
1.5060730914521958	0.39829816178025396
1.5060730914521958	0.39829816178025396
1.4958964605921037	0.3979438966382446
1.4958964605921037	0.3979438966382446
1.503171301510929	0.4027979694089251
1.503171301510929	0.4027979694089251
1.5009801909603482	0.39102775106310106
1.5009801909603482	0.39102775106310106
1.5009801909603482	0.39102775106310106
1.5009801909603482	0.39102775106310106
1.5009801909603482	0.39102775106310106
1.5009801909603482	0.39102775106310106
1.5009801909603482	0.39102775106310106
1.5009801909603482	0.39102775106310106
1.5009801909603482	0.39102775106310106
1.5009801909603482	0.39102775106310106
1.5009801909603482	0.39102775106310106
1.5009801909603482	0.39102775106310106
1.5009801909603482	0.39102775106310106
1.5088410555622793	0.40374915047465393
1.5088410555622793	0.40374915047465393
1.5088410555622793	0.40374915047465393
1.5088410555622793	0.40374915047465393
1.5061945225105382	0.39273073363617167
1.4955496753561326	0.39202001387041485
1.4955496753561326	0.39202001387041485
1.4955496753561326	0.39202001387041485
1.4955496753561326	0.39202001387041485
1.4955496753561326	0.39202001387041485
1.4955496753561326	0.39202001387041485
1.4955496753561326	0.39202001387041485
1.4955496753561326	0.39202001387041485
1.4955496753561326	0.39202001387041485
1.5045846263850515	0.40187360211661455
1.5045846263850515	0.40187360211661455
1.5045846263850515	0.40187360211661455
1.5243830273343577	0.4009191244769521
1.5243830273343577	0.4009191244769521
1.5243830273343577	0.4009191244769521
1.5243830273343577	0.4009191244769521
1.511427804478618	0.4002270604576836
1.511427804478618	0.4002270604576836
1.511427804478618	0.4002270604576836
1.511427804478618	0.4002270604576836
1.4980487129826012	0.39023411185429246
1.5092000790844795	0.39669057439018646
1.5092000790844795	0.39669057439018646
1.505318100707777	0.3976541935217231
1.505318100707777	0.3976541935217231
1.5266663023137412	0.3947183746255739
1.5017322222179093	0.40275962386120623
1.514955658062989	0.3957464208192751
1.514955658062989	0.3957464208192751
1.514955658062989	0.3957464208192751
1.5169745321108161	0.3958515512736508
1.5169745321108161	0.3958515512736508
1.5169745321108161	0.3958515512736508
1.5169745321108161	0.3958515512736508
1.5169745321108161	0.3958515512736508
1.4954802994458698	0.4028560216577685
1.4901533981044104	0.3929152018772287
1.4901533981044104	0.3929152018772287
1.5033099846826	0.3889756826368597
1.5033099846826	0.3889756826368597
1.5033099846826	0.3889756826368597
1.4945342485973945	0.39203989197404443
1.4945342485973945	0.39203989197404443
1.5329880933519555	0.3878193027810987
1.5329880933519555	0.3878193027810987
1.5329880933519555	0.3878193027810987
1.5329880933519555	0.3878193027810987
1.5329880933519555	0.3878193027810987
1.5359047485074093	0.3904217280719815
1.523493987469192	0.3862001649360848
1.523493987469192	0.3862001649360848
1.523493987469192	0.3862001649360848
1.5006883353952747	0.3837873032601498
1.5271568039253236	0.39962348912095447
1.5271568039253236	0.39962348912095447
1.5271568039253236	0.39962348912095447
1.5271568039253236	0.39962348912095447
1.5271568039253236	0.39962348912095447
1.4938482768910704	0.39005381596387523
1.4938482768910704	0.39005381596387523
1.5255367183820632	0.39075830088371377
1.5255367183820632	0.39075830088371377
1.5118255747947034	0.3988917065767332
1.5118255747947034	0.3988917065767332
1.5118255747947034	0.3988917065767332
1.524278229254688	0.39769954495775806
1.524278229254688	0.39769954495775806
1.5105816618771137	0.39515935675849484
1.5105816618771137	0.39515935675849484
1.5105816618771137	0.39515935675849484
1.5105816618771137	0.39515935675849484
1.5105816618771137	0.39515935675849484
1.5105816618771137	0.39515935675849484
1.5141211520822095	0.4016171354863351
1.4931976756540197	0.4013571879185204
1.4931976756540197	0.4013571879185204
1.4931976756540197	0.4013571879185204
1.4931976756540197	0.4013571879185204
1.4931976756540197	0.4013571879185204
1.4931976756540197	0.4013571879185204
1.5158641505592192	0.3911610386099863
1.5158641505592192	0.3911610386099863
1.5158641505592192	0.3911610386099863
1.5158641505592192	0.3911610386099863
1.5158641505592192	0.3911610386099863
1.5158641505592192	0.3911610386099863
1.504673726869538	0.40110755385387376
1.504673726869538	0.40110755385387376
1.504673726869538	0.40110755385387376
1.504673726869538	0.40110755385387376
1.504673726869538	0.40110755385387376
1.504673726869538	0.40110755385387376
1.504673726869538	0.40110755385387376
1.504673726869538	0.40110755385387376
1.504673726869538	0.40110755385387376
1.504673726869538	0.40110755385387376
1.504673726869538	0.40110755385387376
1.504673726869538	0.40110755385387376
1.504673726869538	0.40110755385387376
1.504673726869538	0.40110755385387376
1.504673726869538	0.40110755385387376
1.5062219811326396	0.40386475935782595
1.4930379184249907	0.39958343149211467
1.5144271850229007	0.3890420566805878
1.5144271850229007	0.3890420566805878
1.5010252745014954	0.3997912788274652
1.5010252745014954	0.3997912788274652
1.5010252745014954	0.3997912788274652
1.5010252745014954	0.3997912788274652
1.5010252745014954	0.3997912788274652
1.5010252745014954	0.3997912788274652
1.5076355020786143	0.40064282896264997
1.5105524394281058	0.39911951665612794
1.5105524394281058	0.39911951665612794
1.5105524394281058	0.39911951665612794
1.5105524394281058	0.39911951665612794
1.5105524394281058	0.39911951665612794
1.5105524394281058	0.39911951665612794
1.5105524394281058	0.39911951665612794
1.5105524394281058	0.39911951665612794
1.5105524394281058	0.39911951665612794
1.5105524394281058	0.39911951665612794
1.512951401544586	0.3932724541808174
1.512951401544586	0.3932724541808174
1.512951401544586	0.3932724541808174
1.512951401544586	0.3932724541808174
1.5014174391655362	0.38790115705945993
1.5014174391655362	0.38790115705945993
1.5014174391655362	0.38790115705945993
1.5014174391655362	0.38790115705945993
1.5014174391655362	0.38790115705945993
1.4861119772882647	0.3912951619337135
1.4861119772882647	0.3912951619337135
1.4861119772882647	0.3912951619337135
1.4861119772882647	0.3912951619337135
1.4861119772882647	0.3912951619337135
1.4861119772882647	0.3912951619337135
1.5026592323734962	0.39905182254150834
1.5026592323734962	0.39905182254150834
1.5026592323734962	0.39905182254150834
1.5026592323734962	0.39905182254150834
1.5026592323734962	0.39905182254150834
1.5026592323734962	0.39905182254150834
1.5026592323734962	0.39905182254150834
1.5026592323734962	0.39905182254150834
1.5026592323734962	0.39905182254150834
1.5026592323734962	0.39905182254150834
1.5026592323734962	0.39905182254150834
1.5026592323734962	0.39905182254150834
1.5026592323734962	0.39905182254150834
1.5026592323734962	0.39905182254150834
1.5026592323734962	0.39905182254150834
1.5026592323734962	0.39905182254150834
1.5026592323734962	0.39905182254150834
1.5001834262121578	0.3995322313871993
1.5001834262121578	0.3995322313871993
1.5001834262121578	0.3995322313871993
1.5001834262121578	0.3995322313871993
1.5001834262121578	0.3995322313871993
1.5001834262121578	0.3995322313871993
1.5001834262121578	0.3995322313871993
1.5001834262121578	0.3995322313871993
1.5001834262121578	0.3995322313871993
1.5001834262121578	0.3995322313871993
1.5001834262121578	0.3995322313871993
1.5001834262121578	0.3995322313871993
1.5001834262121578	0.3995322313871993
1.5001834262121578	0.3995322313871993
1.5001834262121578	0.3995322313871993
1.5001834262121578	0.3995322313871993
1.5001834262121578	0.3995322313871993
1.5001834262121578	0.3995322313871993
1.5001834262121578	0.3995322313871993
1.5001834262121578	0.3995322313871993
1.5001834262121578	0.3995322313871993
1.5001834262121578	0.3995322313871993
1.5001834262121578	0.3995322313871993
1.5001834262121578	0.3995322313871993
1.5001834262121578	0.3995322313871993
1.5001834262121578	0.3995322313871993
1.4967264514014906	0.39751866023636306
1.4967264514014906	0.39751866023636306
1.4967264514014906	0.39751866023636306
1.4967264514014906	0.39751866023636306
1.5074639061246082	0.39461531521592697
1.5074639061246082	0.39461531521592697
1.5074639061246082	0.39461531521592697
1.5074639061246082	0.39461531521592697
1.5074639061246082	0.39461531521592697
1.5074639061246082	0.39461531521592697
1.5074639061246082	0.39461531521592697
1.5074639061246082	0.39461531521592697
1.5074639061246082	0.39461531521592697
1.5074639061246082	0.39461531521592697
1.5074639061246082	0.39461531521592697
1.5074639061246082	0.39461531521592697
1.5198589108062464	0.39147268133659524
1.5198589108062464	0.39147268133659524
1.5198589108062464	0.39147268133659524
1.5198589108062464	0.39147268133659524
1.5198589108062464	0.39147268133659524
1.4958412183315937	0.3980402741508791
1.4958412183315937	0.3980402741508791
1.4958412183315937	0.3980402741508791
1.4958412183315937	0.3980402741508791
1.495040150756905	0.3997257210825258
1.495040150756905	0.3997257210825258
1.5019981933124682	0.3936742760785943
1.510711224736712	0.39331996256471546
1.510711224736712	0.39331996256471546
1.510711224736712	0.39331996256471546
1.510711224736712	0.39331996256471546
1.510711224736712	0.39331996256471546
1.510711224736712	0.39331996256471546
1.510711224736712	0.39331996256471546
1.510711224736712	0.39331996256471546
1.510711224736712	0.39331996256471546
1.510711224736712	0.39331996256471546
1.510711224736712	0.39331996256471546
1.510711224736712	0.39331996256471546
1.510711224736712	0.39331996256471546
1.510711224736712	0.39331996256471546
1.510711224736712	0.39331996256471546
1.510711224736712	0.39331996256471546
1.510711224736712	0.39331996256471546
1.510711224736712	0.39331996256471546
1.510711224736712	0.39331996256471546
1.510711224736712	0.39331996256471546
1.5032738814097928	0.3943752047781522
1.5032738814097928	0.3943752047781522
1.5032738814097928	0.3943752047781522
1.518237452745064	0.40047525953498253
1.518237452745064	0.40047525953498253
1.518237452745064	0.40047525953498253
1.518237452745064	0.40047525953498253
1.518237452745064	0.40047525953498253
1.5193035018221064	0.3984671820003418
1.5193035018221064	0.3984671820003418
1.5193035018221064	0.3984671820003418
1.5019011674812184	0.3996387597308629
1.5019011674812184	0.3996387597308629
1.5019011674812184	0.3996387597308629
1.5019011674812184	0.3996387597308629
1.5098528536820233	0.3974624421014198
1.5098528536820233	0.3974624421014198
1.4982656181061318	0.38704378330772315
1.4982656181061318	0.38704378330772315
1.4982656181061318	0.38704378330772315
1.4982656181061318	0.38704378330772315
1.4982656181061318	0.38704378330772315
1.4982656181061318	0.38704378330772315
1.4982656181061318	0.38704378330772315
1.4982656181061318	0.38704378330772315
1.5271533735415417	0.389785183547948
1.5271533735415417	0.389785183547948
1.5271533735415417	0.389785183547948
1.5271533735415417	0.389785183547948
1.5033062783621265	0.3883844602051779
1.5033062783621265	0.3883844602051779
1.501213674799655	0.3901498497424559
1.501213674799655	0.3901498497424559
1.492654283296455	0.3959558460695567
1.492654283296455	0.3959558460695567
1.4815189410195386	0.3996178855374963
1.4815189410195386	0.3996178855374963
1.4815189410195386	0.3996178855374963
1.4815189410195386	0.3996178855374963
1.4986309869341221	0.40066753249261944
1.4986309869341221	0.40066753249261944
1.4986309869341221	0.40066753249261944
1.4920657561611599	0.38570902720874783
1.4920657561611599	0.38570902720874783
1.4987791939423731	0.39208541980567047
1.4987791939423731	0.39208541980567047
1.4987791939423731	0.39208541980567047
1.4987791939423731	0.39208541980567047
1.4987791939423731	0.39208541980567047
1.4987791939423731	0.39208541980567047
1.5181155899123004	0.39111725507590395
1.5181155899123004	0.39111725507590395
1.5181155899123004	0.39111725507590395
1.5181155899123004	0.39111725507590395
1.516439773481926	0.397571131813524
1.516439773481926	0.397571131813524
1.516439773481926	0.397571131813524
1.516439773481926	0.397571131813524
1.516439773481926	0.397571131813524
1.516439773481926	0.397571131813524
1.516439773481926	0.397571131813524
1.516439773481926	0.397571131813524
1.516439773481926	0.397571131813524
1.516439773481926	0.397571131813524
1.516439773481926	0.397571131813524
1.516439773481926	0.397571131813524
1.516439773481926	0.397571131813524
1.516439773481926	0.397571131813524
1.5018800731318953	0.3930760531160333
1.5018800731318953	0.3930760531160333
1.5018800731318953	0.3930760531160333
1.5018800731318953	0.3930760531160333
1.5067753031563118	0.3972499694093988
1.5067753031563118	0.3972499694093988
1.5067753031563118	0.3972499694093988
1.5067753031563118	0.3972499694093988
1.5067753031563118	0.3972499694093988
1.5067753031563118	0.3972499694093988
1.5067753031563118	0.3972499694093988
1.5102002981406348	0.3945464604136137
1.5102002981406348	0.3945464604136137
1.5102002981406348	0.3945464604136137
1.5102002981406348	0.3945464604136137
1.5102002981406348	0.3945464604136137
1.5102002981406348	0.3945464604136137
1.5102002981406348	0.3945464604136137
1.5102002981406348	0.3945464604136137
1.5102002981406348	0.3945464604136137
1.5102002981406348	0.3945464604136137
1.5102002981406348	0.3945464604136137
1.5102002981406348	0.3945464604136137
1.5102002981406348	0.3945464604136137
1.5102002981406348	0.3945464604136137
1.5102002981406348	0.3945464604136137
1.5102002981406348	0.3945464604136137
1.5102002981406348	0.3945464604136137
1.5102002981406348	0.3945464604136137
1.5102002981406348	0.3945464604136137
1.5102002981406348	0.3945464604136137
1.5102002981406348	0.3945464604136137
1.5102002981406348	0.3945464604136137
1.5102002981406348	0.3945464604136137
1.5102002981406348	0.3945464604136137
1.5102002981406348	0.3945464604136137
1.5102002981406348	0.3945464604136137
1.5102002981406348	0.3945464604136137
1.5102002981406348	0.3945464604136137
1.5102002981406348	0.3945464604136137
1.5102002981406348	0.3945464604136137
1.5102002981406348	0.3945464604136137
1.5102002981406348	0.3945464604136137
1.4907555790480318	0.3966202084814054
1.5290648698399079	0.3942564523640761
1.5290648698399079	0.3942564523640761
1.500065590870465	0.385187749312423
1.5274813379838397	0.38676366601130147
1.518421963107338	0.38625206586779187
1.518421963107338	0.38625206586779187
1.5268828815321034	0.39141220147988665
1.5268828815321034	0.39141220147988665
1.5268828815321034	0.39141220147988665
1.5268828815321034	0.39141220147988665
1.4906534060385932	0.3937362761981595
1.5016560831249202	0.3996136792586587
1.5016560831249202	0.3996136792586587
1.5016560831249202	0.3996136792586587
1.5016560831249202	0.3996136792586587
1.5016560831249202	0.3996136792586587
1.5016560831249202	0.3996136792586587
1.5016560831249202	0.3996136792586587
1.49453357128729	0.39476314968839443
1.49453357128729	0.39476314968839443
1.5099764871791221	0.39223294812726167
1.5005572707901644	0.3961939972063529
1.5034831096861183	0.39383555368983486
1.4786752772831593	0.39664276435074675
1.4786752772831593	0.39664276435074675
1.4734264761361728	0.3995678210837421
1.494110027362436	0.4064874207367898
1.494110027362436	0.4064874207367898
1.494110027362436	0.4064874207367898
1.494110027362436	0.4064874207367898
1.5021165212556387	0.38343108736856657
1.5021165212556387	0.38343108736856657
1.5021165212556387	0.38343108736856657
1.51406173481396	0.38728696518645905
1.51406173481396	0.38728696518645905
1.5246398273131447	0.398350896566705
1.5246398273131447	0.398350896566705
1.5095670446950546	0.3956721164043375
1.5095670446950546	0.3956721164043375
1.5095670446950546	0.3956721164043375
1.5193489558820674	0.3889353872754299
1.5193489558820674	0.3889353872754299
1.5193489558820674	0.3889353872754299
1.5273966930131122	0.39365798740435765
1.5273966930131122	0.39365798740435765
1.5273966930131122	0.39365798740435765
1.5273966930131122	0.39365798740435765
1.5208263138886156	0.3862545938116358
1.5208263138886156	0.3862545938116358
1.5285286745833182	0.39392237121844526
1.5285286745833182	0.39392237121844526
1.5285286745833182	0.39392237121844526
1.5285286745833182	0.39392237121844526
1.5285286745833182	0.39392237121844526
1.5285286745833182	0.39392237121844526
1.5026460422628503	0.3874020920757591
1.5026460422628503	0.3874020920757591
1.5026460422628503	0.3874020920757591
1.5026460422628503	0.3874020920757591
1.4930233668732469	0.3993264742704675
1.5137296525460724	0.39518034812472597
1.5137296525460724	0.39518034812472597
1.5137296525460724	0.39518034812472597
1.5137296525460724	0.39518034812472597
1.5137296525460724	0.39518034812472597
1.5137296525460724	0.39518034812472597
1.5137296525460724	0.39518034812472597
1.5137296525460724	0.39518034812472597
1.494851198472601	0.4028743601938148
1.5094161190144249	0.4054914360077203
1.5318249548510126	0.39755147916923594
1.534751114889937	0.38500421135069435
1.534751114889937	0.38500421135069435
1.5275115221663886	0.3816759966033939
1.4933406401253069	0.39851108103139377
1.4933406401253069	0.39851108103139377
1.4933406401253069	0.39851108103139377
1.4933406401253069	0.39851108103139377
1.4933406401253069	0.39851108103139377
1.5043425788773126	0.39394728570014326
1.5043425788773126	0.39394728570014326
1.5043425788773126	0.39394728570014326
1.5056121269607656	0.3931835800513867
1.5056121269607656	0.3931835800513867
1.5056121269607656	0.3931835800513867
1.5056121269607656	0.3931835800513867
1.5056121269607656	0.3931835800513867
1.5056121269607656	0.3931835800513867
1.528309573607633	0.39374061186563547
1.528309573607633	0.39374061186563547
1.528309573607633	0.39374061186563547
1.531821170739323	0.4092994644191958
1.531821170739323	0.4092994644191958
1.531821170739323	0.4092994644191958
1.491818158873339	0.39308811916753006
1.491818158873339	0.39308811916753006
1.5148309476596395	0.40020206893605104
1.5148309476596395	0.40020206893605104
1.5148309476596395	0.40020206893605104
1.5148309476596395	0.40020206893605104
1.5148309476596395	0.40020206893605104
1.5148309476596395	0.40020206893605104
1.5148309476596395	0.40020206893605104
1.5148309476596395	0.40020206893605104
1.5148309476596395	0.40020206893605104
1.5148309476596395	0.40020206893605104
1.5148309476596395	0.40020206893605104
1.5148309476596395	0.40020206893605104
1.5148309476596395	0.40020206893605104
1.5148309476596395	0.40020206893605104
1.5148309476596395	0.40020206893605104
1.5148309476596395	0.40020206893605104
1.5148309476596395	0.40020206893605104
1.5148309476596395	0.40020206893605104
1.5148309476596395	0.40020206893605104
1.5148309476596395	0.40020206893605104
1.5148309476596395	0.40020206893605104
1.5148309476596395	0.40020206893605104
1.5148309476596395	0.40020206893605104
1.5148309476596395	0.40020206893605104
1.5148309476596395	0.40020206893605104
1.4928941473655977	0.4024478756982987
1.520839230819738	0.405950238273668
1.520839230819738	0.405950238273668
1.520839230819738	0.405950238273668
1.5375733047269975	0.39610914604020464
1.5375733047269975	0.39610914604020464
1.5375733047269975	0.39610914604020464
1.5375733047269975	0.39610914604020464
1.5304809422637564	0.4003659525525333
1.495682179969072	0.3987626489263904
1.495682179969072	0.3987626489263904
1.495682179969072	0.3987626489263904
1.495682179969072	0.3987626489263904
1.4834084153281724	0.404252937476164
1.4834084153281724	0.404252937476164
1.4834084153281724	0.404252937476164
1.5171523676227119	0.3891505506291236
1.5198153931757363	0.4028178029135603
1.5198153931757363	0.4028178029135603
1.5198153931757363	0.4028178029135603
1.5198153931757363	0.4028178029135603
1.5198153931757363	0.4028178029135603
1.5198153931757363	0.4028178029135603
1.5198153931757363	0.4028178029135603
1.5198153931757363	0.4028178029135603
1.5357770083502404	0.3924121585220692
1.5357770083502404	0.3924121585220692
1.5357770083502404	0.3924121585220692
1.5357770083502404	0.3924121585220692
1.5086695602967104	0.3940429468725783
1.5086695602967104	0.3940429468725783
1.5086695602967104	0.3940429468725783
1.5086695602967104	0.3940429468725783
1.5086695602967104	0.3940429468725783
1.5086695602967104	0.3940429468725783
1.5086695602967104	0.3940429468725783
1.5086695602967104	0.3940429468725783
1.5086695602967104	0.3940429468725783
1.5086695602967104	0.3940429468725783
1.5086695602967104	0.3940429468725783
1.5086695602967104	0.3940429468725783
1.5086695602967104	0.3940429468725783
1.5086695602967104	0.3940429468725783
1.5086695602967104	0.3940429468725783
1.5086695602967104	0.3940429468725783
1.5086695602967104	0.3940429468725783
1.5086695602967104	0.3940429468725783
1.5086695602967104	0.3940429468725783
1.5086695602967104	0.3940429468725783
1.5086695602967104	0.3940429468725783
1.5086695602967104	0.3940429468725783
1.5086695602967104	0.3940429468725783
1.5086695602967104	0.3940429468725783
1.5086695602967104	0.3940429468725783
1.5086695602967104	0.3940429468725783
1.5086695602967104	0.3940429468725783
1.4932492519037204	0.3917272355753419
1.4932492519037204	0.3917272355753419
1.4932492519037204	0.3917272355753419
1.4932492519037204	0.3917272355753419
1.4932492519037204	0.3917272355753419
1.4932492519037204	0.3917272355753419
1.4932492519037204	0.3917272355753419
1.4932492519037204	0.3917272355753419
1.4932492519037204	0.3917272355753419
1.4932492519037204	0.3917272355753419
1.4932492519037204	0.3917272355753419
1.5091101153118247	0.39747294845592784
1.487408630573329	0.39636661624023
1.487408630573329	0.39636661624023
1.487408630573329	0.39636661624023
1.495429740469712	0.3904837545766714
1.495429740469712	0.3904837545766714
1.495429740469712	0.3904837545766714
1.495429740469712	0.3904837545766714
1.5212938276911523	0.3979494249548857
1.5118423635764404	0.4018050507842025
1.5118423635764404	0.4018050507842025
1.5118423635764404	0.4018050507842025
1.509567562359754	0.4057498695890428
1.5071893579215494	0.40433476668399304
1.5071893579215494	0.40433476668399304
1.4886613417466628	0.39492843646156334
1.4886613417466628	0.39492843646156334
1.4886613417466628	0.39492843646156334
1.5021170848529577	0.38758368583374997
1.5021170848529577	0.38758368583374997
1.5021170848529577	0.38758368583374997
1.5021170848529577	0.38758368583374997
1.5021170848529577	0.38758368583374997
1.5021170848529577	0.38758368583374997
1.5021170848529577	0.38758368583374997
1.5021170848529577	0.38758368583374997
1.5133297342957526	0.3977906339852647
1.5133297342957526	0.3977906339852647
1.5133297342957526	0.3977906339852647
1.5133297342957526	0.3977906339852647
1.5133297342957526	0.3977906339852647
1.5133297342957526	0.3977906339852647
1.505916642278892	0.39605658536746047
1.505916642278892	0.39605658536746047
1.5262523686164697	0.3903121994286007
1.5063974170132663	0.39807967185012727
1.5063974170132663	0.39807967185012727
1.5063974170132663	0.39807967185012727
1.5067137240633084	0.3982437637333559
1.49946536743088	0.393458595963628
1.49946536743088	0.393458595963628
1.49946536743088	0.393458595963628
1.49946536743088	0.393458595963628
1.5110226546789947	0.39925704267992734
1.5110226546789947	0.39925704267992734
1.5110226546789947	0.39925704267992734
1.5110226546789947	0.39925704267992734
1.5110226546789947	0.39925704267992734
1.5110226546789947	0.39925704267992734
1.5018022391796346	0.39729107187120893
1.5018022391796346	0.39729107187120893
1.5018022391796346	0.39729107187120893
1.5018022391796346	0.39729107187120893
1.5018022391796346	0.39729107187120893
1.5018022391796346	0.39729107187120893
1.5018022391796346	0.39729107187120893
1.5018022391796346	0.39729107187120893
1.5018022391796346	0.39729107187120893
1.5018022391796346	0.39729107187120893
1.5018022391796346	0.39729107187120893
1.5018022391796346	0.39729107187120893
1.5018022391796346	0.39729107187120893
1.5018022391796346	0.39729107187120893
1.5018022391796346	0.39729107187120893
1.5090779956574993	0.3978053808352615
1.5090779956574993	0.3978053808352615
1.5090779956574993	0.3978053808352615
1.5090779956574993	0.3978053808352615
1.5032592175690846	0.40477339362088904
1.5032592175690846	0.40477339362088904
1.5032592175690846	0.40477339362088904
1.5032592175690846	0.40477339362088904
1.5032592175690846	0.40477339362088904
1.5032592175690846	0.40477339362088904
1.5143771298882625	0.4000217747366021
1.5143771298882625	0.4000217747366021
1.5143771298882625	0.4000217747366021
1.5143771298882625	0.4000217747366021
1.5182948053686518	0.3948530557928623
1.5182948053686518	0.3948530557928623
1.5182948053686518	0.3948530557928623
1.5182948053686518	0.3948530557928623
1.5182948053686518	0.3948530557928623
1.5182948053686518	0.3948530557928623
1.5182948053686518	0.3948530557928623
1.4872281364767677	0.39147312466464207
1.4872281364767677	0.39147312466464207
1.4872281364767677	0.39147312466464207
1.4849856048404324	0.39078826642413744
1.4918401580180773	0.39406796548688017
1.4918401580180773	0.39406796548688017
1.4918401580180773	0.39406796548688017
1.5112987907768358	0.3893016840745699
1.5112987907768358	0.3893016840745699
1.5112987907768358	0.3893016840745699
1.5112987907768358	0.3893016840745699
1.5058952811524735	0.3828756858784882
1.5155068074934088	0.4039029946108199
1.5155068074934088	0.4039029946108199
1.526175282913408	0.39683842081213666
1.5149057414512377	0.40388143068185506
1.5149057414512377	0.40388143068185506
1.5149057414512377	0.40388143068185506
1.5149057414512377	0.40388143068185506
1.5216631166998487	0.39625339957639893
1.5054685138481714	0.39450428663254095
1.5054685138481714	0.39450428663254095
1.5054685138481714	0.39450428663254095
1.5054685138481714	0.39450428663254095
1.5054685138481714	0.39450428663254095
1.5054685138481714	0.39450428663254095
1.5054685138481714	0.39450428663254095
1.5054685138481714	0.39450428663254095
1.507709127248715	0.3893570722852788
1.507709127248715	0.3893570722852788
1.507709127248715	0.3893570722852788
1.507709127248715	0.3893570722852788
1.507709127248715	0.3893570722852788
1.507709127248715	0.3893570722852788
1.507709127248715	0.3893570722852788
1.507709127248715	0.3893570722852788
1.507709127248715	0.3893570722852788
1.507709127248715	0.3893570722852788
1.507709127248715	0.3893570722852788
1.5144537295148814	0.3974250825861695
1.5144537295148814	0.3974250825861695
1.5144537295148814	0.3974250825861695
1.5144537295148814	0.3974250825861695
1.5144537295148814	0.3974250825861695
1.5144537295148814	0.3974250825861695
1.5144537295148814	0.3974250825861695
1.509717770337285	0.40682334021818717
1.5311562450225789	0.3984088266882849
1.5311562450225789	0.3984088266882849
1.5175420809501865	0.39463533386573535
1.5175420809501865	0.39463533386573535
1.512060719709631	0.40259638781614226
1.512060719709631	0.40259638781614226
1.512060719709631	0.40259638781614226
1.512060719709631	0.40259638781614226
1.512060719709631	0.40259638781614226
1.487894240420891	0.38974646881745645
1.487894240420891	0.38974646881745645
1.487894240420891	0.38974646881745645
1.4885872769553499	0.39187974601476494
1.4885872769553499	0.39187974601476494
1.4885872769553499	0.39187974601476494
1.508798385952575	0.39823369391086244
1.508798385952575	0.39823369391086244
1.508798385952575	0.39823369391086244
1.510464716790366	0.39888137172357724
1.510464716790366	0.39888137172357724
1.510464716790366	0.39888137172357724
1.5170860406919848	0.39191349479877974
1.5170860406919848	0.39191349479877974
1.5170860406919848	0.39191349479877974
1.5170860406919848	0.39191349479877974
1.5170860406919848	0.39191349479877974
1.5170860406919848	0.39191349479877974
1.5170860406919848	0.39191349479877974
1.5170860406919848	0.39191349479877974
1.5170860406919848	0.39191349479877974
1.5170860406919848	0.39191349479877974
1.5170860406919848	0.39191349479877974
1.5170860406919848	0.39191349479877974
1.5170860406919848	0.39191349479877974
1.517469412806669	0.39174980934439807
1.517469412806669	0.39174980934439807
1.517469412806669	0.39174980934439807
1.517469412806669	0.39174980934439807
1.517469412806669	0.39174980934439807
1.517469412806669	0.39174980934439807
1.517469412806669	0.39174980934439807
1.517469412806669	0.39174980934439807
1.517469412806669	0.39174980934439807
1.5037768121780062	0.39184770415133385
1.5037768121780062	0.39184770415133385
1.5037768121780062	0.39184770415133385
1.5298280514091793	0.3997022071248318
1.5298280514091793	0.3997022071248318
1.5298280514091793	0.3997022071248318
1.5298280514091793	0.3997022071248318
1.5298280514091793	0.3997022071248318
1.5298280514091793	0.3997022071248318
1.5298280514091793	0.3997022071248318
1.5298280514091793	0.3997022071248318
1.5298280514091793	0.3997022071248318
1.5244366488465104	0.39968317999916114
1.5244366488465104	0.39968317999916114
1.5244366488465104	0.39968317999916114
1.5405970838557526	0.39165669751719356
1.5405970838557526	0.39165669751719356
1.5405970838557526	0.39165669751719356
1.5405970838557526	0.39165669751719356
1.5357339632620934	0.3889088712905549
1.5357339632620934	0.3889088712905549
1.5130143969553975	0.38893006345666903
1.5064454702442207	0.39258385871742274
1.5064454702442207	0.39258385871742274
1.5064454702442207	0.39258385871742274
1.5064454702442207	0.39258385871742274
1.5064454702442207	0.39258385871742274
1.5064454702442207	0.39258385871742274
1.5064454702442207	0.39258385871742274
1.5064454702442207	0.39258385871742274
1.5064454702442207	0.39258385871742274
1.5064454702442207	0.39258385871742274
1.5064454702442207	0.39258385871742274
1.5064454702442207	0.39258385871742274
1.5064454702442207	0.39258385871742274
1.5026567853609147	0.39184966301245844
1.5026567853609147	0.39184966301245844
1.5026567853609147	0.39184966301245844
1.5026567853609147	0.39184966301245844
1.5026567853609147	0.39184966301245844
1.5026567853609147	0.39184966301245844
1.5026567853609147	0.39184966301245844
1.4987402688706584	0.39862492758732704
1.4987402688706584	0.39862492758732704
1.4987402688706584	0.39862492758732704
1.5054475794168847	0.39198320372903056
1.4918506980932331	0.40051773148973296
1.4918506980932331	0.40051773148973296
1.4949356936723852	0.40133626628810887
1.4949356936723852	0.40133626628810887
1.4949356936723852	0.40133626628810887
1.4949356936723852	0.40133626628810887
1.4949356936723852	0.40133626628810887
1.4949356936723852	0.40133626628810887
1.4949356936723852	0.40133626628810887
1.4949356936723852	0.40133626628810887
1.4949356936723852	0.40133626628810887
1.4949356936723852	0.40133626628810887
1.5001716421127491	0.39652305764884715
1.5001716421127491	0.39652305764884715
1.5001716421127491	0.39652305764884715
1.5001716421127491	0.39652305764884715
1.4983460171969878	0.3943253002122715
1.4983460171969878	0.3943253002122715
1.4983460171969878	0.3943253002122715
1.4983460171969878	0.3943253002122715
1.4983460171969878	0.3943253002122715
1.4983460171969878	0.3943253002122715
1.5121621954108047	0.39201065924843154
1.5121621954108047	0.39201065924843154
1.5121621954108047	0.39201065924843154
1.5121621954108047	0.39201065924843154
1.5121621954108047	0.39201065924843154
1.5121621954108047	0.39201065924843154
1.5121621954108047	0.39201065924843154
1.5121621954108047	0.39201065924843154
1.5121621954108047	0.39201065924843154
1.5121621954108047	0.39201065924843154
1.5121621954108047	0.39201065924843154
1.5121621954108047	0.39201065924843154
1.513734611119806	0.39781596192587704
1.513734611119806	0.39781596192587704
1.5245844276631237	0.39413089095580056
1.5077338655692838	0.39850286689754755
1.5077338655692838	0.39850286689754755
1.5077338655692838	0.39850286689754755
1.5077338655692838	0.39850286689754755
1.5077338655692838	0.39850286689754755
1.5077338655692838	0.39850286689754755
1.5077338655692838	0.39850286689754755
1.5077338655692838	0.39850286689754755
1.5077338655692838	0.39850286689754755
1.5058729311791172	0.39080701450810557
1.5058729311791172	0.39080701450810557
1.5058729311791172	0.39080701450810557
1.5058729311791172	0.39080701450810557
1.511695816025186	0.3855352137632299
1.511695816025186	0.3855352137632299
1.5304903092458482	0.4040463679547859
1.5304903092458482	0.4040463679547859
1.5272275395419062	0.40486985656100594
1.5272275395419062	0.40486985656100594
1.537971392488147	0.39271353240054635
1.5222671563505825	0.3960039772164364
1.5048308512284645	0.4047160821377782
1.4864784864868288	0.391112395930852
1.4864784864868288	0.391112395930852
1.4864784864868288	0.391112395930852
1.4864784864868288	0.391112395930852
1.496983253967865	0.39027297839908587
1.496983253967865	0.39027297839908587
1.529509711258965	0.38994200296530773
1.511715641277353	0.38967167118858126
1.511715641277353	0.38967167118858126
1.4942817437802765	0.3996528030647255
1.4942817437802765	0.3996528030647255
1.4942817437802765	0.3996528030647255
1.4942817437802765	0.3996528030647255
1.4942817437802765	0.3996528030647255
1.4942817437802765	0.3996528030647255
1.4942817437802765	0.3996528030647255
1.4942817437802765	0.3996528030647255
1.4942817437802765	0.3996528030647255
1.4942817437802765	0.3996528030647255
1.4942817437802765	0.3996528030647255
1.5165978590009057	0.38951718161009263
1.5165978590009057	0.38951718161009263
1.5165978590009057	0.38951718161009263
1.5142239944383296	0.39732880841983675
1.5142239944383296	0.39732880841983675
1.5107633915051408	0.4074529675044025
1.5107633915051408	0.4074529675044025
1.5107633915051408	0.4074529675044025
1.5107633915051408	0.4074529675044025
1.5107633915051408	0.4074529675044025
1.5107633915051408	0.4074529675044025
1.541303028698307	0.3967736925174396
1.541303028698307	0.3967736925174396
1.541303028698307	0.3967736925174396
1.5241565738772145	0.3962205306201777
1.5241565738772145	0.3962205306201777
1.498305207169067	0.4021571276125214
1.498305207169067	0.4021571276125214
1.498305207169067	0.4021571276125214
1.498305207169067	0.4021571276125214
1.524443500730981	0.40166672884892946
1.524443500730981	0.40166672884892946
1.524443500730981	0.40166672884892946
1.524443500730981	0.40166672884892946
1.524443500730981	0.40166672884892946
1.524443500730981	0.40166672884892946
1.524443500730981	0.40166672884892946
1.5230257302632633	0.40015038067567227
1.5230257302632633	0.40015038067567227
1.5230257302632633	0.40015038067567227
1.4989217598796887	0.3941078921958608
1.4989217598796887	0.3941078921958608
1.4989217598796887	0.3941078921958608
1.5001538525638092	0.3910259183708504
1.5001538525638092	0.3910259183708504
1.5001538525638092	0.3910259183708504
1.5001538525638092	0.3910259183708504
1.5001538525638092	0.3910259183708504
1.501965753208348	0.3914916259626387
1.501965753208348	0.3914916259626387
1.501965753208348	0.3914916259626387
1.501965753208348	0.3914916259626387
1.501965753208348	0.3914916259626387
1.501965753208348	0.3914916259626387
1.4962682127688165	0.39011053594784223
1.498655556562735	0.39136565037427423
1.498655556562735	0.39136565037427423
1.498655556562735	0.39136565037427423
1.498655556562735	0.39136565037427423
1.498655556562735	0.39136565037427423
1.498655556562735	0.39136565037427423
1.498655556562735	0.39136565037427423
1.498655556562735	0.39136565037427423
1.498655556562735	0.39136565037427423
1.5067316647458155	0.38956529012955937
1.5067316647458155	0.38956529012955937
1.5067316647458155	0.38956529012955937
1.5067316647458155	0.38956529012955937
1.5067316647458155	0.38956529012955937
1.5067316647458155	0.38956529012955937
1.5067316647458155	0.38956529012955937
1.5067316647458155	0.38956529012955937
1.4984179356165575	0.3925778465444756
1.4984179356165575	0.3925778465444756
1.4984179356165575	0.3925778465444756
1.4984179356165575	0.3925778465444756
1.4984179356165575	0.3925778465444756
1.4984179356165575	0.3925778465444756
1.4984179356165575	0.3925778465444756
1.4984179356165575	0.3925778465444756
1.4984179356165575	0.3925778465444756
1.4984179356165575	0.3925778465444756
1.4984179356165575	0.3925778465444756
1.4984179356165575	0.3925778465444756
1.4984179356165575	0.3925778465444756
1.5195735995863666	0.3892061332645632
1.5195735995863666	0.3892061332645632
1.5195735995863666	0.3892061332645632
1.5195735995863666	0.3892061332645632
1.5195735995863666	0.3892061332645632
1.5195735995863666	0.3892061332645632
1.5195735995863666	0.3892061332645632
1.5195735995863666	0.3892061332645632
1.5269172579177142	0.39352162714807254
1.5268952708397754	0.394966189262626
1.5268952708397754	0.394966189262626
1.5268952708397754	0.394966189262626
1.5251525966227528	0.39989218066083265
1.5251525966227528	0.39989218066083265
1.5251525966227528	0.39989218066083265
1.5251525966227528	0.39989218066083265
1.5251525966227528	0.39989218066083265
1.5123627575069276	0.3894512393828689
1.5123627575069276	0.3894512393828689
1.5123627575069276	0.3894512393828689
1.5123627575069276	0.3894512393828689
1.5123627575069276	0.3894512393828689
1.5123627575069276	0.3894512393828689
1.5123627575069276	0.3894512393828689
1.5123627575069276	0.3894512393828689
1.5123627575069276	0.3894512393828689
1.5123627575069276	0.3894512393828689
1.5123627575069276	0.3894512393828689
1.5123627575069276	0.3894512393828689
1.5123627575069276	0.3894512393828689
1.513254579690442	0.39009898647216373
1.513254579690442	0.39009898647216373
1.513254579690442	0.39009898647216373
1.513254579690442	0.39009898647216373
1.513254579690442	0.39009898647216373
1.513254579690442	0.39009898647216373
1.513254579690442	0.39009898647216373
1.513254579690442	0.39009898647216373
1.513254579690442	0.39009898647216373
1.513254579690442	0.39009898647216373
1.4868962692372314	0.38643389991994137
1.491008028851839	0.4037784039800073
1.5362450153269336	0.3949403379165297
1.5362450153269336	0.3949403379165297
1.5362450153269336	0.3949403379165297
1.5362450153269336	0.3949403379165297
1.5027482080582706	0.39691569587466624
1.5030483299062463	0.3956647143805833
1.509134405096572	0.3981954237791011
1.509134405096572	0.3981954237791011
1.509134405096572	0.3981954237791011
1.509134405096572	0.3981954237791011
1.509134405096572	0.3981954237791011
1.509134405096572	0.3981954237791011
1.5226881903220473	0.3897593675046991
1.5215891608507508	0.3843850859472488
1.5215891608507508	0.3843850859472488
1.52143394523537	0.396749083764431
1.52143394523537	0.396749083764431
1.52143394523537	0.396749083764431
1.5010741617160475	0.39620174202200686
1.5010741617160475	0.39620174202200686
1.5010741617160475	0.39620174202200686
1.5010741617160475	0.39620174202200686
1.5010741617160475	0.39620174202200686
1.5010741617160475	0.39620174202200686
1.5010741617160475	0.39620174202200686
1.5010741617160475	0.39620174202200686
1.517799437824813	0.3997461769440533
1.5162744993112183	0.3972241389562716
1.5162744993112183	0.3972241389562716
1.5162744993112183	0.3972241389562716
1.5020142380913895	0.4000279583225646
1.5020142380913895	0.4000279583225646
1.5020142380913895	0.4000279583225646
1.5020142380913895	0.4000279583225646
1.5020142380913895	0.4000279583225646
1.5020142380913895	0.4000279583225646
1.5020142380913895	0.4000279583225646
1.5020142380913895	0.4000279583225646
1.506917243721373	0.40277770449457145
1.506917243721373	0.40277770449457145
1.506917243721373	0.40277770449457145
1.506917243721373	0.40277770449457145
1.506917243721373	0.40277770449457145
1.506917243721373	0.40277770449457145
1.506917243721373	0.40277770449457145
1.506917243721373	0.40277770449457145
1.506917243721373	0.40277770449457145
1.506917243721373	0.40277770449457145
1.506917243721373	0.40277770449457145
1.506917243721373	0.40277770449457145
1.5340478638180928	0.3996646774610844
1.5340478638180928	0.3996646774610844
1.5340478638180928	0.3996646774610844
1.5035119326842397	0.3906565502294107
1.5035119326842397	0.3906565502294107
1.5065970218583111	0.40284437052819166
1.5065970218583111	0.40284437052819166
1.5065970218583111	0.40284437052819166
1.5341170982549097	0.3915311846481594
1.4969176650154625	0.3958893845520158
1.5280270588640346	0.39076035607394705
1.5042100264025986	0.38862712300831453
1.5042100264025986	0.38862712300831453
1.5042100264025986	0.38862712300831453
1.5042100264025986	0.38862712300831453
1.5042100264025986	0.38862712300831453
1.5042100264025986	0.38862712300831453
1.5042100264025986	0.38862712300831453
1.5042100264025986	0.38862712300831453
1.5042100264025986	0.38862712300831453
1.5042100264025986	0.38862712300831453
1.498010637827496	0.38806941632588654
1.498010637827496	0.38806941632588654
1.498010637827496	0.38806941632588654
1.498010637827496	0.38806941632588654
1.498010637827496	0.38806941632588654
1.498010637827496	0.38806941632588654
1.498010637827496	0.38806941632588654
1.5101539752990258	0.39314801802593274
1.5101539752990258	0.39314801802593274
1.4982994383375716	0.39329952935150003
1.4982994383375716	0.39329952935150003
1.4982994383375716	0.39329952935150003
1.4982994383375716	0.39329952935150003
1.4982994383375716	0.39329952935150003
1.4982994383375716	0.39329952935150003
1.4982994383375716	0.39329952935150003
1.4982994383375716	0.39329952935150003
1.4982994383375716	0.39329952935150003
1.4982994383375716	0.39329952935150003
1.4982994383375716	0.39329952935150003
1.4982994383375716	0.39329952935150003
1.5032764037960902	0.3894933583533767
1.5032764037960902	0.3894933583533767
1.5032764037960902	0.3894933583533767
1.5032764037960902	0.3894933583533767
1.5108468224124794	0.39131603195735143
1.5108468224124794	0.39131603195735143
1.5108468224124794	0.39131603195735143
1.5046189486558186	0.39469120836737315
1.5046189486558186	0.39469120836737315
1.5046189486558186	0.39469120836737315
1.5172042839600866	0.3889952581578049
1.5172042839600866	0.3889952581578049
1.5172042839600866	0.3889952581578049
1.5172042839600866	0.3889952581578049
1.5172042839600866	0.3889952581578049
1.5172042839600866	0.3889952581578049
1.5172042839600866	0.3889952581578049
1.5172042839600866	0.3889952581578049
1.5172042839600866	0.3889952581578049
1.5202597518085292	0.3914804639615228
1.5202597518085292	0.3914804639615228
1.5202597518085292	0.3914804639615228
1.5202597518085292	0.3914804639615228
1.5202597518085292	0.3914804639615228
1.5232473181192965	0.39490116454488183
1.5232473181192965	0.39490116454488183
1.5232473181192965	0.39490116454488183
1.5232473181192965	0.39490116454488183
1.5232473181192965	0.39490116454488183
1.5199825876468331	0.39129639540881367
1.4998267514754973	0.39840201489707033
1.499549086198145	0.3926969654191304
1.499549086198145	0.3926969654191304
1.5116436855149211	0.3914618880301063
1.5116436855149211	0.3914618880301063
1.5116436855149211	0.3914618880301063
1.5116436855149211	0.3914618880301063
1.5116436855149211	0.3914618880301063
1.5116436855149211	0.3914618880301063
1.5116436855149211	0.3914618880301063
1.5116436855149211	0.3914618880301063
1.5116436855149211	0.3914618880301063
1.5116436855149211	0.3914618880301063
1.5116436855149211	0.3914618880301063
1.5116436855149211	0.3914618880301063
1.5116436855149211	0.3914618880301063
1.5116436855149211	0.3914618880301063
1.5116436855149211	0.3914618880301063
1.5116436855149211	0.3914618880301063
1.5116436855149211	0.3914618880301063
1.5116436855149211	0.3914618880301063
1.5116436855149211	0.3914618880301063
1.5023465302242576	0.39116336081283487
1.518422319036149	0.4000465029692434
1.518422319036149	0.4000465029692434
1.518422319036149	0.4000465029692434
1.515253640657179	0.40584585320332295
1.515253640657179	0.40584585320332295
1.4974989394441596	0.3917400063069962
1.4974989394441596	0.3917400063069962
1.4974989394441596	0.3917400063069962
1.5364282871377175	0.3945175974244339
1.5364282871377175	0.3945175974244339
1.5364282871377175	0.3945175974244339
1.5364282871377175	0.3945175974244339
1.5364282871377175	0.3945175974244339
1.5364282871377175	0.3945175974244339
1.5364282871377175	0.3945175974244339
1.5364282871377175	0.3945175974244339
1.5364282871377175	0.3945175974244339
1.4947612237969046	0.39546843069200144
1.4947612237969046	0.39546843069200144
1.4947612237969046	0.39546843069200144
1.4947612237969046	0.39546843069200144
1.4947612237969046	0.39546843069200144
1.4947612237969046	0.39546843069200144
1.4947612237969046	0.39546843069200144
1.5254551084343901	0.3959586482709202
1.5254551084343901	0.3959586482709202
1.5254551084343901	0.3959586482709202
1.5246723007236755	0.3952450904270577
1.5246723007236755	0.3952450904270577
1.5204993848437514	0.39896138088809013
1.5204993848437514	0.39896138088809013
1.5204993848437514	0.39896138088809013
1.5204993848437514	0.39896138088809013
1.5099332862016046	0.3958291991003168
1.5099332862016046	0.3958291991003168
1.5099332862016046	0.3958291991003168
1.5099332862016046	0.3958291991003168
1.5099332862016046	0.3958291991003168
1.5099332862016046	0.3958291991003168
1.5099332862016046	0.3958291991003168
1.5099332862016046	0.3958291991003168
1.5099332862016046	0.3958291991003168
1.5099332862016046	0.3958291991003168
1.5099332862016046	0.3958291991003168
1.5099332862016046	0.3958291991003168
1.5099332862016046	0.3958291991003168
1.5099332862016046	0.3958291991003168
1.5192397566001108	0.39222943838322627
1.5088143906777707	0.3999479008915115
1.5088143906777707	0.3999479008915115
1.5088143906777707	0.3999479008915115
1.5088143906777707	0.3999479008915115
1.5088143906777707	0.3999479008915115
1.5088143906777707	0.3999479008915115
1.5088143906777707	0.3999479008915115
1.5090447550357473	0.3982030009117739
1.5090447550357473	0.3982030009117739
1.5090447550357473	0.3982030009117739
1.5090447550357473	0.3982030009117739
1.5090447550357473	0.3982030009117739
1.5090447550357473	0.3982030009117739
1.5090447550357473	0.3982030009117739
1.5076089283228855	0.39180469227342474
1.5076089283228855	0.39180469227342474
1.5076089283228855	0.39180469227342474
1.5076089283228855	0.39180469227342474
1.5076089283228855	0.39180469227342474
1.52201995236884	0.3971671172071874
1.5212907973987813	0.3977256699875744
1.5212907973987813	0.3977256699875744
1.5212907973987813	0.3977256699875744
1.5212907973987813	0.3977256699875744
1.5212907973987813	0.3977256699875744
1.5212907973987813	0.3977256699875744
1.5032736018706763	0.3890751491937549
1.5032736018706763	0.3890751491937549
1.5032736018706763	0.3890751491937549
1.508685333970507	0.394020451756874
1.508685333970507	0.394020451756874
1.508685333970507	0.394020451756874
1.508685333970507	0.394020451756874
1.5170412612989022	0.39122978176630674
1.5170412612989022	0.39122978176630674
1.5170412612989022	0.39122978176630674
1.5170412612989022	0.39122978176630674
1.5216284680360905	0.3873854736169742
1.5216284680360905	0.3873854736169742
1.5216284680360905	0.3873854736169742
1.5287741366542482	0.3929130821241221
1.5206321238010072	0.3933332938125344
1.5206321238010072	0.3933332938125344
1.5206321238010072	0.3933332938125344
1.5206321238010072	0.3933332938125344
1.5206321238010072	0.3933332938125344
1.5206321238010072	0.3933332938125344
1.5235879448843974	0.3893357221248015
1.5235879448843974	0.3893357221248015
1.4991390464456182	0.39744142543920713
1.4991390464456182	0.39744142543920713
1.4991390464456182	0.39744142543920713
1.4991390464456182	0.39744142543920713
1.4991390464456182	0.39744142543920713
1.517035682467377	0.39842963663743725
1.517035682467377	0.39842963663743725
1.517035682467377	0.39842963663743725
1.517035682467377	0.39842963663743725
1.517035682467377	0.39842963663743725
1.517035682467377	0.39842963663743725
1.5244006446078802	0.38645480644626895
1.5244006446078802	0.38645480644626895
1.4994156605313367	0.38489671312657103
1.514055796218065	0.3970354596773993
1.514055796218065	0.3970354596773993
1.514055796218065	0.3970354596773993
1.514055796218065	0.3970354596773993
1.5335171502318468	0.3992258790065557
1.5064814347835769	0.3943790132538041
1.5064814347835769	0.3943790132538041
1.5064814347835769	0.3943790132538041
1.5064814347835769	0.3943790132538041
1.5064814347835769	0.3943790132538041
1.5172860233693453	0.3886526377485495
1.4947045265941996	0.3954688205018258
1.515377690164901	0.39207145735987486
1.515377690164901	0.39207145735987486
1.5024066097065487	0.4005762034702865
1.5024066097065487	0.4005762034702865
1.5024066097065487	0.4005762034702865
1.5024066097065487	0.4005762034702865
1.5118969214371298	0.40367778810012056
1.5118969214371298	0.40367778810012056
1.5118969214371298	0.40367778810012056
1.5118969214371298	0.40367778810012056
1.5118969214371298	0.40367778810012056
1.5118969214371298	0.40367778810012056
1.5118969214371298	0.40367778810012056
1.5082232783919156	0.40524446199485464
1.5298150150397112	0.3898160584418935
1.5298150150397112	0.3898160584418935
1.5298150150397112	0.3898160584418935
1.5298150150397112	0.3898160584418935
1.5298150150397112	0.3898160584418935
1.5298150150397112	0.3898160584418935
1.5298150150397112	0.3898160584418935
1.4995099050446308	0.3934813087317537
1.501880244082864	0.39208092055739313
1.501880244082864	0.39208092055739313
1.50764188274292	0.3956793524677793
1.50764188274292	0.3956793524677793
1.5113997355429	0.387435665631442
1.5113997355429	0.387435665631442
1.5209114188323223	0.39544463229511767
1.5209114188323223	0.39544463229511767
1.5209114188323223	0.39544463229511767
1.497547138390268	0.38923957112446156
1.51107182101088	0.3829352043437138
1.534367197910445	0.3868408689636466
1.534367197910445	0.3868408689636466
1.5161446696812253	0.384265667897067
1.5161446696812253	0.384265667897067
1.5161446696812253	0.384265667897067
1.5161446696812253	0.384265667897067
1.5161446696812253	0.384265667897067
1.5161446696812253	0.384265667897067
1.5161446696812253	0.384265667897067
1.5161446696812253	0.384265667897067
1.5161446696812253	0.384265667897067
1.5161446696812253	0.384265667897067
1.5161446696812253	0.384265667897067
1.5161446696812253	0.384265667897067
1.519594839122854	0.39722170951407515
1.519594839122854	0.39722170951407515
1.519594839122854	0.39722170951407515
1.519594839122854	0.39722170951407515
1.5103766541449057	0.4018455858459343
1.5103766541449057	0.4018455858459343
1.5103766541449057	0.4018455858459343
1.5006199560953375	0.40156370823866244
1.5006199560953375	0.40156370823866244
1.5293971433541202	0.3879778849961839
1.5255447292638253	0.38609929829997996
1.5247206443406405	0.3908962720621314
1.5247206443406405	0.3908962720621314
1.5247206443406405	0.3908962720621314
1.5159801717617167	0.3846626554993722
1.492766645211982	0.3899314981686676
1.492766645211982	0.3899314981686676
1.492766645211982	0.3899314981686676
1.4982993890794862	0.3953089392651196
1.4982993890794862	0.3953089392651196
1.4982993890794862	0.3953089392651196
1.4982993890794862	0.3953089392651196
1.4982993890794862	0.3953089392651196
1.4982993890794862	0.3953089392651196
1.4982993890794862	0.3953089392651196
1.53092374883792	0.39336913109065186
1.53092374883792	0.39336913109065186
1.5205120492120818	0.3907258669037278
1.5205120492120818	0.3907258669037278
1.5205120492120818	0.3907258669037278
1.5205120492120818	0.3907258669037278
1.514276447517188	0.3910507933131484
1.514276447517188	0.3910507933131484
1.5138805930021382	0.39661740780283655
1.5138805930021382	0.39661740780283655
1.5138805930021382	0.39661740780283655
1.5138805930021382	0.39661740780283655
1.5138805930021382	0.39661740780283655
1.5138805930021382	0.39661740780283655
1.5138805930021382	0.39661740780283655
1.5138805930021382	0.39661740780283655
1.523978265351051	0.3986963602258986
1.523978265351051	0.3986963602258986
1.523978265351051	0.3986963602258986
1.523978265351051	0.3986963602258986
1.523978265351051	0.3986963602258986
1.5229312816148717	0.4012500465107804
1.5229312816148717	0.4012500465107804
1.5229312816148717	0.4012500465107804
1.5229312816148717	0.4012500465107804
1.5229312816148717	0.4012500465107804
1.5229312816148717	0.4012500465107804
1.5287936204767119	0.3936731188719525
1.5287936204767119	0.3936731188719525
1.5287936204767119	0.3936731188719525
1.5287936204767119	0.3936731188719525
1.5287936204767119	0.3936731188719525
1.5287936204767119	0.3936731188719525
1.5287936204767119	0.3936731188719525
1.5254108413256797	0.39881757777756355
1.5254108413256797	0.39881757777756355
1.5042920343037254	0.38989387738162457
1.5042920343037254	0.38989387738162457
1.5042920343037254	0.38989387738162457
1.5042920343037254	0.38989387738162457
1.5042920343037254	0.38989387738162457
1.5229309703385714	0.3993847729205275
1.5229309703385714	0.3993847729205275
1.5229309703385714	0.3993847729205275
1.5229309703385714	0.3993847729205275
1.5229309703385714	0.3993847729205275
1.5083996830869653	0.396071947628484
1.5083996830869653	0.396071947628484
1.5156361390121784	0.3965878383476849
1.5156361390121784	0.3965878383476849
1.5156361390121784	0.3965878383476849
1.5156361390121784	0.3965878383476849
1.5156361390121784	0.3965878383476849
1.5233484790365492	0.40526647622632084
1.5233484790365492	0.40526647622632084
1.5233484790365492	0.40526647622632084
1.5133447268322024	0.40606367177613156
1.5093377883333383	0.3893489119662493
1.5093377883333383	0.3893489119662493
1.4854478331232221	0.39268259866502014
1.4854478331232221	0.39268259866502014
1.4854478331232221	0.39268259866502014
1.4854478331232221	0.39268259866502014
1.5013107199718252	0.3981041100097618
1.5013107199718252	0.3981041100097618
1.5013107199718252	0.3981041100097618
1.5013107199718252	0.3981041100097618
1.5013107199718252	0.3981041100097618
1.5013107199718252	0.3981041100097618
1.5013107199718252	0.3981041100097618
1.5013107199718252	0.3981041100097618
1.5013107199718252	0.3981041100097618
1.5013107199718252	0.3981041100097618
1.5013107199718252	0.3981041100097618
1.5013107199718252	0.3981041100097618
1.503396744615313	0.38823377699615524
1.4947397878426536	0.39173887575818567
1.4939403994556744	0.3976518248943132
1.4939403994556744	0.3976518248943132
1.4939403994556744	0.3976518248943132
1.4939403994556744	0.3976518248943132
1.4939403994556744	0.3976518248943132
1.4997846131266737	0.3956295337092296
1.4997846131266737	0.3956295337092296
1.4997846131266737	0.3956295337092296
1.4997846131266737	0.3956295337092296
1.4997846131266737	0.3956295337092296
1.4997846131266737	0.3956295337092296
1.5227879841831615	0.39390937502386225
1.5227879841831615	0.39390937502386225
1.5227879841831615	0.39390937502386225
1.5227879841831615	0.39390937502386225
1.4972442371887684	0.395108598359724
1.4972442371887684	0.395108598359724
1.4972442371887684	0.395108598359724
1.4972442371887684	0.395108598359724
1.4972442371887684	0.395108598359724
1.4972442371887684	0.395108598359724
1.4972442371887684	0.395108598359724
1.4972442371887684	0.395108598359724
1.4972442371887684	0.395108598359724
1.4972442371887684	0.395108598359724
1.4972442371887684	0.395108598359724
1.4972442371887684	0.395108598359724
1.4972442371887684	0.395108598359724
1.5117441473812898	0.40313868671406194
1.5117441473812898	0.40313868671406194
1.5117441473812898	0.40313868671406194
1.5004527722799017	0.4045123840069165
1.4971022319269123	0.3916830582700907
1.4971022319269123	0.3916830582700907
1.4971022319269123	0.3916830582700907
1.4971022319269123	0.3916830582700907
1.4971022319269123	0.3916830582700907
1.4971022319269123	0.3916830582700907
1.4971022319269123	0.3916830582700907
1.499280764930667	0.39661756725523045
1.499280764930667	0.39661756725523045
1.499280764930667	0.39661756725523045
1.499280764930667	0.39661756725523045
1.499280764930667	0.39661756725523045
1.499280764930667	0.39661756725523045
1.5086095285136414	0.40473843612362526
1.515607632238106	0.39711709832646114
1.515607632238106	0.39711709832646114
1.515607632238106	0.39711709832646114
1.515607632238106	0.39711709832646114
1.5088399756961044	0.38573736932982794
1.5088399756961044	0.38573736932982794
1.5088399756961044	0.38573736932982794
1.5222112188809866	0.3941802720559123
1.5126754964681555	0.39381712591296064
1.5126754964681555	0.39381712591296064
1.5126754964681555	0.39381712591296064
1.5126754964681555	0.39381712591296064
1.5126754964681555	0.39381712591296064
1.5190447364276534	0.3955801136323457
1.5190447364276534	0.3955801136323457
1.5190447364276534	0.3955801136323457
1.4992036552892594	0.40337012569583963
1.4992036552892594	0.40337012569583963
1.4992036552892594	0.40337012569583963
1.4992036552892594	0.40337012569583963
1.4992036552892594	0.40337012569583963
1.489042015738531	0.3943972648557139
1.515069881221774	0.397819347999576
1.5066546331725452	0.3974200292385902
1.5066546331725452	0.3974200292385902
1.5066546331725452	0.3974200292385902
1.5066546331725452	0.3974200292385902
1.5066546331725452	0.3974200292385902
1.5066546331725452	0.3974200292385902
1.5066546331725452	0.3974200292385902
1.5066546331725452	0.3974200292385902
1.5066546331725452	0.3974200292385902
1.5066546331725452	0.3974200292385902
1.5066546331725452	0.3974200292385902
1.5066546331725452	0.3974200292385902
1.5066546331725452	0.3974200292385902
1.5034038717799858	0.3947891222832104
1.5062497548998124	0.3974022996165283
1.5139192746294912	0.39304173448562146
1.5139192746294912	0.39304173448562146
1.5139192746294912	0.39304173448562146
1.5139192746294912	0.39304173448562146
1.5139192746294912	0.39304173448562146
1.5139192746294912	0.39304173448562146
1.5139192746294912	0.39304173448562146
1.50810009972583	0.40107532648412514
1.50810009972583	0.40107532648412514
1.50810009972583	0.40107532648412514
1.50810009972583	0.40107532648412514
1.5021820133212338	0.3932242101546366
1.495127347207104	0.39140702188383825
1.5202970995921252	0.4025058999212961
1.5202970995921252	0.4025058999212961
1.5202970995921252	0.4025058999212961
1.5202970995921252	0.4025058999212961
1.5281972279140303	0.3964304317426169
1.5056916360403192	0.39751468399574236
1.5056916360403192	0.39751468399574236
1.5056916360403192	0.39751468399574236
1.5056916360403192	0.39751468399574236
1.5056916360403192	0.39751468399574236
1.5056916360403192	0.39751468399574236
1.5056916360403192	0.39751468399574236
1.5056916360403192	0.39751468399574236
1.5056916360403192	0.39751468399574236
1.5056916360403192	0.39751468399574236
1.5056916360403192	0.39751468399574236
1.5056916360403192	0.39751468399574236
1.5056916360403192	0.39751468399574236
1.5056916360403192	0.39751468399574236
1.5056916360403192	0.39751468399574236
1.5056916360403192	0.39751468399574236
1.5056916360403192	0.39751468399574236
1.5333978813445859	0.39721274687412844
1.523909514878756	0.3965312699240601
1.523909514878756	0.3965312699240601
1.523909514878756	0.3965312699240601
1.523909514878756	0.3965312699240601
1.523909514878756	0.3965312699240601
1.5170830598055376	0.3901602434840634
1.5027570587619985	0.38770258177490824
1.5027570587619985	0.38770258177490824
1.5027570587619985	0.38770258177490824
1.5027570587619985	0.38770258177490824
1.4798073751470227	0.3932061088502602
1.4798073751470227	0.3932061088502602
1.4798073751470227	0.3932061088502602
1.5136738514771875	0.4043786870940467
1.5136738514771875	0.4043786870940467
1.5136738514771875	0.4043786870940467
1.5136738514771875	0.4043786870940467
1.5050974090929388	0.40218178332382737
1.5050974090929388	0.40218178332382737
1.5050974090929388	0.40218178332382737
1.5050974090929388	0.40218178332382737
1.5050974090929388	0.40218178332382737
1.5050974090929388	0.40218178332382737
1.4942509286875318	0.3994495669330413
1.4942509286875318	0.3994495669330413
1.5089868662170463	0.3962810150920916
1.5089868662170463	0.3962810150920916
1.5134315287169433	0.39474553803439644
1.5134315287169433	0.39474553803439644
1.5184773628081725	0.39259694194350814
1.5184773628081725	0.39259694194350814
1.5272062263615165	0.39016726924599676
1.5272062263615165	0.39016726924599676
1.5272062263615165	0.39016726924599676
1.5272062263615165	0.39016726924599676
1.5272062263615165	0.39016726924599676
1.5064263543009917	0.4009386918050606
1.5064263543009917	0.4009386918050606
1.4988677272175903	0.4018271287895289
1.4962590579409525	0.39283021662871154
1.4962590579409525	0.39283021662871154
1.4962590579409525	0.39283021662871154
1.4962590579409525	0.39283021662871154
1.4962590579409525	0.39283021662871154
1.5016424203322911	0.39132537273339063
1.5016424203322911	0.39132537273339063
1.5016424203322911	0.39132537273339063
1.5016424203322911	0.39132537273339063
1.5126534731868106	0.3894539093996177
1.5126534731868106	0.3894539093996177
1.5126534731868106	0.3894539093996177
1.5126534731868106	0.3894539093996177
1.5126534731868106	0.3894539093996177
1.5126534731868106	0.3894539093996177
1.5126534731868106	0.3894539093996177
1.5126534731868106	0.3894539093996177
1.5126534731868106	0.3894539093996177
1.504929493586859	0.40296629686656665
1.504929493586859	0.40296629686656665
1.504929493586859	0.40296629686656665
1.504929493586859	0.40296629686656665
1.504929493586859	0.40296629686656665
1.5034384929310876	0.39082798946087255
1.5034384929310876	0.39082798946087255
1.5034384929310876	0.39082798946087255
1.5034384929310876	0.39082798946087255
1.5034384929310876	0.39082798946087255
1.5034384929310876	0.39082798946087255
1.5034384929310876	0.39082798946087255
1.5034384929310876	0.39082798946087255
1.5034384929310876	0.39082798946087255
1.5034384929310876	0.39082798946087255
1.5033650641218885	0.3930424204900731
1.5033650641218885	0.3930424204900731
1.4982577930148226	0.40154774246084346
1.4982577930148226	0.40154774246084346
1.4982577930148226	0.40154774246084346
1.4982577930148226	0.40154774246084346
1.4982577930148226	0.40154774246084346
1.5037745528225945	0.40709157795609846
1.5070032560832833	0.40677091605137317
1.5304331407030243	0.3971493428343088
1.5304331407030243	0.3971493428343088
1.5304331407030243	0.3971493428343088
1.5304331407030243	0.3971493428343088
1.5304331407030243	0.3971493428343088
1.5304331407030243	0.3971493428343088
1.5252088453347257	0.39097475843274926
1.5050296861627865	0.3901894719963769
1.5050296861627865	0.3901894719963769
1.5050296861627865	0.3901894719963769
1.5056558241388531	0.39016398399109303
1.5056558241388531	0.39016398399109303
1.4896140075673883	0.38711223585244553
1.4896140075673883	0.38711223585244553
1.4896140075673883	0.38711223585244553
1.4896140075673883	0.38711223585244553
1.5350779862477135	0.4000331495559983
1.5173878359656412	0.39915343602264935
1.5173878359656412	0.39915343602264935
1.5173878359656412	0.39915343602264935
1.5173878359656412	0.39915343602264935
1.5173878359656412	0.39915343602264935
1.5173878359656412	0.39915343602264935
1.5202759644404304	0.3953227067976686
1.5043772373610518	0.38864206846811766
1.5043772373610518	0.38864206846811766
1.5043772373610518	0.38864206846811766
1.5043772373610518	0.38864206846811766
1.5184164007552063	0.3853168395030319
1.5184164007552063	0.3853168395030319
1.5044064706321991	0.3909604453651438
1.5044064706321991	0.3909604453651438
1.5044064706321991	0.3909604453651438
1.5044064706321991	0.3909604453651438
1.5044064706321991	0.3909604453651438
1.5044064706321991	0.3909604453651438
1.5044064706321991	0.3909604453651438
1.5044064706321991	0.3909604453651438
1.5044064706321991	0.3909604453651438
1.5285268200533337	0.3887908874484287
1.5285268200533337	0.3887908874484287
1.5285268200533337	0.3887908874484287
1.5285268200533337	0.3887908874484287
1.4966875903655865	0.39294040074374786
1.4966875903655865	0.39294040074374786
1.502294031849116	0.39893565398293585
1.502294031849116	0.39893565398293585
1.502294031849116	0.39893565398293585
1.5272833720663233	0.3987407282067641
1.5272833720663233	0.3987407282067641
1.5272833720663233	0.3987407282067641
1.5272833720663233	0.3987407282067641
1.5272833720663233	0.3987407282067641
1.5272833720663233	0.3987407282067641
1.519975885284066	0.4047929024262169
1.4932726338181297	0.3892990488466164
1.4932726338181297	0.3892990488466164
1.4932726338181297	0.3892990488466164
1.4940539583383272	0.38431733299704257
1.4940539583383272	0.38431733299704257
1.4782273165249418	0.39172011689627995
1.4782273165249418	0.39172011689627995
1.4782273165249418	0.39172011689627995
1.5197048899912098	0.3868634231860787
1.5197048899912098	0.3868634231860787
1.5197048899912098	0.3868634231860787
1.5197048899912098	0.3868634231860787
1.5197048899912098	0.3868634231860787
1.5197048899912098	0.3868634231860787
1.5197048899912098	0.3868634231860787
1.5169031912912054	0.39433146845406986
1.5169031912912054	0.39433146845406986
1.5169031912912054	0.39433146845406986
1.5169031912912054	0.39433146845406986
1.5192051626844194	0.3961007800721222
1.5192051626844194	0.3961007800721222
1.5192051626844194	0.3961007800721222
1.5192051626844194	0.3961007800721222
1.5192051626844194	0.3961007800721222
1.5192051626844194	0.3961007800721222
1.5192051626844194	0.3961007800721222
1.5192051626844194	0.3961007800721222
1.5192051626844194	0.3961007800721222
1.5192051626844194	0.3961007800721222
1.5192051626844194	0.3961007800721222
1.5192051626844194	0.3961007800721222
1.5192051626844194	0.3961007800721222
1.5192051626844194	0.3961007800721222
1.5192051626844194	0.3961007800721222
1.5192051626844194	0.3961007800721222
1.5192051626844194	0.3961007800721222
1.5192051626844194	0.3961007800721222
1.5192051626844194	0.3961007800721222
1.5192051626844194	0.3961007800721222
1.5192051626844194	0.3961007800721222
1.5192051626844194	0.3961007800721222
1.5192051626844194	0.3961007800721222
1.5192051626844194	0.3961007800721222
1.5192051626844194	0.3961007800721222
1.5192051626844194	0.3961007800721222
1.5046881152791611	0.3878001152649837
1.50138544812469	0.38922953519467945
1.50138544812469	0.38922953519467945
1.50138544812469	0.38922953519467945
1.50138544812469	0.38922953519467945
1.5115363332886196	0.39726867454245984
1.5115363332886196	0.39726867454245984
1.5115363332886196	0.39726867454245984
1.5115363332886196	0.39726867454245984
1.5115363332886196	0.39726867454245984
1.5115363332886196	0.39726867454245984
1.5115363332886196	0.39726867454245984
1.4944381299055134	0.3896845187270384
1.511949729377493	0.387459025901331
1.511949729377493	0.387459025901331
1.5117818563662968	0.39253016702038945
1.5117818563662968	0.39253016702038945
1.5117818563662968	0.39253016702038945
1.5117818563662968	0.39253016702038945
1.5117818563662968	0.39253016702038945
1.5117818563662968	0.39253016702038945
1.5117818563662968	0.39253016702038945
1.5117818563662968	0.39253016702038945
1.5305469638571172	0.39014151853729145
1.5048099796136691	0.38772787733491065
1.5170447694041045	0.39584671404026983
1.5170447694041045	0.39584671404026983
1.5170447694041045	0.39584671404026983
1.5170447694041045	0.39584671404026983
1.5170447694041045	0.39584671404026983
1.51816121945542	0.393480311058601
1.51816121945542	0.393480311058601
1.51816121945542	0.393480311058601
1.51816121945542	0.393480311058601
1.51816121945542	0.393480311058601
1.5208225722881867	0.39837932968135004
1.5120395489417353	0.3984949072057417
1.4772656981729946	0.3853804911651227
1.503025234935625	0.3931561425756524
1.503025234935625	0.3931561425756524
1.503025234935625	0.3931561425756524
1.503025234935625	0.3931561425756524
1.503025234935625	0.3931561425756524
1.503025234935625	0.3931561425756524
1.503025234935625	0.3931561425756524
1.503025234935625	0.3931561425756524
1.503025234935625	0.3931561425756524
1.503025234935625	0.3931561425756524
1.5127523979880124	0.3914475337753965
1.4979795072548352	0.3999681385208401
1.4979795072548352	0.3999681385208401
1.4979795072548352	0.3999681385208401
1.4979795072548352	0.3999681385208401
1.4979795072548352	0.3999681385208401
1.4979795072548352	0.3999681385208401
1.4979795072548352	0.3999681385208401
1.4979795072548352	0.3999681385208401
1.4979795072548352	0.3999681385208401
1.4979795072548352	0.3999681385208401
1.4979795072548352	0.3999681385208401
1.518469337003924	0.40356102647058284
1.518469337003924	0.40356102647058284
1.518469337003924	0.40356102647058284
1.5206422579068368	0.4015100981666714
1.5206422579068368	0.4015100981666714
1.5206422579068368	0.4015100981666714
1.5206422579068368	0.4015100981666714
1.5206422579068368	0.4015100981666714
1.5206422579068368	0.4015100981666714
1.5206422579068368	0.4015100981666714
1.5206422579068368	0.4015100981666714
1.5206422579068368	0.4015100981666714
1.5206422579068368	0.4015100981666714
1.5219556410723678	0.40339342715159926
1.4845298423333735	0.39536444168700574
1.4845298423333735	0.39536444168700574
1.4904637644084662	0.3886081573643347
1.4904637644084662	0.3886081573643347
1.4904637644084662	0.3886081573643347
1.4904637644084662	0.3886081573643347
1.4779788106885738	0.39830249148784647
1.4779788106885738	0.39830249148784647
1.4779788106885738	0.39830249148784647
1.4857898761974047	0.4071360175184278
1.513285878396663	0.40837632914463556
1.4966172913306492	0.40389560846852635
1.4966172913306492	0.40389560846852635
1.4966172913306492	0.40389560846852635
1.4966172913306492	0.40389560846852635
1.5004360253743698	0.3927841675318246
1.5004360253743698	0.3927841675318246
1.5004360253743698	0.3927841675318246
1.5004360253743698	0.3927841675318246
1.5004360253743698	0.3927841675318246
1.5004360253743698	0.3927841675318246
1.5004360253743698	0.3927841675318246
1.494360690161048	0.3989247293656531
1.494360690161048	0.3989247293656531
1.494360690161048	0.3989247293656531
1.494360690161048	0.3989247293656531
1.494360690161048	0.3989247293656531
1.4904506604687926	0.39091635483118636
1.5245402895089062	0.3889313217312387
1.5245402895089062	0.3889313217312387
1.5245402895089062	0.3889313217312387
1.5245402895089062	0.3889313217312387
1.5245402895089062	0.3889313217312387
1.5274386470226438	0.3944917716631117
1.5341094344835937	0.3986822783981759
1.5341094344835937	0.3986822783981759
1.5115268554104542	0.4080316999347822
1.5115268554104542	0.4080316999347822
1.5115268554104542	0.4080316999347822
1.5133960625329876	0.3993632252870794
1.5133960625329876	0.3993632252870794
1.5117616628669555	0.3970000999175786
1.5117616628669555	0.3970000999175786
1.5117616628669555	0.3970000999175786
1.5117616628669555	0.3970000999175786
1.5117616628669555	0.3970000999175786
1.5117616628669555	0.3970000999175786
1.5117616628669555	0.3970000999175786
1.5117616628669555	0.3970000999175786
1.5117616628669555	0.3970000999175786
1.5117616628669555	0.3970000999175786
1.5117616628669555	0.3970000999175786
1.5117616628669555	0.3970000999175786
1.5117616628669555	0.3970000999175786
1.5227434645209088	0.39538092501127237
1.5227434645209088	0.39538092501127237
1.5227434645209088	0.39538092501127237
1.5227434645209088	0.39538092501127237
1.5227434645209088	0.39538092501127237
1.5227434645209088	0.39538092501127237
1.5227434645209088	0.39538092501127237
1.5025325221981087	0.3955274125931744
1.5025325221981087	0.3955274125931744
1.5025325221981087	0.3955274125931744
1.5033407044479896	0.386434798384066
1.5116859224751242	0.39224156325288156
1.5116859224751242	0.39224156325288156
1.5116859224751242	0.39224156325288156
1.5116859224751242	0.39224156325288156
1.5116859224751242	0.39224156325288156
1.5116859224751242	0.39224156325288156
1.5116859224751242	0.39224156325288156
1.5116859224751242	0.39224156325288156
1.5116859224751242	0.39224156325288156
1.5116859224751242	0.39224156325288156
1.5116859224751242	0.39224156325288156
1.5116859224751242	0.39224156325288156
1.5116859224751242	0.39224156325288156
1.5116859224751242	0.39224156325288156
1.5116859224751242	0.39224156325288156
1.5116859224751242	0.39224156325288156
1.5116859224751242	0.39224156325288156
1.5116859224751242	0.39224156325288156
1.5116859224751242	0.39224156325288156
1.5112786989216491	0.393228632249903
1.5112786989216491	0.393228632249903
1.5112786989216491	0.393228632249903
1.5179370474971472	0.39802885163530916
1.5179370474971472	0.39802885163530916
1.5179370474971472	0.39802885163530916
1.5179370474971472	0.39802885163530916
1.5179370474971472	0.39802885163530916
1.5179370474971472	0.39802885163530916
1.5179124457288746	0.39806604640603965
1.5005169574970456	0.3923865956651565
1.5005169574970456	0.3923865956651565
1.5005169574970456	0.3923865956651565
1.5005169574970456	0.3923865956651565
1.5005169574970456	0.3923865956651565
1.5005169574970456	0.3923865956651565
1.5005169574970456	0.3923865956651565
1.5005169574970456	0.3923865956651565
1.5005169574970456	0.3923865956651565
1.5005169574970456	0.3923865956651565
1.5005169574970456	0.3923865956651565
1.5005169574970456	0.3923865956651565
1.482424837909123	0.39151536372278023
1.4989489791043789	0.3976158330251659
1.4989489791043789	0.3976158330251659
1.4989489791043789	0.3976158330251659
1.4989489791043789	0.3976158330251659
1.4989489791043789	0.3976158330251659
1.4921751271674786	0.39479576674648464
1.498287278623881	0.39966690385310844
1.498287278623881	0.39966690385310844
1.498287278623881	0.39966690385310844
1.498287278623881	0.39966690385310844
1.498287278623881	0.39966690385310844
1.498287278623881	0.39966690385310844
1.498287278623881	0.39966690385310844
1.498287278623881	0.39966690385310844
1.498287278623881	0.39966690385310844
1.498287278623881	0.39966690385310844
1.498287278623881	0.39966690385310844
1.5037009347122519	0.39141999573892167
1.5037009347122519	0.39141999573892167
1.5037009347122519	0.39141999573892167
1.5189966472831145	0.3993964326862328
1.5189966472831145	0.3993964326862328
1.5189966472831145	0.3993964326862328
1.5189966472831145	0.3993964326862328
1.530375775885239	0.39054807647695056
1.530375775885239	0.39054807647695056
1.530375775885239	0.39054807647695056
1.530375775885239	0.39054807647695056
1.5046071887324342	0.40416027428530615
1.5046071887324342	0.40416027428530615
1.5359141560168055	0.3952281203365657
1.5359141560168055	0.3952281203365657
1.5359141560168055	0.3952281203365657
1.5129262872613134	0.38414550830042354
1.5129262872613134	0.38414550830042354
1.5129262872613134	0.38414550830042354
1.5129262872613134	0.38414550830042354
1.5129262872613134	0.38414550830042354
1.5129262872613134	0.38414550830042354
1.5129262872613134	0.38414550830042354
1.5063167544478635	0.38893219606420854
1.5063167544478635	0.38893219606420854
1.4970401340826418	0.38945081468458037
1.4970401340826418	0.38945081468458037
1.5060280217784263	0.39678077662979105
1.5060280217784263	0.39678077662979105
1.5060280217784263	0.39678077662979105
1.5060280217784263	0.39678077662979105
1.5272339499689367	0.39907847456713325
1.5272339499689367	0.39907847456713325
1.5272339499689367	0.39907847456713325
1.5272339499689367	0.39907847456713325
1.5272339499689367	0.39907847456713325
1.5272339499689367	0.39907847456713325
1.4971648008655336	0.3957438877351904
1.4971648008655336	0.3957438877351904
1.4971648008655336	0.3957438877351904
1.509786121286482	0.39439434135637963
1.509786121286482	0.39439434135637963
1.509786121286482	0.39439434135637963
1.509786121286482	0.39439434135637963
1.509786121286482	0.39439434135637963
1.5104461463932521	0.4024548163227799
1.5104461463932521	0.4024548163227799
1.511616370819499	0.3999669139393551
1.5290892271945233	0.39080686753573934
1.5290892271945233	0.39080686753573934
1.5077320433277785	0.3897477566682492
1.5077320433277785	0.3897477566682492
1.5077320433277785	0.3897477566682492
1.5077320433277785	0.3897477566682492
1.5077320433277785	0.3897477566682492
1.5096818771259197	0.3884800268384838
1.5096818771259197	0.3884800268384838
1.5096818771259197	0.3884800268384838
1.5096818771259197	0.3884800268384838
1.5096818771259197	0.3884800268384838
1.5096818771259197	0.3884800268384838
1.5096818771259197	0.3884800268384838
1.5096818771259197	0.3884800268384838
1.5269588224730053	0.3963672428587024
1.5269588224730053	0.3963672428587024
1.5269588224730053	0.3963672428587024
1.5269588224730053	0.3963672428587024
1.5269588224730053	0.3963672428587024
1.5253867159084906	0.39504183486840566
1.5253867159084906	0.39504183486840566
1.5253867159084906	0.39504183486840566
1.5253867159084906	0.39504183486840566
1.5253867159084906	0.39504183486840566
1.4850416456340565	0.3903897546191468
1.4850416456340565	0.3903897546191468
1.515192513594671	0.39793101536499814
1.515192513594671	0.39793101536499814
1.50378114029682	0.3910292878821632
1.50378114029682	0.3910292878821632
1.50378114029682	0.3910292878821632
1.50378114029682	0.3910292878821632
1.50378114029682	0.3910292878821632
1.50378114029682	0.3910292878821632
1.50378114029682	0.3910292878821632
1.50378114029682	0.3910292878821632
1.5198416503284815	0.39279733343841305
1.509431316864117	0.40105622329380297
1.523248998225801	0.3897367334977889
1.523248998225801	0.3897367334977889
1.5106213037547664	0.39763396535171175
1.5106213037547664	0.39763396535171175
1.5106213037547664	0.39763396535171175
1.5106213037547664	0.39763396535171175
1.509297424762385	0.3983945777877087
1.509297424762385	0.3983945777877087
1.509297424762385	0.3983945777877087
1.509297424762385	0.3983945777877087
1.509297424762385	0.3983945777877087
1.509297424762385	0.3983945777877087
1.509297424762385	0.3983945777877087
1.509297424762385	0.3983945777877087
1.509297424762385	0.3983945777877087
1.509297424762385	0.3983945777877087
1.509297424762385	0.3983945777877087
1.509297424762385	0.3983945777877087
1.509297424762385	0.3983945777877087
1.509297424762385	0.3983945777877087
1.509297424762385	0.3983945777877087
1.509297424762385	0.3983945777877087
1.5156747985942243	0.3910055602126397
1.5156747985942243	0.3910055602126397
1.5156747985942243	0.3910055602126397
1.4964986250272443	0.39603590045211684
1.4964986250272443	0.39603590045211684
1.4964986250272443	0.39603590045211684
1.4964986250272443	0.39603590045211684
1.4964986250272443	0.39603590045211684
1.5123344847337779	0.4070743765564922
1.5123344847337779	0.4070743765564922
1.4946235752147583	0.4025118384884191
1.4946235752147583	0.4025118384884191
1.4946235752147583	0.4025118384884191
1.5081653919793832	0.4068871247418193
1.5081653919793832	0.4068871247418193
1.5081653919793832	0.4068871247418193
1.495760537094677	0.39535911155986436
1.495760537094677	0.39535911155986436
1.495760537094677	0.39535911155986436
1.495760537094677	0.39535911155986436
1.495760537094677	0.39535911155986436
1.495760537094677	0.39535911155986436
1.496315000998785	0.40330761504391116
1.496315000998785	0.40330761504391116
1.496315000998785	0.40330761504391116
1.496315000998785	0.40330761504391116
1.5193542134075977	0.3882060386224442
1.5193542134075977	0.3882060386224442
1.5193542134075977	0.3882060386224442
1.5244416398190386	0.4004122898094265
1.5244416398190386	0.4004122898094265
1.514868917077867	0.38675490218346836
1.514868917077867	0.38675490218346836
1.514868917077867	0.38675490218346836
1.4931831621687788	0.391720893236573
1.4931831621687788	0.391720893236573
1.4867881423248432	0.39603152603849595
1.4867881423248432	0.39603152603849595
1.4867881423248432	0.39603152603849595
1.4867881423248432	0.39603152603849595
1.4867881423248432	0.39603152603849595
1.4867881423248432	0.39603152603849595
1.4867881423248432	0.39603152603849595
1.4867881423248432	0.39603152603849595
1.5144977382432088	0.3955396745661208
1.5144977382432088	0.3955396745661208
1.5144977382432088	0.3955396745661208
1.5144977382432088	0.3955396745661208
1.5144977382432088	0.3955396745661208
1.5144977382432088	0.3955396745661208
1.5144977382432088	0.3955396745661208
1.5144977382432088	0.3955396745661208
1.5144977382432088	0.3955396745661208
1.5144977382432088	0.3955396745661208
1.5010822684727476	0.39762534851739306
1.5010822684727476	0.39762534851739306
1.5010822684727476	0.39762534851739306
1.5010822684727476	0.39762534851739306
1.5010822684727476	0.39762534851739306
1.5010822684727476	0.39762534851739306
1.5010822684727476	0.39762534851739306
1.5154696383250035	0.395904276301863
1.5154696383250035	0.395904276301863
1.5154696383250035	0.395904276301863
1.5154696383250035	0.395904276301863
1.5154696383250035	0.395904276301863
1.5002798325287134	0.38599070709661015
1.5002798325287134	0.38599070709661015
1.5002798325287134	0.38599070709661015
1.5002798325287134	0.38599070709661015
1.5002798325287134	0.38599070709661015
1.4914953181319455	0.39838732724639164
1.4914953181319455	0.39838732724639164
1.4914953181319455	0.39838732724639164
1.4914953181319455	0.39838732724639164
1.5055730649285943	0.39875955481291725
1.5142384039917554	0.3863472389271372
1.489586780304027	0.39763615156843357
1.489586780304027	0.39763615156843357
1.489586780304027	0.39763615156843357
1.5072311863879901	0.394039524590854
1.5072311863879901	0.394039524590854
1.5072311863879901	0.394039524590854
1.5072311863879901	0.394039524590854
1.5072311863879901	0.394039524590854
1.5149920756661237	0.39803740003331345
1.5149920756661237	0.39803740003331345
1.5149920756661237	0.39803740003331345
1.506778231067958	0.39313880879253355
1.5185407023551996	0.3976247452521633
1.505196834408371	0.4001038785296384
1.4878990623536799	0.39797904537884277
1.4878990623536799	0.39797904537884277
1.493738462916447	0.3890280566212719
1.4906506192035534	0.3908015024356788
1.4906506192035534	0.3908015024356788
1.4906506192035534	0.3908015024356788
1.4906506192035534	0.3908015024356788
1.4906506192035534	0.3908015024356788
1.4906506192035534	0.3908015024356788
1.5127891102957196	0.3996264835976521
1.5127891102957196	0.3996264835976521
1.5127891102957196	0.3996264835976521
1.497629369318496	0.40124311366712134
1.497629369318496	0.40124311366712134
1.5198608845474402	0.399836898608553
1.5198608845474402	0.399836898608553
1.5198608845474402	0.399836898608553
1.526633433825408	0.40624797782577443
1.526633433825408	0.40624797782577443
1.5174927159946976	0.3989461415218056
1.5174927159946976	0.3989461415218056
1.5167078990500054	0.38776525955570934
1.5167078990500054	0.38776525955570934
1.5167078990500054	0.38776525955570934
1.5167078990500054	0.38776525955570934
1.5167078990500054	0.38776525955570934
1.5167078990500054	0.38776525955570934
1.5167078990500054	0.38776525955570934
1.5188777726593008	0.39624161929603796
1.5211495108276527	0.4007050186586215
1.5211495108276527	0.4007050186586215
1.5211495108276527	0.4007050186586215
1.5211495108276527	0.4007050186586215
1.515433519720221	0.39778066039124343
1.515433519720221	0.39778066039124343
1.515433519720221	0.39778066039124343
1.515433519720221	0.39778066039124343
1.515433519720221	0.39778066039124343
1.515433519720221	0.39778066039124343
1.515433519720221	0.39778066039124343
1.515433519720221	0.39778066039124343
1.515433519720221	0.39778066039124343
1.515433519720221	0.39778066039124343
1.5218304213965905	0.39613827120268275
1.5218304213965905	0.39613827120268275
1.5218304213965905	0.39613827120268275
1.5218304213965905	0.39613827120268275
1.5218304213965905	0.39613827120268275
1.5218304213965905	0.39613827120268275
1.5010682853216128	0.39560074229857756
1.5010682853216128	0.39560074229857756
1.4892311085549708	0.40205588239074386
1.4892311085549708	0.40205588239074386
1.4892311085549708	0.40205588239074386
1.4892311085549708	0.40205588239074386
1.496312610756117	0.3875592865072562
1.496312610756117	0.3875592865072562
1.496312610756117	0.3875592865072562
1.496312610756117	0.3875592865072562
1.496312610756117	0.3875592865072562
1.496312610756117	0.3875592865072562
1.496312610756117	0.3875592865072562
1.496312610756117	0.3875592865072562
1.4933565442768941	0.39547861291713376
1.4933565442768941	0.39547861291713376
1.4933565442768941	0.39547861291713376
1.5140518110442598	0.3884758365198141
1.5140518110442598	0.3884758365198141
1.5213796224015366	0.3949272781239084
1.506209619079761	0.3933904852062199
1.506209619079761	0.3933904852062199
1.5027812144533017	0.40480791489289225
1.5027812144533017	0.40480791489289225
1.5027812144533017	0.40480791489289225
1.5027812144533017	0.40480791489289225
1.5027812144533017	0.40480791489289225
1.518400918926862	0.40025150705104395
1.518400918926862	0.40025150705104395
1.5066990625817445	0.3901307756544801
1.5066990625817445	0.3901307756544801
1.5066990625817445	0.3901307756544801
1.5066990625817445	0.3901307756544801
1.5066990625817445	0.3901307756544801
1.5066990625817445	0.3901307756544801
1.5066990625817445	0.3901307756544801
1.5066990625817445	0.3901307756544801
1.5066990625817445	0.3901307756544801
1.5066990625817445	0.3901307756544801
1.5066990625817445	0.3901307756544801
1.5066990625817445	0.3901307756544801
1.5066990625817445	0.3901307756544801
1.5066990625817445	0.3901307756544801
1.5066990625817445	0.3901307756544801
1.527708858187299	0.3979939269399279
1.527708858187299	0.3979939269399279
1.5053748765449222	0.39246541747006364
1.5053748765449222	0.39246541747006364
1.5053748765449222	0.39246541747006364
1.5008022695576198	0.402344789472023
1.5024677097080057	0.40325300026241345
1.5024677097080057	0.40325300026241345
1.5024677097080057	0.40325300026241345
1.5024677097080057	0.40325300026241345
1.5024677097080057	0.40325300026241345
1.5024677097080057	0.40325300026241345
1.5024677097080057	0.40325300026241345
1.5024677097080057	0.40325300026241345
1.5024677097080057	0.40325300026241345
1.5024677097080057	0.40325300026241345
1.5024677097080057	0.40325300026241345
1.5024677097080057	0.40325300026241345
1.5024677097080057	0.40325300026241345
1.5024677097080057	0.40325300026241345
1.5024677097080057	0.40325300026241345
1.5024677097080057	0.40325300026241345
1.493777547279439	0.40138115361857374
1.4859991512117936	0.4019172620150515
1.4859991512117936	0.4019172620150515
1.5099906707830608	0.3818161309399648
1.531417308669463	0.38299754405547515
1.506147857125519	0.37724381940288476
1.506147857125519	0.37724381940288476
1.506147857125519	0.37724381940288476
1.4965339338822135	0.40039527345401216
1.4965339338822135	0.40039527345401216
1.4965339338822135	0.40039527345401216
1.4961848512417564	0.40065295408660595
1.5041510840303005	0.3989353954760741
1.5041510840303005	0.3989353954760741
1.5041510840303005	0.3989353954760741
1.5041510840303005	0.3989353954760741
1.5041510840303005	0.3989353954760741
1.5041510840303005	0.3989353954760741
1.5041510840303005	0.3989353954760741
1.5041510840303005	0.3989353954760741
1.5041510840303005	0.3989353954760741
1.5041510840303005	0.3989353954760741
1.5041510840303005	0.3989353954760741
1.5041510840303005	0.3989353954760741
1.5041510840303005	0.3989353954760741
1.5041510840303005	0.3989353954760741
1.5041510840303005	0.3989353954760741
1.5041510840303005	0.3989353954760741
1.5041510840303005	0.3989353954760741
1.4981875007023944	0.39901747493402906
1.4981875007023944	0.39901747493402906
1.4981875007023944	0.39901747493402906
1.4981875007023944	0.39901747493402906
1.4981875007023944	0.39901747493402906
1.512092955311376	0.3952415022182036
1.512092955311376	0.3952415022182036
1.491932884615732	0.394187921424276
1.491932884615732	0.394187921424276
1.491932884615732	0.394187921424276
1.491932884615732	0.394187921424276
1.491932884615732	0.394187921424276
1.4938901567055611	0.396166758165838
1.4938901567055611	0.396166758165838
1.4938901567055611	0.396166758165838
1.4938901567055611	0.396166758165838
1.4992945489502916	0.38792612811360483
1.499647915040594	0.3919515874754365
1.499647915040594	0.3919515874754365
1.499647915040594	0.3919515874754365
1.499647915040594	0.3919515874754365
1.5251391277707882	0.3965053306388037
1.5076132053499978	0.39176046172657647
1.5076132053499978	0.39176046172657647
1.5076132053499978	0.39176046172657647
1.5076132053499978	0.39176046172657647
1.5076132053499978	0.39176046172657647
1.5076132053499978	0.39176046172657647
1.5076132053499978	0.39176046172657647
1.5076132053499978	0.39176046172657647
1.5149047034099068	0.3984481620320393
1.5149047034099068	0.3984481620320393
1.5149047034099068	0.3984481620320393
1.5149047034099068	0.3984481620320393
1.5187138710183925	0.40069041033555236
1.5105159865460174	0.39676652809921337
1.5105159865460174	0.39676652809921337
1.5105159865460174	0.39676652809921337
1.5207223223932316	0.38762784184996907
1.5207223223932316	0.38762784184996907
1.5207223223932316	0.38762784184996907
1.5207223223932316	0.38762784184996907
1.5207223223932316	0.38762784184996907
1.5207223223932316	0.38762784184996907
1.5207223223932316	0.38762784184996907
1.5207223223932316	0.38762784184996907
1.5207223223932316	0.38762784184996907
1.5207223223932316	0.38762784184996907
1.5207223223932316	0.38762784184996907
1.5058734880790967	0.3938972819446384
1.5058734880790967	0.3938972819446384
1.5058734880790967	0.3938972819446384
1.5298184281248566	0.3867224305041418
1.545022404228951	0.40017054406014996
1.545022404228951	0.40017054406014996
1.5266463584963528	0.3987226344485294
1.5093046886473651	0.40063354195281
1.5130720070389403	0.38618343617156947
1.5130720070389403	0.38618343617156947
1.5130720070389403	0.38618343617156947
1.5130720070389403	0.38618343617156947
1.5130720070389403	0.38618343617156947
1.5130720070389403	0.38618343617156947
1.5130720070389403	0.38618343617156947
1.5130720070389403	0.38618343617156947
1.5060510177256887	0.3863406005720494
1.5045184403447984	0.3978102540458886
1.5045184403447984	0.3978102540458886
1.5045184403447984	0.3978102540458886
1.4843334074784407	0.3895138742329124
1.4843334074784407	0.3895138742329124
1.4843334074784407	0.3895138742329124
1.4942969048689887	0.3869656807948909
1.4942969048689887	0.3869656807948909
1.4942969048689887	0.3869656807948909
1.4942969048689887	0.3869656807948909
1.4942969048689887	0.3869656807948909
1.5068149149917465	0.39347155637631515
1.5068149149917465	0.39347155637631515
1.5068149149917465	0.39347155637631515
1.5068149149917465	0.39347155637631515
1.5068149149917465	0.39347155637631515
1.5161247615165196	0.38748449150543957
1.4943037460581097	0.3913923813303297
1.4943037460581097	0.3913923813303297
1.4943037460581097	0.3913923813303297
1.4943037460581097	0.3913923813303297
1.4943037460581097	0.3913923813303297
1.4943037460581097	0.3913923813303297
1.496137323612781	0.3857272987222936
1.496137323612781	0.3857272987222936
1.496137323612781	0.3857272987222936
1.496137323612781	0.3857272987222936
1.5116629050588282	0.39060993298646374
1.5116629050588282	0.39060993298646374
1.5115337758579483	0.3949365210560936
1.5115337758579483	0.3949365210560936
1.5115337758579483	0.3949365210560936
1.5115337758579483	0.3949365210560936
1.5114207749271904	0.392685186151843
1.5114207749271904	0.392685186151843
1.519674433598027	0.39576009461262174
1.519674433598027	0.39576009461262174
1.519674433598027	0.39576009461262174
1.519674433598027	0.39576009461262174
1.519674433598027	0.39576009461262174
1.519674433598027	0.39576009461262174
1.5065308337448453	0.38760053026585783
1.5070295333645427	0.39331706125388155
1.5070295333645427	0.39331706125388155
1.5070295333645427	0.39331706125388155
1.5070295333645427	0.39331706125388155
1.5070295333645427	0.39331706125388155
1.5070295333645427	0.39331706125388155
1.5252606790425267	0.3956712096927582
1.5080664206158727	0.3951760737482827
1.5080664206158727	0.3951760737482827
1.5080664206158727	0.3951760737482827
1.5080664206158727	0.3951760737482827
1.5080664206158727	0.3951760737482827
1.5080664206158727	0.3951760737482827
1.5080664206158727	0.3951760737482827
1.5080664206158727	0.3951760737482827
1.5080664206158727	0.3951760737482827
1.5080664206158727	0.3951760737482827
1.5080664206158727	0.3951760737482827
1.5080664206158727	0.3951760737482827
1.5080664206158727	0.3951760737482827
1.5080664206158727	0.3951760737482827
1.484626635931157	0.3948844409931959
1.4978308759334666	0.40093048514076096
1.513358957616333	0.3876364975860943
1.5318054258293323	0.39920068715156026
1.5318054258293323	0.39920068715156026
1.5318054258293323	0.39920068715156026
1.5318054258293323	0.39920068715156026
1.5318054258293323	0.39920068715156026
1.5318054258293323	0.39920068715156026
1.5278636472704212	0.3907417297257223
1.5278636472704212	0.3907417297257223
1.5278636472704212	0.3907417297257223
1.5278636472704212	0.3907417297257223
1.5239956214023926	0.3977247980487014
1.5228972117650479	0.39269412751708727
1.5228972117650479	0.39269412751708727
1.5067829952852334	0.3850826616228131
1.5067829952852334	0.3850826616228131
1.5067829952852334	0.3850826616228131
1.511838081419805	0.38943937271065365
1.511838081419805	0.38943937271065365
1.511838081419805	0.38943937271065365
1.511838081419805	0.38943937271065365
1.511838081419805	0.38943937271065365
1.5188461208690156	0.39758421400729865
1.5188461208690156	0.39758421400729865
1.5188461208690156	0.39758421400729865
1.5188461208690156	0.39758421400729865
1.5188461208690156	0.39758421400729865
1.5188461208690156	0.39758421400729865
1.520102670257582	0.40371690653982795
1.520102670257582	0.40371690653982795
1.520102670257582	0.40371690653982795
1.520102670257582	0.40371690653982795
1.532611910890479	0.39324134953099
1.4729736439223162	0.3971613457795794
1.516516600245159	0.39315335162097376
1.516516600245159	0.39315335162097376
1.516516600245159	0.39315335162097376
1.516516600245159	0.39315335162097376
1.516516600245159	0.39315335162097376
1.5126724472475879	0.3938866519990837
1.5126724472475879	0.3938866519990837
1.5091641666525648	0.3908036755893769
1.5091641666525648	0.3908036755893769
1.5037097028430322	0.39079109957813774
1.5037097028430322	0.39079109957813774
1.5037097028430322	0.39079109957813774
1.5037097028430322	0.39079109957813774
1.5037097028430322	0.39079109957813774
1.4961595005564152	0.398508400844717
1.5140239555751047	0.3812453177265633
1.5120779881457675	0.3855677127596197
1.5120779881457675	0.3855677127596197
1.5120779881457675	0.3855677127596197
1.5120779881457675	0.3855677127596197
1.5120779881457675	0.3855677127596197
1.5120779881457675	0.3855677127596197
1.5120779881457675	0.3855677127596197
1.5222607058879827	0.3992114862911454
1.5137073589737993	0.40200009874772885
1.4968409977011887	0.3957672511453013
1.4968409977011887	0.3957672511453013
1.4968409977011887	0.3957672511453013
1.4968409977011887	0.3957672511453013
1.4968409977011887	0.3957672511453013
1.4968409977011887	0.3957672511453013
1.4968409977011887	0.3957672511453013
1.4968409977011887	0.3957672511453013
1.5220875054169365	0.3923279649467726
1.5220875054169365	0.3923279649467726
1.5084215428735057	0.39364328206524235
1.5084215428735057	0.39364328206524235
1.5084215428735057	0.39364328206524235
1.5084215428735057	0.39364328206524235
1.5084215428735057	0.39364328206524235
1.5084215428735057	0.39364328206524235
1.5222153368487072	0.3914858442158102
1.5222153368487072	0.3914858442158102
1.498839170268971	0.3960058217995675
1.498839170268971	0.3960058217995675
1.5066025876278901	0.4047796667438561
1.5066025876278901	0.4047796667438561
1.5066025876278901	0.4047796667438561
1.5066025876278901	0.4047796667438561
1.5066025876278901	0.4047796667438561
1.5066025876278901	0.4047796667438561
1.5066025876278901	0.4047796667438561
1.5066025876278901	0.4047796667438561
1.5098390530951749	0.4005564587863364
1.5098390530951749	0.4005564587863364
1.519660690265716	0.4052268123665905
1.519660690265716	0.4052268123665905
1.5038490276743932	0.3992203207357317
1.5038490276743932	0.3992203207357317
1.5038490276743932	0.3992203207357317
1.5038490276743932	0.3992203207357317
1.5038490276743932	0.3992203207357317
1.515909452270344	0.39272206735286275
1.515909452270344	0.39272206735286275
1.515909452270344	0.39272206735286275
1.515909452270344	0.39272206735286275
1.515909452270344	0.39272206735286275
1.4856602638445409	0.39607020696569595
1.4856602638445409	0.39607020696569595
1.4856602638445409	0.39607020696569595
1.4856602638445409	0.39607020696569595
1.4856602638445409	0.39607020696569595
1.4856602638445409	0.39607020696569595
1.4856602638445409	0.39607020696569595
1.5005879025721869	0.4014893017131292
1.5005879025721869	0.4014893017131292
1.5005879025721869	0.4014893017131292
1.4967776886279336	0.3948664672658397
1.4967776886279336	0.3948664672658397
1.4967776886279336	0.3948664672658397
1.4967776886279336	0.3948664672658397
1.4967776886279336	0.3948664672658397
1.5080391620852263	0.3831344733346257
1.5190530225648842	0.39395983743886426
1.5190530225648842	0.39395983743886426
1.5190530225648842	0.39395983743886426
1.5190530225648842	0.39395983743886426
1.5190530225648842	0.39395983743886426
1.5190530225648842	0.39395983743886426
1.5190530225648842	0.39395983743886426
1.5190530225648842	0.39395983743886426
1.5190530225648842	0.39395983743886426
1.5190530225648842	0.39395983743886426
1.5190530225648842	0.39395983743886426
1.5190530225648842	0.39395983743886426
1.494940757577289	0.39401762597211465
1.5132518779168125	0.3913117396342149
1.5132518779168125	0.3913117396342149
1.5132518779168125	0.3913117396342149
1.5132518779168125	0.3913117396342149
1.5132518779168125	0.3913117396342149
1.5132518779168125	0.3913117396342149
1.5132518779168125	0.3913117396342149
1.5132518779168125	0.3913117396342149
1.50723256717887	0.397031507295684
1.5110614164595724	0.39865114975474225
1.5110614164595724	0.39865114975474225
1.5110614164595724	0.39865114975474225
1.5110614164595724	0.39865114975474225
1.5110614164595724	0.39865114975474225
1.5110614164595724	0.39865114975474225
1.5054136005022642	0.39046530123147777
1.5054136005022642	0.39046530123147777
1.4874030428617415	0.39098556561002684
1.4874030428617415	0.39098556561002684
1.4866248728729774	0.39990680918963584
1.5012499846779424	0.3977283350898342
1.512474149614512	0.4044552070155837
1.512474149614512	0.4044552070155837
1.512474149614512	0.4044552070155837
1.512474149614512	0.4044552070155837
1.512474149614512	0.4044552070155837
1.512474149614512	0.4044552070155837
1.5345297194922194	0.399177739692367
1.5345297194922194	0.399177739692367
1.5345297194922194	0.399177739692367
1.5095546483116693	0.3860545245117422
1.5095546483116693	0.3860545245117422
1.5095546483116693	0.3860545245117422
1.5095546483116693	0.3860545245117422
1.5095546483116693	0.3860545245117422
1.5095546483116693	0.3860545245117422
1.5095546483116693	0.3860545245117422
1.5095546483116693	0.3860545245117422
1.5095546483116693	0.3860545245117422
1.5095546483116693	0.3860545245117422
1.5095546483116693	0.3860545245117422
1.5097736352258595	0.38509350447236385
1.5097736352258595	0.38509350447236385
1.5097736352258595	0.38509350447236385
1.5097736352258595	0.38509350447236385
1.5183542200391837	0.383572645870428
1.515877108374666	0.3996476315592724
1.515877108374666	0.3996476315592724
1.515877108374666	0.3996476315592724
1.5068634256610498	0.38540956555990635
1.5068634256610498	0.38540956555990635
1.5068634256610498	0.38540956555990635
1.5068634256610498	0.38540956555990635
1.5019502882421631	0.38745622923854756
1.517536946243468	0.3942453503581724
1.517536946243468	0.3942453503581724
1.517536946243468	0.3942453503581724
1.482840248299938	0.394683125829857
1.482840248299938	0.394683125829857
1.4789855171745494	0.3935793407061572
1.4789855171745494	0.3935793407061572
1.4789855171745494	0.3935793407061572
1.4789855171745494	0.3935793407061572
1.513479407188768	0.3909978164172489
1.513479407188768	0.3909978164172489
1.513479407188768	0.3909978164172489
1.513479407188768	0.3909978164172489
1.513479407188768	0.3909978164172489
1.4915951229216977	0.391669095338775
1.4915951229216977	0.391669095338775
1.4956773202094982	0.39764634353356354
1.5065777526943087	0.3894232014710031
1.5174797864571419	0.38417831451536316
1.5161992875854862	0.40471434372253406
1.5161992875854862	0.40471434372253406
1.5161992875854862	0.40471434372253406
1.5161992875854862	0.40471434372253406
1.5161992875854862	0.40471434372253406
1.5080683325150284	0.40556789546708977
1.501005798388192	0.40455934069196947
1.4944999851433771	0.4011553856293718
1.4944999851433771	0.4011553856293718
1.4944999851433771	0.4011553856293718
1.5062336965892098	0.3892675076416744
1.5062336965892098	0.3892675076416744
1.5062336965892098	0.3892675076416744
1.5062336965892098	0.3892675076416744
1.5062336965892098	0.3892675076416744
1.5062336965892098	0.3892675076416744
1.5062336965892098	0.3892675076416744
1.4928966462768631	0.3933629507326893
1.4928966462768631	0.3933629507326893
1.4928966462768631	0.3933629507326893
1.5110358222578233	0.3975805434272696
1.5110358222578233	0.3975805434272696
1.492984564238101	0.39888603600442396
1.492984564238101	0.39888603600442396
1.492984564238101	0.39888603600442396
1.492984564238101	0.39888603600442396
1.492984564238101	0.39888603600442396
1.492984564238101	0.39888603600442396
1.5053577842020083	0.4010969446033636
1.5053577842020083	0.4010969446033636
1.519679243122984	0.401037951798206
1.519679243122984	0.401037951798206
1.519679243122984	0.401037951798206
1.519679243122984	0.401037951798206
1.519679243122984	0.401037951798206
1.519791366376043	0.39926865820403096
1.519791366376043	0.39926865820403096
1.492943199669588	0.40369247860936774
1.5119785608028058	0.41258732099513684
1.4978540241923382	0.4009059644539363
1.4978540241923382	0.4009059644539363
1.4978540241923382	0.4009059644539363
1.4978540241923382	0.4009059644539363
1.4978540241923382	0.4009059644539363
1.4978540241923382	0.4009059644539363
1.4978540241923382	0.4009059644539363
1.4978540241923382	0.4009059644539363
1.4978540241923382	0.4009059644539363
1.4978540241923382	0.4009059644539363
1.5061039599311008	0.3890307454615039
1.5061039599311008	0.3890307454615039
1.5061039599311008	0.3890307454615039
1.5116323982672506	0.39614693799233236
1.5116323982672506	0.39614693799233236
1.5116323982672506	0.39614693799233236
1.5116323982672506	0.39614693799233236
1.5116323982672506	0.39614693799233236
1.5116323982672506	0.39614693799233236
1.5116323982672506	0.39614693799233236
1.5116323982672506	0.39614693799233236
1.5116323982672506	0.39614693799233236
1.5116323982672506	0.39614693799233236
1.534973276857987	0.38944111633657813
1.534973276857987	0.38944111633657813
1.5127498264305437	0.3978523031106693
1.5127498264305437	0.3978523031106693
1.5127498264305437	0.3978523031106693
1.5127498264305437	0.3978523031106693
1.5053491979241902	0.3973958078349685
1.5053491979241902	0.3973958078349685
1.505637298755519	0.3935365508286577
1.505637298755519	0.3935365508286577
1.505637298755519	0.3935365508286577
1.505637298755519	0.3935365508286577
1.505637298755519	0.3935365508286577
1.505637298755519	0.3935365508286577
1.505637298755519	0.3935365508286577
1.509931690510814	0.4003170754745904
1.509931690510814	0.4003170754745904
1.509931690510814	0.4003170754745904
1.5237793395840953	0.3933861808660051
1.506909330137859	0.3988915767513777
1.506909330137859	0.3988915767513777
1.506909330137859	0.3988915767513777
1.506909330137859	0.3988915767513777
1.506909330137859	0.3988915767513777
1.506909330137859	0.3988915767513777
1.506909330137859	0.3988915767513777
1.509323096469469	0.3966131694082711
1.509323096469469	0.3966131694082711
1.509323096469469	0.3966131694082711
1.509323096469469	0.3966131694082711
1.509323096469469	0.3966131694082711
1.509323096469469	0.3966131694082711
1.5059174730053224	0.3951061889760736
1.4986177976507489	0.39755391339264473
1.4986177976507489	0.39755391339264473
1.4986177976507489	0.39755391339264473
1.4986177976507489	0.39755391339264473
1.5071059215031428	0.3888590004289414
1.5071059215031428	0.3888590004289414
1.5071059215031428	0.3888590004289414
1.5071059215031428	0.3888590004289414
1.5071059215031428	0.3888590004289414
1.5071059215031428	0.3888590004289414
1.5071059215031428	0.3888590004289414
1.5071059215031428	0.3888590004289414
1.5071059215031428	0.3888590004289414
1.5071059215031428	0.3888590004289414
1.5071059215031428	0.3888590004289414
1.5071059215031428	0.3888590004289414
1.5071059215031428	0.3888590004289414
1.5071059215031428	0.3888590004289414
1.5071059215031428	0.3888590004289414
1.5071059215031428	0.3888590004289414
1.5071059215031428	0.3888590004289414
1.5071059215031428	0.3888590004289414
1.5071059215031428	0.3888590004289414
1.516302510147832	0.3910579151587461
1.516302510147832	0.3910579151587461
1.516302510147832	0.3910579151587461
1.516302510147832	0.3910579151587461
1.516302510147832	0.3910579151587461
1.516302510147832	0.3910579151587461
1.516302510147832	0.3910579151587461
1.516302510147832	0.3910579151587461
1.516302510147832	0.3910579151587461
1.516302510147832	0.3910579151587461
1.516302510147832	0.3910579151587461
1.516302510147832	0.3910579151587461
1.516302510147832	0.3910579151587461
1.516302510147832	0.3910579151587461
1.516302510147832	0.3910579151587461
1.516302510147832	0.3910579151587461
1.516302510147832	0.3910579151587461
1.4999007302560938	0.38894729255350746
1.4999007302560938	0.38894729255350746
1.5273743777434574	0.39860800035908217
1.510739617893601	0.3940556650128409
1.510739617893601	0.3940556650128409
1.510739617893601	0.3940556650128409
1.510739617893601	0.3940556650128409
1.510739617893601	0.3940556650128409
1.510739617893601	0.3940556650128409
1.510739617893601	0.3940556650128409
1.510739617893601	0.3940556650128409
1.510739617893601	0.3940556650128409
1.5050692378012418	0.3939031855555933
1.5050692378012418	0.3939031855555933
1.5050692378012418	0.3939031855555933
1.5050692378012418	0.3939031855555933
1.5050692378012418	0.3939031855555933
1.5050692378012418	0.3939031855555933
1.5050692378012418	0.3939031855555933
1.5050692378012418	0.3939031855555933
1.5050692378012418	0.3939031855555933
1.507974729962335	0.3990937773542085
1.5038746835240184	0.3896334164024726
1.5038746835240184	0.3896334164024726
1.5038746835240184	0.3896334164024726
1.5038746835240184	0.3896334164024726
1.5038746835240184	0.3896334164024726
1.5089386479612699	0.40096227904681386
1.5089386479612699	0.40096227904681386
1.5089386479612699	0.40096227904681386
1.5089386479612699	0.40096227904681386
1.5089386479612699	0.40096227904681386
1.5089386479612699	0.40096227904681386
1.5089386479612699	0.40096227904681386
1.5197127307142362	0.39384797637769525
1.5197127307142362	0.39384797637769525
1.5197127307142362	0.39384797637769525
1.5197127307142362	0.39384797637769525
1.5197127307142362	0.39384797637769525
1.5197127307142362	0.39384797637769525
1.5197127307142362	0.39384797637769525
1.5197127307142362	0.39384797637769525
1.5197127307142362	0.39384797637769525
1.508524364730862	0.39663743444098987
1.508524364730862	0.39663743444098987
1.5146304544115405	0.4001635011227813
1.5146304544115405	0.4001635011227813
1.5146304544115405	0.4001635011227813
1.5146304544115405	0.4001635011227813
1.5146304544115405	0.4001635011227813
1.4882701952880906	0.40736132079929127
1.4882701952880906	0.40736132079929127
1.4882701952880906	0.40736132079929127
1.4882701952880906	0.40736132079929127
1.4882701952880906	0.40736132079929127
1.4882701952880906	0.40736132079929127
1.5224944174409925	0.40023038462897836
1.5224944174409925	0.40023038462897836
1.4939833273126886	0.40325747525795386
1.4939833273126886	0.40325747525795386
1.4939833273126886	0.40325747525795386
1.4939833273126886	0.40325747525795386
1.4939833273126886	0.40325747525795386
1.4939833273126886	0.40325747525795386
1.5143568101249185	0.4074970406461461
1.5143568101249185	0.4074970406461461
1.5143568101249185	0.4074970406461461
1.5143568101249185	0.4074970406461461
1.5143568101249185	0.4074970406461461
1.5143568101249185	0.4074970406461461
1.5143568101249185	0.4074970406461461
1.5026019761756928	0.40729231695454937
1.5026019761756928	0.40729231695454937
1.5026019761756928	0.40729231695454937
1.5193232519841222	0.4015279806163996
1.5193232519841222	0.4015279806163996
1.5193232519841222	0.4015279806163996
1.5193232519841222	0.4015279806163996
1.4982413644649974	0.39659354267860863
1.5171398969671364	0.4013992878267731
1.503692262402089	0.39731226310581824
1.503692262402089	0.39731226310581824
1.503692262402089	0.39731226310581824
1.503692262402089	0.39731226310581824
1.4882077473387012	0.39905868713111536
1.5087280944598886	0.4045014961062043
1.5087280944598886	0.4045014961062043
1.5087280944598886	0.4045014961062043
1.5087280944598886	0.4045014961062043
1.4968792314735484	0.3930758299007954
1.4968792314735484	0.3930758299007954
1.4968792314735484	0.3930758299007954
1.4968792314735484	0.3930758299007954
1.4968792314735484	0.3930758299007954
1.4968792314735484	0.3930758299007954
1.4968792314735484	0.3930758299007954
1.4968792314735484	0.3930758299007954
1.5196813283964679	0.39289034447116544
1.5196813283964679	0.39289034447116544
1.5196813283964679	0.39289034447116544
1.512032385887821	0.3879443201878789
1.512032385887821	0.3879443201878789
1.512032385887821	0.3879443201878789
1.512032385887821	0.3879443201878789
1.512032385887821	0.3879443201878789
1.512032385887821	0.3879443201878789
1.512032385887821	0.3879443201878789
1.512032385887821	0.3879443201878789
1.512032385887821	0.3879443201878789
1.512032385887821	0.3879443201878789
1.512032385887821	0.3879443201878789
1.5075879606363156	0.39054336532197326
1.5075879606363156	0.39054336532197326
1.5075879606363156	0.39054336532197326
1.5075879606363156	0.39054336532197326
1.5075879606363156	0.39054336532197326
1.5132103433720536	0.3923467230021876
1.5132103433720536	0.3923467230021876
1.5173874363575444	0.3931328078361969
1.5173874363575444	0.3931328078361969
1.5173874363575444	0.3931328078361969
1.5173874363575444	0.3931328078361969
1.5173874363575444	0.3931328078361969
1.5173874363575444	0.3931328078361969
1.5173874363575444	0.3931328078361969
1.5020493818713139	0.3954149528972791
1.5020493818713139	0.3954149528972791
1.5020493818713139	0.3954149528972791
1.5020493818713139	0.3954149528972791
1.5020493818713139	0.3954149528972791
1.5020493818713139	0.3954149528972791
1.515713613467866	0.39825117920390096
1.515713613467866	0.39825117920390096
1.515713613467866	0.39825117920390096
1.515713613467866	0.39825117920390096
1.515713613467866	0.39825117920390096
1.5011254951642687	0.40130315394894617
1.5011254951642687	0.40130315394894617
1.5011254951642687	0.40130315394894617
1.5011254951642687	0.40130315394894617
1.5011254951642687	0.40130315394894617
1.4903983971850772	0.3929395219047556
1.4903983971850772	0.3929395219047556
1.4903983971850772	0.3929395219047556
1.4903983971850772	0.3929395219047556
1.4842251351670037	0.39681268001639025
1.5100047604784463	0.390619531387187
1.5100047604784463	0.390619531387187
1.5100047604784463	0.390619531387187
1.5100047604784463	0.390619531387187
1.5100047604784463	0.390619531387187
1.5100047604784463	0.390619531387187
1.5100047604784463	0.390619531387187
1.5100047604784463	0.390619531387187
1.5100047604784463	0.390619531387187
1.5100047604784463	0.390619531387187
1.5022041577497334	0.392639560561518
1.5022041577497334	0.392639560561518
1.5052781456176707	0.3967118106457951
1.5052781456176707	0.3967118106457951
1.5052781456176707	0.3967118106457951
1.5097976500819186	0.3857757375330469
1.5097976500819186	0.3857757375330469
1.5097976500819186	0.3857757375330469
1.4860252990726683	0.4038116870855167
1.4860252990726683	0.4038116870855167
1.4860252990726683	0.4038116870855167
1.4860252990726683	0.4038116870855167
1.5191171700105217	0.4106187184792178
1.5191171700105217	0.4106187184792178
1.5323527844329055	0.40327477558761526
1.5284266251970646	0.4044695687866861
1.5218200305472513	0.4006464118949416
1.5218200305472513	0.4006464118949416
1.4827769397178143	0.40064150286435946
1.4827769397178143	0.40064150286435946
1.4827769397178143	0.40064150286435946
1.4827769397178143	0.40064150286435946
1.5080638462695546	0.40218063033849155
1.5080638462695546	0.40218063033849155
1.5080638462695546	0.40218063033849155
1.5080638462695546	0.40218063033849155
1.5080638462695546	0.40218063033849155
1.5080638462695546	0.40218063033849155
1.5080638462695546	0.40218063033849155
1.5080638462695546	0.40218063033849155
1.4898092889308105	0.40923502046559235
1.4888561749536693	0.4007285335870851
1.4888561749536693	0.4007285335870851
1.4888561749536693	0.4007285335870851
1.4888561749536693	0.4007285335870851
1.4914097000425364	0.39654329222549367
1.4914097000425364	0.39654329222549367
1.4914097000425364	0.39654329222549367
1.5153887926683554	0.4030025590642785
1.5153887926683554	0.4030025590642785
1.5153887926683554	0.4030025590642785
1.5153887926683554	0.4030025590642785
1.5246658666701371	0.39572789938735653
1.5246658666701371	0.39572789938735653
1.5246658666701371	0.39572789938735653
1.5246658666701371	0.39572789938735653
1.5246658666701371	0.39572789938735653
1.510323823534156	0.3898097666273689
1.510323823534156	0.3898097666273689
1.510323823534156	0.3898097666273689
1.5070432326185925	0.3882619188574692
1.5070432326185925	0.3882619188574692
1.5070432326185925	0.3882619188574692
1.5070432326185925	0.3882619188574692
1.5070432326185925	0.3882619188574692
1.5070432326185925	0.3882619188574692
1.5070432326185925	0.3882619188574692
1.517820715794889	0.3996605735063448
1.514631448701548	0.3996285483515983
1.514631448701548	0.3996285483515983
1.514631448701548	0.3996285483515983
1.514631448701548	0.3996285483515983
1.514631448701548	0.3996285483515983
1.514631448701548	0.3996285483515983
1.514631448701548	0.3996285483515983
1.514631448701548	0.3996285483515983
1.5053124806553828	0.39521025981370356
1.5053124806553828	0.39521025981370356
1.5053124806553828	0.39521025981370356
1.5164121717077703	0.388724441200865
1.5164121717077703	0.388724441200865
1.4984435050761142	0.3902603238291216
1.4984435050761142	0.3902603238291216
1.5024423026051654	0.39041817657724326
1.5024423026051654	0.39041817657724326
1.5024423026051654	0.39041817657724326
1.4947141911376425	0.3930282334419548
1.4947141911376425	0.3930282334419548
1.5022455137843598	0.3949959687641242
1.5022455137843598	0.3949959687641242
1.5022455137843598	0.3949959687641242
1.5159279390451958	0.3937077371722305
1.5159279390451958	0.3937077371722305
1.504128157584538	0.391530870748585
1.5359582404564986	0.3975489135156742
1.5233519692405264	0.3831545791565727
1.5429595752737597	0.39065854267086364
1.5429595752737597	0.39065854267086364
1.5429595752737597	0.39065854267086364
1.5429595752737597	0.39065854267086364
1.5429595752737597	0.39065854267086364
1.5295707740522548	0.3960517888238916
1.5397036451591704	0.39522798231712747
1.5397036451591704	0.39522798231712747
1.5397036451591704	0.39522798231712747
1.5047134137949731	0.3880182046946568
1.5250262843973834	0.39760026848717717
1.5250262843973834	0.39760026848717717
1.5250262843973834	0.39760026848717717
1.5250262843973834	0.39760026848717717
1.5250262843973834	0.39760026848717717
1.5250262843973834	0.39760026848717717
1.5250262843973834	0.39760026848717717
1.5250262843973834	0.39760026848717717
1.4953323503939375	0.4042117540596826
1.4730180630635368	0.3889734334188308
1.48261336848419	0.3926754828308243
1.48261336848419	0.3926754828308243
1.48261336848419	0.3926754828308243
1.48261336848419	0.3926754828308243
1.48261336848419	0.3926754828308243
1.48261336848419	0.3926754828308243
1.48261336848419	0.3926754828308243
1.48261336848419	0.3926754828308243
1.48261336848419	0.3926754828308243
1.48261336848419	0.3926754828308243
1.48261336848419	0.3926754828308243
1.48261336848419	0.3926754828308243
1.5017121948493275	0.40735016229315735
1.5017121948493275	0.40735016229315735
1.5304832724076085	0.3955068740476418
1.5304832724076085	0.3955068740476418
1.5201010976004727	0.39798956663399
1.5201010976004727	0.39798956663399
1.5201010976004727	0.39798956663399
1.5201010976004727	0.39798956663399
1.5201010976004727	0.39798956663399
1.5201010976004727	0.39798956663399
1.5201010976004727	0.39798956663399
1.5201010976004727	0.39798956663399
1.5201010976004727	0.39798956663399
1.5192348130460562	0.4027688660583755
1.5192348130460562	0.4027688660583755
1.5192348130460562	0.4027688660583755
1.5192348130460562	0.4027688660583755
1.5022706601488798	0.4051723305688877
1.5022706601488798	0.4051723305688877
1.4973055481881388	0.39294387588567997
1.5045619322368338	0.3938733155902089
1.5045619322368338	0.3938733155902089
1.5045619322368338	0.3938733155902089
1.5045619322368338	0.3938733155902089
1.5045619322368338	0.3938733155902089
1.5045619322368338	0.3938733155902089
1.5045619322368338	0.3938733155902089
1.5045619322368338	0.3938733155902089
1.5045619322368338	0.3938733155902089
1.5034712860982011	0.3965107084389694
1.5034712860982011	0.3965107084389694
1.5076555260325084	0.3911562977590068
1.5076555260325084	0.3911562977590068
1.5076555260325084	0.3911562977590068
1.5076555260325084	0.3911562977590068
1.5076555260325084	0.3911562977590068
1.5076555260325084	0.3911562977590068
1.5076555260325084	0.3911562977590068
1.5148248696765878	0.3916997685608181
1.5148248696765878	0.3916997685608181
1.5148248696765878	0.3916997685608181
1.5148248696765878	0.3916997685608181
1.5148248696765878	0.3916997685608181
1.5148248696765878	0.3916997685608181
1.5050527521559924	0.3959211233187831
1.5050527521559924	0.3959211233187831
1.5050527521559924	0.3959211233187831
1.5050527521559924	0.3959211233187831
1.4949970192632407	0.39067047454096365
1.4949970192632407	0.39067047454096365
1.4949970192632407	0.39067047454096365
1.4949970192632407	0.39067047454096365
1.4866743748629596	0.40044071656943914
1.4866743748629596	0.40044071656943914
1.4866743748629596	0.40044071656943914
1.4866743748629596	0.40044071656943914
1.4811535567324816	0.385422376017093
1.4811535567324816	0.385422376017093
1.4811535567324816	0.385422376017093
1.4811535567324816	0.385422376017093
1.4805422102879913	0.39101969468977427
1.511109941928304	0.4016020123536355
1.5048173444089308	0.39949325133950275
1.5048173444089308	0.39949325133950275
1.5048173444089308	0.39949325133950275
1.5048173444089308	0.39949325133950275
1.5042692086464704	0.39968878112687684
1.5042692086464704	0.39968878112687684
1.499621518729467	0.39359029355280184
1.502786153324712	0.40001930043225825
1.5156161197027784	0.38831684814729195
1.5211897218693102	0.39499764818831734
1.5211897218693102	0.39499764818831734
1.5211897218693102	0.39499764818831734
1.5211897218693102	0.39499764818831734
1.5211897218693102	0.39499764818831734
1.5211897218693102	0.39499764818831734
1.5211897218693102	0.39499764818831734
1.5096679469065197	0.4000580477609093
1.5096679469065197	0.4000580477609093
1.5096679469065197	0.4000580477609093
1.5096679469065197	0.4000580477609093
1.5096679469065197	0.4000580477609093
1.5096679469065197	0.4000580477609093
1.5096679469065197	0.4000580477609093
1.5096679469065197	0.4000580477609093
1.5096679469065197	0.4000580477609093
1.5096679469065197	0.4000580477609093
1.5090446127869515	0.39556917261945734
1.5090446127869515	0.39556917261945734
1.5158773593258164	0.39806622267767205
1.5158773593258164	0.39806622267767205
1.5158773593258164	0.39806622267767205
1.5158773593258164	0.39806622267767205
1.5158773593258164	0.39806622267767205
1.5158773593258164	0.39806622267767205
1.5158773593258164	0.39806622267767205
1.5158773593258164	0.39806622267767205
1.5158773593258164	0.39806622267767205
1.5158773593258164	0.39806622267767205
1.5158773593258164	0.39806622267767205
1.5158773593258164	0.39806622267767205
1.5158773593258164	0.39806622267767205
1.5112951816136087	0.4021722037624072
1.5112951816136087	0.4021722037624072
1.5112951816136087	0.4021722037624072
1.5112951816136087	0.4021722037624072
1.5112951816136087	0.4021722037624072
1.5112951816136087	0.4021722037624072
1.5112951816136087	0.4021722037624072
1.5112951816136087	0.4021722037624072
1.5112951816136087	0.4021722037624072
1.5112951816136087	0.4021722037624072
1.5112951816136087	0.4021722037624072
1.5112951816136087	0.4021722037624072
1.5112951816136087	0.4021722037624072
1.5112951816136087	0.4021722037624072
1.507458880809694	0.39872019282480026
1.49344942048071	0.39882655534488487
1.4825015565891344	0.39172404588204535
1.4825015565891344	0.39172404588204535
1.5031070305819338	0.3829934269306911
1.5031070305819338	0.3829934269306911
1.5031070305819338	0.3829934269306911
1.5163240498161281	0.38415054271296906
1.5163240498161281	0.38415054271296906
1.5163240498161281	0.38415054271296906
1.5163240498161281	0.38415054271296906
1.5163240498161281	0.38415054271296906
1.5026423232424966	0.3923483230294455
1.5104808978374122	0.39530547055347404
1.5104808978374122	0.39530547055347404
1.51669060257381	0.38680521163457005
1.491521550927601	0.3878786612032935
1.4899494660086121	0.3929659663807959
1.4899494660086121	0.3929659663807959
1.4899494660086121	0.3929659663807959
1.4899494660086121	0.3929659663807959
1.4899494660086121	0.3929659663807959
1.4899494660086121	0.3929659663807959
1.4899494660086121	0.3929659663807959
1.5298590195153574	0.3889445106683725
1.5298590195153574	0.3889445106683725
1.5347565217947154	0.39529774395589634
1.5347565217947154	0.39529774395589634
1.522975812795214	0.40535294712208275
1.522975812795214	0.40535294712208275
1.522975812795214	0.40535294712208275
1.4963905433512885	0.39398714617058916
1.5002135623631907	0.40215758073399427
1.5169964761261736	0.40121364164851897
1.5169964761261736	0.40121364164851897
1.5169964761261736	0.40121364164851897
1.5045489241019476	0.40034668042905697
1.5045489241019476	0.40034668042905697
1.5045489241019476	0.40034668042905697
1.5045489241019476	0.40034668042905697
1.5045489241019476	0.40034668042905697
1.5045489241019476	0.40034668042905697
1.5045489241019476	0.40034668042905697
1.5045489241019476	0.40034668042905697
1.5044031978561798	0.40170878689574335
1.5044031978561798	0.40170878689574335
1.5044031978561798	0.40170878689574335
1.5044031978561798	0.40170878689574335
1.5044031978561798	0.40170878689574335
1.5044031978561798	0.40170878689574335
1.5044031978561798	0.40170878689574335
1.5044031978561798	0.40170878689574335
1.5044031978561798	0.40170878689574335
1.5044031978561798	0.40170878689574335
1.5133296227826096	0.38773963709381204
1.5133296227826096	0.38773963709381204
1.5133296227826096	0.38773963709381204
1.5133296227826096	0.38773963709381204
1.5045597900122452	0.38977939672622114
1.5045597900122452	0.38977939672622114
1.5045597900122452	0.38977939672622114
1.5045597900122452	0.38977939672622114
1.5177276663283146	0.3971451081261982
1.5059097262971752	0.4035549998544645
1.5059097262971752	0.4035549998544645
1.5059097262971752	0.4035549998544645
1.5059097262971752	0.4035549998544645
1.5059097262971752	0.4035549998544645
1.5113486535362795	0.40670810944132735
1.5113486535362795	0.40670810944132735
1.5201793391007083	0.3997993344171288
1.5201793391007083	0.3997993344171288
1.5201793391007083	0.3997993344171288
1.5201793391007083	0.3997993344171288
1.5318292968418734	0.39125026734330404
1.5187566532982517	0.3964438006826039
1.5187566532982517	0.3964438006826039
1.5187566532982517	0.3964438006826039
1.5187566532982517	0.3964438006826039
1.5187566532982517	0.3964438006826039
1.5187566532982517	0.3964438006826039
1.5187566532982517	0.3964438006826039
1.5166893709512173	0.39943941191798177
1.5166893709512173	0.39943941191798177
1.5166893709512173	0.39943941191798177
1.500812222782855	0.3955543648898472
1.500812222782855	0.3955543648898472
1.500812222782855	0.3955543648898472
1.500812222782855	0.3955543648898472
1.5092298400712496	0.4040279873945139
1.5092298400712496	0.4040279873945139
1.5324698592141752	0.40061511378551773
1.5188311704615471	0.3967176286461722
1.5188311704615471	0.3967176286461722
1.5188311704615471	0.3967176286461722
1.5188311704615471	0.3967176286461722
1.5188311704615471	0.3967176286461722
1.5117785865722435	0.390628951975756
1.5117785865722435	0.390628951975756
1.5117785865722435	0.390628951975756
1.5117785865722435	0.390628951975756
1.5117785865722435	0.390628951975756
1.509962111415324	0.3887407873547527
1.506292316425163	0.39270417566739174
1.506292316425163	0.39270417566739174
1.506292316425163	0.39270417566739174
1.506292316425163	0.39270417566739174
1.506292316425163	0.39270417566739174
1.506292316425163	0.39270417566739174
1.5179929201358546	0.39910915601221675
1.5179929201358546	0.39910915601221675
1.5179929201358546	0.39910915601221675
1.5179929201358546	0.39910915601221675
1.5179929201358546	0.39910915601221675
1.5118446022523357	0.388580114052449
1.5118446022523357	0.388580114052449
1.5118446022523357	0.388580114052449
1.5011338876313334	0.39596653283073663
1.5011338876313334	0.39596653283073663
1.5011338876313334	0.39596653283073663
1.5289814837987141	0.3953533450379158
1.5289814837987141	0.3953533450379158
1.5289814837987141	0.3953533450379158
1.5289814837987141	0.3953533450379158
1.5289814837987141	0.3953533450379158
1.5289814837987141	0.3953533450379158
1.5289814837987141	0.3953533450379158
1.5170378595395053	0.3997108131037572
1.5170378595395053	0.3997108131037572
1.5170378595395053	0.3997108131037572
1.5170378595395053	0.3997108131037572
1.5170378595395053	0.3997108131037572
1.5170378595395053	0.3997108131037572
1.5302297821345379	0.3968154460777597
1.5120722454553908	0.40234867063806556
1.5120722454553908	0.40234867063806556
1.5120722454553908	0.40234867063806556
1.5000362018826796	0.3969891501927535
1.5000362018826796	0.3969891501927535
1.5000362018826796	0.3969891501927535
1.5000362018826796	0.3969891501927535
1.5000362018826796	0.3969891501927535
1.5000362018826796	0.3969891501927535
1.5000362018826796	0.3969891501927535
1.5000362018826796	0.3969891501927535
1.5000362018826796	0.3969891501927535
1.5000362018826796	0.3969891501927535
1.5000362018826796	0.3969891501927535
1.5000362018826796	0.3969891501927535
1.5000362018826796	0.3969891501927535
1.5000362018826796	0.3969891501927535
1.5000362018826796	0.3969891501927535
1.5000362018826796	0.3969891501927535
1.5129416205409525	0.4047508171277598
1.5129416205409525	0.4047508171277598
1.5129416205409525	0.4047508171277598
1.5129416205409525	0.4047508171277598
1.5129416205409525	0.4047508171277598
1.5129416205409525	0.4047508171277598
1.5129416205409525	0.4047508171277598
1.5129416205409525	0.4047508171277598
1.5129416205409525	0.4047508171277598
1.5033703072414635	0.397882331589177
1.5033703072414635	0.397882331589177
1.5033703072414635	0.397882331589177
1.5033703072414635	0.397882331589177
1.5033703072414635	0.397882331589177
1.5033703072414635	0.397882331589177
1.5033703072414635	0.397882331589177
1.5033703072414635	0.397882331589177
1.5033703072414635	0.397882331589177
1.5064969991382327	0.3943141299348563
1.5298759698433215	0.38625292322770155
1.5298759698433215	0.38625292322770155
1.5298759698433215	0.38625292322770155
1.5298759698433215	0.38625292322770155
1.5227999153845706	0.38249095821067153
1.5227999153845706	0.38249095821067153
1.5093475589744705	0.3902707468536778
1.5093475589744705	0.3902707468536778
1.5093475589744705	0.3902707468536778
1.5093475589744705	0.3902707468536778
1.5093475589744705	0.3902707468536778
1.5093475589744705	0.3902707468536778
1.5093475589744705	0.3902707468536778
1.5093475589744705	0.3902707468536778
1.5093475589744705	0.3902707468536778
1.5093475589744705	0.3902707468536778
1.5014673839276609	0.3915446813605693
1.5014673839276609	0.3915446813605693
1.5014673839276609	0.3915446813605693
1.5014673839276609	0.3915446813605693
1.5014673839276609	0.3915446813605693
1.5100313630743438	0.39024058006855833
1.5100313630743438	0.39024058006855833
1.5100313630743438	0.39024058006855833
1.5100313630743438	0.39024058006855833
1.5100313630743438	0.39024058006855833
1.5348160048079253	0.3960213636891408
1.5282145798252817	0.3949602269435859
1.516578198063891	0.39301571028600774
1.5043375593997772	0.39737879787249863
1.4892313692557135	0.3966747410409173
1.4892313692557135	0.3966747410409173
1.5049534917328689	0.4003524525669554
1.5142953068026108	0.3848455833367467
1.5214490565691194	0.38528459358248984
1.518961354230525	0.3847990696941664
1.518961354230525	0.3847990696941664
1.518961354230525	0.3847990696941664
1.518961354230525	0.3847990696941664
1.518961354230525	0.3847990696941664
1.518961354230525	0.3847990696941664
1.518961354230525	0.3847990696941664
1.518961354230525	0.3847990696941664
1.5174009257937902	0.3925003793575158
1.5174009257937902	0.3925003793575158
1.5174009257937902	0.3925003793575158
1.5174009257937902	0.3925003793575158
1.5174009257937902	0.3925003793575158
1.5174009257937902	0.3925003793575158
1.4994389407262325	0.3922380775938105
1.4994389407262325	0.3922380775938105
1.4994389407262325	0.3922380775938105
1.4994389407262325	0.3922380775938105
1.4999323188380167	0.3977706717725298
1.4999323188380167	0.3977706717725298
1.5208926344902498	0.3962401601633693
1.5208926344902498	0.3962401601633693
1.5208926344902498	0.3962401601633693
1.5034884404908735	0.3945079473290917
1.5034884404908735	0.3945079473290917
1.5034884404908735	0.3945079473290917
1.5034884404908735	0.3945079473290917
1.5034884404908735	0.3945079473290917
1.5034884404908735	0.3945079473290917
1.5034884404908735	0.3945079473290917
1.5034884404908735	0.3945079473290917
1.5034884404908735	0.3945079473290917
1.5034884404908735	0.3945079473290917
1.5034884404908735	0.3945079473290917
1.5034884404908735	0.3945079473290917
1.5034884404908735	0.3945079473290917
1.5034884404908735	0.3945079473290917
1.5034884404908735	0.3945079473290917
1.5034884404908735	0.3945079473290917
1.5034884404908735	0.3945079473290917
1.5034884404908735	0.3945079473290917
1.5034884404908735	0.3945079473290917
1.5034884404908735	0.3945079473290917
1.5034884404908735	0.3945079473290917
1.5034884404908735	0.3945079473290917
1.5034884404908735	0.3945079473290917
1.5034884404908735	0.3945079473290917
1.5034884404908735	0.3945079473290917
1.5034884404908735	0.3945079473290917
1.5034884404908735	0.3945079473290917
1.5034884404908735	0.3945079473290917
1.5034884404908735	0.3945079473290917
1.5034884404908735	0.3945079473290917
1.5034884404908735	0.3945079473290917
1.5034884404908735	0.3945079473290917
1.5034884404908735	0.3945079473290917
1.5034884404908735	0.3945079473290917
1.5034884404908735	0.3945079473290917
1.5034884404908735	0.3945079473290917
1.5034884404908735	0.3945079473290917
1.5034884404908735	0.3945079473290917
1.509148054254697	0.39694735760433597
1.509148054254697	0.39694735760433597
1.507329975180719	0.4009991010319951
1.507329975180719	0.4009991010319951
1.507329975180719	0.4009991010319951
1.5087308157093593	0.3891033696578809
1.5255581883138634	0.4030762598022432
1.5237460932654445	0.3961993137161449
1.5272022216565277	0.40182109255912835
1.5350219048578102	0.3952368924020788
1.5350219048578102	0.3952368924020788
1.5350219048578102	0.3952368924020788
1.5196728467624148	0.40293519558665747
1.5018737758837186	0.3976770745279034
1.5225465553924444	0.39818071806552857
1.492693456536991	0.3882239829625854
1.527966801133932	0.39707838995229355
1.5231302988161288	0.3930974117736726
1.5231302988161288	0.3930974117736726
1.5231302988161288	0.3930974117736726
1.5231302988161288	0.3930974117736726
1.5231302988161288	0.3930974117736726
1.4956812438409295	0.38912948379794243
1.4956812438409295	0.38912948379794243
1.4956812438409295	0.38912948379794243
1.4956812438409295	0.38912948379794243
1.4956812438409295	0.38912948379794243
1.4956812438409295	0.38912948379794243
1.4956812438409295	0.38912948379794243
1.4956812438409295	0.38912948379794243
1.4956812438409295	0.38912948379794243
1.4956812438409295	0.38912948379794243
1.4956812438409295	0.38912948379794243
1.4956812438409295	0.38912948379794243
1.4956812438409295	0.38912948379794243
1.4956812438409295	0.38912948379794243
1.4987905749181856	0.4035715718485176
1.4987905749181856	0.4035715718485176
1.4987905749181856	0.4035715718485176
1.4987905749181856	0.4035715718485176
1.4987905749181856	0.4035715718485176
1.5211167394418146	0.401241695191691
1.537148279555772	0.39240606950187495
1.537148279555772	0.39240606950187495
1.537148279555772	0.39240606950187495
1.4952505827714833	0.38997529075795145
1.4952505827714833	0.38997529075795145
1.4952505827714833	0.38997529075795145
1.4952505827714833	0.38997529075795145
1.4952505827714833	0.38997529075795145
1.4952505827714833	0.38997529075795145
1.5047330178939469	0.40087127257771626
1.5047330178939469	0.40087127257771626
1.5047330178939469	0.40087127257771626
1.5047330178939469	0.40087127257771626
1.5047330178939469	0.40087127257771626
1.5047330178939469	0.40087127257771626
1.4912428048364241	0.3894707989983523
1.4912428048364241	0.3894707989983523
1.4912428048364241	0.3894707989983523
1.4912428048364241	0.3894707989983523
1.4964204750090935	0.3859720351852877
1.4964204750090935	0.3859720351852877
1.504923328616465	0.3868001132463969
1.504923328616465	0.3868001132463969
1.526413205533602	0.39943047769249806
1.526413205533602	0.39943047769249806
1.504632847370679	0.39152821499426094
1.504632847370679	0.39152821499426094
1.504632847370679	0.39152821499426094
1.504632847370679	0.39152821499426094
1.5190360809579446	0.3969567192882798
1.5190360809579446	0.3969567192882798
1.5190360809579446	0.3969567192882798
1.5190360809579446	0.3969567192882798
1.5193009301604221	0.3921138562960401
1.5193009301604221	0.3921138562960401
1.5193009301604221	0.3921138562960401
1.5193009301604221	0.3921138562960401
1.5193009301604221	0.3921138562960401
1.5193009301604221	0.3921138562960401
1.5193009301604221	0.3921138562960401
1.5064696498377295	0.40226022193977307
1.5064696498377295	0.40226022193977307
1.5064696498377295	0.40226022193977307
1.5064696498377295	0.40226022193977307
1.5064696498377295	0.40226022193977307
1.507905790658918	0.4003600372831226
1.507905790658918	0.4003600372831226
1.5059330632057903	0.4031793642001785
1.5277776299701473	0.3882944718803712
1.4931240560217214	0.38853313089856295
1.5201604073164428	0.40052450057118766
1.5201604073164428	0.40052450057118766
1.5201604073164428	0.40052450057118766
1.5201604073164428	0.40052450057118766
1.5201604073164428	0.40052450057118766
1.4904319088558364	0.39642015463729163
1.4904319088558364	0.39642015463729163
1.5259151524379029	0.38660750745567063
1.4861084219610683	0.3977682348758652
1.4861084219610683	0.3977682348758652
1.479352335665701	0.3955896506000309
1.479352335665701	0.3955896506000309
1.479352335665701	0.3955896506000309
1.479352335665701	0.3955896506000309
1.479352335665701	0.3955896506000309
1.479352335665701	0.3955896506000309
1.4909481578118895	0.401049599825937
1.4909481578118895	0.401049599825937
1.4909481578118895	0.401049599825937
1.4909481578118895	0.401049599825937
1.4909481578118895	0.401049599825937
1.5320796460754622	0.3935292493372759
1.5320796460754622	0.3935292493372759
1.5113144256312108	0.3968288701509542
1.5113144256312108	0.3968288701509542
1.5115470655306797	0.3867614851831766
1.507037208455908	0.3959086404623659
1.507037208455908	0.3959086404623659
1.507037208455908	0.3959086404623659
1.507037208455908	0.3959086404623659
1.507037208455908	0.3959086404623659
1.507037208455908	0.3959086404623659
1.507037208455908	0.3959086404623659
1.507037208455908	0.3959086404623659
1.507037208455908	0.3959086404623659
1.507037208455908	0.3959086404623659
1.507037208455908	0.3959086404623659
1.507037208455908	0.3959086404623659
1.507037208455908	0.3959086404623659
1.507037208455908	0.3959086404623659
1.507037208455908	0.3959086404623659
1.507037208455908	0.3959086404623659
1.507037208455908	0.3959086404623659
1.507037208455908	0.3959086404623659
1.507037208455908	0.3959086404623659
1.507037208455908	0.3959086404623659
1.528482546008458	0.40208571153365213
1.5027709812821775	0.4016151616661461
1.5027709812821775	0.4016151616661461
1.4929255935876693	0.39672875466323887
1.5231660550981179	0.39788611127033924
1.5231660550981179	0.39788611127033924
1.4944926867598018	0.3941330614598918
1.4944926867598018	0.3941330614598918
1.4944926867598018	0.3941330614598918
1.4944926867598018	0.3941330614598918
1.5063362416712989	0.39038419414534237
1.5063362416712989	0.39038419414534237
1.5063362416712989	0.39038419414534237
1.5147243419709022	0.39569290464708823
1.5147243419709022	0.39569290464708823
1.5147243419709022	0.39569290464708823
1.5147243419709022	0.39569290464708823
1.5147243419709022	0.39569290464708823
1.5147243419709022	0.39569290464708823
1.5147243419709022	0.39569290464708823
1.520303886277074	0.3924058561085553
1.5181869991224681	0.39640714503337654
1.5181869991224681	0.39640714503337654
1.5181869991224681	0.39640714503337654
1.5181869991224681	0.39640714503337654
1.5181869991224681	0.39640714503337654
1.5181869991224681	0.39640714503337654
1.5181869991224681	0.39640714503337654
1.51292279878071	0.39396639146358203
1.51292279878071	0.39396639146358203
1.51292279878071	0.39396639146358203
1.5206202465099354	0.38967310525682863
1.5206202465099354	0.38967310525682863
1.5206202465099354	0.38967310525682863
1.5073670688224354	0.40141133748772917
1.5073670688224354	0.40141133748772917
1.5073670688224354	0.40141133748772917
1.5073670688224354	0.40141133748772917
1.5073670688224354	0.40141133748772917
1.5073670688224354	0.40141133748772917
1.5073670688224354	0.40141133748772917
1.5073670688224354	0.40141133748772917
1.5073670688224354	0.40141133748772917
1.5065032784406784	0.3981895045617418
1.5065032784406784	0.3981895045617418
1.5065032784406784	0.3981895045617418
1.5084698009329904	0.3975001673068941
1.5084698009329904	0.3975001673068941
1.5084698009329904	0.3975001673068941
1.5084698009329904	0.3975001673068941
1.5084698009329904	0.3975001673068941
1.5084698009329904	0.3975001673068941
1.5084698009329904	0.3975001673068941
1.5148859572339375	0.3960906505761593
1.5148859572339375	0.3960906505761593
1.5148859572339375	0.3960906505761593
1.5148859572339375	0.3960906505761593
1.5148859572339375	0.3960906505761593
1.5148859572339375	0.3960906505761593
1.5148859572339375	0.3960906505761593
1.5148859572339375	0.3960906505761593
1.5148859572339375	0.3960906505761593
1.5148859572339375	0.3960906505761593
1.5148859572339375	0.3960906505761593
1.5148859572339375	0.3960906505761593
1.5148859572339375	0.3960906505761593
1.5148859572339375	0.3960906505761593
1.5148859572339375	0.3960906505761593
1.5148859572339375	0.3960906505761593
1.5148859572339375	0.3960906505761593
1.5148859572339375	0.3960906505761593
1.5148859572339375	0.3960906505761593
1.5148859572339375	0.3960906505761593
1.5148859572339375	0.3960906505761593
1.5148859572339375	0.3960906505761593
1.506369528054477	0.3971034219351608
1.506369528054477	0.3971034219351608
1.506369528054477	0.3971034219351608
1.506369528054477	0.3971034219351608
1.506369528054477	0.3971034219351608
1.506369528054477	0.3971034219351608
1.506369528054477	0.3971034219351608
1.506369528054477	0.3971034219351608
1.506369528054477	0.3971034219351608
1.506369528054477	0.3971034219351608
1.506369528054477	0.3971034219351608
1.506369528054477	0.3971034219351608
1.506369528054477	0.3971034219351608
1.506369528054477	0.3971034219351608
1.506369528054477	0.3971034219351608
1.4987592620484822	0.39498994726730585
1.4987592620484822	0.39498994726730585
1.5089038525495806	0.40062945820037293
1.5089038525495806	0.40062945820037293
1.5089038525495806	0.40062945820037293
1.5089038525495806	0.40062945820037293
1.5089038525495806	0.40062945820037293
1.5089038525495806	0.40062945820037293
1.5018458714644218	0.3942316425040726
1.5018458714644218	0.3942316425040726
1.507269829920375	0.39168222737225233
1.5035118178344662	0.3877666044648533
1.5035118178344662	0.3877666044648533
1.5035118178344662	0.3877666044648533
1.5087014615042085	0.37996064380471445
1.5087014615042085	0.37996064380471445
1.5087014615042085	0.37996064380471445
1.5124378494634712	0.39500261144297955
1.5124378494634712	0.39500261144297955
1.5124378494634712	0.39500261144297955
1.5124378494634712	0.39500261144297955
1.5124378494634712	0.39500261144297955
1.5124378494634712	0.39500261144297955
1.508897793992829	0.3951097802783832
1.508897793992829	0.3951097802783832
1.508897793992829	0.3951097802783832
1.508897793992829	0.3951097802783832
1.508897793992829	0.3951097802783832
1.508897793992829	0.3951097802783832
1.508897793992829	0.3951097802783832
1.5040256899023041	0.390765481206229
1.5040256899023041	0.390765481206229
1.4977038616107738	0.39281169179160846
1.4977038616107738	0.39281169179160846
1.4977038616107738	0.39281169179160846
1.4977038616107738	0.39281169179160846
1.4958542047768966	0.3899213848624895
1.4841719000403197	0.3928131334100412
1.505558528587579	0.3915099782390536
1.505558528587579	0.3915099782390536
1.505558528587579	0.3915099782390536
1.505558528587579	0.3915099782390536
1.505558528587579	0.3915099782390536
1.505558528587579	0.3915099782390536
1.505558528587579	0.3915099782390536
1.5035144850449373	0.39844435826649083
1.5116259369140204	0.40083780614902376
1.5116259369140204	0.40083780614902376
1.5116259369140204	0.40083780614902376
1.5191691168026187	0.3985331335585371
1.5330350588379897	0.3936438050845096
1.5330350588379897	0.3936438050845096
1.5132705830308806	0.3898133321941589
1.5132705830308806	0.3898133321941589
1.5132705830308806	0.3898133321941589
1.4948672115409487	0.3973564779770142
1.4948672115409487	0.3973564779770142
1.4948672115409487	0.3973564779770142
1.4948672115409487	0.3973564779770142
1.5151089543699707	0.38757324187461706
1.5151089543699707	0.38757324187461706
1.5151089543699707	0.38757324187461706
1.5151089543699707	0.38757324187461706
1.5151089543699707	0.38757324187461706
1.5151089543699707	0.38757324187461706
1.5004428357860866	0.39149616515833435
1.504598973227427	0.4021543332164518
1.5205326178351626	0.3947797734302448
1.5205326178351626	0.3947797734302448
1.5205326178351626	0.3947797734302448
1.5205326178351626	0.3947797734302448
1.5205326178351626	0.3947797734302448
1.5205326178351626	0.3947797734302448
1.5205326178351626	0.3947797734302448
1.5205326178351626	0.3947797734302448
1.5205326178351626	0.3947797734302448
1.5164302137431909	0.40041156305499953
1.5164302137431909	0.40041156305499953
1.5164302137431909	0.40041156305499953
1.5171423333911722	0.3968991816299645
1.5171423333911722	0.3968991816299645
1.5171423333911722	0.3968991816299645
1.4937664273067435	0.3812602724941443
1.4937664273067435	0.3812602724941443
1.4937664273067435	0.3812602724941443
1.5025851502863141	0.3804878945127248
1.5025851502863141	0.3804878945127248
1.5025851502863141	0.3804878945127248
1.5025851502863141	0.3804878945127248
1.5025851502863141	0.3804878945127248
1.5025851502863141	0.3804878945127248
1.5025851502863141	0.3804878945127248
1.4879644323100927	0.38724389981664664
1.4879644323100927	0.38724389981664664
1.4870480908367152	0.40047698370893703
1.4870480908367152	0.40047698370893703
1.4870480908367152	0.40047698370893703
1.511242921023224	0.40170773286125105
1.514568562593423	0.3972232609711491
1.507260510916028	0.39286811892509527
1.5147339449759898	0.3988923109351709
1.5147339449759898	0.3988923109351709
1.5147339449759898	0.3988923109351709
1.5147339449759898	0.3988923109351709
1.5023751376204508	0.40429818739624745
1.5212471480414338	0.4008356084342395
1.5212471480414338	0.4008356084342395
1.5212471480414338	0.4008356084342395
1.5184542767337172	0.3888615979360749
1.5022832370378638	0.38997706670937693
1.5022832370378638	0.38997706670937693
1.5022832370378638	0.38997706670937693
1.5022832370378638	0.38997706670937693
1.5022832370378638	0.38997706670937693
1.5169612220876572	0.391895641781367
1.5169612220876572	0.391895641781367
1.5169612220876572	0.391895641781367
1.5169612220876572	0.391895641781367
1.5169612220876572	0.391895641781367
1.5169612220876572	0.391895641781367
1.5169612220876572	0.391895641781367
1.5171490507993222	0.3913547853032025
1.5092436108616971	0.397026607328495
1.5092436108616971	0.397026607328495
1.5092436108616971	0.397026607328495
1.5092436108616971	0.397026607328495
1.5092436108616971	0.397026607328495
1.5092436108616971	0.397026607328495
1.4976936866781174	0.39412421658767094
1.4976936866781174	0.39412421658767094
1.4976936866781174	0.39412421658767094
1.4976936866781174	0.39412421658767094
1.4976936866781174	0.39412421658767094
1.51163780539251	0.3930085190908199
1.51163780539251	0.3930085190908199
1.51163780539251	0.3930085190908199
1.51163780539251	0.3930085190908199
1.4931658725278036	0.39220412418350203
1.4886200461269754	0.39361927999071905
1.4886200461269754	0.39361927999071905
1.492340226149525	0.3955497738061994
1.492340226149525	0.3955497738061994
1.492340226149525	0.3955497738061994
1.492340226149525	0.3955497738061994
1.492340226149525	0.3955497738061994
1.492340226149525	0.3955497738061994
1.492340226149525	0.3955497738061994
1.492340226149525	0.3955497738061994
1.492340226149525	0.3955497738061994
1.492340226149525	0.3955497738061994
1.5147958224890454	0.39406493053674607
1.5147958224890454	0.39406493053674607
1.506247011682346	0.39395932135327616
1.506247011682346	0.39395932135327616
1.506247011682346	0.39395932135327616
1.506247011682346	0.39395932135327616
1.506247011682346	0.39395932135327616
1.506247011682346	0.39395932135327616
1.506247011682346	0.39395932135327616
1.506247011682346	0.39395932135327616
1.5255378013740866	0.3931200529717864
1.5255378013740866	0.3931200529717864
1.5255378013740866	0.3931200529717864
1.5255378013740866	0.3931200529717864
1.5255378013740866	0.3931200529717864
1.5255378013740866	0.3931200529717864
1.5255378013740866	0.3931200529717864
1.5255378013740866	0.3931200529717864
1.5255378013740866	0.3931200529717864
1.4992810203547853	0.3925692750403598
1.4938245802153316	0.39808299792347246
1.4938245802153316	0.39808299792347246
1.4938245802153316	0.39808299792347246
1.4923443172859212	0.3949111442330038
1.4822928142521434	0.3949713942264782
1.4999907075803405	0.4006822597161178
1.4999907075803405	0.4006822597161178
1.4999907075803405	0.4006822597161178
1.4999907075803405	0.4006822597161178
1.4999907075803405	0.4006822597161178
1.5284331602392267	0.3930413579042542
1.524439186611126	0.3917320096466621
1.524439186611126	0.3917320096466621
1.524439186611126	0.3917320096466621
1.524439186611126	0.3917320096466621
1.524439186611126	0.3917320096466621
1.524439186611126	0.3917320096466621
1.524439186611126	0.3917320096466621
1.5285074257363414	0.3984057251698194
1.5285074257363414	0.3984057251698194
1.5368884872603894	0.3978938410823311
1.5368884872603894	0.3978938410823311
1.5368884872603894	0.3978938410823311
1.532750487240726	0.3938403535657554
1.532750487240726	0.3938403535657554
1.532750487240726	0.3938403535657554
1.493209611898481	0.397181065087286
1.493209611898481	0.397181065087286
1.503211054758553	0.3881318838909139
1.503211054758553	0.3881318838909139
1.503211054758553	0.3881318838909139
1.5062747141346635	0.3958801628075618
1.5062747141346635	0.3958801628075618
1.5062747141346635	0.3958801628075618
1.4911276541833467	0.39989652282216254
1.4911276541833467	0.39989652282216254
1.5043345519934734	0.3884065198121895
1.5043345519934734	0.3884065198121895
1.5043345519934734	0.3884065198121895
1.5030780080021264	0.3902814549078892
1.5030780080021264	0.3902814549078892
1.5030780080021264	0.3902814549078892
1.5030780080021264	0.3902814549078892
1.5030780080021264	0.3902814549078892
1.5030780080021264	0.3902814549078892
1.4985699870322078	0.4032457417894429
1.5222635644706288	0.39216629243924295
1.5222635644706288	0.39216629243924295
1.5066982884698594	0.4008920438420924
1.5182112848524374	0.40039302246836916
1.5182112848524374	0.40039302246836916
1.5182112848524374	0.40039302246836916
1.5182112848524374	0.40039302246836916
1.5182112848524374	0.40039302246836916
1.5182112848524374	0.40039302246836916
1.5182112848524374	0.40039302246836916
1.5182112848524374	0.40039302246836916
1.5182112848524374	0.40039302246836916
1.5182112848524374	0.40039302246836916
1.5182112848524374	0.40039302246836916
1.5182112848524374	0.40039302246836916
1.4947007600335007	0.3970389991513838
1.4947007600335007	0.3970389991513838
1.4947007600335007	0.3970389991513838
1.4947007600335007	0.3970389991513838
1.4947007600335007	0.3970389991513838
1.4947007600335007	0.3970389991513838
1.5197891604611808	0.3997071462672842
1.5025595321271181	0.3845481898462782
1.5025595321271181	0.3845481898462782
1.5025595321271181	0.3845481898462782
1.5128303426786607	0.39413421633815643
1.5128303426786607	0.39413421633815643
1.5128303426786607	0.39413421633815643
1.5128303426786607	0.39413421633815643
1.510005959182	0.3869902081036913
1.510005959182	0.3869902081036913
1.510005959182	0.3869902081036913
1.510005959182	0.3869902081036913
1.510005959182	0.3869902081036913
1.510005959182	0.3869902081036913
1.533211795877372	0.39934450750509437
1.533211795877372	0.39934450750509437
1.533211795877372	0.39934450750509437
1.533211795877372	0.39934450750509437
1.533211795877372	0.39934450750509437
1.5327324756786103	0.4074815843694218
1.5093509880561218	0.4039609404911995
1.5093509880561218	0.4039609404911995
1.4880123522323	0.4063615301309083
1.4880123522323	0.4063615301309083
1.4880123522323	0.4063615301309083
1.4839567676497312	0.3970674740063431
1.4839567676497312	0.3970674740063431
1.4839567676497312	0.3970674740063431
1.5103962529717136	0.391368947849485
1.5258426174655964	0.3893071160395508
1.5258426174655964	0.3893071160395508
1.5258426174655964	0.3893071160395508
1.5258426174655964	0.3893071160395508
1.5258426174655964	0.3893071160395508
1.5258426174655964	0.3893071160395508
1.4847657343855083	0.3897073757776423
1.4896539544380942	0.393507823446557
1.4896539544380942	0.393507823446557
1.51274360173418	0.400523574170064
1.51274360173418	0.400523574170064
1.51274360173418	0.400523574170064
1.51274360173418	0.400523574170064
1.51274360173418	0.400523574170064
1.51274360173418	0.400523574170064
1.5063890204621144	0.3937642691460276
1.508538148670168	0.39079440801966914
1.508538148670168	0.39079440801966914
1.508538148670168	0.39079440801966914
1.508538148670168	0.39079440801966914
1.508538148670168	0.39079440801966914
1.508538148670168	0.39079440801966914
1.508538148670168	0.39079440801966914
1.508538148670168	0.39079440801966914
1.508538148670168	0.39079440801966914
1.508538148670168	0.39079440801966914
1.508538148670168	0.39079440801966914
1.51238166414458	0.38240882087991285
1.5167048687600784	0.38885122169768094
1.5167048687600784	0.38885122169768094
1.5167048687600784	0.38885122169768094
1.4935461239913541	0.39619750989169916
1.4935461239913541	0.39619750989169916
1.4935461239913541	0.39619750989169916
1.4935461239913541	0.39619750989169916
1.510993398827728	0.3886791354894219
1.510993398827728	0.3886791354894219
1.510993398827728	0.3886791354894219
1.510993398827728	0.3886791354894219
1.510993398827728	0.3886791354894219
1.510993398827728	0.3886791354894219
1.495759701103131	0.39089696207695557
1.495759701103131	0.39089696207695557
1.495759701103131	0.39089696207695557
1.495759701103131	0.39089696207695557
1.4865964244397887	0.3946557892286562
1.4865964244397887	0.3946557892286562
1.5089993763114882	0.3899023536364976
1.5089993763114882	0.3899023536364976
1.5262479649474967	0.39512041940049564
1.5262479649474967	0.39512041940049564
1.5262479649474967	0.39512041940049564
1.5131109892421348	0.39881916742366164
1.5131109892421348	0.39881916742366164
1.5131109892421348	0.39881916742366164
1.5131109892421348	0.39881916742366164
1.5131109892421348	0.39881916742366164
1.5131109892421348	0.39881916742366164
1.5131109892421348	0.39881916742366164
1.5131109892421348	0.39881916742366164
1.5131109892421348	0.39881916742366164
1.5131109892421348	0.39881916742366164
1.5131109892421348	0.39881916742366164
1.5131109892421348	0.39881916742366164
1.5131109892421348	0.39881916742366164
1.5131109892421348	0.39881916742366164
1.5131109892421348	0.39881916742366164
1.5131109892421348	0.39881916742366164
1.5131109892421348	0.39881916742366164
1.5131109892421348	0.39881916742366164
1.4943442072539015	0.3935945243284153
1.4943442072539015	0.3935945243284153
1.5094495921223436	0.4005041553987438
1.5094495921223436	0.4005041553987438
1.5094495921223436	0.4005041553987438
1.5137310407804159	0.394215885846753
1.5137310407804159	0.394215885846753
1.5089560070611063	0.39023861114785163
1.5089560070611063	0.39023861114785163
1.5089560070611063	0.39023861114785163
1.5089560070611063	0.39023861114785163
1.5089560070611063	0.39023861114785163
1.5089560070611063	0.39023861114785163
1.5089560070611063	0.39023861114785163
1.5089560070611063	0.39023861114785163
1.5089560070611063	0.39023861114785163
1.5089560070611063	0.39023861114785163
1.5089560070611063	0.39023861114785163
1.5089560070611063	0.39023861114785163
1.5089560070611063	0.39023861114785163
1.5206197329012467	0.3952637535532543
1.5206197329012467	0.3952637535532543
1.4945373559346276	0.3977210408217173
1.4945373559346276	0.3977210408217173
1.4945373559346276	0.3977210408217173
1.4945373559346276	0.3977210408217173
1.5003022124820884	0.3945451170583162
1.5003022124820884	0.3945451170583162
1.5003022124820884	0.3945451170583162
1.5136561893305014	0.39766205393199383
1.5136561893305014	0.39766205393199383
1.521561496210332	0.39948855274623796
1.521561496210332	0.39948855274623796
1.521561496210332	0.39948855274623796
1.5315108258771608	0.3927157553705697
1.5315108258771608	0.3927157553705697
1.4973933527662455	0.38229845702390647
1.4973933527662455	0.38229845702390647
1.4973933527662455	0.38229845702390647
1.4973933527662455	0.38229845702390647
1.5033161635485406	0.39142036194292906
1.5033161635485406	0.39142036194292906
1.5033161635485406	0.39142036194292906
1.5033161635485406	0.39142036194292906
1.5033161635485406	0.39142036194292906
1.5033161635485406	0.39142036194292906
1.5033161635485406	0.39142036194292906
1.5033161635485406	0.39142036194292906
1.5033161635485406	0.39142036194292906
1.5033161635485406	0.39142036194292906
1.5033161635485406	0.39142036194292906
1.5033161635485406	0.39142036194292906
1.5033161635485406	0.39142036194292906
1.5033161635485406	0.39142036194292906
1.5033161635485406	0.39142036194292906
1.5033161635485406	0.39142036194292906
1.5033161635485406	0.39142036194292906
1.5033161635485406	0.39142036194292906
1.5033161635485406	0.39142036194292906
1.5033161635485406	0.39142036194292906
1.5087674801572188	0.39149499214430994
1.5087674801572188	0.39149499214430994
1.5087674801572188	0.39149499214430994
1.5087674801572188	0.39149499214430994
1.5087674801572188	0.39149499214430994
1.5152039396869292	0.38495507825705416
1.5152039396869292	0.38495507825705416
1.5152039396869292	0.38495507825705416
1.4865204536293903	0.3924715320819473
1.4865204536293903	0.3924715320819473
1.4899240180487712	0.4031519209660872
1.4899240180487712	0.4031519209660872
1.4899240180487712	0.4031519209660872
1.4899240180487712	0.4031519209660872
1.5183626611072731	0.4056117835912513
1.5183626611072731	0.4056117835912513
1.5183626611072731	0.4056117835912513
1.5272076743053913	0.4058135644735865
1.5272076743053913	0.4058135644735865
1.5452907386946642	0.39447823728738396
1.5452907386946642	0.39447823728738396
1.5452907386946642	0.39447823728738396
1.520550391773107	0.384070028275353
1.520550391773107	0.384070028275353
1.520550391773107	0.384070028275353
1.520550391773107	0.384070028275353
1.520550391773107	0.384070028275353
1.520550391773107	0.384070028275353
1.520550391773107	0.384070028275353
1.520550391773107	0.384070028275353
1.520550391773107	0.384070028275353
1.5341704436434527	0.39028763737193534
1.5341704436434527	0.39028763737193534
1.5341704436434527	0.39028763737193534
1.5341704436434527	0.39028763737193534
1.5067841463250569	0.3839352535229156
1.5067841463250569	0.3839352535229156
1.5067841463250569	0.3839352535229156
1.5067841463250569	0.3839352535229156
1.5240756248243186	0.3832603304948123
1.5240756248243186	0.3832603304948123
1.5190592472586828	0.38438567104542254
1.5190592472586828	0.38438567104542254
1.5190592472586828	0.38438567104542254
1.5190592472586828	0.38438567104542254
1.5215059508749822	0.38542380972415924
1.4796250159273383	0.39825629630573617
1.4796250159273383	0.39825629630573617
1.4796250159273383	0.39825629630573617
1.4796250159273383	0.39825629630573617
1.4796250159273383	0.39825629630573617
1.4796250159273383	0.39825629630573617
1.4796250159273383	0.39825629630573617
1.493626480448005	0.39422403792501914
1.493626480448005	0.39422403792501914
1.493626480448005	0.39422403792501914
1.493626480448005	0.39422403792501914
1.493626480448005	0.39422403792501914
1.493626480448005	0.39422403792501914
1.493626480448005	0.39422403792501914
1.493626480448005	0.39422403792501914
1.493626480448005	0.39422403792501914
1.493626480448005	0.39422403792501914
1.493626480448005	0.39422403792501914
1.493626480448005	0.39422403792501914
1.5088816891523131	0.4069850861937526
1.5088816891523131	0.4069850861937526
1.5088816891523131	0.4069850861937526
1.5001197761237446	0.39317099803992667
1.5001197761237446	0.39317099803992667
1.5001197761237446	0.39317099803992667
1.5001197761237446	0.39317099803992667
1.5001197761237446	0.39317099803992667
1.5001197761237446	0.39317099803992667
1.522122266872531	0.3942151030826651
1.522122266872531	0.3942151030826651
1.522122266872531	0.3942151030826651
1.522122266872531	0.3942151030826651
1.522122266872531	0.3942151030826651
1.5210132360889026	0.3984337631054008
1.5300278059344414	0.39617282349182226
1.5300278059344414	0.39617282349182226
1.5300278059344414	0.39617282349182226
1.5300278059344414	0.39617282349182226
1.5300278059344414	0.39617282349182226
1.5300278059344414	0.39617282349182226
1.5300278059344414	0.39617282349182226
1.5163149908828293	0.38677553074132426
1.5163149908828293	0.38677553074132426
1.5063941448470926	0.3891475087517411
1.5161592214706887	0.39509163661347607
1.5161592214706887	0.39509163661347607
1.5161592214706887	0.39509163661347607
1.5161592214706887	0.39509163661347607
1.5161592214706887	0.39509163661347607
1.5161592214706887	0.39509163661347607
1.5161592214706887	0.39509163661347607
1.5161592214706887	0.39509163661347607
1.5161592214706887	0.39509163661347607
1.5161592214706887	0.39509163661347607
1.5161592214706887	0.39509163661347607
1.5161592214706887	0.39509163661347607
1.510990264912843	0.4005289456834241
1.511791667613568	0.39315900817987653
1.511791667613568	0.39315900817987653
1.5182333581979608	0.3973471362083297
1.5182333581979608	0.3973471362083297
1.5182333581979608	0.3973471362083297
1.5182333581979608	0.3973471362083297
1.5059770151818217	0.4000485946473135
1.5059770151818217	0.4000485946473135
1.5059770151818217	0.4000485946473135
1.5059770151818217	0.4000485946473135
1.5059770151818217	0.4000485946473135
1.5059770151818217	0.4000485946473135
1.5059770151818217	0.4000485946473135
1.5059770151818217	0.4000485946473135
1.5059770151818217	0.4000485946473135
1.5059770151818217	0.4000485946473135
1.5059770151818217	0.4000485946473135
1.5059770151818217	0.4000485946473135
1.5059770151818217	0.4000485946473135
1.5059770151818217	0.4000485946473135
1.5059770151818217	0.4000485946473135
1.5059770151818217	0.4000485946473135
1.5015494174889343	0.3973009613473182
1.5015494174889343	0.3973009613473182
1.5015494174889343	0.3973009613473182
1.5018494160284326	0.39994926741439535
1.5018494160284326	0.39994926741439535
1.5018494160284326	0.39994926741439535
1.4965936932204877	0.39983771728515133
1.4965936932204877	0.39983771728515133
1.524035014498975	0.3888090770723467
1.524035014498975	0.3888090770723467
1.524035014498975	0.3888090770723467
1.524035014498975	0.3888090770723467
1.524035014498975	0.3888090770723467
1.524035014498975	0.3888090770723467
1.524035014498975	0.3888090770723467
1.524035014498975	0.3888090770723467
1.4830376731409143	0.40173629806898054
1.4830376731409143	0.40173629806898054
1.4830376731409143	0.40173629806898054
1.4830376731409143	0.40173629806898054
1.4830376731409143	0.40173629806898054
1.4830376731409143	0.40173629806898054
1.4945344663937152	0.3837979323810149
1.4945344663937152	0.3837979323810149
1.4945344663937152	0.3837979323810149
1.4945344663937152	0.3837979323810149
1.4945344663937152	0.3837979323810149
1.4945344663937152	0.3837979323810149
1.4945344663937152	0.3837979323810149
1.4945344663937152	0.3837979323810149
1.4945344663937152	0.3837979323810149
1.4945344663937152	0.3837979323810149
1.4945344663937152	0.3837979323810149
1.4945344663937152	0.3837979323810149
1.4945344663937152	0.3837979323810149
1.5344674822706734	0.38650979047971645
1.5344674822706734	0.38650979047971645
1.5210105542048997	0.3989885617054548
1.5210105542048997	0.3989885617054548
1.5210105542048997	0.3989885617054548
1.5210105542048997	0.3989885617054548
1.5173733754679488	0.39180981855943475
1.5173733754679488	0.39180981855943475
1.5173733754679488	0.39180981855943475
1.5032961559337643	0.3860433365270981
1.5138798872290649	0.393381022561498
1.5138798872290649	0.393381022561498
1.5138798872290649	0.393381022561498
1.5138798872290649	0.393381022561498
1.5138798872290649	0.393381022561498
1.5138798872290649	0.393381022561498
1.5138798872290649	0.393381022561498
1.5138798872290649	0.393381022561498
1.5138798872290649	0.393381022561498
1.4964419396550968	0.3956908438719773
1.4964419396550968	0.3956908438719773
1.4964419396550968	0.3956908438719773
1.5012906716533627	0.3907688732881917
1.5012906716533627	0.3907688732881917
1.5012906716533627	0.3907688732881917
1.5012906716533627	0.3907688732881917
1.5012906716533627	0.3907688732881917
1.5012906716533627	0.3907688732881917
1.5012906716533627	0.3907688732881917
1.5012906716533627	0.3907688732881917
1.5012906716533627	0.3907688732881917
1.4875931766497326	0.40210689454591225
1.4936115478396823	0.38751707753675146
1.4936115478396823	0.38751707753675146
1.504589604299556	0.38833568409626745
1.4963530423469837	0.397158012731499
1.4963530423469837	0.397158012731499
1.4963530423469837	0.397158012731499
1.4963530423469837	0.397158012731499
1.4963530423469837	0.397158012731499
1.4963530423469837	0.397158012731499
1.4963530423469837	0.397158012731499
1.518041980304371	0.3985745823338006
1.5044545589607707	0.39420400721089716
1.5044545589607707	0.39420400721089716
1.5044545589607707	0.39420400721089716
1.5044545589607707	0.39420400721089716
1.5044545589607707	0.39420400721089716
1.4931377313000895	0.4019407664001052
1.5054315071084938	0.40687987335483355
1.5054315071084938	0.40687987335483355
1.5054315071084938	0.40687987335483355
1.5276795060801363	0.3976242781046614
1.5276795060801363	0.3976242781046614
1.5276795060801363	0.3976242781046614
1.5276795060801363	0.3976242781046614
1.5141050617168295	0.3979409520182515
1.5141050617168295	0.3979409520182515
1.5047767038748845	0.39205313665715225
1.5047767038748845	0.39205313665715225
1.5047767038748845	0.39205313665715225
1.5047767038748845	0.39205313665715225
1.4959067302540372	0.3927469808507143
1.4959067302540372	0.3927469808507143
1.4959067302540372	0.3927469808507143
1.4959067302540372	0.3927469808507143
1.4959067302540372	0.3927469808507143
1.483538272900801	0.3901234175904249
1.483538272900801	0.3901234175904249
1.5032097340028872	0.39181439184370526
1.5032097340028872	0.39181439184370526
1.5032097340028872	0.39181439184370526
1.5032097340028872	0.39181439184370526
1.5032097340028872	0.39181439184370526
1.5032097340028872	0.39181439184370526
1.5032097340028872	0.39181439184370526
1.5032097340028872	0.39181439184370526
1.5247973199960585	0.40342381222863843
1.5247973199960585	0.40342381222863843
1.5247973199960585	0.40342381222863843
1.5247973199960585	0.40342381222863843
1.5247973199960585	0.40342381222863843
1.4839141849852644	0.3950356862091717
1.5018424251193008	0.395254666052555
1.5018424251193008	0.395254666052555
1.52803022241694	0.39397828527720324
1.52803022241694	0.39397828527720324
1.52803022241694	0.39397828527720324
1.52803022241694	0.39397828527720324
1.52803022241694	0.39397828527720324
1.52803022241694	0.39397828527720324
1.52803022241694	0.39397828527720324
1.52803022241694	0.39397828527720324
1.52803022241694	0.39397828527720324
1.52803022241694	0.39397828527720324
1.52803022241694	0.39397828527720324
1.52803022241694	0.39397828527720324
1.5264719400579458	0.39791328682375476
1.5264719400579458	0.39791328682375476
1.5264719400579458	0.39791328682375476
1.5264719400579458	0.39791328682375476
1.5076983158690864	0.4035929545701188
1.5146601948127203	0.3930079875830671
1.5146601948127203	0.3930079875830671
1.5146601948127203	0.3930079875830671
1.5146601948127203	0.3930079875830671
1.5146601948127203	0.3930079875830671
1.5146601948127203	0.3930079875830671
1.5146601948127203	0.3930079875830671
1.5146601948127203	0.3930079875830671
1.5146601948127203	0.3930079875830671
1.5146601948127203	0.3930079875830671
1.5146601948127203	0.3930079875830671
1.5146601948127203	0.3930079875830671
1.4934854886513231	0.3971426254867246
1.503752355434545	0.40898221354500724
1.503752355434545	0.40898221354500724
1.503752355434545	0.40898221354500724
1.503752355434545	0.40898221354500724
1.5145146862655205	0.39880262038530956
1.5145146862655205	0.39880262038530956
1.5145146862655205	0.39880262038530956
1.5145146862655205	0.39880262038530956
1.5145146862655205	0.39880262038530956
1.5145146862655205	0.39880262038530956
1.5195837843471898	0.39431501715806627
1.5195837843471898	0.39431501715806627
1.5195837843471898	0.39431501715806627
1.5195837843471898	0.39431501715806627
1.5195837843471898	0.39431501715806627
1.5080844856828148	0.3991138104296093
1.5080844856828148	0.3991138104296093
1.5080844856828148	0.3991138104296093
1.5080844856828148	0.3991138104296093
1.5080844856828148	0.3991138104296093
1.5080844856828148	0.3991138104296093
1.5080844856828148	0.3991138104296093
1.5080844856828148	0.3991138104296093
1.5096232295485033	0.3917057460168787
1.5096232295485033	0.3917057460168787
1.5096232295485033	0.3917057460168787
1.5096232295485033	0.3917057460168787
1.5100140164456803	0.39916192173305903
1.5100140164456803	0.39916192173305903
1.5100140164456803	0.39916192173305903
1.5100140164456803	0.39916192173305903
1.5100140164456803	0.39916192173305903
1.5100140164456803	0.39916192173305903
1.5100140164456803	0.39916192173305903
1.5100140164456803	0.39916192173305903
1.5100140164456803	0.39916192173305903
1.5100140164456803	0.39916192173305903
1.5100140164456803	0.39916192173305903
1.5100140164456803	0.39916192173305903
1.5100140164456803	0.39916192173305903
1.5100140164456803	0.39916192173305903
1.5100140164456803	0.39916192173305903
1.5100140164456803	0.39916192173305903
1.5100140164456803	0.39916192173305903
1.5100140164456803	0.39916192173305903
1.5100140164456803	0.39916192173305903
1.5100140164456803	0.39916192173305903
1.5100140164456803	0.39916192173305903
1.5100140164456803	0.39916192173305903
1.5100140164456803	0.39916192173305903
1.5100140164456803	0.39916192173305903
1.5100140164456803	0.39916192173305903
1.5100140164456803	0.39916192173305903
1.5100140164456803	0.39916192173305903
1.5100140164456803	0.39916192173305903
1.5100140164456803	0.39916192173305903
1.5100140164456803	0.39916192173305903
1.5048965264513612	0.39786637887768067
1.5048965264513612	0.39786637887768067
1.5048965264513612	0.39786637887768067
1.5048965264513612	0.39786637887768067
1.5048965264513612	0.39786637887768067
1.5048965264513612	0.39786637887768067
1.5048965264513612	0.39786637887768067
1.5048965264513612	0.39786637887768067
1.5048954392429599	0.39491323998205263
1.5048954392429599	0.39491323998205263
1.5048954392429599	0.39491323998205263
1.5048954392429599	0.39491323998205263
1.5048954392429599	0.39491323998205263
1.5048954392429599	0.39491323998205263
1.5048954392429599	0.39491323998205263
1.489772607970856	0.400052725403327
1.489772607970856	0.400052725403327
1.517503595411374	0.39710793382901677
1.517503595411374	0.39710793382901677
1.517503595411374	0.39710793382901677
1.517503595411374	0.39710793382901677
1.517503595411374	0.39710793382901677
1.509166916233249	0.397290800186266
1.509166916233249	0.397290800186266
1.5003004081977056	0.4050741636513342
1.5003004081977056	0.4050741636513342
1.5003004081977056	0.4050741636513342
1.5244018973376188	0.3994330720550718
1.5244018973376188	0.3994330720550718
1.5011632031492286	0.405114977573876
1.5011632031492286	0.405114977573876
1.5011632031492286	0.405114977573876
1.5011632031492286	0.405114977573876
1.5011632031492286	0.405114977573876
1.4889936031528839	0.38883386229326994
1.5149404016786794	0.3989723847970589
1.5128814813402816	0.39516723882732385
1.5128814813402816	0.39516723882732385
1.5128814813402816	0.39516723882732385
1.5128814813402816	0.39516723882732385
1.513064282883541	0.39157288656197053
1.523082601442602	0.3904512119903629
1.523082601442602	0.3904512119903629
1.523082601442602	0.3904512119903629
1.523082601442602	0.3904512119903629
1.523082601442602	0.3904512119903629
1.523082601442602	0.3904512119903629
1.512679589038343	0.40047645984242053
1.5183615480106736	0.39730183955590825
1.5183615480106736	0.39730183955590825
1.5183615480106736	0.39730183955590825
1.5183615480106736	0.39730183955590825
1.5183615480106736	0.39730183955590825
1.5183615480106736	0.39730183955590825
1.5183615480106736	0.39730183955590825
1.5183615480106736	0.39730183955590825
1.5183615480106736	0.39730183955590825
1.5183615480106736	0.39730183955590825
1.5118754283296962	0.39292643852378206
1.5118754283296962	0.39292643852378206
1.5118754283296962	0.39292643852378206
1.5118754283296962	0.39292643852378206
1.4983513994454638	0.39737999006920793
1.501156312382192	0.38932007293722526
1.501156312382192	0.38932007293722526
1.501156312382192	0.38932007293722526
1.501156312382192	0.38932007293722526
1.501156312382192	0.38932007293722526
1.501156312382192	0.38932007293722526
1.501156312382192	0.38932007293722526
1.501156312382192	0.38932007293722526
1.501156312382192	0.38932007293722526
1.501156312382192	0.38932007293722526
1.501156312382192	0.38932007293722526
1.501156312382192	0.38932007293722526
1.4972781997047535	0.3918607927052679
1.5076490523746884	0.3957823033858279
1.5076490523746884	0.3957823033858279
1.5076490523746884	0.3957823033858279
1.5091993057090503	0.4000931542040299
1.5091993057090503	0.4000931542040299
1.5091993057090503	0.4000931542040299
1.5091993057090503	0.4000931542040299
1.5129008843096308	0.3910298708803231
1.5164357171734502	0.394298316933026
1.529439882616349	0.39171587144850906
1.5307826522211871	0.3892639646498387
1.5307826522211871	0.3892639646498387
1.5307826522211871	0.3892639646498387
1.5307826522211871	0.3892639646498387
1.5155584606397234	0.3895300763227665
1.5155584606397234	0.3895300763227665
1.5155584606397234	0.3895300763227665
1.5155584606397234	0.3895300763227665
1.5010322741639104	0.39116388110030476
1.5153760479061478	0.3895524729721081
1.5153760479061478	0.3895524729721081
1.5259061468234203	0.3920073311767813
1.5259061468234203	0.3920073311767813
1.492056112595901	0.38994790056523676
1.5058358591153154	0.3839114760611342
1.5085252576489243	0.4017105562980836
1.5085252576489243	0.4017105562980836
1.5156011520901351	0.39398808481336617
1.5156011520901351	0.39398808481336617
1.5156011520901351	0.39398808481336617
1.5234937658591976	0.3998628864072449
1.5234937658591976	0.3998628864072449
1.5234937658591976	0.3998628864072449
1.5234937658591976	0.3998628864072449
1.5039692156663098	0.39439331731085453
1.5039692156663098	0.39439331731085453
1.5039692156663098	0.39439331731085453
1.5039692156663098	0.39439331731085453
1.5039692156663098	0.39439331731085453
1.5039692156663098	0.39439331731085453
1.5079448156551778	0.3901557315849207
1.5079448156551778	0.3901557315849207
1.5079448156551778	0.3901557315849207
1.5079448156551778	0.3901557315849207
1.4889218965644795	0.3875163572140275
1.503826384166871	0.3835699071674787
1.503826384166871	0.3835699071674787
1.503826384166871	0.3835699071674787
1.503826384166871	0.3835699071674787
1.503826384166871	0.3835699071674787
1.5118137609097744	0.38404661990107913
1.5118137609097744	0.38404661990107913
1.534266555894303	0.38950583528026617
1.534266555894303	0.38950583528026617
1.5260338347409936	0.38995636020689084
1.5135122701513195	0.3866169599169131
1.4959918353574015	0.4060576913790316
1.4959918353574015	0.4060576913790316
1.4959918353574015	0.4060576913790316
1.4959918353574015	0.4060576913790316
1.4959918353574015	0.4060576913790316
1.4959918353574015	0.4060576913790316
1.4959918353574015	0.4060576913790316
1.4959918353574015	0.4060576913790316
1.5038714610504682	0.40566142639232344
1.5038714610504682	0.40566142639232344
1.5038714610504682	0.40566142639232344
1.5038714610504682	0.40566142639232344
1.5038714610504682	0.40566142639232344
1.5038714610504682	0.40566142639232344
1.5210895567227527	0.4022692443584344
1.4938582653990289	0.39202997921280314
1.4938582653990289	0.39202997921280314
1.4938582653990289	0.39202997921280314
1.4938582653990289	0.39202997921280314
1.518370775217562	0.3977169308072933
1.518370775217562	0.3977169308072933
1.518370775217562	0.3977169308072933
1.518370775217562	0.3977169308072933
1.518370775217562	0.3977169308072933
1.518370775217562	0.3977169308072933
1.518370775217562	0.3977169308072933
1.518370775217562	0.3977169308072933
1.518370775217562	0.3977169308072933
1.518370775217562	0.3977169308072933
1.4741482908286836	0.38864987648550764
1.536543722308211	0.4002498951761131
1.536543722308211	0.4002498951761131
1.514904704880355	0.40010930543369866
1.514904704880355	0.40010930543369866
1.514904704880355	0.40010930543369866
1.5260994539066417	0.3969645991962958
1.5260994539066417	0.3969645991962958
1.5071694569725198	0.39402567908896063
1.5071694569725198	0.39402567908896063
1.506211144483064	0.3863339855057532
1.506211144483064	0.3863339855057532
1.4966244315733677	0.3888001841156034
1.5166639559287123	0.3999662211079107
1.5166639559287123	0.3999662211079107
1.5166639559287123	0.3999662211079107
1.5166639559287123	0.3999662211079107
1.5166639559287123	0.3999662211079107
1.527161358593058	0.4005122066095349
1.527161358593058	0.4005122066095349
1.527161358593058	0.4005122066095349
1.527161358593058	0.4005122066095349
1.527161358593058	0.4005122066095349
1.527161358593058	0.4005122066095349
1.527161358593058	0.4005122066095349
1.527161358593058	0.4005122066095349
1.517569891843763	0.3996183913917051
1.517569891843763	0.3996183913917051
1.517569891843763	0.3996183913917051
1.517569891843763	0.3996183913917051
1.5336232742280984	0.3938856575052613
1.5336232742280984	0.3938856575052613
1.5301151568885598	0.3973565808047362
1.5301151568885598	0.3973565808047362
1.5301151568885598	0.3973565808047362
1.509910260819388	0.3935195166270089
1.509910260819388	0.3935195166270089
1.509910260819388	0.3935195166270089
1.509910260819388	0.3935195166270089
1.509910260819388	0.3935195166270089
1.509910260819388	0.3935195166270089
1.509910260819388	0.3935195166270089
1.509910260819388	0.3935195166270089
1.509910260819388	0.3935195166270089
1.509910260819388	0.3935195166270089
1.509910260819388	0.3935195166270089
1.509910260819388	0.3935195166270089
1.509910260819388	0.3935195166270089
1.509910260819388	0.3935195166270089
1.509910260819388	0.3935195166270089
1.509910260819388	0.3935195166270089
1.509910260819388	0.3935195166270089
1.509910260819388	0.3935195166270089
1.497141523637546	0.39800656645305554
1.497141523637546	0.39800656645305554
1.497141523637546	0.39800656645305554
1.4949607097126865	0.38985651377106956
1.4949607097126865	0.38985651377106956
1.4864894993252482	0.4004204903868099
1.4864894993252482	0.4004204903868099
1.4864894993252482	0.4004204903868099
1.5028889372378682	0.39175907363664414
1.5028889372378682	0.39175907363664414
1.5028889372378682	0.39175907363664414
1.5028889372378682	0.39175907363664414
1.5028889372378682	0.39175907363664414
1.5028889372378682	0.39175907363664414
1.5028889372378682	0.39175907363664414
1.5028889372378682	0.39175907363664414
1.5028889372378682	0.39175907363664414
1.5028889372378682	0.39175907363664414
1.5028889372378682	0.39175907363664414
1.5028889372378682	0.39175907363664414
1.5028889372378682	0.39175907363664414
1.5028889372378682	0.39175907363664414
1.5028889372378682	0.39175907363664414
1.5079033434168136	0.3903927022375652
1.5079033434168136	0.3903927022375652
1.5079033434168136	0.3903927022375652
1.5198285171531978	0.39829023099946836
1.5198285171531978	0.39829023099946836
1.5198285171531978	0.39829023099946836
1.5198285171531978	0.39829023099946836
1.5198285171531978	0.39829023099946836
1.5198285171531978	0.39829023099946836
1.5198285171531978	0.39829023099946836
1.5198285171531978	0.39829023099946836
1.5174256241690065	0.3973101836567029
1.5174256241690065	0.3973101836567029
1.5174256241690065	0.3973101836567029
1.5174256241690065	0.3973101836567029
1.5174256241690065	0.3973101836567029
1.5174256241690065	0.3973101836567029
1.5174256241690065	0.3973101836567029
1.5174256241690065	0.3973101836567029
1.5174256241690065	0.3973101836567029
1.5174256241690065	0.3973101836567029
1.5147599827279412	0.3942474745035474
1.5147599827279412	0.3942474745035474
1.5147599827279412	0.3942474745035474
1.5147599827279412	0.3942474745035474
1.5147599827279412	0.3942474745035474
1.5147599827279412	0.3942474745035474
1.5147599827279412	0.3942474745035474
1.5147599827279412	0.3942474745035474
1.5147599827279412	0.3942474745035474
1.5147599827279412	0.3942474745035474
1.5147599827279412	0.3942474745035474
1.5147599827279412	0.3942474745035474
1.4930852794427287	0.401437664648419
1.4930852794427287	0.401437664648419
1.4930852794427287	0.401437664648419
1.4930852794427287	0.401437664648419
1.4953607997298213	0.40078075846004846
1.5114863009508561	0.39894479578017356
1.5114863009508561	0.39894479578017356
1.4966359024339497	0.39741133412803475
1.4966359024339497	0.39741133412803475
1.4966359024339497	0.39741133412803475
1.4966359024339497	0.39741133412803475
1.4966359024339497	0.39741133412803475
1.501474494177509	0.4000207013882228
1.501474494177509	0.4000207013882228
1.4926245648566887	0.3944538991399139
1.4926245648566887	0.3944538991399139
1.4926245648566887	0.3944538991399139
1.4926245648566887	0.3944538991399139
1.4926245648566887	0.3944538991399139
1.4926245648566887	0.3944538991399139
1.4926245648566887	0.3944538991399139
1.4926245648566887	0.3944538991399139
1.5021712362130244	0.3883067795721664
1.5021712362130244	0.3883067795721664
1.4937383651884948	0.39330781816647525
1.493878005366739	0.3922981679413234
1.493878005366739	0.3922981679413234
1.493878005366739	0.3922981679413234
1.493878005366739	0.3922981679413234
1.5091002280249974	0.4027776139216293
1.511153350783154	0.39986663202489936
1.511153350783154	0.39986663202489936
1.511153350783154	0.39986663202489936
1.5152575900825462	0.3997943450551729
1.5152575900825462	0.3997943450551729
1.5152575900825462	0.3997943450551729
1.5152575900825462	0.3997943450551729
1.5152575900825462	0.3997943450551729
1.5152575900825462	0.3997943450551729
1.4979880395316008	0.3971543612938238
1.4979880395316008	0.3971543612938238
1.4979880395316008	0.3971543612938238
1.4979880395316008	0.3971543612938238
1.4979880395316008	0.3971543612938238
1.4979880395316008	0.3971543612938238
1.4979880395316008	0.3971543612938238
1.4979880395316008	0.3971543612938238
1.4979880395316008	0.3971543612938238
1.4979880395316008	0.3971543612938238
1.5060631773839357	0.3951767015555351
1.5060631773839357	0.3951767015555351
1.5060631773839357	0.3951767015555351
1.5060631773839357	0.3951767015555351
1.5060631773839357	0.3951767015555351
1.4951298269457203	0.3916527299355074
1.4951298269457203	0.3916527299355074
1.4951298269457203	0.3916527299355074
1.4951298269457203	0.3916527299355074
1.4951298269457203	0.3916527299355074
1.4951298269457203	0.3916527299355074
1.4951298269457203	0.3916527299355074
1.4951298269457203	0.3916527299355074
1.5028836992769214	0.4026571452487789
1.5028836992769214	0.4026571452487789
1.5290543107193777	0.39168020885059235
1.5290543107193777	0.39168020885059235
1.5290543107193777	0.39168020885059235
1.5324452095354684	0.3967722722687238
1.5324452095354684	0.3967722722687238
1.5140831379318074	0.3837314637706186
1.5140831379318074	0.3837314637706186
1.4806244618975568	0.39515823938722133
1.4806244618975568	0.39515823938722133
1.4806244618975568	0.39515823938722133
1.4806244618975568	0.39515823938722133
1.4806244618975568	0.39515823938722133
1.4806244618975568	0.39515823938722133
1.4806244618975568	0.39515823938722133
1.4806244618975568	0.39515823938722133
1.4951388210323655	0.39146809442503516
1.4951388210323655	0.39146809442503516
1.4951388210323655	0.39146809442503516
1.508134948463434	0.3981493649503962
1.508134948463434	0.3981493649503962
1.508134948463434	0.3981493649503962
1.508134948463434	0.3981493649503962
1.508134948463434	0.3981493649503962
1.508134948463434	0.3981493649503962
1.508134948463434	0.3981493649503962
1.508134948463434	0.3981493649503962
1.508134948463434	0.3981493649503962
1.508134948463434	0.3981493649503962
1.508134948463434	0.3981493649503962
1.508134948463434	0.3981493649503962
1.508134948463434	0.3981493649503962
1.508134948463434	0.3981493649503962
1.5140164708480228	0.3977076191198166
1.5140164708480228	0.3977076191198166
1.5140164708480228	0.3977076191198166
1.5140164708480228	0.3977076191198166
1.508628020679169	0.401902148167641
1.508628020679169	0.401902148167641
1.508628020679169	0.401902148167641
1.508628020679169	0.401902148167641
1.508628020679169	0.401902148167641
1.5020944636842501	0.3965145750226509
1.5020944636842501	0.3965145750226509
1.5011970107018568	0.3936003414859976
1.526776641715736	0.398249353081644
1.526776641715736	0.398249353081644
1.521058193361055	0.38961870635865564
1.521058193361055	0.38961870635865564
1.521058193361055	0.38961870635865564
1.521058193361055	0.38961870635865564
1.5050353737106261	0.39993957459731067
1.5050353737106261	0.39993957459731067
1.5050353737106261	0.39993957459731067
1.5050353737106261	0.39993957459731067
1.5190523910518894	0.3972513492229618
1.5056580844080583	0.4029305106988249
1.5056580844080583	0.4029305106988249
1.5056580844080583	0.4029305106988249
1.5056580844080583	0.4029305106988249
1.5056580844080583	0.4029305106988249
1.5056580844080583	0.4029305106988249
1.5056580844080583	0.4029305106988249
1.5056580844080583	0.4029305106988249
1.5108056832210905	0.38824452973870194
1.5147629618171918	0.4015769481682057
1.5147629618171918	0.4015769481682057
1.5147629618171918	0.4015769481682057
1.5147629618171918	0.4015769481682057
1.5159020891104324	0.3884711055907279
1.5159020891104324	0.3884711055907279
1.5159020891104324	0.3884711055907279
1.5071388948286712	0.39175152411307673
1.5071388948286712	0.39175152411307673
1.4978637356928028	0.3978458400360379
1.4978637356928028	0.3978458400360379
1.4978637356928028	0.3978458400360379
1.4978637356928028	0.3978458400360379
1.4978637356928028	0.3978458400360379
1.4978637356928028	0.3978458400360379
1.4978637356928028	0.3978458400360379
1.4965754817294734	0.40003560990744513
1.5268722362444456	0.39263444268037706
1.5268722362444456	0.39263444268037706
1.5262219424868622	0.3852022115260342
1.5262219424868622	0.3852022115260342
1.5262219424868622	0.3852022115260342
1.4914975957617285	0.3835407977647837
1.4848980954936628	0.39811450999656345
1.4848980954936628	0.39811450999656345
1.509955953943997	0.3969801883939533
1.509955953943997	0.3969801883939533
1.5129929086794356	0.40122355163415124
1.508430064118659	0.39459594573236534
1.508430064118659	0.39459594573236534
1.508430064118659	0.39459594573236534
1.508430064118659	0.39459594573236534
1.508430064118659	0.39459594573236534
1.508430064118659	0.39459594573236534
1.508430064118659	0.39459594573236534
1.508430064118659	0.39459594573236534
1.488126347679093	0.3934396456880735
1.4944661491608076	0.39970174054607277
1.4944661491608076	0.39970174054607277
1.4969358085923612	0.3845010550463308
1.4969358085923612	0.3845010550463308
1.4969358085923612	0.3845010550463308
1.4969358085923612	0.3845010550463308
1.4969358085923612	0.3845010550463308
1.4969358085923612	0.3845010550463308
1.4969358085923612	0.3845010550463308
1.4969358085923612	0.3845010550463308
1.5330406708192983	0.3897988103717781
1.5186367313104863	0.39137607848348294
1.5186367313104863	0.39137607848348294
1.5186367313104863	0.39137607848348294
1.4892075730936511	0.40224081434053355
1.5034781021424253	0.3952337374972271
1.5034781021424253	0.3952337374972271
1.5198004938817697	0.3943123269250391
1.5198004938817697	0.3943123269250391
1.5198004938817697	0.3943123269250391
1.5198004938817697	0.3943123269250391
1.5198004938817697	0.3943123269250391
1.5151232182968626	0.3913291838388178
1.5151232182968626	0.3913291838388178
1.5151232182968626	0.3913291838388178
1.5151232182968626	0.3913291838388178
1.5243946468196943	0.39480036085034415
1.5243946468196943	0.39480036085034415
1.5243946468196943	0.39480036085034415
1.5243946468196943	0.39480036085034415
1.499312376177796	0.40049642688717835
1.5118067819549994	0.39450754668457755
1.5118067819549994	0.39450754668457755
1.5118067819549994	0.39450754668457755
1.5118067819549994	0.39450754668457755
1.5118067819549994	0.39450754668457755
1.4936581730507734	0.39142688487294947
1.4936581730507734	0.39142688487294947
1.5211242767213515	0.4009406170917001
1.5211242767213515	0.4009406170917001
1.5211242767213515	0.4009406170917001
1.5211242767213515	0.4009406170917001
1.5211242767213515	0.4009406170917001
1.5211242767213515	0.4009406170917001
1.5211242767213515	0.4009406170917001
1.5211242767213515	0.4009406170917001
1.5211242767213515	0.4009406170917001
1.5211242767213515	0.4009406170917001
1.5211242767213515	0.4009406170917001
1.5211242767213515	0.4009406170917001
1.5089232464007207	0.39632515715504346
1.5089232464007207	0.39632515715504346
1.5089232464007207	0.39632515715504346
1.4995016211251002	0.39521282621252357
1.4995016211251002	0.39521282621252357
1.4995016211251002	0.39521282621252357
1.5073247434574888	0.3945378103563196
1.5073247434574888	0.3945378103563196
1.5073247434574888	0.3945378103563196
1.5300201699695684	0.39680872428157904
1.5300201699695684	0.39680872428157904
1.5300201699695684	0.39680872428157904
1.494138662166188	0.39967990177337664
1.5259026614965954	0.39295640613723826
1.5259026614965954	0.39295640613723826
1.5018185166451723	0.3989791761763503
1.5018185166451723	0.3989791761763503
1.5018185166451723	0.3989791761763503
1.5018185166451723	0.3989791761763503
1.4931512053059783	0.4022125094841845
1.5005506092780823	0.38905760217392527
1.5005506092780823	0.38905760217392527
1.5005506092780823	0.38905760217392527
1.5005506092780823	0.38905760217392527
1.5005506092780823	0.38905760217392527
1.5005506092780823	0.38905760217392527
1.5005506092780823	0.38905760217392527
1.4896785108489345	0.38647785966409803
1.4896785108489345	0.38647785966409803
1.4896785108489345	0.38647785966409803
1.4896785108489345	0.38647785966409803
1.4896785108489345	0.38647785966409803
1.4896785108489345	0.38647785966409803
1.4920622380020923	0.38605707437487685
1.5215369602048614	0.3838936423502379
1.5215369602048614	0.3838936423502379
1.4824038276400429	0.38941797022582736
1.4824038276400429	0.38941797022582736
1.4824038276400429	0.38941797022582736
1.532096591473843	0.39639578844796103
1.532096591473843	0.39639578844796103
1.532096591473843	0.39639578844796103
1.532096591473843	0.39639578844796103
1.532096591473843	0.39639578844796103
1.532096591473843	0.39639578844796103
1.532096591473843	0.39639578844796103
1.532096591473843	0.39639578844796103
1.5041068036528102	0.40514137998138994
1.5041068036528102	0.40514137998138994
1.4945344313506626	0.39593822954712715
1.4945344313506626	0.39593822954712715
1.4945344313506626	0.39593822954712715
1.5115081840912055	0.3971893016582355
1.5115081840912055	0.3971893016582355
1.5115081840912055	0.3971893016582355
1.5115081840912055	0.3971893016582355
1.5115081840912055	0.3971893016582355
1.5115081840912055	0.3971893016582355
1.5115081840912055	0.3971893016582355
1.5115081840912055	0.3971893016582355
1.5087515049287625	0.39480086600659875
1.5087515049287625	0.39480086600659875
1.5087515049287625	0.39480086600659875
1.5087515049287625	0.39480086600659875
1.5087515049287625	0.39480086600659875
1.5087515049287625	0.39480086600659875
1.5087515049287625	0.39480086600659875
1.5087515049287625	0.39480086600659875
1.5087515049287625	0.39480086600659875
1.5098660034956557	0.39409072591870414
1.5098660034956557	0.39409072591870414
1.5098660034956557	0.39409072591870414
1.5098660034956557	0.39409072591870414
1.5098660034956557	0.39409072591870414
1.5098660034956557	0.39409072591870414
1.5098660034956557	0.39409072591870414
1.5098660034956557	0.39409072591870414
1.5098660034956557	0.39409072591870414
1.5098755028907707	0.3954372764794784
1.5098755028907707	0.3954372764794784
1.5098755028907707	0.3954372764794784
1.5098755028907707	0.3954372764794784
1.5098755028907707	0.3954372764794784
1.5233049123672706	0.39700169385350087
1.5241839646488324	0.3981250922526729
1.5241839646488324	0.3981250922526729
1.5255338016144238	0.3940852778608708
1.5255338016144238	0.3940852778608708
1.4935190693065186	0.38439471452089513
1.4935190693065186	0.38439471452089513
1.4935190693065186	0.38439471452089513
1.4935190693065186	0.38439471452089513
1.4935190693065186	0.38439471452089513
1.4935190693065186	0.38439471452089513
1.4935190693065186	0.38439471452089513
1.4935190693065186	0.38439471452089513
1.4940411309746036	0.39198752182596663
1.4940411309746036	0.39198752182596663
1.4940411309746036	0.39198752182596663
1.4940411309746036	0.39198752182596663
1.4940411309746036	0.39198752182596663
1.4970805749955778	0.40034454165780764
1.4970805749955778	0.40034454165780764
1.4970805749955778	0.40034454165780764
1.4970805749955778	0.40034454165780764
1.4970805749955778	0.40034454165780764
1.4970805749955778	0.40034454165780764
1.4970805749955778	0.40034454165780764
1.4970805749955778	0.40034454165780764
1.5125327708249876	0.39127690602284554
1.5125327708249876	0.39127690602284554
1.5125327708249876	0.39127690602284554
1.5125327708249876	0.39127690602284554
1.5125327708249876	0.39127690602284554
1.5125327708249876	0.39127690602284554
1.5125327708249876	0.39127690602284554
1.4984946951782225	0.39257664239539614
1.4984946951782225	0.39257664239539614
1.4984946951782225	0.39257664239539614
1.4984946951782225	0.39257664239539614
1.4984946951782225	0.39257664239539614
1.4984946951782225	0.39257664239539614
1.4984946951782225	0.39257664239539614
1.4984946951782225	0.39257664239539614
1.4984946951782225	0.39257664239539614
1.4984946951782225	0.39257664239539614
1.4984946951782225	0.39257664239539614
1.4984946951782225	0.39257664239539614
1.4984946951782225	0.39257664239539614
1.4984946951782225	0.39257664239539614
1.4984946951782225	0.39257664239539614
1.4984946951782225	0.39257664239539614
1.4984946951782225	0.39257664239539614
1.4984946951782225	0.39257664239539614
1.4984946951782225	0.39257664239539614
1.4984946951782225	0.39257664239539614
1.4984946951782225	0.39257664239539614
1.4984946951782225	0.39257664239539614
1.4984946951782225	0.39257664239539614
1.4984946951782225	0.39257664239539614
1.5151609942593225	0.4011315173552254
1.5151609942593225	0.4011315173552254
1.5151609942593225	0.4011315173552254
1.5151609942593225	0.4011315173552254
1.5151609942593225	0.4011315173552254
1.5151609942593225	0.4011315173552254
1.5247562470571092	0.3984098225817132
1.5247562470571092	0.3984098225817132
1.5071291396962487	0.3959302832066019
1.5071291396962487	0.3959302832066019
1.5071291396962487	0.3959302832066019
1.5071291396962487	0.3959302832066019
1.5071291396962487	0.3959302832066019
1.5071291396962487	0.3959302832066019
1.5071291396962487	0.3959302832066019
1.5071291396962487	0.3959302832066019
1.5071291396962487	0.3959302832066019
1.5071291396962487	0.3959302832066019
1.5201611608475638	0.3939953123082079
1.5201611608475638	0.3939953123082079
1.5201611608475638	0.3939953123082079
1.5201611608475638	0.3939953123082079
1.515236483817401	0.3971712772636226
1.515236483817401	0.3971712772636226
1.515236483817401	0.3971712772636226
1.515236483817401	0.3971712772636226
1.515236483817401	0.3971712772636226
1.515236483817401	0.3971712772636226
1.515236483817401	0.3971712772636226
1.515236483817401	0.3971712772636226
1.515236483817401	0.3971712772636226
1.515236483817401	0.3971712772636226
1.515236483817401	0.3971712772636226
1.515236483817401	0.3971712772636226
1.5046853205738429	0.40363985812042424
1.5046853205738429	0.40363985812042424
1.5003598427015847	0.4057145698893074
1.5003598427015847	0.4057145698893074
1.5052705509304953	0.40289711822465835
1.5052705509304953	0.40289711822465835
1.5052705509304953	0.40289711822465835
1.5052705509304953	0.40289711822465835
1.5052705509304953	0.40289711822465835
1.5052705509304953	0.40289711822465835
1.5052705509304953	0.40289711822465835
1.5052705509304953	0.40289711822465835
1.5052705509304953	0.40289711822465835
1.5052705509304953	0.40289711822465835
1.5052705509304953	0.40289711822465835
1.5122682553739135	0.40159807196742087
1.5122682553739135	0.40159807196742087
1.488275451999316	0.39506927844732903
1.488275451999316	0.39506927844732903
1.488275451999316	0.39506927844732903
1.5163406110498654	0.3966568942767706
1.5109989583814194	0.39302976089685365
1.5109989583814194	0.39302976089685365
1.5109989583814194	0.39302976089685365
1.5090856376146988	0.3976912606145597
1.505068985674307	0.3885329444368666
1.505068985674307	0.3885329444368666
1.505068985674307	0.3885329444368666
1.4977329133737791	0.395822022416119
1.4963187868557009	0.39952431131160376
1.4963187868557009	0.39952431131160376
1.4974405732757254	0.3998364895358952
1.4974405732757254	0.3998364895358952
1.4974405732757254	0.3998364895358952
1.4974405732757254	0.3998364895358952
1.4976169869991893	0.39733369183622563
1.4976169869991893	0.39733369183622563
1.4976169869991893	0.39733369183622563
1.4976169869991893	0.39733369183622563
1.5161645708847125	0.3909295816227176
1.5176560533088748	0.392613038758163
1.5176560533088748	0.392613038758163
1.4925555334218157	0.4030198222907566
1.4925555334218157	0.4030198222907566
1.4925555334218157	0.4030198222907566
1.4925555334218157	0.4030198222907566
1.49085551505668	0.395140764456753
1.49085551505668	0.395140764456753
1.49085551505668	0.395140764456753
1.49085551505668	0.395140764456753
1.4902978408266108	0.3947769473399437
1.4902978408266108	0.3947769473399437
1.4902978408266108	0.3947769473399437
1.5139002449588093	0.3949403785982968
1.5139002449588093	0.3949403785982968
1.5267594004938634	0.39446620287394685
1.5267594004938634	0.39446620287394685
1.4999114159324618	0.39693633074343393
1.4999114159324618	0.39693633074343393
1.4999114159324618	0.39693633074343393
1.4999114159324618	0.39693633074343393
1.4999114159324618	0.39693633074343393
1.4999114159324618	0.39693633074343393
1.4999114159324618	0.39693633074343393
1.4999114159324618	0.39693633074343393
1.5125305486410836	0.3996111148921599
1.5125305486410836	0.3996111148921599
1.5148957456678094	0.3909551719416414
1.5148957456678094	0.3909551719416414
1.5148957456678094	0.3909551719416414
1.5148957456678094	0.3909551719416414
1.5148957456678094	0.3909551719416414
1.5148957456678094	0.3909551719416414
1.5148957456678094	0.3909551719416414
1.5146553538095588	0.3905221363404469
1.5146553538095588	0.3905221363404469
1.5146553538095588	0.3905221363404469
1.5187524087618793	0.39821630864595275
1.4971215249650813	0.39127195164253437
1.4971215249650813	0.39127195164253437
1.4971215249650813	0.39127195164253437
1.4971215249650813	0.39127195164253437
1.4926250981880822	0.3921412761466144
1.4926250981880822	0.3921412761466144
1.4926250981880822	0.3921412761466144
1.4926250981880822	0.3921412761466144
1.4926250981880822	0.3921412761466144
1.4926250981880822	0.3921412761466144
1.4926250981880822	0.3921412761466144
1.4946980035325874	0.4043508486521698
1.4946980035325874	0.4043508486521698
1.4946980035325874	0.4043508486521698
1.4946980035325874	0.4043508486521698
1.4946980035325874	0.4043508486521698
1.4946980035325874	0.4043508486521698
1.4946980035325874	0.4043508486521698
1.4946980035325874	0.4043508486521698
1.4946980035325874	0.4043508486521698
1.4946980035325874	0.4043508486521698
1.49821001583108	0.4063434338402415
1.49821001583108	0.4063434338402415
1.49821001583108	0.4063434338402415
1.49821001583108	0.4063434338402415
1.49821001583108	0.4063434338402415
1.5149456308360958	0.404107679893336
1.5149456308360958	0.404107679893336
1.5149456308360958	0.404107679893336
1.5149456308360958	0.404107679893336
1.5062389766998718	0.39928037089253654
1.5062389766998718	0.39928037089253654
1.5062389766998718	0.39928037089253654
1.5062389766998718	0.39928037089253654
1.5062389766998718	0.39928037089253654
1.5062389766998718	0.39928037089253654
1.5062389766998718	0.39928037089253654
1.5062389766998718	0.39928037089253654
1.5062389766998718	0.39928037089253654
1.5062389766998718	0.39928037089253654
1.5062389766998718	0.39928037089253654
1.5062389766998718	0.39928037089253654
1.5062389766998718	0.39928037089253654
1.497526864279002	0.3885863763822107
1.497526864279002	0.3885863763822107
1.497526864279002	0.3885863763822107
1.497526864279002	0.3885863763822107
1.497526864279002	0.3885863763822107
1.5050771569822536	0.3942474469161345
1.5050771569822536	0.3942474469161345
1.4990765394254677	0.39685890380494643
1.4990765394254677	0.39685890380494643
1.4990765394254677	0.39685890380494643
1.4990765394254677	0.39685890380494643
1.4990765394254677	0.39685890380494643
1.4990765394254677	0.39685890380494643
1.5110479377760047	0.39598293331247586
1.5110479377760047	0.39598293331247586
1.5110479377760047	0.39598293331247586
1.5110479377760047	0.39598293331247586
1.5110479377760047	0.39598293331247586
1.5110479377760047	0.39598293331247586
1.5110479377760047	0.39598293331247586
1.515876882250613	0.3879122638589639
1.515876882250613	0.3879122638589639
1.515876882250613	0.3879122638589639
1.515876882250613	0.3879122638589639
1.515876882250613	0.3879122638589639
1.5086098369236662	0.3958247404165555
1.4946630216396908	0.400730794365861
1.5070720150145303	0.388144767363972
1.5070720150145303	0.388144767363972
1.4975168644610666	0.39449627012312416
1.4975168644610666	0.39449627012312416
1.5051436541821825	0.39190668227391573
1.5051436541821825	0.39190668227391573
1.5051436541821825	0.39190668227391573
1.5051436541821825	0.39190668227391573
1.5051436541821825	0.39190668227391573
1.5051436541821825	0.39190668227391573
1.5051436541821825	0.39190668227391573
1.5051436541821825	0.39190668227391573
1.5051436541821825	0.39190668227391573
1.5084819988605933	0.40217981827033167
1.5084819988605933	0.40217981827033167
1.5084819988605933	0.40217981827033167
1.5084819988605933	0.40217981827033167
1.5084819988605933	0.40217981827033167
1.5084819988605933	0.40217981827033167
1.5224419799060007	0.397131815937592
1.5224419799060007	0.397131815937592
1.5224419799060007	0.397131815937592
1.5004852303771856	0.39206243710887445
1.5004852303771856	0.39206243710887445
1.5013450450141916	0.3967460923652616
1.5013450450141916	0.3967460923652616
1.4990288391190183	0.3957240636799959
1.4990288391190183	0.3957240636799959
1.5062678547047894	0.3984896115968577
1.5062678547047894	0.3984896115968577
1.5086532694482129	0.40170336143325286
1.5086532694482129	0.40170336143325286
1.5086532694482129	0.40170336143325286
1.5086532694482129	0.40170336143325286
1.5086532694482129	0.40170336143325286
1.4914461632460736	0.40704365381236474
1.4914461632460736	0.40704365381236474
1.4914461632460736	0.40704365381236474
1.4914461632460736	0.40704365381236474
1.5112154795986756	0.4070651962908411
1.5112154795986756	0.4070651962908411
1.51134088624294	0.40220541363299356
1.51134088624294	0.40220541363299356
1.4871369186331054	0.4004499543839552
1.4871369186331054	0.4004499543839552
1.5024491420788777	0.4012544932376307
1.5024491420788777	0.4012544932376307
1.5024491420788777	0.4012544932376307
1.5024491420788777	0.4012544932376307
1.5024491420788777	0.4012544932376307
1.5024491420788777	0.4012544932376307
1.51547281418389	0.40039525050674946
1.51547281418389	0.40039525050674946
1.51547281418389	0.40039525050674946
1.51547281418389	0.40039525050674946
1.5002096858034741	0.39018395466235006
1.5002096858034741	0.39018395466235006
1.5002096858034741	0.39018395466235006
1.5002096858034741	0.39018395466235006
1.5002096858034741	0.39018395466235006
1.5002096858034741	0.39018395466235006
1.5002096858034741	0.39018395466235006
1.5002096858034741	0.39018395466235006
1.5002096858034741	0.39018395466235006
1.5002096858034741	0.39018395466235006
1.5002096858034741	0.39018395466235006
1.5188426669727337	0.3974386384778292
1.5188426669727337	0.3974386384778292
1.5031841720527437	0.3981946216949713
1.5031841720527437	0.3981946216949713
1.4969179728030264	0.3999380065751101
1.509156518672959	0.40092565146294984
1.509156518672959	0.40092565146294984
1.509156518672959	0.40092565146294984
1.5057994831706585	0.40089639601084465
1.5089368396283414	0.398901535578775
1.5089368396283414	0.398901535578775
1.5089368396283414	0.398901535578775
1.5255114055013834	0.3982443360066976
1.5255114055013834	0.3982443360066976
1.5204812881581953	0.3967005917619095
1.5204812881581953	0.3967005917619095
1.5267546618986718	0.39104995662403996
1.5267546618986718	0.39104995662403996
1.5267546618986718	0.39104995662403996
1.5091004964406551	0.40209338063629013
1.5091004964406551	0.40209338063629013
1.5091004964406551	0.40209338063629013
1.5004257962059029	0.3949492859552358
1.5004257962059029	0.3949492859552358
1.5200550010178566	0.3950803573965134
1.5200550010178566	0.3950803573965134
1.5200550010178566	0.3950803573965134
1.5106334126766632	0.39179490144818335
1.5106334126766632	0.39179490144818335
1.5106334126766632	0.39179490144818335
1.4984310356002206	0.4059232070677612
1.5157113936622326	0.40143110896673306
1.5157113936622326	0.40143110896673306
1.5157113936622326	0.40143110896673306
1.5157113936622326	0.40143110896673306
1.5157113936622326	0.40143110896673306
1.5157113936622326	0.40143110896673306
1.5062673431248166	0.4054609052608042
1.5062673431248166	0.4054609052608042
1.5062673431248166	0.4054609052608042
1.5258572322310133	0.39888160455098065
1.502604423668204	0.3854685962615638
1.502604423668204	0.3854685962615638
1.502604423668204	0.3854685962615638
1.502604423668204	0.3854685962615638
1.502604423668204	0.3854685962615638
1.502604423668204	0.3854685962615638
1.5366622299136523	0.39843304685704095
1.5366622299136523	0.39843304685704095
1.5366622299136523	0.39843304685704095
1.5366622299136523	0.39843304685704095
1.5366622299136523	0.39843304685704095
1.5366622299136523	0.39843304685704095
1.5366622299136523	0.39843304685704095
1.5426485806263632	0.3848313827861532
1.5326169737753272	0.40371009610292713
1.5326169737753272	0.40371009610292713
1.5326169737753272	0.40371009610292713
1.5042867243230296	0.40588468546585194
1.541416997910169	0.39763512477681423
1.541416997910169	0.39763512477681423
1.541416997910169	0.39763512477681423
1.5257050432408916	0.40562692842829984
1.5257050432408916	0.40562692842829984
1.5040397489928825	0.39355755442053275
1.5040397489928825	0.39355755442053275
1.5040397489928825	0.39355755442053275
1.5040397489928825	0.39355755442053275
1.5040397489928825	0.39355755442053275
1.5040397489928825	0.39355755442053275
1.5040397489928825	0.39355755442053275
1.5040397489928825	0.39355755442053275
1.5040397489928825	0.39355755442053275
1.5040397489928825	0.39355755442053275
1.5040397489928825	0.39355755442053275
1.5040397489928825	0.39355755442053275
1.5040397489928825	0.39355755442053275
1.5068884381652676	0.3987358575431055
1.5068884381652676	0.3987358575431055
1.5068884381652676	0.3987358575431055
1.5068884381652676	0.3987358575431055
1.507099651122239	0.39947351706644046
1.507099651122239	0.39947351706644046
1.507099651122239	0.39947351706644046
1.507099651122239	0.39947351706644046
1.5051731384479086	0.399373314583051
1.5051731384479086	0.399373314583051
1.5051731384479086	0.399373314583051
1.5071043910463633	0.4026153514627807
1.5071043910463633	0.4026153514627807
1.5168504539310546	0.3953076020079498
1.5034285915313788	0.39478172956358154
1.5034285915313788	0.39478172956358154
1.5034285915313788	0.39478172956358154
1.5034285915313788	0.39478172956358154
1.5034285915313788	0.39478172956358154
1.5034285915313788	0.39478172956358154
1.5034285915313788	0.39478172956358154
1.5034285915313788	0.39478172956358154
1.5034285915313788	0.39478172956358154
1.5034285915313788	0.39478172956358154
1.5134906499723304	0.39713989395851035
1.5134906499723304	0.39713989395851035
1.5134906499723304	0.39713989395851035
1.5134906499723304	0.39713989395851035
1.5134906499723304	0.39713989395851035
1.5134906499723304	0.39713989395851035
1.5134906499723304	0.39713989395851035
1.5134906499723304	0.39713989395851035
1.5079510760368469	0.3948462011861169
1.5079510760368469	0.3948462011861169
1.5064865792447686	0.39952454678099375
1.5064865792447686	0.39952454678099375
1.5064865792447686	0.39952454678099375
1.5064865792447686	0.39952454678099375
1.5091511277283025	0.39483132525261916
1.5091511277283025	0.39483132525261916
1.5091511277283025	0.39483132525261916
1.5091511277283025	0.39483132525261916
1.5091511277283025	0.39483132525261916
1.5091511277283025	0.39483132525261916
1.5091511277283025	0.39483132525261916
1.5091511277283025	0.39483132525261916
1.5077691481140565	0.3988594774586669
1.5077691481140565	0.3988594774586669
1.5077691481140565	0.3988594774586669
1.5077691481140565	0.3988594774586669
1.5077691481140565	0.3988594774586669
1.4970476280428198	0.39814818005301117
1.4970476280428198	0.39814818005301117
1.4970476280428198	0.39814818005301117
1.4970476280428198	0.39814818005301117
1.4970476280428198	0.39814818005301117
1.479335600826176	0.38648952232332767
1.479335600826176	0.38648952232332767
1.479335600826176	0.38648952232332767
1.479335600826176	0.38648952232332767
1.50002120000498	0.3893466024863859
1.514363169251952	0.3910749637237343
1.514363169251952	0.3910749637237343
1.514363169251952	0.3910749637237343
1.514363169251952	0.3910749637237343
1.5141875120032713	0.39267974841093906
1.4884863718888461	0.39221204029368945
1.4844147509212993	0.39386542835505106
1.4844147509212993	0.39386542835505106
1.4844147509212993	0.39386542835505106
1.4844147509212993	0.39386542835505106
1.4844147509212993	0.39386542835505106
1.4844147509212993	0.39386542835505106
1.4844147509212993	0.39386542835505106
1.4845600229228089	0.3939429830476168
1.5169374484141323	0.38859442713912584
1.5012335666766887	0.39630676323607306
1.5012335666766887	0.39630676323607306
1.5012335666766887	0.39630676323607306
1.5012335666766887	0.39630676323607306
1.5012335666766887	0.39630676323607306
1.5084742908357704	0.3984479081957853
1.5084742908357704	0.3984479081957853
1.5084742908357704	0.3984479081957853
1.5084742908357704	0.3984479081957853
1.5084742908357704	0.3984479081957853
1.5084742908357704	0.3984479081957853
1.5084742908357704	0.3984479081957853
1.5082325618321528	0.39102092576919634
1.5082325618321528	0.39102092576919634
1.5082325618321528	0.39102092576919634
1.5082325618321528	0.39102092576919634
1.5082325618321528	0.39102092576919634
1.5265485245030859	0.3902296070494587
1.5265485245030859	0.3902296070494587
1.5265485245030859	0.3902296070494587
1.5028881553505118	0.38916625126562937
1.5337334513181724	0.3816640488145663
1.5337334513181724	0.3816640488145663
1.5337334513181724	0.3816640488145663
1.5337334513181724	0.3816640488145663
1.539259278976144	0.39854598822171206
1.5311028133181317	0.38831498512905704
1.5018572705783508	0.3924012252692614
1.5018572705783508	0.3924012252692614
1.5018572705783508	0.3924012252692614
1.5018572705783508	0.3924012252692614
1.5018572705783508	0.3924012252692614
1.5018572705783508	0.3924012252692614
1.5018572705783508	0.3924012252692614
1.5145968411233202	0.388870431890908
1.5145968411233202	0.388870431890908
1.5145968411233202	0.388870431890908
1.5145968411233202	0.388870431890908
1.5145968411233202	0.388870431890908
1.5145968411233202	0.388870431890908
1.5145968411233202	0.388870431890908
1.5145968411233202	0.388870431890908
1.5145968411233202	0.388870431890908
1.5145968411233202	0.388870431890908
1.5145968411233202	0.388870431890908
1.5145968411233202	0.388870431890908
1.5145968411233202	0.388870431890908
1.5145968411233202	0.388870431890908
1.5136635231198479	0.38810892398698227
1.5155352277723178	0.40013134606407663
1.5155352277723178	0.40013134606407663
1.5155352277723178	0.40013134606407663
1.5155352277723178	0.40013134606407663
1.5155352277723178	0.40013134606407663
1.5155352277723178	0.40013134606407663
1.5155352277723178	0.40013134606407663
1.5155352277723178	0.40013134606407663
1.5155352277723178	0.40013134606407663
1.5155352277723178	0.40013134606407663
1.5155352277723178	0.40013134606407663
1.5155352277723178	0.40013134606407663
1.5155352277723178	0.40013134606407663
1.5155352277723178	0.40013134606407663
1.5155352277723178	0.40013134606407663
1.5155352277723178	0.40013134606407663
1.5155352277723178	0.40013134606407663
1.5155352277723178	0.40013134606407663
1.5155352277723178	0.40013134606407663
1.5155352277723178	0.40013134606407663
1.5155352277723178	0.40013134606407663
